:10000000B005FE1F99C8000069C7000095C8000030
:1000100095C8000095C8000095C8000095C800006C
:1000200000000000000000000000000095C8000073
:1000300095C800000000000081A9000025AA00006A
:100040007DC1000055C20000C1C3000055C20000C0
:10005000C1C300007DC1000055C20000C1C3000043
:0800600055C20000C1C30000FD
:1000680002000000D8000000060000007800000030
:1000780000000090000000900000006000010C0DDE
:100088000000009000000090000010400001020DE8
:100098000000009000000090400400000001010DE5
:1000A8000000FE1F0000FE1F0000006000010C039E
:1000B8000000FE1F0000FE1F0000104000000203A9
:1000C8000000FE1FB001FE1F4004000000000103F5
:1000D80000000090000000900001000DC805FE1F00
:0800E800D099FE1F0000000387
:04040000FFFFFFFFFC
:04040400FFFDFFFFFA
:100440007090FE1FB40EFE1F0000000000000000B0
:100450000000000000000000000000009890FE1F57
:100460009C0EFE1F000000000000000000000000C5
:100470000000000000000000FC070000FFFFFF1F5D
:100480000000000000000000785634120101000056
:100490002000000000010100210000000000000019
:1004A0000001000000000000020100000000000048
:1004B000FFFFFF1F040000000A000000040000000E
:1004C00004000000FFFFFF1FFFFFFF1F00000000F0
:1004D00000010000000000000001000020000000FA
:1004E00000010100210000000000000000010000E8
:1004F000000000000201000000000100FFFFFF1FDC
:10050000040000000A0000000400000004000000D5
:1005100038E600000000000000000060000000005D
:1005200000000002FFFFFFFF7891FE1FE1AE000018
:10053000F0F0F0F001000000F8000000454C20460B
:10054000494C4558436F7079726967687420286315
:1005500029204D6963726F736F667420436F7270E8
:100560006F726174696F6E2E20416C6C20726967C6
:100570006874732072657365727665642E20202A14
:10058000202046696C65582047656E657269632056
:1005900056657273696F6E20362E312E35202A0013
:1005A0006401FE1F000000008898FE1FF098FE1FE7
:1005B0005899FE1F0000000000000000000000002D
:1005C000000000000000000000000000000000002B
:1005D000000000000000000000000000000000001B
:1005E000000000000000000000000000000000000B
:1005F0000348044B834202D0034B03B118477047B2
:10060000B001FE1FB001FE1F000000000548064BB0
:100610001B1AD90F01EBA301491002D0034B03B100
:1006200018477047B001FE1FB001FE1F0000000018
:1006300010B5064C237843B9FFF7DAFF044B13B12A
:100640000448AFF300800123237010BDC805FE1FCE
:10065000000000000804000008B5054B1BB1054967
:100660000548AFF30080BDE80840FFF7CFBF00BFEB
:1006700000000000CC05FE1F080400002DE9F04139
:10068000D0E902850446A8EB050740689742284454
:10069000154408D83A460E46A5EB08050CF0E4FBD5
:1006A00060682A46F1190CF0DFFBBFF35F8FE5604D
:1006B000BDE8F0812DE9F8430646D0E902048946F9
:1006C00017464FF0000833699C4203F1FF3228BF00
:1006D00003F1FF33A0EB04052ABF1B18131B1B1BE0
:1006E000BD4228BF3D469D42706828BF1D46494611
:1006F0002A4620440CF0B8FBB0682C44A844A94416
:100700007F1BA04208BF0024BFF35F8FF460002F5F
:10071000D9D14046BDE8F88310B5154CA822002178
:1007200020460CF091FB03212161124A61611248BD
:10073000A2614FF40061E061002321620F48A362CF
:1007400010216362E36222666066A1662367E36646
:100750006367BFF35F8F0A4BA3F1100C1846C21AF0
:1007600013F9011DA1546345F9D1BFF35F8F10BD8B
:10077000F40DFE1F7CD70000F405FE1FE405FE1FEC
:100780002CE500002DE9F04FDFF8A89099F8003033
:10079000532B83B005460F46144601D0FFF7BCFF2C
:1007A00005EB450309EBC3034FEA4508D3F86CB0EA
:1007B0001E6F5E451FD8ABEB060B5C4528BF5C4641
:1007C0001CB9204603B0BDE8F08FA24608EB050334
:1007D00009EBC3033846596E224631440CF044FB02
:1007E0002644BAF1000F04D0A84409EBC808C8F8A1
:1007F00070605446E5E79A6E596E0193A2EB060AC3
:10080000A24528BFA2463144524638460CF02CFB84
:10081000019B9B6E5644B342A4EB0A0414BFABEB9E
:10082000060B00265C4528BF5C46002CD9D05744F7
:10083000A244CBE7F40DFE1F10B50B46EFF3118475
:100840004FF0200181F311881946FFF79BFF84F3D5
:10085000118810BD38B5214B00EB400403EBC40EEA
:100860000130DEF82C4000EB4000012C8C46154690
:1008700003EBC00015D0022C0FD034BBDEF82830BB
:10088000DEF8242093429CBFDEF820105B18013B69
:100890009A1A95421CD9204638BDBDE83840FFF76A
:1008A00009BFDEF82830DEF82440A3429CBFDEF802
:1008B00020105B18013B1C1B944228BF14462246A3
:1008C0006146FFF7DBFE204638BD0024204638BDD8
:1008D0002A466146FFF7D2FE2C46DCE7F40DFE1FE8
:1008E000F8B50B4B1B78532B04460D46164601D02A
:1008F000FFF712FFEFF311874FF0200181F311880A
:10090000324629462046FFF7A5FF87F31188F8BD38
:10091000F40DFE1F10B5064C2378532B01D0FFF7C2
:10092000FBFEE36E206FC01A18BF012010BD00BF90
:10093000F40DFE1FD0E9013210B50446501C984258
:1009400007D823689954E2686368A0600132E260C6
:1009500002469A4200D010BD21682069FFF7C0FF0F
:10096000A368984215BF4FF0FF330023E360A360F4
:1009700010BD00BF2DE9F84F1546A942DDF82890BB
:100980000B9A0F4683461E4669D30B464FF001086B
:10099000B3FBF5F39D4208F10108F9D9B04538BF22
:1009A000B04612F0010A02D1B9F1000F3ED1DBF8D6
:1009B0000C30002B29DB012402E0013E05FB04F48E
:1009C000012EFAD8B7FBF4F39D4205D805FB04F4D9
:1009D000B7FBF4F39D42F9D9224E06E0AC42B4FBDA
:1009E000F5F30CD31C46B7FBF3F3F156584604FB62
:1009F0001377FFF79FFFDBF80C30002BEEDABAF12C
:100A0000000F02D0B9F1000F07D1BDE8F88FFFF752
:100A100091FFDBF80C30002BF7DBC1454FF02001D4
:100A2000584609F1FF39F2D8BDE8F88F930711D481
:100A300020240AE0FFF77EFFDBF80C30002B09F1E1
:100A4000FF39E2DBB9F1000FB3D0C145214658466A
:100A5000F0D8ACE7002E0CBF30242024F5E74FF08F
:100A600001089BE730E500002DE9F04F9BB04023E3
:100A70000DF12809CDE904930023CDE90730804624
:100A80000C461746069306E004A8FFF753FF079BA2
:100A9000002BC0F2AE8014F9011B002900F0A180E8
:100AA0002529F1D10026234613F9011BA1F12302C8
:100AB0000D2A08D8DFE802F08007070707070707B5
:100AC0007C0784070778A1F13002D2B2092A4FF0DF
:100AD000000501D90EE0013305EB850501EB450565
:100AE00093F90010A1F13002D2B2092A1C46A5F1F7
:100AF0003005F0D92E2900F08080002294F90010F2
:100B0000924621F00403682B04F101045CD02529EE
:100B1000BAD05839CBB2202BB9D82029B7D801A3E5
:100B200053F821F04B0C00008F0A00008F0A0000E0
:100B30008F0A00008F0A00008F0A00008F0A000051
:100B40008F0A00008F0A00008F0A00008F0A000041
:100B5000670C0000EF0C00008F0A00008F0A0000F5
:100B60008F0A00008F0A00008F0A00008F0A000021
:100B70008F0A00008F0A00008F0A00008F0A000011
:100B80008F0A0000D10C00008F0A00008F0A0000BD
:100B9000950C00008F0A00007B0C00008F0A0000FB
:100BA0008F0A00004B0C000046F002061C467AE754
:100BB00046F004061C4676E746F008061C4672E737
:100BC00046F001061C466EE714F9011B21F00403F0
:100BD000682B9CD114F9011B21F00403682B96D1DA
:100BE000F2E7079B002B04DD069C002C40F0B3804D
:100BF000234418461BB0BDE8F08F94F901102A2950
:100C000009D13B6802341A1D3A6094F900101A6841
:100C10004FF0010A75E7A1F13003DBB2092B04F1B3
:100C200001044FF0000200F2E38002EB820201EBCC
:100C3000420214F9011FA1F13003DBB2092BA2F12A
:100C40003002F2D94FF0010A5BE7386813460168B9
:100C500010220430CDE9005638600DEB0200FFF79A
:100C600089FE079B14E73B681A1D93F900103A6050
:100C700004A8FFF75FFE079B0AE7386801680430A5
:100C80001346CDE900560A22386004A8FFF772FE29
:100C9000079BFDE63B68191D39601D68002D00F0BB
:100CA0008E800132AE1815F9011B04A800293FF40B
:100CB000EEAEBAF1000F02D0B5423FF4E8AEFFF756
:100CC00039FE079B002BEEDA18461BB0BDE8F08F0B
:100CD0003A68116804323A60002208230192102217
:100CE00000930DEB0200FFF745FE079BD0E63B6843
:100CF000D3F800B004333B608BEAEB73A3EBEB73E8
:100D0000092B77DD4E484FF0010A19466329A0FBF5
:100D100003C30AF1010A4FEAD303F6DC924538BF58
:100D200092460DBB0798002503460028FFF661AFE9
:100D3000BBF1000F47DB730753D406F00303022B0C
:100D40005BD01346CDE9005659460A2204A8FFF7A6
:100D500011FE079B9CE62246494640460393FFF757
:100D6000BFFD039B234444E7BBF1000F06F00203E1
:100D70001CDB71071AD4002B59D0A2B1F3070ED592
:100D800011E004A80392FFF7D5FD0798039A002805
:100D900005F1FF350346FFF62CAF002DC5D0AA455F
:100DA0004FF02001EDD307980346BEE7013D0BB19C
:100DB000002AF8D0F107F6D4002DF0D1B2E7214D8A
:100DC0004FF0000A6DE72D2104A80392FFF7B2FD52
:100DD000039ACBF1000B079800280346FFF609AFF2
:100DE000ABE72B2104A80392FFF7A4FD039AF2E7D7
:100DF000924686E64FF0010A90E7002AA1D1002D25
:100E00009FD055454FF0300117D904A80392FFF742
:100E100091FD0798002805F1FF350346FFF6E9AE7E
:100E2000039A002DEDD10028FFF6E3AE89E7F00725
:100E3000B5D5079B002B84DADBE60346F3E700BF5A
:100E4000CDCCCCCC88D700000EB400B582B003ABBB
:100E500001AA53F8041B0193FFF706FE02B05DF8E8
:100E600004EB03B0704700BF8388B3F5806F16D0E2
:100E700007D9B3F5006F1BD112480022012103F0FE
:100E8000EFB89A1E062A0ED84FF48A7222FA03F39C
:100E9000DB0711D50B480022082103F0E1B80268F6
:100EA00012B1012A09D070470648022103F0D8B8D0
:100EB000B3F5804FEED070477047024800220421FE
:100EC00003F0CEB8CC0EFE1F0B4610B50D4A0E49EE
:100ED00004460020FFF7B8FF0C4883684BB90C4864
:100EE000836863B922460B49BDE810400020FFF734
:100EF000ABBF0AF09FFD06488368002BF2D00AF0D2
:100F000099FDEFE740E5000090D700007090FE1FCC
:100F10009890FE1FACD700002DE9F0411D4D1E4FEB
:100F20001E4EDFF898800FCD3C460FC495E80300B5
:100F300084E80300D6E90001C7E902860AF086FECC
:100F4000D8B9174C1749184D184F0020FFF77CFFF0
:100F50000FCCAC46ACE80F0094E803008CE803002B
:100F6000D6E90701C5E902870AF070FE48B9BDE875
:100F7000F0410F490020FFF767BF0E49FFF7A4FFBC
:100F8000DFE70D49FFF7A0FFBDE8F0410849002069
:100F9000FFF75ABF8CE50000B40EFE1F0000FE1FD5
:100FA000CCE50000E8D700009C0EFE1F1C00FE1FD1
:100FB00034D80000CCD7000018D80000690E00001B
:100FC0000A46006804210AF0BFBD00BF2DE9F047C2
:100FD00088B000253D493E480295242202F0D0FF0A
:100FE000002866D1FFF798FF3A49DFF81C91384D89
:100FF000394F3A4E0020FFF727FF0DF118084FF048
:10100000FF34009402AB01221F21284603F004F8AC
:101010000028F6D1029B5C073AD498072BD4D90755
:1010200030D41A071FD4DB06E9D52D490020FFF77D
:101030000BFF99E803004FF0000A88E803004FF423
:10104000807208232748CDF810A003A9CDF814A07A
:1010500003928DF81230FFF7B3FF0446E8B9224936
:10106000FFF7F2FECBE7214B214A22490020FFF790
:10107000EBFE029BD7E731460020FFF7E5FE029B1F
:10108000D907CED51C490020FFF7DEFE029BC8E73A
:101090003946FFF7D9FE029BBFE7184B144A1549A2
:1010A0005046FFF7D1FE164922465046FFF7CCFEC8
:1010B000A5E70446134B0E4A0E492846FFF7C4FE27
:1010C0000F4922462846FFF7BFFE8BE764D8000091
:1010D000CC0EFE1F9CD80000D4D80000FCD8000025
:1010E00070D900000000FE1FC0D9000048D90000E0
:1010F00054E5000090D7000020D90000F4D900008A
:10110000ACD7000074D80000B8D9000070B582B028
:1011100034230093184A194919484FF4006302F028
:10112000A9FE044610B1204602B070BD3826142531
:10113000CDE90056134B14491448012203F056F828
:10114000044698B9CDE90056114B124912480122C4
:1011500003F04CF804460028E5D0094802F0E4FE0C
:101160000A4803F0A5F8204602B070BD044802F01A
:10117000DBFE204602B070BD180FFE1F28DA00000B
:101180001817FE1F040FFE1F40DA00008417FE1F11
:10119000F00EFE1F50DA00004C17FE1F08B508487D
:1011A00002F0C2FE074803F083F8074803F080F816
:1011B000BDE80840054901220020FFF745BE00BFF9
:1011C0001817FE1F8417FE1F4C17FE1FACD7000018
:1011D0002DE98048002499B0CDE90D4400F0EEFCE3
:1011E00022462146012000F095FC9649964800F0E1
:1011F00009FD0D90002800F02083944A2821032047
:1012000000F088FC042108460DAA00F083FC07F0DA
:10121000A3FE03F0EBFB0E90002840F014830EAD0C
:101220000DF1400820263246002140460BF00CFE0E
:10123000874B884C93E8070088E8070094E807008C
:1012400013AB8DF84B6003C311A81A700BF026FD89
:10125000814C60600DF147000BF020FD034613A8A0
:10126000A3600BF01BFD03460DF14F00E3600BF094
:1012700015FD20610DF152000BF010FD63686061F7
:10128000B3F5FA6F84BFA3F5166363609DF9403030
:10129000413B122B17D8DFE813F0FC0216001600B2
:1012A0000503160009031600160016000D031600AC
:1012B00016001A0313002303160016001600F80286
:1012C000654A0B231360644BD3E90012986809F058
:1012D00083FA0E90002840F0CD825F4BD3E90412D0
:1012E000D86809F0A1FA0E90002840F0B882DFF823
:1012F000A891DFF8A8A10B950024584A0F9407CABB
:10130000434603C323F8022B120C1A700022114625
:101310000520CDF84B40CDF84F40CDF85340CDF8E7
:101320005740CDF85B408DF85F4000F0F3FB8DF83F
:1013300033400DF1330000F025FC0028F9D19DF871
:101340003330013B042B00F2D382DFE813F040017D
:101350001001A9002600050041480022082102F0E2
:101360007FFE002800F08D8183463E4A2D21032018
:1013700000F0D0FB3C4ACDF838B02521032000F026
:10138000C9FB3A4809F06AF9002840F07481042149
:101390000B9A084600F0BEFBAEE7354B009342F2D5
:1013A000B8424FF40073CDE901323249324B334A2F
:1013B0002E4809F09FF90546002840F055814FF46A
:1013C000F072034600922E492848424609F0C2F8BE
:1013D000002840F0808101464FF4205229480BF04C
:1013E00033FD284926480FAB4FF4205209F004F989
:1013F0000546002840F0A881234ADFF898B0234F23
:101400002321022000F086FB21492846FFF71CFD1E
:101410001C4B20491A7828461E46FFF715FD01256A
:10142000594616F8012F00200135FFF70DFD402D1C
:10143000394600F0338115F00F00F1D1FFF704FDBC
:10144000EEE700BF44E60000A494FE1F60DA00004F
:10145000D0DA0000DCDA0000BC67FE1F6CE500009B
:10146000CC0EFE1FBCDD000030DE0000B86BFE1F9E
:10147000B869FE1FF0DB000018E60000CDAD0000EB
:10148000D867FE1FBC17FE1F18DD0000F8D800004B
:101490003CDD000070DD0000B4D9000098E20000DF
:1014A000B04B009342F2B8414FF40073CDE90131E3
:1014B000AD4AAE4BAE49AF4809F01CF905460028CD
:1014C00040F0D280AB48414608F0D4FF0B2800F032
:1014D0008F81002840F03181A74A1B21022000F0B3
:1014E00019FB4FF4F0730093A449A248012342462C
:1014F00009F030F80546002840F08081A04A02F843
:10150000015F0135B5F5205FF9D19E499B482A4618
:1015100009F08EF8002840F064819B4A23210220C4
:1015200000F0F8FA994A93485369039313690293B8
:10153000D36801935368009313689268414608F09A
:10154000ADFF002840F06B818C4808F07FFF002839
:1015500040F06C81874809F081F80546002840F08A
:1015600096808B4A1F21022000F0D4FA2DE081489A
:1015700009F074F8054610B1112840F08880854ABA
:101580001621022000F0C6FA834B01930123CDE916
:101590000833079302934FF400734DF6F9700693E6
:1015A00000930023CDE904304FF4807303936F4A16
:1015B0006C4B6D496F4809F065F8002840F0848055
:1015C000764A2021022000F0A5FA0E9495E6744E8A
:1015D000744A1D21022000F09DFA3768BB68D7E9E4
:1015E00000011B6898470546002836D1BB68B168E2
:1015F0009B6938684FF0FF329847054668BB7669AB
:10160000DFF8D0B1BB683868DB690CA99847C6F32E
:1016100010010546002914BF49465146E8B9FFF7B5
:1016200013FC36F07F43594628460CD11846FFF785
:101630000BFC9DF83030721E002B00F0CD80002E88
:1016400053D01646DEE74946FFF7FEFB9DF83030E3
:10165000002B00F0C180013ED4E7AB46524A232163
:10166000032000F057FA85E6504A12210320AB46CA
:1016700000F050FA7EE64E4A1321032000F04AFAA9
:1016800085E64C4A2721022000F044FA9DE7484AAB
:1016900013210320AB4600F03DFA6BE646490020DB
:1016A000FFF7D2FB354808F0D1FE002840F0AD80AE
:1016B000304808F0D3FF05460028E8D13F4A2221F0
:1016C000022000F027FA80E783463D4A14210320D8
:1016D00000F020FA4EE63B4A83461121032000F039
:1016E00019FA244808F0BAFF44E6BB6838681B6B57
:1016F000984705460028B0D1274B01930123CDE937
:101700000833079302934FF40073069300934DF64A
:10171000F97305934FF4807304900393134A114BAC
:101720001149144808F0AEFF0546002895D1264A15
:101730002521022000F0EEF947E78346234A1621CF
:10174000032000F0E7F915E6214A11218346032022
:1017500000F0E0F9094808F079FE064808F07EFF3D
:1017600008E600BFB869FE1FCDAD000018E6000016
:10177000F0DB0000B86BFE1F48DC0000D867FE1FDE
:10178000BB3FFE1FBC3FFE1F8CDC0000BC67FE1F82
:10179000E4DC0000A4DB000038DB0000D0DB00004C
:1017A000D000FE1F18DB000044DB000000DC00005E
:1017B00090DB0000ECDD000078DD000098DD00002B
:1017C000BCDB000064DC000068DB000030DC0000F3
:1017D00004DD000044D90000002E86D14FF0140B28
:1017E0003CE78346454A1221032000F093F9C1E506
:1017F000434A1921022000F08DF972E68346414ADE
:101800001121032000F086F9B4E53F4A83461221F6
:10181000032000F07FF93D4808F020FFAAE5834649
:101820003B4A1D21032000F075F9A3E58346364AA3
:101830001221032000F06EF99CE5364A1E21022099
:1018400000F068F9E3E4344A2721032000F062F94C
:101850000EAD042108462A4600F05CF9E0E42F4A68
:101860001721032000F056F904212A46084600F00B
:1018700051F93CE52A4A1721032000F04BF90421D5
:101880002A46084600F046F927E5264A0923136050
:1018900019E59DF94130234A702B0CBF042308231E
:1018A000136010E51F4A0C2313600CE51D4A022348
:1018B000136008E59DF94130612B15D09DF9423048
:1018C000184A6E2B0CBF062307231360FBE49DF917
:1018D0004230144A722B0CBF032305231360F2E439
:1018E000104A0A231360EEE40E4A01231360EAE46F
:1018F0000D4A1B21022000F00DF966E678DC00009D
:1019000014DC000064DC0000D0DC0000B86BFE1FBB
:10191000B0DC000088DA0000A8DA000000DB00007C
:10192000E8DA0000BC67FE1F14DE0000037803B194
:101930007047012001F0AABF022800D07047024B77
:101940000248596809F0B8BF0CE600007091FE1F0C
:101950002DE9F04300249DB0232221460AA8CDE9B9
:1019600007440694CDF823400BF06EFA039402F07E
:1019700023F9594A034623210AA80BF017FAFFF767
:10198000C5FB002840F09880DFF88081DFF8809167
:101990000027FEF7BFFF48B30F2206A90020FEF77D
:1019A0004BFF4FF0FF3300F10A0213A94046139793
:1019B00002F02AFA0446002879D1139D039506A85F
:1019C0002C700BF05FFA421CC5F8012006A905F146
:1019D00009000BF049FA4FF0FF3203A9484602F024
:1019E0009FFCCDE906440894CDF823402322002132
:1019F00013A80497394C384E394D0BF025FA01E005
:101A00000A2825D0012204A9204602F067FC0028FC
:101A1000F6D1049B3246D3F80530232113A80BF0EE
:101A2000C5F9049A1378013B042B50D8DFE803F082
:101A300029231D1403002B490020FFF705FA29462E
:101A40000020FFF701FA049802F084FA0A28D9D19D
:101A5000012001F01BFF9CE7D2F80920002AEED0FC
:101A600021490020FFF7F0F9E9E720490932002079
:101A7000FFF7EAF9E3E71E4909320020FFF7E4F92E
:101A8000DDE705A805970AF019FE9DF815300193CA
:101A90009DF816300093174A17499DF8173000201B
:101AA000FFF7D2F915490020FFF7CEF9C7E714492F
:101AB0000020FFF7C9F999E7054612492046FFF7CC
:101AC000C3F909492A462046FFF7BEF95CE70E49EB
:101AD0000020FFF7B9F9B2E758DE00008417FE1FB7
:101AE000F8D80000B8E20000ACD70000A8E200007F
:101AF0009CE2000010DF000014DF00004CE1000059
:101B0000A0DE000078DE00003CE400001817FE1F95
:101B10004C17FE1FF0B583B00C460027064615464D
:101B2000154801F109024FF0FF3301A9CDE9007713
:101B300002F06AF9E0B111493846FFF785F9FFF77D
:101B40002DFB009F3E7002F037F8009BC7F80500A0
:101B50002246C3F80140294603F109000BF084F93D
:101B60004FF0FF326946064802F0DAFB03B0F0BDE1
:101B7000019F0097E6E700BF1817FE1F68E400000A
:101B80008417FE1F30B583B0044600250A4801952E
:101B9000FF2201A902F0A2FB28B9019808B103783D
:101BA0001BB102F0D7F903B030BD09300BF076F865
:101BB000034623700198F4E74C17FE1F30B520222E
:101BC00091B000210DEB02000BF03EF90C4807909C
:101BD000002403E001F05AFE7DB90798009409AA99
:101BE000CDE90344CDE901440AAB002102F0CEFC6B
:101BF0000A9A05460120002AECD011B030BD00BF82
:101C00008895FE1F70B586B0054609F0A9F904460F
:101C100010B1204606B070BDF52203468DF80820AD
:101C200002A90122284609F08DFB052240F20A3163
:101C30007F4809F093FD224640F20A317C4809F0C2
:101C4000A1FC4FF47A710A200AF048FD012240F20B
:101C50000A31774809F096FC764A754840F20A3115
:101C600009F07CFD4FF0C84302A91A6B64F301022E
:101C70001A6301239F228DF8082028461A46CDE9D1
:101C8000044409F05FFB04460028C2D1032204A9E2
:101C9000284609F00FFA04460028BAD19DF8103002
:101CA000C22B40F0C0809DF81130202B40F0BB804B
:101CB0009DF81230192B40F0B680012315228DF8C3
:101CC000082002A91A46284609F03CFB04460028D1
:101CD0009FD101220DF10701284609F0EBF90446D6
:101CE000002896D1012305228DF8082002A91A4662
:101CF000284609F027FB044600288AD101220DF16D
:101D00000601284609F0D6F90446002881D19DF83D
:101D1000063013F040033CD106228DF8082002A9BA
:101D20000122284609F00EFB044600287FF471AF1B
:101D30009DF8062042F040028DF809209DF807200A
:101D40008DF80A2003460126032202A928468DF8B1
:101D5000086009F0F7FA044600287FF45AAF8DF8BE
:101D6000046005E009F07CF9044600287FF451AFD7
:101D70009DF8043001A92846002BF3D104228DF8E8
:101D8000082002A9012209F0DDFA044600287FF4A8
:101D900040AFB7228DF808200023012202A928466F
:101DA00009F0D0FA044600287FF433AF3522034609
:101DB0008DF8082002A90122284609F0C3FA04463A
:101DC00000287FF426AF4FF0C84302201A6B60F35F
:101DD00001021A63AF238DF80830012302A91A46C5
:101DE0002846CDE9044409F0ADFA044600287FF402
:101DF00010AF032204A9284609F05CF90446002824
:101E00007FF407AF9DF81030C22B0CD19DF8113034
:101E1000202B08D19DF81230192B04D1284609F047
:101E2000FDF80446F5E60124204606B070BD00BF6B
:101E30007091FE1F000C011108B500F0F5F8BDE827
:101E40000840FFF7C3B800BF30B5104C104D2268F2
:101E500089B00123D018B0214FF48062CDE904335A
:101E6000CDE902330691019200950A4A20600A49A1
:101E70000A48002302F0E6FA08B909B030BD074865
:101E8000002109B0BDE8304000F0A8B88495FE1FDD
:101E9000D099FE1F391E000090E40000C090FE1F84
:101EA00000BE0120704700BF014608B5034808F096
:101EB00055FF003818BF012008BD00BF9493FE1FD6
:101EC00008B503460A460448194608F027FF0038BB
:101ED00018BF012008BD00BF9493FE1F844608B5BB
:101EE000044813460A46614608F0A8FE003818BFA9
:101EF000012008BD9493FE1F844608B5044813468C
:101F00000A46614608F082FE003818BF012008BD6D
:101F10009493FE1F014808F041BF00BF9493FE1F39
:101F20000A4910B504460A484C6008F027FE58B923
:101F3000084A094B0949C4E92523094A094BC4F851
:101F4000A430C4E9271210BD012010BDD000FE1F2F
:101F50009493FE1FF91E0000DD1E0000C11E00004C
:101F6000A91E0000A11E0000704700BF08B500F0C8
:101F70005BF8BDE80840FFF72BB900BF30B5104C47
:101F8000104D226889B00123D018B0214FF480523F
:101F9000CDE90433CDE902330691019200950A4A56
:101FA00020600A490A48002302F04CFA08B909B037
:101FB00030BD0748002109B0BDE8304000F00EB840
:101FC0008495FE1FD09DFE1F6D1F0000B4E400002D
:101FD000B494FE1FFFF7C8BF704700BF00BE704734
:101FE0000D4A0E490E4838B500240E4D14701C23BE
:101FF00001222C6002F0B6F940B9FFF7BFFF00F0F4
:1020000053F8FFF721FFFFF7E7FF38BD04482146EB
:10201000FFF7E4FFF1E700BF8095FE1FC4E4000076
:102020006495FE1F8495FE1F38B515484FF0FF31AB
:1020300002F0E6F9F0B9134B1A7802B138BD124C30
:1020400001221A70FFF7C6FF2368013B2360002BB3
:10205000F4D00B4D04E02368013B2360002BEDD04E
:10206000284602F0E3F90028F5D000212846FFF7C2
:10207000B5FFF0E702480021FFF7B0FFDBE700BF44
:102080006495FE1F8095FE1F8495FE1F08B500F025
:1020900037FC002008BD00BF08B5FFF7C5FFBDE84D
:1020A0000840FFF755BC00BF30B5104C104D2268FA
:1020B00089B00123D018B0214FF48062CDE90433F8
:1020C000CDE902330691019200950A4A20600A493F
:1020D0000A48002302F0B6F908B909B030BD074834
:1020E000002109B0BDE83040FFF778BF8495FE1F9E
:1020F000D0ADFE1F99200000D8E400008895FE1F97
:1021000003322DE9F04104460F46984622F00306BB
:10211000EFF3108272B6264B1D68256282F3108899
:102120003146204600F018F9EFF3108272B628B15C
:10213000386082F310880020BDE8F081236AAB424A
:10214000EBD13860B8F1000F25D01A4B196811BBDC
:10215000D5F8AC101848EC660131C5F8AC10A16A8E
:10216000A866481CC5E91E67A062C9B96562C5E9D1
:102170001C55092129630121A9631968C5F84C8000
:102180000131196082F31088284601F047FCD5F828
:102190008400BDE8F08182F310881020BDE8F08152
:1021A000616A2967486F686705674D67E1E700BFA7
:1021B0000497FE1F6C96FE1FBD21000010B5EFF3C3
:1021C000108372B61A4A846E944202D083F3108848
:1021D00010BDD0F8AC208A42F8D1C26E002AF5D0EA
:1021E000144914688C42F1D1916A0029EED0002480
:1021F000013984669162C1B1D0E91C144C67216732
:10220000546A844211D0026B092ADFD10A490A6854
:1022100010240132C0F884400A6083F3108801F072
:1022200083FBEFF3108372B6D0E75162EBE700BF98
:10223000BD210000455459426C96FE1FF8B5164664
:102240000F461D463422002104460AF0FDFD25F00C
:102250000303C4E90663A3F1080102223344E260E8
:102260001A46C4E90171C4E90466114943F8044CF3
:1022700042F8086D0023C6E900212362EFF31081C4
:1022800072B60C4A0C48136820600C4843B9E462EB
:10229000046024630133136081F310880020F8BDCB
:1022A0000068056B0463EC62C4E90B05F2E700BF4C
:1022B000EEEEFFFF3C96FE1F455459424096FE1F2E
:1022C0002DE9F041EFF3108172B6204A1368002423
:1022D000013B04601360002B2ED11D4A13601D4E7C
:1022E000446A3368856A0027013333604762876236
:1022F00081F310889DB14FF00108013DEFF310828A
:1023000072B63368A7660133C4F884802046336010
:10231000246F82F3108801F007FB002DEDD1EFF35D
:10232000108272B63368013B336082F3108801F08B
:10233000DDFA0020BDE8F081D0E90B32044C1A63CD
:10234000D3622268824208BF2360C8E73C96FE1F22
:102350004096FE1F6C96FE1FF0B5EFF3108C72B620
:10236000C36882689C1E02EBC4028A421AD9334AAF
:1023700044691568324E0562013300276268B24233
:1023800020D0246893B1013B8CF31088EFF3108CBC
:1023900072B6026AAA4203D0C36844690562013377
:1023A000002BEBD18CF310880020F0BD8CF310884B
:1023B000EFF3108C72B6036A9D42EDD18CF3108856
:1023C0000020F2E707B9446127683A1B083A9142B6
:1023D00015D9D7E900E2B24204D06BB1013B744693
:1023E0000127CFE7C268C4F800E0013AC260426941
:1023F000BA42F5D14461F3E774460127C4E7002AE5
:10240000D0D0531A132B0AD9C3685D1C01F10803FD
:102410000A46E75023440A495960C560236083682F
:102420006060083B9B1A42698360A24204BF236834
:1024300043618CF3108804F10800F0BD0497FE1F7F
:10244000EEEEFFFFEFF3108372B600287CD02DE98B
:10245000F0413F4A50F8044C9442A0F1080504D0E2
:102460001CB13C4926688E4204D083F310880320B7
:10247000BDE8F08138490E68266250F8081C40F823
:10248000042CA268491B0A44A2606269AA4200D9CE
:102490006561A26A002A52D02D4F656AD5F878800E
:1024A00083F3108841462046FFF756FFEFF3108371
:1024B00072B6A0F10802266290B1D4E9091CA942C3
:1024C00015D050F8085C40F8047CA1686069AD1A2A
:1024D00029449042A16088BF6261BCF1000FDCD149
:1024E00083F3108801F002FA0020BDE8F081A96FA3
:1024F0004145E6D10CF1FF32A2621AB32A6F696F2F
:10250000626251670A67DFF854E0DEF8002002F1EA
:10251000010CEA6F0021A9661060CEF800C0C5F872
:10252000841083F31088284601F0FEF9EFF310833E
:1025300072B6D4F828C0BCF1000FAED1D0E783F357
:102540001088D1E76262DEE783F3108803207047CA
:10255000EEEEFFFF455459420497FE1F6C96FE1F96
:1025600038B5EFF3108372B61B4A846E944202D0E2
:1025700083F3108838BDD0F8AC208A42F8D1C26EFF
:10258000002AF5D0154914688C42F1D1516900290F
:10259000EED0002484661469DCB101395161B1B117
:1025A000D0E91C15A0424D67296710D0026B072A9D
:1025B000DED10B49C0F884200A6801320A6083F337
:1025C000108801F0B1F9EFF3108372B6D0E7116112
:1025D000ECE70121D160E9E7612500004E44564453
:1025E0006C96FE1F38B504460D46242200210AF0E1
:1025F0002BFC6560EFF3108172B60B4A0B48136831
:1026000020600B4843B9A4610460E46101331360A6
:1026100081F31088002038BD0068C569C461AC61D1
:10262000C4E90605F2E700BF4C96FE1F4E4456442F
:102630005096FE1F70B50446EFF3108C72B680689A
:10264000256A20EA05051D60256A02F002060DB123
:1026500020EA05000840002E34D0814232D0049890
:10266000002840D027480568002D3CD100293AD0E9
:10267000254D2D68C5E91F32D5F8AC30234AA9672E
:102680000133C5F8AC306369EC66AA667BBB256193
:10269000C5E91C5501336361072203682A630122DF
:1026A0000133AA63049AEA6403608CF31088284615
:1026B00001F0B4F9EFF3108C72B6D5F884008CF306
:1026C000108870BD0028CAD012F001000CD06369D8
:1026D0000BB1206990B1A36823EA01030020A36035
:1026E0008CF3108870BD07208CF3108870BD2269B0
:1026F0002A67516F69670D675567CBE70D43256200
:10270000F2E700BF6C96FE1F0497FE1F61250000D4
:10271000EFF3108C72B6930710D5436933B9836811
:102720000B4083608CF31088002070470369002BF6
:10273000F5D1036A63EA01030362F3E72DE9F04F81
:102740008568036A0D4383B0856013B123EA0103F2
:102750000362D0E90421002A00F09680012900F0EC
:102760009C80624E019200239E46036133680133D0
:10277000336074462EE00023C360836841691D43C3
:10278000019BD3F88090D3F878801A6FD3F830A0EB
:1027900019F0020F05EA080B26D0D84524D0BAF16B
:1027A000070F15D0934235D0019FD3F87480C2F83B
:1027B0007480BB42C8F870205DD0476907F1FF38CC
:1027C000C0F814807CB30027CEF870301F679E4697
:1027D00001392DD08CF31088EFF3108C72B6C368DA
:1027E000002BC8D11346CCE7BAF1070FDAD1BBF101
:1027F000000FEDD0DF6F19F0010F3D6004D0876846
:1028000027EA0808C0F80880002793429F66C3F8AB
:102810008470C9D100270197476907F1FF38C0F8D4
:102820001480002CCFD101391C679E461C46D1D1A3
:10283000019B0361036A0BBB8CF310886CB12046CB
:10284000246FEFF3108272B633680133336082F382
:10285000108801F069F8002CF1D1EFF3108272B604
:102860003368013B336082F3108801F03FF80020A9
:1028700003B0BDE8F08F1F6F01979EE78268016289
:1028800022EA03028260D7E709B10123C3608CF317
:102890001088002003B0BDE8F08FD2F88010936F4D
:1028A0008E0705EA030401D59C42F0D1002CEED03E
:1028B000D46FC907256003D5816821EA03018160CF
:1028C0000A4C216800230131C0E90433216093667A
:1028D000C2F884308CF31088104601F025F8EFF32D
:1028E000108372B683F31088C1E700BF6C96FE1F99
:1028F00008B500F045FFBDE8084001F029BA00BF67
:1029000010B50E4C236813F10F3F0AD04FF0F0338F
:10291000236007F097FFFFF7EBFF094A13680133C5
:102920001360084A4FF0F03310682360FFF758FB3C
:1029300000232360BDE8104008F00EB8F000FE1F31
:102940006C96FE1F3896FE1F10B5EFF3108372B61B
:102950001A4A846E944202D083F3108810BDD0F8D6
:10296000AC208A42F8D1C26E002AF5D0144914680E
:102970008C42F1D1D1690029EED00024013984665E
:10298000D161C1B1D0E91C144C67216794698442BC
:1029900011D0026B0D2ADFD10A490A681D240132C9
:1029A000C0F884400A6083F3108800F0BDFFEFF3A5
:1029B000108372B6D0E79161EBE700BF49290000B0
:1029C0004554554D6C96FE1F70B50446EFF31083C9
:1029D00072B60D4ED0F8A40032680132326028B9C8
:1029E0003268013A326083F3108870BD012585603A
:1029F00083F3108800F0B6F9EFF3108372B6D4F8C1
:102A0000A4000028F3D1EBE76C96FE1F70B50446D6
:102A100015460E46342200210AF016FA666025613A
:102A2000EFF3108172B60C4B0C480D4A20600D4834
:102A3000186013680C4843B924620460646201336F
:102A4000136081F31088002070BD0068456A4462FD
:102A50002C62C4E90805F2E76896FE1F4554554DFF
:102A60004496FE1FC92900004896FE1F2DE9F0413B
:102A7000EFF3108272B627490B680024013B046013
:102A80000B60002B3BD124490B60244E84693368D2
:102A9000C56901333360C36800218161C16143B1FD
:102AA0000123836082F3108800F05CF9EFF3108259
:102AB00072B682F31088ADB14FF000080127013DD6
:102AC000EFF3108272B63368C4F868800133C4F83B
:102AD000847020463360246F82F3108800F024FF56
:102AE000002DECD1EFF3108272B63368013B3360F6
:102AF00082F3108800F0FAFE0020BDE8F081D0E9F2
:102B00000831054C59620B622168814208BF23607D
:102B1000BBE700BF4496FE1F4896FE1F6C96FE1F43
:102B2000F8B5EFF3108C72B6384A83681468E3B9CD
:102B30000123C0E90234A4B10369012B03D1E26A85
:102B4000426120238362D4F8A430002B40D01A6B5A
:102B50001863D062C0E90B32D4F8A0300133C4F856
:102B6000A0308CF310880020F8BDC268A24229D0A2
:102B700021B3274B1D680DBBD4F8AC50254EE06641
:102B80000135C4F8AC50C569A66635BB8461C4E99B
:102B90001C440135C561E1641968013119600D23D8
:102BA00023630123A3638CF310880369012B1BD0DB
:102BB000204600F033FFD4F88400F8BD8CF3108871
:102BC0001D20F8BD013383608CF310880020CBE713
:102BD000C4F8A400C0E90B00BEE786692667776FDA
:102BE00067673C677467D4E7E16A836A8B42D2F80F
:102BF0009C3088BF81629942D36A38BFC2F89C106A
:102C00009942D5D2104600F053F8D1E70497FE1F41
:102C10006C96FE1F4929000070B5EFF3108C72B658
:102C2000C469012C26D98269116FD36ACD6A022C3E
:102C30001DD01E4E336801339646336005E0C469EB
:102C4000196F1A468B4219D09E46CD6AD36A9D42AF
:102C500038BF0A468CF31088EFF3108C72B6836984
:102C60007345ECD1C569A5421ED02C46E8E79D42CC
:102C700038BF81618CF31088002070BD31689342A9
:102C800001F1FF31316009D0D2E91C4161670C6765
:102C9000596FC2E91C310A675A6782618CF3108848
:102CA00000F024FE002070BD096FCBE76C96FE1F7C
:102CB0002DE9F04104460D46EFF3108272B6036B26
:102CC00053B1D0F89830E1628B4228BF0B46C36302
:102CD00082F31088BDE8F0811F49C3640B681F4E62
:102CE000D0F82C80376802330B600E230363012376
:102CF000836382F3108800F091FEEFF3108272B6C6
:102D0000D4F89830E562AB4228BF2B46E36382F3E8
:102D10001088204600F008FEEFF3108272B6336888
:102D20009C4207D0216B29B9D96AE36A8B4205D846
:102D3000BC4208D082F31088BDE8F081E06B83428A
:102D4000F8D98142F6D3A84538BF0549346038BF69
:102D500041F82340EEE700BF6C96FE1F0097FE1F70
:102D60007096FE1FEFF3108272B68368002B63D05B
:102D70007D492DE9F04109680446C06888429446BF
:102D800004D07A4D2968002900F09B80013BA360A4
:102D9000002B4DD100284BD0D0F8A030013BC0F81B
:102DA000A030002B00F09280D4E90B311963CB6284
:102DB000D0F8A410A14200F08980A6692369002EF2
:102DC00033D0012BD0F894703AD0E369674D012BD2
:102DD0006BD9002E7DD04FF00008D6F8A020002A35
:102DE00040F09C80C6F8A440C4E90B440132C6F808
:102DF000A020013B0122E660E361A260002B40F0CD
:102E00008780A3612B6801332B600023B366C6F86B
:102E100084308CF310882369012B00F087803046C2
:102E200000F082FD0020BDE8F081002BC9D1E360F5
:102E300082F310880020F6E782F310881E20704786
:102E40004A4D2B6801332B6082F31088D0F8A41010
:102E500020260B464BB11A69012A03D19A6A964281
:102E600028BF1646DB6A9942F4D1EFF3108C72B694
:102E70002A68E369C0F89C60B74228BF3746013A28
:102E8000012B2A6010D92269012A5BD12B680133FA
:102E90002B608CF310882046FFF7BEFEEFF3108CFA
:102EA00072B62B68013B2B60A66996B12369012B92
:102EB0002AD1F36A63612023A362D4F80C80E3690A
:102EC0008BE782F310881E20BDE8F081C0F8A430A3
:102ED00073E72B6801332B608CF31088E0682023A4
:102EE000A362C36ABB4202D03946FFF7E1FEEFF3AB
:102EF000108272B62B680021013B2B60E16082F3E7
:102F0000108800F0F3FC95E7E3694FF0000864E7F0
:102F1000336F726FA3615A67136773E7D6F8A41013
:102F2000086B0C63C462C4E90B105FE7E36973B913
:102F3000D8F82C30BB423FF472AF39464046FFF719
:102F4000B7FE6CE7A669002E7FF445AFC1E72046C7
:102F5000FFF762FEEFF3108272B6A3690BB1DB6A72
:102F6000A36282F31088E3E70497FE1F6C96FE1FAE
:102F700010B5EFF3108372B61C4A846E944202D0EF
:102F800083F3108810BDD0F8AC208A42F8D1C26E0D
:102F9000002AF5D0164914688C42F1D1D16A002973
:102FA000EED0002401398466D162E9B1D0E91C1465
:102FB0004C672167946A844216D0016B0529DFD1E2
:102FC0000C4914690A68002C02F101020CBF0A24A2
:102FD0000B24C0F884400A6083F3108800F0A4FC3E
:102FE000EFF3108372B6CBE79162E6E7712F000032
:102FF000554555516C96FE1FF8B516460F463822BA
:10300000002104461D4609F01FFFB200069BB3FBDA
:10301000F2F303FB0252C4E908556760E261A6605F
:10302000A5616361E360EFF3108172B60A4A0B4851
:10303000136820600A4843B9246304606463013361
:10304000136081F310880020F8BD0068456B44636D
:103050002C63C4E90C05F2E75496FE1F5545555103
:103060005896FE1F2DE9F041EFF3108172B6204A09
:1030700013680024013B04601360002B2ED11D4A0D
:1030800013601D4E846A3368C56A002701333360BC
:103090008762C76281F310889DB14FF00108013D3E
:1030A000EFF3108272B63368A7660133C4F88480E8
:1030B00020463360246F82F3108800F035FC002D29
:1030C000EDD1EFF3108272B63368013B336082F3C7
:1030D000108800F00BFC0020BDE8F081D0E90C3234
:1030E000044C5A6313632268824208BF2360C8E716
:1030F0005496FE1F5896FE1F6C96FE1F2DE9F84F42
:103100000346EFF3108E72B60569C66A25B3876869
:10311000002E4BD1066A012F56F8042B0A600CD9F9
:103120007A1E304650F8044B41F8044F013AF9D169
:1031300007F18047013F06EB8706DA695969B24219
:1031400008BF9E691E62013D0131C3E904518EF33F
:1031500010880020BDE8F88F002A75D06A4D2868D5
:10316000002871D1694C2468C4E91F10D4F8AC1050
:10317000E3660131C4F8AC106549A166002E68D140
:103180009C62C4E91C440136DE62052323630123EB
:10319000A3632B68E26401332B608EF31088204612
:1031A00000F03CFCD4F88400BDE8F88F806AD0E9D8
:1031B0001FA2012A0AF1040452D0D3F820B0012F33
:1031C0005BF8042B0A6072D97A1E94465D4655F866
:1031D000048B41F8048FBCF1010CF8D107F1804950
:1031E000D3F81C8009F1FF390BEB8901414572D0FE
:1031F000454DDAF800A02F68196201372F60596A2F
:103200002F688C46013F2F604CF804AB54F8047BC8
:1032100041F8047F013AF9D10CEB890CC44508BF91
:10322000D3F818C0C3F824C0013E3AD19E62DE62D2
:103230002B68002201338266C0F884202B608EF355
:10324000108800F071FB84E78EF310880A20BDE837
:10325000F88F996A2167486F606704674C6792E747
:10326000DAF800200A60012F06D9013F54F8042B38
:1032700041F8042F013FF9D1013E43D0026F416F65
:103280009A6251670A67204ADE621368002101339F
:103290008166C0F8841013608EF3108800F044FB40
:1032A00057E7026F416F9A6251670A67BFE7D3F829
:1032B0001C80C3450FD0144DDAF800102A68D3F8EB
:1032C00024C0C3F820B001322A602A68013A2A607B
:1032D0004CF8041BA2E70C4DDAF800902A68596AF2
:1032E00001322A602A688C46013A2A60012F9A69C5
:1032F0001A624CF8049B91D907F180497A1E09F1B2
:10330000FF3983E79E62BEE76C96FE1F0497FE1F9F
:10331000712F0000F8B50346EFF3108C72B6C56A42
:10332000406920B39A6851F8047B002D4BD15C6A48
:1033300001385861186926460130012A186146F89B
:10334000047B0BD9501E51F8045B44F8045F01382C
:10335000F9D102F18042013A06EB8206DA69B24203
:1033600008BF9E695E628CF310880020F8BD002AB9
:103370004DD02C480668002E49D12B4C2468C4E956
:103380001F16D4F8AC10E3660131C4F8AC1027491D
:10339000A166002D41D0996A21674E6F6667346738
:1033A0004C670135DD62052323630123A3630368B2
:1033B000E264013303608CF31088204600F02EFB9A
:1033C000D4F88400F8BD013D986A24D0046F466F9C
:1033D0009C6266673467C46FDD62012A4FF00003A8
:1033E0008366276007D9531E224651F8044B42F8E2
:1033F000044F013BF9D10B4A136800210133C0F897
:10340000841013608CF3108800F08EFAADE78CF313
:1034100010880B20F8BD9D62DDE79C62C4E91C4466
:10342000BFE700BF6C96FE1F0497FE1F712F0000C0
:1034300010B5EFF3108372B61A4A846E944202D02C
:1034400083F3108810BDD0F8AC208A42F8D1C26E48
:10345000002AF5D0144914688C42F1D11169002971
:10346000EED00024013984661161C1B1D0E91C1489
:103470004C672167D468844211D0026B062ADFD1E1
:103480000A490A680D240132C0F884400A6083F3B7
:10349000108800F049FAEFF3108372B6D0E7D160DC
:1034A000EBE700BF31340000414D45536C96FE1FE1
:1034B000002330B4C0E901120360C36003614361BB
:1034C0008361EFF3108172B60B4A0C4C13680460F1
:1034D0000B4C4BB94061206080610133136081F374
:1034E0001088002030BC70472468A569A06168611D
:1034F000C0E90545F1E700BF5C96FE1F414D45530D
:103500006096FE1FF8B5EFF3108272B683682BB198
:10351000013B836082F310880020F8BD31B3174B64
:103520001C681CBB164C174E2468D4F8AC50E066DF
:103530000135C4F8AC500569A666DDB1C6682667DA
:10354000776F67673C677467013505610620206304
:103550000120A0631868E1640130186082F31088CC
:10356000204600F05BFAD4F88400F8BD82F310889E
:103570000D20F8BDC460C4E91C44E5E76C96FE1F4D
:103580000497FE1F3134000038B50346EFF3108175
:1035900072B6026932B982680132826081F31088A2
:1035A000002038BD013AC06813D0046F456FDC605D
:1035B00065672C67084C1A6123680025013385660E
:1035C000C0F88450236081F3108800F0ADF900202A
:1035D00038BDDA60EEE700BF6C96FE1F2DE9F84FAC
:1035E0000A9D0B9E0C9FDDF838B004468A46914632
:1035F000EF2132462846984609F026FCB0220021E9
:10360000204609F021FC2023C4F89C300D9B666104
:103610009F4206F1FF36344BE5604FF0030235441C
:10362000C4E91198C4E906BBC4E915342F49C4F8AC
:1036300028A02561E762C4F8947004BFE763C4F86A
:1036400098702263204607F0EFF9EFF3108172B60D
:10365000274A284B2360136863BB2748C4E92244E8
:10366000046001331360254A1368013313600F9B14
:10367000012B2AD1EFF30582214B1B681343B3F1D1
:10368000F03F07D281F31088204600F04DF900206A
:10369000BDE8F88F1B4B1D68002DF3D0EB6AEE6B75
:1036A000EB6381F31088204600F03EF9EE630020C2
:1036B000BDE8F88F10480068D0F88C50C0F88C40F6
:1036C000C5F88840C4E92205CBE781F31088EFF301
:1036D000108172B61368013B136081F3108800F00B
:1036E00005F90020BDE8F88F893B0000353800005F
:1036F000F896FE1F44524854FC96FE1F6C96FE1F1F
:10370000F000FE1F0097FE1FEFF3108372B6024A0F
:10371000106883F3108870470497FE1F2DE9F0416D
:10372000DDF82880DDE906C7DDE90865EFF3108ED6
:1037300072B609B1846A0C600AB1016B11600BB1F9
:1037400042681A60BCF1000F03D0D0F89430CCF876
:10375000003017B1D0F898303B600EB18369336008
:1037600015B1D0F888302B60B8F1000F02D0036F8C
:10377000C8F800308EF310880020BDE8F08100BF4B
:10378000044A05491368202043F0C773086013609A
:10379000704700BF6496FE1FF096FE1F08B50346F3
:1037A000D0F8940088420DD0EFF3108C72B600214F
:1037B000D3F8980010600846C3F89810D9638CF3CA
:1037C000108808BDEFF3108C72B6D3F894108142C4
:1037D00003D218208CF3108808BDD3F8981011601C
:1037E000D3F89C201049C3F89800824228BF0246B3
:1037F0000968DA63DA6A8A4203D800208CF31088F9
:1038000008BD8142F9D2094A10689842F5D1084BA7
:1038100053F8213013608CF3108800F067F8EFF351
:10382000108C72B60020CAE7F096FE1F0097FE1FAC
:103830007096FE1F124B10B51C68D4E911309847E2
:10384000104B1B680BB120469847EFF3108172B6FE
:103850000D4A01232363A363136800200133E0644E
:10386000136081F31088EFF3148323F0040383F3D0
:103870001488BFF36F8F2046BDE8104000F0CEB82B
:103880000497FE1F6896FE1F6C96FE1F10B5EFF39F
:10389000108272B6124B1C6864B1EFF30581114BB4
:1038A0001B680B4306D110B982F3108810BD0E4B74
:1038B000196819B182F31088132010BDC4F8841060
:1038C0001968E06401311960042101232163A363B5
:1038D00082F31088204600F0A1F8D4F8840010BDCF
:1038E0000497FE1FF000FE1F6C96FE1F0A4B1B681C
:1038F0008BB90A4A0A4B12681B689A420BD0094BD3
:103900004FF080525A60EFF3058323B9EFF3108331
:1039100062B683F3108870476C96FE1F0497FE1FF3
:103920000097FE1F00ED00E0F8B50446EFF31085A8
:1039300072B6436E002B5AD04C3000F04FFA304A2A
:10394000A16B1368013B1360236B002945D15BB960
:103950002C492D4B1B6885F310880968994202D0C9
:103960001368002B2BD0F8BD636B002B3AD1E06AB3
:103970002649236351F8203033B1596A0C625C62E6
:10398000616223621F49E4E7214E41F82040336819
:10399000204F012181400B4333603B688342C4E9DF
:1039A0000844D5D9174938600B6833B3DB6B8342C1
:1039B000CFD90C6085F310881368002BD3D1164B38
:1039C0004FF080525A60EFF30583002BCBD1EFF319
:1039D000108362B683F31088F8BD013B012BB7D981
:1039E000636B33B103210023C4E90C13B0E7C36454
:1039F000A5E70449A3632363ABE70C60A9E700BF15
:103A00006C96FE1F0097FE1F0497FE1F7096FE1F08
:103A1000F496FE1FF096FE1F00ED00E0F8B5374B60
:103A200004461D68EFF3108672B685423BD0344AD7
:103A30001368013B1360A36B012B08D0314B86F355
:103A400010881B68AB4201D01368F3B1F8BD216A3E
:103A5000E06A4FF0000C8C42C4F838C032D0636A80
:103A6000294F4B62196257F82030A34227D0254BCB
:103A70001968A142E3D12549096857F82110196056
:103A800086F310881368002BE0D1214B4FF0805251
:103A90005A60EFF30583002BD8D1EFF3108362B6A1
:103AA00083F31088F8BDEB6C013B033303D805F1B9
:103AB0004C0000F067F9174BE2691A60B7E747F866
:103AC0002010D4E71449104F834047F820C00868FD
:103AD00020EA03030B6033B193FAA3F30B49B3FA63
:103AE00083F30B60C3E709492020086005490B6098
:103AF00086F310881368002BC7D0F8BD0497FE1F0B
:103B00006C96FE1F0097FE1F7096FE1FF096FE1F1C
:103B100000ED00E00C97FE1FF496FE1F144B1B688F
:103B2000EFF3108272B613490020086093B1196B4D
:103B300081B9D3E9071010B40F4C99619842216004
:103B400003D0D96ADB6B994207D082F310885DF805
:103B5000044B704782F310887047084B084C43F8B9
:103B600021002068074953F820300B60EDE700BFC3
:103B70000497FE1FB097FE1F0C97FE1F7096FE1F46
:103B8000F096FE1F0097FE1FEFF3108C72B6026BCB
:103B9000042A07D0826ED0F8AC108CF3108802B1E2
:103BA00010477047034A1368013313608CF3108881
:103BB000FFF7BABE6C96FE1FEFF3108372B6024A8F
:103BC000106883F310887047B497FE1FF8B5044659
:103BD0000F46164600212C221D4609F035F9069B9A
:103BE000A360079B6760C4E903366561EFF3108546
:103BF00072B6134A134B2360136863B90133136021
:103C0000089B1149012BC4E909440C600FD085F3CE
:103C100010880020F8BD0C49013309681360089B27
:103C2000886A8C62012B4462C4E90910EFD104F167
:103C3000080000F0A7F885F310880020F8BD00BF49
:103C40001897FE1F4D4954411C97FE1F2DE9F04F58
:103C500083B0EFF3108A72B6374A1768002F5FD12E
:103C6000364E3368002B5BD00123DFF8D880DFF8B5
:103C7000D8B0DFF8D8901360314B1B6818680090FB
:103C800008B1C0F818D0D8F8000043F8047B2C4ADB
:103C900037608342136004BFDBF8003013608AF39F
:103CA0001088EFF3108A72B6009C002C33D001AD5F
:103CB00012E020382060A56124610194C9F8004019
:103CC0008AF31088EFF3108A72B6019BC9F800706E
:103CD0009C422CD0009CF4B1236901979C4224D0D3
:103CE000606958610361C3F818D0206800932028E8
:103CF000DFD860682060D4E9023210B124610194F9
:103D00002846A061C9F800408AF31088002BD9D05A
:103D100010469847D6E73368002BADD1064A1360AA
:103D20008AF3108803B0BDE8F08F0023DDE7A761B8
:103D3000204600F027F8CDE71097FE1F2097FE1FC2
:103D40002497FE1F2897FE1F2C97FE1F1497FE1F17
:103D500010B4074B074C084A236003F1800013603E
:103D60000649074B5DF8044B086000221A60704753
:103D70003097FE1F2C97FE1F2497FE1F2897FE1FCB
:103D80001097FE1F03685A1E033201D8826902B1E0
:103D900070470F4A0F4912680968202B28BF20235B
:103DA000013B02EB8303994208D91A685AB1516961
:103DB00008615061C0E904218361E9E7064A12689D
:103DC0005B1A1344F1E7C0E904001860F4E700BF90
:103DD0002497FE1F2897FE1F2C97FE1F836963B14F
:103DE000026990420AD0416951610A6119688142B1
:103DF00004BF93611A600023836170471A6882428E
:103E0000F9D100221A60F6E7E8B130B4174C056822
:103E1000A54202D0022030BC7047E1B1AAB1C4690A
:103E2000944212D3CBB9124CEFF3058C256855EAB6
:103E30000C050DD0EFF3058524682C43B4F1F03F59
:103E400006D21320E7E702207047052030BC7047F8
:103E500030BCFEF755B90320DDE7EFF3058C044CC9
:103E6000256855EA0C05DFD00420D4E745545942B3
:103E7000F000FE1F2DE9F041069C08B1342C02D061
:103E80000220BDE8F081884617461E460546EFF33E
:103E9000108172B6204B1A6801321A6081F31088C3
:103EA0001E4A10681E4A146858B1A54209D04FF046
:103EB000000C01E0A54204D00CF1010C8445E46A39
:103EC000F8D1EFF3108172B61A68013A1A6081F3E3
:103ED0001088FFF70BFDA542D2D0C7B1632E14D9CD
:103EE000EFF305810F4A13680B4306D0EFF305810A
:103EF00013680B43B3F1F03F0BD333463A464146C8
:103F00002846BDE8F041FEF799B90520B9E703203E
:103F1000B7E71320B5E700BF6C96FE1F3C96FE1F67
:103F20004096FE1FF000FE1F18B1084A0368934236
:103F300001D002207047EFF30582054B1B68134345
:103F400001D013207047FEF7BBB900BF455459425A
:103F5000F000FE1F80B1EFF30581084A13680B43A0
:103F600006D0EFF3058113680B43B3F1F03F01D3A3
:103F7000FEF768BA1320704703207047F000FE1F59
:103F800008B1242A01D00620704770B50E460546B8
:103F9000EFF3108272B61C490B6801330B6082F399
:103FA00010881A4A1A4B12681C684AB1A04207D0FE
:103FB000002301E0A54203D001339342A469F9D163
:103FC000EFF3108272B60B68013B0B6082F310882E
:103FD000FFF78CFCA54212D0EFF305810D4A136860
:103FE0000B4306D0EFF3058113680B43B3F1F03FA9
:103FF00007D331462846BDE87040FEF7F3BA0620E5
:1040000070BD132070BD00BF6C96FE1F4C96FE1F46
:104010005096FE1FF000FE1F70B4039C18B10E4DA9
:104020000668AE4202D0062070BC70477BB134B146
:10403000EFF3058C094D2D6855EA0C0509D1032ACB
:1040400003D8039470BCFEF7F5BA0820ECE7032010
:10405000EAE70420E8E700BF4E445644F000FE1FA4
:1040600098B110B40A4B04689C4203D006205DF856
:10407000044B704732F0020303D008205DF8044B74
:1040800070475DF8044BFEF743BB0620704700BF46
:104090004E44564408B1342B01D01C207047F8B56B
:1040A0000F4616460546EFF3108172B61E4A136896
:1040B0000133136081F310881C4B1C681C4B18687B
:1040C00048B1A54207D0002301E0A54203D0013347
:1040D0008342246AF9D1EFF3108172B61368013B71
:1040E000136081F31088FFF701FCA54217D0012E61
:1040F00001D91F20F8BDEFF305810E4A13680B4369
:1041000006D0EFF3058113680B43B3F1F03F08D3FA
:10411000324639462846BDE8F840FEF777BC1C20F9
:10412000F8BD1320F8BD00BF6C96FE1F4896FE1F19
:104130004496FE1FF000FE1F18B1084A0368934220
:1041400001D01C207047EFF30582054B1B68134319
:1041500001D013207047FEF789BC00BF4554554D70
:10416000F000FE1F18B1114B02689A4201D01C20CA
:10417000704779B90E4BEFF3058C1A6852EA0C02BE
:1041800006D0EFF305821B681343B3F1F03F0AD367
:10419000FEF7C6BCEFF3058C054B1A6852EA0C0219
:1041A000E9D0042070471320704700BF4554554D97
:1041B000F000FE1F18B10B4B02689A4201D01C2080
:1041C0007047EFF30581084A13680B4306D0EFF3FD
:1041D000058113680B43B3F1F03F01D3FEF7C2BD75
:1041E000132070474554554DF000FE1F2DE9F04750
:1041F000DDF820901E46099B08B1382B02D009201B
:10420000BDE8F087884617460546EFF3108172B681
:10421000234B1A6801321A6081F31088214A106812
:10422000214A146858B1A54209D04FF0000C01E0B2
:10423000A54204D00CF1010C8445246BF8D1EFF3B6
:10424000108172B61A68013A1A6081F31088FFF77C
:104250004DFBA542D3D00EB37B1E0F2B11D8B7EB6D
:10426000990F0ED8EFF30581104A13680B430BD05A
:10427000EFF3058113680B43B3F1F03F04D2132031
:10428000BEE70520BDE8F087CDF8209033463A46DA
:1042900041462846BDE8F047FEF7AEBE0320AFE733
:1042A0006C96FE1F5496FE1F5896FE1FF000FE1FD0
:1042B00018B1084A0368934201D009207047EFF310
:1042C0000582054B1B68134301D013207047FEF78E
:1042D000C9BE00BF55455551F000FE1FB8B110B41E
:1042E0000D4B04689C4203D009205DF8044B7047D5
:1042F00079B132B1EFF3058C084B1B6853EA0C031C
:1043000003D15DF8044BFEF7F9BE0420EDE7092068
:1043100070470320E9E700BF55455551F000FE1FE7
:10432000B8B110B40D4B04689C4203D009205DF86D
:10433000044B704779B132B1EFF3058C084B1B6821
:1043400053EA0C0303D15DF8044BFEF7E3BF0420EE
:10435000EDE7092070470320E9E700BF55455551B7
:10436000F000FE1F08B11C2B01D00C207047F8B5DF
:104370000F4616460546EFF3108172B61C4A1368C5
:104380000133136081F310881A4B1C681A4B1868AC
:1043900048B1A54207D0002301E0A54203D0013374
:1043A00083426469F9D1EFF3108172B61368013B5F
:1043B000136081F31088FFF799FAA54213D0EFF349
:1043C00005810E4A13680B4306D0EFF3058113688D
:1043D0000B43B3F1F03F08D3324639462846BDE8D7
:1043E000F840FFF765B80C20F8BD1320F8BD00BFFA
:1043F0006C96FE1F6096FE1F5C96FE1FF000FE1F6F
:1044000018B1084B02689A4201D00C20704729B1BC
:10441000EFF30582044B1B68134301D1FFF772B819
:1044200004207047414D4553F000FE1F18B1044A67
:104430000368934201D00C207047FFF7A5B800BF76
:10444000414D45532DE9F04F85B09A46119B01939C
:10445000129B0393139B0293DDE90F890E9D149B1E
:1044600008B1B02B03D00E2005B0BDE8F08F8B460D
:1044700017460646EFF3108272B6DFF80CC1DCF87F
:1044800000300133CCF8003082F310883B4B1A68BF
:104490003B4B08F1FF301C682844CAB1A64217D034
:1044A00000230097D4F80CE0AE454FF0000104D88B
:1044B0002769AF4284BF01210025864503F101032E
:1044C00043D82769874240D9009FD4F88840002507
:1044D000EFF3108272B6DCF80030013BCCF800300C
:1044E00082F31088FFF702FAA642BCD0002D38D024
:1044F000002F36D0B8F5806F31D3B9F11F0F36D801
:10450000019B994535D3029B012B2ED8EFF30581F2
:104510001C4A13680B4306D0EFF3058113680B4365
:10452000B3F1F03F27D3029B1393039B1293019B9C
:104530003A46CDE91093594653463046CDE90E58D8
:1045400005B0BDE8F04FFFF749B89342D4F8884072
:1045500003D0A64201D00029A4D0009FB8E70520CF
:1045600082E7032005B0BDE8F08F10207CE70F2024
:104570007AE7182078E7132076E700BFF896FE1F49
:10458000FC96FE1FF000FE1F6C96FE1F2DE9F04307
:10459000DDF82C90DDE90767DDE909E818B1056869
:1045A000074CA54202D00E20BDE8F083CDE90A8970
:1045B000CDE9087E0796BDE8F043FFF7AFB800BF2E
:1045C000445248542DE9F0478CB008AB064600939E
:1045D00004AA07AB03A900F085FB039B726C9A4207
:1045E00006D171685A1C8A42726424BF0022726428
:1045F000B168726901FB03F302EB83093369089A1E
:10460000934200F08D800799F06A0A440244D21A5E
:10461000914200F2E580776A4FF0000809EB8707C6
:1046200023B97DE008F10108434579D9BA4657F826
:10463000045B02956A1C73D0002DF3DA25F0604507
:104640002946304600F06AFF29460AAB09AA3046DF
:1046500000F082FE0A99494515D3B36809EB83033C
:10466000994210D2039B72680133934228BF002302
:10467000736429460AAB09AA304600F06DFE0A9918
:10468000494580F0A280099B002B00F0A580B26A0A
:1046900002EBC81209EB82028023304600F076F963
:1046A0000446002840F08980029B23F08043029357
:1046B00002AA01235146304600F068F9044600285A
:1046C0007BD1099945F0604501230BAA30460B9533
:1046D00000F05CF9044600286FD10B9B099923F088
:1046E00000530B930BAA0123304600F04FF9044608
:1046F000002862D1029B23F00043029302AA514694
:104700000123304600F042F90446002855D1079BAA
:10471000013B079323B1336908F10108434585D86C
:1047200000220692012306AA4946304600F02EF9DF
:104730000446002841D1DDE903123046013200F081
:104740008FF80446002838D1049BB26B9A4249D0B6
:10475000013352BF1A466FF0004213460492326C86
:104760009A4238BF3364D6E906321344591E09EB26
:104770008101012306F12002304600F007F90446CA
:10478000D8B9049A42F000420592012305AA49468D
:10479000304600F0FBF8044678B9012304AA4946E4
:1047A000304600F0F3F8044638B90899F26A736BA2
:1047B0000A445B1AF262736312E02146304601F04C
:1047C00075F820460CB0BDE8F08709F500739942F2
:1047D000BFF459AF002309935C21304601F066F81D
:1047E0000024EEE7F26B013AF263B1E708B5EFF3AC
:1047F000108C72B6174B1A688242D0F8102213D070
:10480000D0F81432C2F81432C3F81022124A1349F5
:104810001368013B136001608CF3108800F5EE70A3
:10482000FFF78AFC002008BD904209D0D0F814128E
:10483000C2F81412C1F81022D0F810221A60E5E76D
:10484000D0F81422824202D0C2F81002F4E700220B
:104850001A60DBE7BC97FE1FB897FE1F44524F4E0D
:10486000F0B5054687686B6901FB07F403EB840E1E
:10487000D5F8703108460EEB87071146ABB103EB54
:10488000430305EB830C00222B46D3F874414CB153
:10489000A64504F5007605D8B74284BFC3F8742155
:1048A000C3F87C210C339C45EFD1D5F89C30BDE892
:1048B000F0401847012B2DE9F04705460F461646F4
:1048C00047D1D0F87001002843D00024F0B12A4627
:1048D0004FF0000CD2F8741104EB440305EB830392
:1048E00029B18F4201F5007E01D377453AD3A44523
:1048F00006D0D2F87C11D3F87C31994238BF644697
:104900000CF1010C844502F10C02E3D16B6904EB5C
:104910004409FA1A6FF3080205EB890903EB020850
:10492000D9F87811D5F8943080224046984758BB82
:10493000D5F8D831C9F87C010133C9F87481C5F8BC
:10494000D831D5F8D431D5F87001013BC5F8D43150
:10495000BCE7D5F894401A46314638462346BDE8B0
:10496000F04718470CEB4C0C05EB8C0CDCE95E2394
:10497000791A0133CCF87C3153583360D5F8D431EF
:1049800001330020C5F8D431BDE8F087012B70B5A4
:1049900005460846114606D0D5F898401A462346E3
:1049A000BDE870401847D5F87021002AF4D0AE4613
:1049B0004FF0000C03E00CF1010C6245ECD0DEF886
:1049C00074410EF10C0E002CF5D0844204F50076F3
:1049D000F1D8B042EFD20CEB4C0C05EB8C0C041B65
:1049E000DCF878210E681651D6E700BF024A034B67
:1049F0000020106018607047BC97FE1FB897FE1F1C
:104A00002DE9F04F8BB0D0F830B004929A46149A4A
:104A10000023CAF800301360BBF1000F00F0818062
:104A2000D0F8AC5007468946002D40F099807E684A
:104A3000D7E9124306F1FF38002E72D030460595B3
:104A400056460AE0013408F1FF38A04298BF00241E
:104A5000B8F1FF3F4FF0000363D0BA68796904FBF7
:104A600002F201EB82014D686A1C52D08A680792FB
:104A7000B2F1FF3F4ED0A945E4D34A45E2D33D69A8
:104A8000681E35B30022CDE90124D7F824C0CDF843
:104A90000C809A460CEB030201EB820E51F82220A7
:104AA000541C0CD002F02048B8F1004F28D001333C
:104AB000AB4228BF0023421E20B11046EAE7BAF1FC
:104AC000000F16D1019BDDE902486BB9079B01334A
:104AD0000AD0002307930831012307AA3846FFF7BD
:104AE00055FF002840F0A380BBF1000F19D0786873
:104AF000A8E70AF1FF324FF0000A53461046C9E713
:104B000022F06048C8450BF1FF3B0FD00122019213
:104B1000CDE707953D69681E002DB3D1BBF1000FAD
:104B2000E5D1032630460BB0BDE8F08F049C002C85
:104B300000F083805200E9D50A46B96A029CC6F8A3
:104B400000E001EBC31102EB81021499AC460A604C
:104B500001336345C7E9124342D30023FB643FE0BE
:104B600001F00303DA0002EB830200EB820203EBA5
:104B7000430300EB031303F1B005D2F8B03041F06A
:104B800000418B4202F1B0042CD0EB68994235D041
:104B9000AB69994206D06B6A99427DD0C36D0133EF
:104BA000C36544E7836D149A01338365EB69CAF8E2
:104BB00000302B6A136094E8070007AE05F1180770
:104BC00086E8070097E8070084E8070005F10C0372
:104BD00093E8070087E8070096E8070083E80700E6
:104BE00000269FE7836D01338365D2F8B430CAF89D
:104BF0000030D2F8B830149A1360F1E7836D149A3C
:104C0000013383652B69CAF800306B69136094E83F
:104C1000070007AE05F10C0386E8070093E80700DC
:104C200084E8070096E8070083E80700D8E706460F
:104C30000146384600F03AFE74E70A46B96AC6F8FB
:104C400000E001EBC31102EB8101149A029C116098
:104C5000D7F8AC20AC46B246059D002A3FF478AFA9
:104C600005F1180898E8070049F0004605F1240905
:104C700089E8070005F10C0E9EE8070088E80700A8
:104C800095E807008EE80700DAF800206A60149AB9
:104C90002E601268AA605BE7836D149A0133836506
:104CA000AB6ACAF80030EB6A136094E8070007AEFD
:104CB00005F1240C86E807009CE8070084E807005B
:104CC00005F1180797E807008CE8070005F10C03C9
:104CD00093E8070087E8070096E8070083E80700E5
:104CE0007EE700BF2DE9F04F8A469B460169C36A03
:104CF0008B4228BF836B91B02CBF04334FF0FF333E
:104D0000039343680293914642690C920546002B37
:104D100000F0F280DDF830C0CDF83CB0DCF80020C7
:104D20004FF0FF340026A242CDE90A66CDE90866BD
:104D3000CDE90666CDE90DA90196B0460596049623
:104D40003046009632D037BF0123274617460193DD
:104D5000009B934238BF13460093DCF804305E1C7E
:104D600042D0DCF80860B3423ED90023AE6B9642D5
:104D700021D08B46C3455AD9039E964204D3CDE930
:104D80000AE3CDE90820D846A24203D2CDE905BE08
:104D900007930490AB680CEB830C029B01309842A4
:104DA00055D0DCF800203C46A242CCD1019B013317
:104DB00001932746CCE7EE6B002EDAD0DDE90DA992
:104DC000009EDDF83CB0CAF80000C9F800201A9A2D
:104DD0001160CBF800E06A6882423ED0002B52D0CE
:104DE000002011B0BDE8F08F6B6A9B0000296BD0EA
:104DF0004FF0000B043B009E0CEB030ADE46D94645
:104E000009E0002B09F10109ACBF0BF1010B0EF118
:104E1000010E494504D05AF8043FB3F1FF3FF0D1E9
:104E2000594500964FF00103A0D0C345A4D8B8F16E
:104E3000000FA9D0C345A7D1039E9642A4D3089ED4
:104E4000B242A1D2CDE90AE3CDE908209CE7DDE931
:104E50000DA9009EDDF83CB03C46B8F1000F3AD0F9
:104E6000099BCAF80030089BC9F800301A9BC3F8A8
:104E700000800A9BCBF80030019BAF63C5E90F3679
:104E80000B9B002BACD1DAF80020A9686B6A28696B
:104E900001FB02339B0000283DD00C99043B002409
:104EA0001944234604E0002AB8BF0134984205D0D3
:104EB00051F8042F551C03F10103F4D10020CBF865
:104EC000004011B0BDE8F08FAB6B93420CD08E4622
:104ED0008B46012358E7049BCDE90843DDE90583B0
:104EE0000A93079B0B93BBE7D5F83CB0BBF1000FCF
:104EF00013D18E46012347E71A99CAF800301A46A3
:104F00004FF0FF33C9F800300A60CBF80020C0E949
:104F10000E320264B7E70446D0E7DDE90DA9009E32
:104F2000DDF83CB08E4601234DE700BF2DE9F04F80
:104F3000002104468DB015464FF4067207F084FF39
:104F40002046A847A2680323D109A36101F11E03EB
:104F50004FEA531B4F1E0BF1030007EB0B0360627C
:104F6000D81C8028C4F81CB040F20B810233DB0946
:104F70000133CF1ADB01D4F804C0A36217F01F017C
:104F800007FB0CF3E3601DBF01238B4003F1FF33EC
:104F90004FF0FF33002066692761069323620A9071
:104FA000BCF1000F00F0B9814FEA820E3546814610
:104FB0004FF0FF380BE03CBF98464FF001090A99CB
:104FC000994238BF0A9301308445754408D02B6854
:104FD0000793002BF7DD4345EDD109F10109EEE719
:104FE000B8F1FF3F00F00381CDF80C90C4F844C045
:104FF0000025B946CDF8108033680793002B7BDC81
:10500000636F002B40F09181012363672846D4F839
:10501000A030984768B1A36F002B40F08681012330
:105020000A9AA36729462046FFF71AFC002840F099
:105030000881A369013B03EB0B0106EB810101230E
:1050400006AA2046FFF7A2FC002840F0FA800A9B3F
:1050500043F000430B930BAA012331462046FFF790
:1050600095FC002840F0ED8001230AAA3146204635
:10507000FFF78CFC002840F0E480E36AD4E901C229
:105080004B44E3620135AC4506EB8206B4D8DDE95A
:105090000398636C0A9A22649C45C4E90E8904BF94
:1050A00000236364A8493423002204F5EE70FEF760
:1050B000F1FF002840F03E810123C4E91200C4F84A
:1050C000AC30EFF3108672B6A049A14B23600B6899
:1050D000002B00F025819F4A1268D2F81452C2F8C2
:1050E0001442C5F81042C4E9842501330B6086F3ED
:1050F00010880DB0BDE8F08FBBF1000F00F0DD802F
:10510000A36903EB0B08002006EB830E06EB88086F
:105110005EF8043B202113F0010F4FEA530305D042
:10512000676CBC4500F1010008BF65640139F2D12C
:10513000C6450793ECD1A9EB0007E36A0344E36299
:10514000B9F1000F9ED04FF000086FF0604A636A1B
:10515000434406EB830256F8233007939FB123F0B4
:105160006041514572D0002BC0F2AA80636B0133BD
:105170006363013F08F10108C145E8D1D4E901C2E8
:1051800080E78023F7E6013315D0D4F88C30013363
:10519000C4F88C305A21204600F088FB636A0797D8
:1051A000434406EB830107AA01232046FFF7EEFBE9
:1051B0000146002846D1A36A03EBC81106EB810122
:1051C0000B1F01F5FE7101E09942D3D053F8042F73
:1051D0000132F9D0D4F8903001335B21C4F890301B
:1051E000204600F063FB01200DB0BDE8F08F0125E3
:1051F00025670BF1FF3B03214FF0000814E0204628
:105200000795FFF7C3FB08F10108D0B9E36A6268AC
:1052100025643B44E362A3684245C4E90E5206EBB1
:1052200083067FF63FAFA1695944012306AA06EB26
:1052300081012046FFF7AAFB012307AA3146002877
:10524000DDD00146204600F031FBCCE7591C1FD0D1
:10525000002B8BDA9B0003D4236B0133236388E795
:10526000636B01336363D4F888300133C4F888304A
:10527000636A434406EB83010023079307AA0123D3
:105280002046FFF783FB014600283FF472AFD9E7C1
:10529000D4F88430002B52D11146079307AA01237A
:1052A0002046FFF773FB01460028CBD1D4F88430A9
:1052B0000133C4F88430079BCAE74F4658463CE7A1
:1052C0005800C7D4E36F09AA0133E367E36800928B
:1052D000226B05922363012208AB2046FFF790FB67
:1052E000089B059A2263002BE5D0636A434406EBD2
:1052F0008301079B23F00043079307AA012320465D
:10530000FFF744FB014600289CD1D4F88030B3B9A4
:105310000123C4F88030079B9AE701232367C1E685
:105320000C4AC4E984441460DFE65B21204600F0A7
:10533000BDFA58E75D21204600F0B8FA53E75A213C
:10534000204600F0B3FA4EE7E4E40000B897FE1FF1
:105350004F524F4EBC97FE1F2DE9F04F064689B0C5
:10536000006E029393461A46013000233066CBF854
:1053700000301360F26A0391002A00F0B480D6F87E
:1053800004E0D6F84480BEF1000F00F0AC809C46EB
:10539000D6F814A0B368F1690193019B08FB03F7E9
:1053A0000AEB8707002900F09380B269002507EB1C
:1053B000820203E001358D4200F08A80914652F866
:1053C000043B0593002BF5D00020044607E05B0862
:1053D00004F101044FF0010075D0202C73D013F0BC
:1053E000010FF4D000B10593D9F80020012303FA8E
:1053F00004F022EA000249460592304605AAFFF76A
:10540000C5FA8146002877D1059A736A5FEA520A85
:1054100043D1F269013AAA423FD1039AD6F810C0AB
:10542000CDE906229B00BCF1000F1BD0043B3B449E
:1054300052466FF0604E01E0624513D053F8040FFE
:10544000002802F1010220F06041F5DA069881425D
:1054500038BF06917145EFD00798884238BF079151
:105460006245EBD1736808F10108434588BFC24625
:1054700006AA0123391D3046FFF788FA8046002826
:1054800042D1012307AA07F108013046FFF77EFA4F
:105490008046002838D1736AD04603EB4513B26AC0
:1054A000C6F84480234407EB830304EB4515CBF88F
:1054B000003002EBC512029B07EB820748461F60D3
:1054C00009B0BDE8F08F01358D4205937FF476AFCA
:1054D00008F101080CF1010CF04528BF4FF000085D
:1054E000F4457FF45AAF736E4FF00209013348461A
:1054F000736609B0BDE8F08F0146304600F0D6F97A
:10550000484609B0BDE8F08F3046414600F0CEF97C
:10551000C146484609B0BDE8F08F00BFD0F8AC30B6
:105520001BB301F00303DA0003EB430C02EB83032C
:1055300000EB0C1C00EB830041F00041D0F8B030D0
:105540008B4230B50CF1B00C10D0DCF80C30994225
:1055500030D0DCF81830994220D0DCF82430994261
:1055600004BF0023CCF8243030BD70470CF10C0E82
:1055700000F1B0039EE8070083E807000CF1180370
:1055800093E807008EE807000CF1240494E8070074
:10559000002583E80700CCF8245030BD0CF124032B
:1055A00093E807000CF1180383E807000023CCF808
:1055B000243030BD0CF1180393E807000CF10C0403
:1055C00084E807000CF1240207CA83E807000023DF
:1055D000CCF8243030BD00BF2DE9F041044600F581
:1055E000EE7686B00D4630464FF0FF319046FEF71E
:1055F000B9FD636D05AF01336365002203AB00970E
:1056000029462046FFF7FCF9039BA3B105998023A7
:1056100042462046FFF74EF908B9002404E001464F
:10562000204600F043F901243046FEF7C3FD204632
:1056300006B0BDE8F0813B4603AA29462046FFF7A5
:105640008BFE039BC3B1E36A0599013BE3624246CB
:1056500080232046FFF72EF980B945F04045039995
:105660000495012304AA2046FFF790F958B9236B4B
:10567000013323630024D7E70324D5E701462046FE
:1056800000F014F9E9E70146204600F00FF9304632
:10569000FEF790FD0124CAE7F0B5044600F5EE7769
:1056A00087B00D4638464FF0FF31FEF75BFD636D66
:1056B0000133636505AB00932946002203AB204606
:1056C000FFF79EF9039991B30B6823F040430493CD
:1056D00004AA01232046FFF759F90646E0B9636B97
:1056E00001336363236B013B294623632046FFF7A5
:1056F00015FF354605E0FEF765FF63680135AB42EF
:1057000004D9E26A23699A422046F4D93846FEF762
:1057100051FD304607B0F0BD0146204600F0C6F806
:105720003846FEF747FD0126304607B0F0BD032698
:10573000ECE700BF2DE9F04300F5EE7789B00446B1
:105740000E4638464FF0FF3190460025FEF70AFD21
:1057500005E0FEF737FF63680135AB4204D92369E2
:10576000E26A9A422046F4D9236D0133236503ABE4
:105770000093002202AB31462046FFF741F906AB09
:1057800005AA31462046FFF7E7FD059B002B5BD0BD
:10579000E36A0699013BE362424680232046FFF715
:1057A000F5F8002847D1029951B10B6823F08043E6
:1057B000049304AA01232046FFF7E8F800283AD111
:1057C00046F0604307930599012307AA2046FFF797
:1057D000DDF800282FD1079B059923F0005307938C
:1057E00007AA01232046FFF7D1F80546002855D126
:1057F000236B02990133236399B1049B23F0004387
:10580000049304AA01232046FFF7C0F898B9636BFC
:1058100001336363236B013B236331462046FFF76B
:105820007DFED4F8AC308BB93846FEF7C3FC284671
:1058300009B0BDE8F0830146204600F037F838464D
:10584000FEF7B8FC0125F2E70225EDE706F00303B9
:1058500003EB430C04EB0C1C0CF1C80EDA0002EB5A
:1058600083039EE807000CF1D40888E807000CF1D8
:10587000BC0C9CE807008EE8070004EB830404F1ED
:10588000B00999E80700069B8CE80700059A46F0E6
:105890000046C4E92D23C4F8B060C5E701462046A0
:1058A00000F004F83846FEF785FCCBE7826E10B4B2
:1058B000D0F8A4400132C0E91A2124B12346084699
:1058C0005DF8044B18475DF8044B70472DE9F04F25
:1058D0009846D0F86831146891B001334FF0000E4B
:1058E000C0F868310546836A06920594CDF83CE01D
:1058F00066018A46A1B3D0F854C00CFB03F75FB32E
:10590000B6FBF7F9DAF8504007FB1967B7FBF3F37A
:1059100007931CB1DAF854604E4535D9DAF83440B3
:105920000026B14546D9012C12D905F5005B214668
:1059300008E003F04DFC013678B9B1450F9936D037
:10594000012905D9DBF8A8348B420FAA2846F0D8E4
:10595000082011B0BDE8F08F022011B0BDE8F08F33
:10596000426E002A00F0FC80D0F854C00CFB03F714
:10597000002FF1D0B6FBF7F96C6F07FB196756469D
:10598000B7FBF3F30793CCE7DAE91023DAF8580012
:10599000DAF85C10994208BF9042BFD1DAF8600093
:1059A000DAF848309842B9D1CAF850E0B9E7D5F8EA
:1059B00054C00C462B6D079A1344A21E0CFB0232F6
:1059C000AB680093032001234FF0000BCDE90130B9
:1059D0005B462846089204F0DBFA0028BDD1AB6A8A
:1059E000089AB7FBF3F003FB1070AB68C8F84800E7
:1059F000C8E9102B00211F18C8F8181088F80410E7
:105A000097F80BC0D8F80060BCF10F0F00F0D980F8
:105A10000023C8F8143001230D934FF0000E781EB8
:105A200086F800E08446724671464FF02E0B13E074
:105A3000202B19D0082900F08E80BEF1010F06D16D
:105A400006F802B09CF8003001324FF0020EB35459
:105A5000013201310B290DD01CF8013F53B12E2B1F
:105A6000E6D14FF0020EF2E7BEF1010F38BF4FF062
:105A7000010EEEE7D8F8143096F900101BB111F1C1
:105A80001B0F00F08A80002900F08C800023B354A3
:105A9000FB7A88F81C300D9A3B7B88F81D3012B1D8
:105AA0001B0700F12D817B7B88F81E3007F10E006B
:105AB00003F084FBC8F8200007F1100003F07EFB20
:105AC000C8F8240007F1120003F078FBC8F828009A
:105AD000686E002840F00E81C8F8340007F1160007
:105AE00003F06CFBC8F82C0007F1180003F066FB0C
:105AF000C8F8300007F11A0003F060FBD8F8343022
:105B000002461344C8F8343007F11C0003F05CFB74
:105B10000023C8E91433C8F83C30C8F860300022CC
:105B20000023C8E91623069B0599C8F83800C8F871
:105B30004C101960BAF1000F0BD0DAE91001CAE974
:105B40001601DAF84830CAF85040CAF85490CAF83A
:105B50006030002001E7BEF1000F3FF471AF6CE749
:105B6000826CB6FBF3F31A4483680093032101238C
:105B7000CDE9013153460792D34604F009FA0028D3
:105B80007FF4EBAE079AAB6CA96ACDF81CA0D31AD0
:105B900001FB1360D146544627E7D8F8003019704E
:105BA000002333703B78202B7FF470AF731E07F116
:105BB0000A0110F8012F03F8012F8142F9D10B22BD
:105BC00064E713F800C0BCF1E50F3FF421AF0CF01F
:105BD0001F0E0EEB4E0C0EEB8C0C7346CDF824E032
:105BE000ACF10D0EBEF1FE0F40F2E480C8F81830A3
:105BF000012308960D93CDE90B49CDF828A00D9E01
:105C00000799DDF81490924626E0AB6A203098425E
:105C10001BD30A9B002B00F086806B6D013B8B42EF
:105C200040F28E800AF1010A013101230322CDE9FD
:105C30000132AB680093524600232846059104F0D8
:105C4000A7F9059900287FF488AEAF6809F101092A
:105C50000744002C00F09D803C7804F01F04013CB8
:105C6000002ED2D104EB440B04EB8B0B3246012304
:105C70008E460790F91891F801C0BCF1000F09D0C9
:105C8000BCF1FF0F2BD00998C8F81800D8F8000015
:105C900008900126097801F1FF3C5FFA8CFCBCF109
:105CA000FD0F0BD80BEB020CD8F800000590BCF1EF
:105CB000FE0F63D8059800F80C10013202331F2B39
:105CC00015D80B2B2DD01A2B08BF1C23F91891F8CF
:105CD00001C0BCF1000FDDD0BCF1FF0FD3D191F8B2
:105CE00000C0BCF1FF0FCED102331F2BE9D90798BA
:105CF00071468AE707F1140003F060FA0004EBE64E
:105D0000731E0B3613F9011FCAB2A2F1410000291C
:105D10003FF4C9AE19289CBF20321A70B342F1D1AA
:105D2000C1E60E23A6E76B6E002B7FF476AFD5E9B4
:105D300012320AF1010A134453453FF676AF07E6E3
:105D40000B990FAA284603F043FA014600287FF476
:105D500004AE0F9A0B92012A7FF6FAAD05F50053B7
:105D6000D3F8A83493427FF6F3AD0C9B01330C9328
:105D7000D5E91430023A00FB023A56E7099B07982E
:105D8000C8F818307146DDF814E0CDF820E001269F
:105D90003BE70123C8F8143033460D96CDF8149034
:105DA0000B9CDDF83090DDF828A0089E002B3FF416
:105DB00034AE2DE608F1040308930CF1010C734690
:105DC00004E0B3F5807F05D0D8F80060F1540133CA
:105DD0009C45F6D800230D930DE700BF2DE9F04F49
:105DE000D0F86C310A680133C0F86C3192F9003098
:105DF0001B3395B006460C4600F0038200230A933D
:105E0000256C326DD4F84880636CAA42A94600F232
:105E1000E880706DAA1AB2FBF0F100FB1122079224
:105E20008A1C0892B26800924FF0010B0327CDE95B
:105E300001B72A46304604F0ABF80346002840F08C
:105E4000CC80B26805921146A26C099501EB020A5A
:105E50006169002900F0C98020680B9090F90070FA
:105E6000002F00F078839B469E4619461D463A4611
:105E70000CE0202A07D0072D05D805F1500CEC4482
:105E800001350CF80C2C10F9012F6AB12E2A8C4622
:105E900001F10101EDD110F9012FBCF1000F1CBF80
:105EA0008B46AE46002AF1D1884ACDF838E0A2FBF5
:105EB0000102900800EB400200EB82028A1A0A2DD0
:105EC000CDE90C0200F24D830F9311AB5819C5F1C7
:105ED0000B022021069306F0B7FF0F9BBBF1000FCA
:105EE00025D00B9810F90B209AB18DF84C200BF1AE
:105EF00001028156002900F04A830BF102028DF85D
:105F00004D108156002900F042838DF84E100BF1A0
:105F1000030B0E9A072A09D806980F9313461844C4
:105F2000C2F10802202106F08FFF0F9B0E9D0D9AF3
:105F3000002A40F05D8200210A4602F150006844C8
:105F4000DDF82CC010F90C0C202813D0082A00F022
:105F5000D581B84214D101320B2A01F1010100F0C0
:105F60000C8302F1500068441CF9017010F90C0C0C
:105F70002028EBD1002F00F000832E2F00F0B681F7
:105F80000022BBF1000F03D09DF94C00202804D063
:105F90000B984156002900F03D81032D28BF0325B1
:105FA00005F150010698E26C694428447E25C2F34D
:105FB0000317C2F3032CC2F3033E02F00F0B01F8E8
:105FC0000C5C0022042A00F28F81DFE812F08B01C2
:105FD00089017F018D0126010346184615B0BDE8F1
:105FE000F08F0022CDE907221CE7A369002B4BD0DC
:105FF0009AF8002043F04003DBB29A4244D10D46A8
:1060000040460691DDF81C800599524604E0203296
:10601000A3690135AB4232D9236893F9003013F1FB
:106020001B0F08BF1370B36A20308342CA46EED8F4
:10603000CDE901B700914A460023304604F038F913
:106040000028C9D1336D4B4500F22D82736D013BA1
:10605000434540F2668209F1010908F10108CDE9E2
:1060600001B7B36800934A4600233046CA4603F09E
:106070008FFF002840F06C82B2681146C8E7059196
:106080000699CDF824A092464FF02033CAF8043088
:10609000CAF80030CAF80730226892F900502E2D55
:1060A00040F066822F460AF1FF30034600F8017F78
:1060B00002332268A3EB0A03D5562E2DF5D0002D0E
:1060C00000F09A810AF1FF3503E000BF4FECC44EA7
:1060D00022685056C3B22E28A3F1610700F0538204
:1060E000013120B3192F9CBF203BDBB2082905F8F2
:1060F000013FEDD122680B4692F90810B9B1591C45
:106100000AF1070550560333C2B280B1A2F1610013
:106110001928A2F1200798BFFAB28B4205F8012F87
:1061200005D0226801315056C2B20028EED10AF1E2
:106130000B05237F2B70637F6B70A37FAB70216A8D
:10614000E81C03F03DF8616A681D03F039F8A16AA4
:10615000E81D03F035F8716E05F10900002900F023
:106160009F81E18E03F02CF8E16A05F10B0003F04A
:1061700027F8216B05F10D0003F022F8616B05F1A2
:106180000F0003F01DF8A16B05F1110003F01EF8DC
:1061900001230322CDE90132059B0093099A0023D4
:1061A000304604F085F8034600287FF416AF96F9D0
:1061B000E023002A3FF411AFD4E91051D6E9AC0234
:1061C000914208BF85427FF408AFA16CD6F8B8228F
:1061D00091427FF402AFD4E90E89D4E90B01626BDE
:1061E000C6E9AA89A58BA6F88C52C6E9A701C6F80C
:1061F000A422A27F86F88E22D4E90821C6E9A42130
:10620000EBE691F904301B334FF0000300F05181AD
:106210000A93F5E5002A3FF4C0AE9DF944201B32F5
:1062200000F04B81069A0DF14F05964612F9011BBD
:10623000C8B2A0F16107192F9CBF203841B2954226
:1062400002F8011CF2D194F90420002A5ED00698CD
:106250004FF020311191271D4160C0F807100DF15A
:106260004300002101E017F9012F2E2A08D0013147
:106270009AB1082900F8012FF5D194F90C2062B1E8
:106280000A1DE71D22440F440DF14B0012F9011FB6
:1062900019B1BA4200F8011FF8D1069A12F9011B90
:1062A000C8B2A0F16107192F9CBF203841B29542B6
:1062B00002F8011CF2D19DF9447017F11B0F27D190
:1062C0008F228DF844206FF0700721E03D46E9B23F
:1062D000092D8CBF3731303100F8011F013271E6D2
:1062E0006546F4E77546F2E75D46F0E79DF94C0038
:1062F000013120281CF901703FF43CAE2E2F7DD0D7
:10630000B8427FF43DAE013109222AE69DF944707E
:10631000069A4FF0000B12F9010B4FEACB1141EA3C
:106320005B0150FA81F195425FFA81FBF3D10C9940
:1063300041F040028AF8002000294CD04D1E524600
:106340000599CDF824E0AA46069740460A931546DB
:10635000069B85F80DB013F11B0F08BF2B700F23A0
:10636000A5F80B3000239C460AEB4A0E6B830AEB20
:106370008E0E0123059167460B2B45D01A2B08BFC3
:106380001C235A1C05EB030C2A44002F3AD1216828
:1063900011F80E808CF800801770226812F90E2018
:1063A0000233002A08BFFF271F2B0EF1010EE3D98D
:1063B000B36A059920308342C84627D9203585F82D
:1063C00000A0BAF1010AC3D20A9BDDF824E00591CE
:1063D000AA46CDF8248094F90420002A75D10AF148
:1063E0000B051EF9013B0AF8013B5545F9D1A0E622
:1063F0000C9A01320C929EE5D1567FE601311CF9D0
:1064000001707DE7B846C5E70E23BAE70123009186
:106410000321CDE901314A460023304603F048FF0D
:1064200000287FF4D9AD336D4B4519D8736D079AA9
:10643000013B93421AD9013209F101090792032362
:106440000293B3680093012301934A460023304628
:10645000C84603F09DFD00287AD1B5682946AEE70D
:1064600009F101094B45EAD80823B6E5089910AAB5
:10647000304602F0ADFE0790002840F08680109B69
:106480000893012BF0D906F50053089AD3F8A834E5
:106490009342E9D9D6E91431023A01FB0239CEE739
:1064A00002F08EFE60E609F101094B453FF6D7ADDB
:1064B000DAE70B7101230A93A2E40A9A002A7FF417
:1064C000B1AE8F228DF84420ACE64FF02032CAF8EE
:1064D0000420CAF80020CAF80720E01C0AF1FF31A6
:1064E00010F9012F2E2A0CD00133002A3FF41FAEE1
:1064F000082B01F8012FF3D194F90C20002A3FF466
:1065000016AE043323440AF107020AF10A0013F914
:10651000011F00293FF40BAE02F8011F9042F6D193
:1065200005E6089910AA304602F052FE804680B96E
:10653000109A0892012A97D906F50053D3F8A83487
:10654000934291D9D6E91431023A01FB023986E52A
:106550008046434641E5CDE90C77BB460E973D4664
:10656000B2E411AA0692BBF1000F3FF4E0ACB8E42C
:106570000023002D3FF440AFA4E50122BBF1000F42
:106580003FF406AD00E50B46B9E5079B25E59346CC
:10659000BFE400BF2DE9F04FD0F874318246904639
:1065A00001331268CAF874310020C8F8140092F957
:1065B000003093B02E2B099100F07981002B00F070
:1065C000888100252946012410E02F2B0ADC202B8E
:1065D00006D02E2B00F0A08013F11B0F40F0A580F9
:1065E000C8F8144012F9013F0131D3B1392BECDD69
:1065F0005A2B3BDC402BF5DC233B0120DBB200FABD
:1066000003F3B6480342EDD1B5481840002800F026
:1066100095800123C8F8143012F9013F0131002B95
:10662000E4D1002D00F08E804B1B042B00F245813D
:106630000C2900F28A80D8F81430002B40F08580B5
:10664000082D40F246810123099AC8F814304024ED
:106650000223CDE90734136893F90030002B40F092
:106660008A80DAF8782006921A4689E0A3F1610060
:10667000C0B21928B4D95B3BD8B223285ED8232BEB
:106680005CD801A050F823F0136600003D670000BD
:1066900013660000E5650000E5650000E5650000A3
:1066A0003D6700003D6700003D6700003D6700005A
:1066B0003D6700003D6700003D6700003D6700004A
:1066C0003D6700003D6700003D6700003D6700003A
:1066D0003D6700003D6700003D6700003D6700002A
:1066E0003D6700003D6700003D6700003D6700001A
:1066F0003D6700003D6700003D6700003D6700000A
:106700003D6700003D670000E56500003D67000053
:10671000E5650000E5650000002D7FF47AAF11B952
:106720000123C8F814300D465CE7002BFFF65AAF82
:10673000222B3FF761AF212B3FF454AF0C2013B055
:10674000BDE8F08F0C2940F2BC80664BA3FB01230F
:106750009B0803EB430203EB820291420CBF01331F
:10676000023307935B010893099A136893F9003089
:10677000002B3FF476AF00231365936B069302233F
:10678000DDF818B0CDF814B04FF000091193CDF832
:1067900028909346434611AA59465046FFF796F86B
:1067A00007460028CBD1D8F8001091F9002012F14B
:1067B0001B0F38D0002A3FD1079B012B0CD0E522BC
:1067C000C8F814000A70D8F80020414650705046AE
:1067D000FFF704FB0028B2D11199DDE905308342AF
:1067E00001F101022DD0069BD11A079B994280F03E
:1067F000C780059B11929A42CCD3DAF82810DAF8B8
:106800005400089B4A1E1A44B2FBF1F2411E0A448E
:10681000B2FBF0F6BBF1000F1BD0DAF87C10B142EE
:106820001FD20A208BE798F904201199002AD4D0AE
:10683000059B06934A1CDCE7119A059B06930132DF
:10684000D7E7D8F840300691D8F848900A9301214C
:10685000CBE7DAF864100029E3D0DAF87C10B14213
:10686000DFD39042DAF84050DAF8804000F2D78067
:10687000CDE90E680023CDF834B00C96CB460B93CF
:10688000B946002DCDD010AA2146504602F0A0FCFA
:1068900000287FF454AFDAF84030109A013D0233FB
:1068A000611C0AB38B428CBF0C460224E9E792F9C3
:1068B00001102E297FF485AE40E70123C8F814307B
:1068C00043E7D8F81430002B7FF43FAF08293FF698
:1068D000BAAE01232020CDE9073045E77F04002030
:1068E000000300054FECC44EDAE914268B4298BF32
:1068F0000221CAF88010A11E06FB0128DAF8082040
:10690000009203210122CDE901210346424650466F
:1069100003F03EFB00287FF412AFDAF82820DAF803
:10692000087032B13B4601460430824243F8041BF2
:10693000FAD8032300970127CDE9017342460023CB
:10694000504603F0B5FC00287FF4F9AE012E33D891
:106950000B9BB9F1000F08BFA1464BB90C9ADAF8AE
:106960008030013A0C9200F0BA800B941C4688E704
:106970000B992246504602F07FFD0028EED0DEE65D
:106980000A9BC8F848900020C8E91030A8F81D00FC
:10699000EFF3108272B65E4B1B68C8F820305D4B77
:1069A0001B68C8E9093382F31088079B013B18BFB5
:1069B0000123C8F81430C2E6013ECDE90060034669
:1069C000029708F10102504603F056F910B1B6E6FD
:1069D000013EBDD09023CAF88C300323CAF8B830EA
:1069E000DAF8B031CAF888700133CAF8B031DAF891
:1069F0000830CAF8903008EB0603CAF894305046C5
:106A0000DAF8BC30CAF89870CAF8B0709847DAF86B
:106A10008C000023CAF8B0300028D9D08FE60023BC
:106A20000B930AF500553946D5F8AC24504602F0D0
:106A300023FD00287FF483AEBBF1000F58D0DBF8B4
:106A40003470002412E03946504602F0C1FB013494
:106A500000287FF474AE012F3FD9109BBB4238460B
:106A60003BD01F46DAF84030A34236D3D5F8A834DD
:106A7000BB4210AAE7D8DAF87C30DAF828209B1B52
:106A8000CAF87C30DAF8543002FB03F3059A06FBAF
:106A900003F302EB53130593D8F8003093F9003059
:106AA0001B3328D0059B06930999059B8B63DAF865
:106AB00064300022CA6313B1BBF1000F24D0014639
:106AC0000B9A504602F0D8FC00287FF438AE119B98
:106AD000059A9342FFF45EAEA3E603202FE64F46ED
:106AE0000B97D946DDF83C80DDE90DB6274698E7DF
:106AF000DAF87470A5E7DDE9051298F90430002B87
:106B000018BF0A460692CFE7059BCAF87830D6E749
:106B10000098FE1F0498FE1F00230B7090F90030B0
:106B20005C2B01D02F2B07D190F90130202B00F1E5
:106B3000010003D110F9013F202BFBD06BB301F111
:106B4000FF3C002209E02F2B09D0FF2A0CD00CF8C3
:106B5000013F10F9013F013233B15C2BF3D1002327
:106B60008B541AB90B4603E000238B54013A8B185F
:106B700093F900C0BCF1200F0BD1013A11444FF042
:106B8000000C83F800C00B46013993F90020202A3D
:106B9000F7D090F9003003B170470020704700BF74
:106BA0002DE9F04F1446D0F87021A7B001328A4683
:106BB000C0F8702100F69C010022834609920391DF
:106BC00005930BB119680A709AF900509BF9E063BC
:106BD0005C2D37D02F2D35D0C34A1268D2F8907073
:106BE000002F00F024823A6892F90020002A00F079
:106BF000E2810AAB18467022394606F035F907F1F2
:106C0000700E0346002E00F010820EF1FF360BF2DC
:106C1000DF3C002109E05C2A08BF2F22824240F0BD
:106C200004820131FF2900F07B8216F9012F002A2E
:106C300000F01B821CF9010F5C28ECD15C2AF0D01B
:106C40002F20EBE7002E40F049814FF0000E7746F1
:106C50004FF00003CDE906EA8BF8E0333B46984657
:106C60005746309B03B11F6038460399FFF754FF26
:106C70000746B8F1000F40F0BC80DBF87890C246C0
:106C800000230497CDF8009008934746D1460AE0C8
:106C900094F9041009BB009A93424FF0000373EB80
:106CA000090380F0FA80234608AA39465846FEF7C1
:106CB0000DFE089B01330893002840F0718126687F
:106CC00096F90020002A00F0E88094F81CE01EF0FD
:106CD000080FE0D112F11B0FDAD0DDF80C80CDE9FE
:106CE00001364546B24603E01AF9012F002A73D057
:106CF00018F9013BD6B2A6F161011929D9B2A1F167
:106D0000610C9CBF203E72B2BCF1190F9CBF2039B0
:106D10004BB29A42E8D0DDE9013694F90420002A0A
:106D2000B9D004F1040815F9011B5FFA81FCACF13C
:106D3000610ABAF1190F9CBFACF1200C4FFA8CF12B
:106D40009142A8D118F9012F002AECD195F9002021
:106D5000002AA0D11EF0100FB8460546049F40F04F
:106D6000A2804346B846DDF818E0DDF81CA0814655
:106D70001F46B8F1000F40F090809AF900305C2B6C
:106D800000F091812F2B00F08E81BEF1000F00F0FA
:106D9000DA810EF1FF310BF2DF32002304E0013320
:106DA000FF2B02F8010F03D011F9010F0028F6D1D3
:106DB0009AF900205C2A00F077812F2A00F0748174
:106DC000FF2B18BF5A1C00F06F810BEB0301134619
:106DD0002F2281F8E02367E198F90020DDE90136F0
:106DE000002A9AD11EF0100FB8460546049FB8D06D
:106DF00059E00025D8F83460C8F8505008950BF5D4
:106E00000059A24613E0089302F0E2F9002840F08E
:106E1000C780012E40F2BE80099BB34200F0BA80C9
:106E2000089DDBF84020AA421E46C0F0B380D9F886
:106E3000A844B44205F1010309AA31465846E2D8F4
:106E4000DBF85420DBF82830059EA3FB0231A3FBBE
:106E5000053205FB01224FEA5319544649EAC2693B
:106E60004FEA521AC8E90E9A002E3FF409AF702279
:106E700041463046356805F0F7FFD8F80010356018
:106E80004A1E013DFF3112F9013F05F8013F002B79
:106E90003FF4F6AE8A42F6D1F2E64FF004094846D6
:106EA00027B0BDE8F08F702221460AA805F0DCFF6C
:106EB00000231E93179B002B77D13370059B002B6B
:106EC00040F0BF804FF00008002F7FF4CAAEDDF81D
:106ED00018E0DDF81CA04746A9464EE752460BF5E0
:106EE00078710AF1FE0C10E00497FE1F5C2E2B4611
:106EF00014BF30462F2098420FD1624500F00B811D
:106F000012F9015F11F9016F3DB15C2DEED15C2EDC
:106F1000F3D030462F239842EFD0AE427FF495AEA7
:106F200025680BF51C712046702205F09DFF256039
:106F30000BF2DF21681E0BF2DF3411F9013F00F87C
:106F4000013F0BB1A142F8D1059BBBB1DBF8FC219D
:106F5000A2B1059E702234680BF50071304605F031
:106F600083FF3460DBF80032013C5A1EFF3312F914
:106F7000011F04F8011F09B19A42F8D1309B0BB1EF
:106F8000309B1D60DBF8C4310133CBF8C4314FF0C6
:106F9000000984E74FF00309484627B0BDE8F08FA9
:106FA0008146484627B0BDE8F08F0DF12808002F34
:106FB0007FF457AE8BE7002E3FF447AE5C2E4FF0C8
:106FC000000E01D02F2E6AD101227746114601F220
:106FD000DF365E440AF1FF334FF0000C09E05C2D10
:106FE00008BF2F25854251D10131FF290CF1010C39
:106FF0004CD013F9010F002845D0002A3FF428AEE9
:107000005C2816F9015FEAD15C2DEDD02F20E9E76D
:107010000AAB184670220BF59C6105F025FF0BF5B5
:10702000AA6E0346002E7FF4F0AD1F4610E6DBF893
:10703000E02492F90020002AEAD1002EBED1BE46FB
:1070400006E6059B702218460AA91E6805F00CFF8B
:10705000059B0A981E60721E431EFF3013F9011F24
:1070600002F8011F8342F9D12CE70BEB010090F9E4
:10707000E0035C2801D02F285FD10131FE2965D8BB
:107080001F460122A3E7002A3FF4E2AD1AF90C5093
:10709000594491F9E023AA427FF4DAAD40E77746FC
:1070A0007246714693E7002303F2DF310AF1FF30A5
:1070B000594405E00133B3F5807F01F8012F3ED03C
:1070C00010F9012F002AF5D15B4483F8E0233FB18A
:1070D000702239460BF5007005F0C6FE4FF001092D
:1070E00070222146CBF8FC910BF51C7005F0BCFE1C
:1070F0000BF53873CBF8703223680BF2DF215A1E80
:10710000FF3312F9010F01F8010F00283FF43FAFE0
:107110009A42F6D13BE79AF9FF509BF9DF64FCE60F
:107120009EF9FF20002A80D19BF9DF245C2A3FF4DE
:107130007CAF2F2AA1D01F468AE51F4647E70023D0
:107140008BF8E033C3E7734601223EE6B1F5807F5A
:107150003FF46BAF1F46FF219AE700BFF8B5026806
:107160002F4B9A4235D1856D2E4AD5F82C3129689E
:10717000013391420446C5F82C3102D01126304625
:10718000F8BD05F5E4774FF0FF313846FBF7C8FC52
:1071900006460028F2D1E36DA3421DD0226E1A6686
:1071A000D365D5F8C830A34204BFE36DC5F8C83035
:1071B000D5F8CC30013BC5F8CC301B4B2360A3681D
:1071C000012B01D1237B53B93846FBF7CBFD304669
:1071D000F8BD07263046F8BDC5F8C800E8E7EFF36C
:1071E000108272B6114B1B68C4F89430104B1B68A8
:1071F000C4F89830C4F8903082F31088D4E9122390
:1072000004F16801C4E928232846FEF7E7FD044697
:107210000028D9D03846FBF7A5FD2646AFE700BFCA
:10722000454C49464944454D434C49460098FE1F4C
:107230000498FE1FF0B5D0F830310133C0F830317A
:1072400091F90030BDB0002B7AD005460E460A46B3
:10725000002407E02F2B07D0202B1FD0013412F978
:10726000013F33B15C2BF5D112F9013F0024002B13
:10727000F8D1013CFE2C63D83B4A29688DF81430C4
:1072800005F69C108DF88430914205F69C230490FD
:10729000209306D0112420463DB0F0BD002CDDD156
:1072A000DDE705F5E4774FF0FF313846FBF738FCB2
:1072B0000028EFD1D5F8A830002B4AD103AB0093BA
:1072C000314620AB04AA2846FFF76AFC002845D0C7
:1072D000DDE90301FFF720FC002835D104AA20A92D
:1072E0002846FFF757F9044620BBDDE90301FFF705
:1072F00013FCEFF3108372B61C4A12680F921C4AFB
:107300001268109283F310881194284600240025F7
:10731000CDE912452022049B8DF82C2093F90030F2
:107320002E2B14BF1346222304A98DF82C30FEF710
:1073300055FD04463846FBF715FD20463DB0F0BD2F
:107340000C2420463DB0F0BD3846FBF70BFD0D2464
:10735000A1E73846FBF706FD23249CE73846FBF7F8
:1073600001FD0B2497E700BF4944454D0098FE1FDF
:107370000498FE1F2DE9F0419EB0044600F69C10D3
:10738000029000208DF80C001F461D4823688342A0
:1073900004D0112630461EB0BDE8F08104F5E47833
:1073A0000E4640464FF0FF311546FBF7B9FB03464A
:1073B0000028EED10090314602AA2046FFF7F0FBEC
:1073C0000646A8B9249B269AA5F2BC7543EA471342
:1073D00043EA45230E93279B5B0843EA4213259A11
:1073E00002A943EAC22320460D93FEF7F7FC0646A6
:1073F0004046FBF7B7FC30461EB0BDE8F08100BF49
:107400004944454D2DE9F04F8DB01646039302686F
:10741000BA4B00279A420B9740F09A80D0F8383147
:10742000426E0133C0F83831B54BC1F8DC710C46FF
:107430004FF6F871002A18BF1946039B0891022BDA
:1074400000F5E47305464FF0FF31184608BF039777
:10745000079308BF0127FBF763FB0346002877D19A
:1074600004F1D80284F86C00099200903146A266BB
:10747000284604F16802FFF793FB0490002840F0CF
:10748000108194F8843013F0180F40F06981039A4A
:10749000012A00F0BD80D5F85490AB6AD4F8A4B0AE
:1074A00003FB09F34FF0000AD4E927680593C4F8F9
:1074B00020A0002B00F05A810123A361002F4DD1A1
:1074C0009E4240F285811A4605F50053BA46384679
:1074D000069417461C460AE0B8EB03086BF1000B54
:1074E0000746012940F212813046CA460E46D4F8BA
:1074F000A824B24240F256810BAA314628460AF12E
:10750000010901F065FE002840F050810B99B1425D
:1075100000F020812A6C4A45C0F01C81721C914207
:1075200000F0AD80059B0022434572EB0B02D3D3E4
:10753000069B1F6A57B9069BC3F834A01E62059BC1
:1075400000225A4508BF434500F08A800746C8E735
:107550001123049304980DB0BDE8F08F059A18F13B
:10756000FF374BF1FF33BF1843F10003194638468C
:107570005346069105F01AFA0699CDF818B0D4468C
:10758000BA1A61EB0303C24649466746E146C4E9BD
:1075900014230998069B6060E3640398594A2260AB
:1075A000002323732A6DC4F81090E761A565A060DD
:1075B0006661C4F848A0C4F8D831002875D12662A5
:1075C000023EA6FB019319EB020206FB0C3343F1CA
:1075D0000003A262E36200220023C4E90C23C4E991
:1075E0001023A063D5F8C830002B00F0AE801A6ECF
:1075F0001C66D465C4E91732D5F8CC30079801333E
:10760000C5F8CC30FBF7AEFB04980DB0BDE8F08FA9
:10761000D5F8A820002A40F0CF80DB071AD4D5E99E
:107620003232002A3FF437AFD4E92A16AC4602E0E2
:10763000013ADB6D68D0D3E92A50B04208BF8D42D1
:10764000F6D1D4F8B000D3F8B0508542F0D19868A4
:107650000128EDD10798FBF785FB0623049379E712
:10766000012953D9D4F8A824914280F09980069B2F
:10767000B8461962C3F834900746C34634E757B991
:10768000059B434577EB0B02BFF452AFB8EB030801
:107690006BF1000B28E7069B9A69013238469A6124
:1076A00040E70798FBF75EFB54E7266A023E06FBBD
:1076B0000CF7A6FB016943F1FF30B618059A01FBF0
:1076C000007747EB09075B4508BF4245D5F828908E
:1076D00052D059464A46404605F068F9069B636415
:1076E000361847F10007B8FBF9F309FB1383C4F818
:1076F00040A0A662A063E762236373E74944454D57
:10770000F8FFFF0F454C49466546C4E6069C696D87
:10771000AB6AD4F8A0A0D4F8A4700697A1FB0330FC
:10772000A3FB092309FB0033524573EB07004FF01D
:10773000000C47D3B9F1000F03D00B98089FB84253
:1077400040D33746D4F89C6021E7C5F8C840C4E967
:10775000174451E70798FBF705FB03230493F9E669
:107760000798FBF7FFFA05230493F3E60798FBF766
:10777000F9FA02230493EDE618F1FF306BF10001F2
:107780004A4605F013F93618069BC4F840A047EBAB
:1077900001016364C4F83090A662A063E16221E74E
:1077A0000746A1E6069CD1460646B0E7074607987D
:1077B000FBF7D8FA0497CDE60798FBF7D3FA232313
:1077C0000493C7E60798FBF7CDFA08230493C1E6B4
:1077D00058EA0B03F6D14946BC46C246CDF818B06C
:1077E00042465B46B946D2E62DE9F04F04461E46B6
:1077F000A74823688BB08342049240F0D280A56DE5
:10780000A44AD5F83C310133C5F83C312B6893428A
:1078100004D0112318460BB0BDE8F08F05F5E477CE
:10782000884638464FF0FF31FBF77AF902460028C8
:10783000EFD1D4E91103216CD4F84CC0994270EB1C
:107840000C0E80F01781049A5B1A6CEB000C9342CB
:107850007CF1000C38BF0493049B002B38D0CDE999
:107860000576994605F5005A236B1BB9AA6A4A4565
:1078700040F29C8001230422CDE90132AB680093E1
:10788000D4E90A23284602F083FB002840F0AE80AA
:10789000236BAA6AA868D21A4A4528BF4A461844E8
:1078A0004146164602F0CCFD236BAA6A334493424C
:1078B000A9EB0609B04423634FD2B9F1000FD3D12D
:1078C000216C049B606CDDE90576591840F10000DD
:1078D000714B049A1B68C4E9101032603846C4F832
:1078E0009030FBF73FFA002394E75E4528BF5E46E1
:1078F000012ED4E90A2300F0AD8005F50051D4F83B
:10790000D801C1F8A40404200290CDE900862846DD
:10791000079102F03DFB07990023C1F8A434002829
:1079200064D1AA6AA36B686DA16A2263013B06FB5E
:1079300002F23344A9EB0209013E9044E26A276255
:10794000891942F10002E262626BA162B3FBF0F1BD
:1079500000FB11330A44C4E90D23B9F1000F0CD127
:10796000049A236CD4E91401D318626C42F100022A
:10797000834272EB010180F08580A36B6A6D013355
:107980009342A36339D2A36A0133A362E36A43F14A
:107990000003E36200232363B9F1000F7FF464AFB7
:1079A0008EE7072318460BB0BDE8F08F6E6DA36B12
:1079B000276AB9FBF2FBF61AB34509970ED894E78C
:1079C000099B012B3DD9DAF8A824934239D88B4280
:1079D0008BD16A6D1644B3451F4686D9394609AA2C
:1079E000284601F0F5FB791C0028E9D0059F04909A
:1079F0003846FBF7B7F9049B0CE7216A09AA284629
:107A000001F0E6FB0028F1D1099B012B19D905F5FE
:107A10000052D2F8A824934213D8D5E91461626BBE
:107A200023620132023BA063626340F1FF30A3FB9B
:107A300001329B1901FB002242F10002A362E262C3
:107A4000A8E7059F3846FBF78DF9082318460BB0C9
:107A5000BDE8F08F042101960291A96800912846A3
:107A600002F096FA0028C1D1AA6AA868414602F03D
:107A7000E7FC56E738460492FBF774F9049A326043
:107A80000923C7E6DDE905761946104620E700BF61
:107A9000454C49464944454D0498FE1F2DE9F04F99
:107AA000B84B0446006898428BB040F09580A56DB5
:107AB000D5F854310133C5F85431236CD318636CB5
:107AC00043F1000316464FF0FF37002B40F0B28120
:107AD000AD4B2A689A4204D0112210460BB0BDE883
:107AE000F08F05F5E4738846184639460593FBF791
:107AF00017F80028F0D1D5F8A830002B40F0DD8130
:107B0000A268012A40F08E81D5F828E06A6D02FB58
:107B10000EF2002A00F0D681D4F85090216CD4F8EF
:107B200054B0606CB9EB010A6BEB000CB2457CF110
:107B3000000C56D2B1EB090C60EB0B01701E104427
:107B400010EB0C0041F10001CDE9063204F02EFFEC
:107B5000D5F87CC08445DDE906328246C0F06781F5
:107B6000216901442161AAFB022112EB09024BEBBE
:107B7000010197428B413CBF4FF0FF320021ACEB3B
:107B80000003C4E91421D5F84090D4F81CB0D5F80E
:107B90008070EB67002800F0FE80224600234C46F0
:107BA000069691465E469B46002C00F0408109AA4D
:107BB0003946284601F00CFB013C7A1C002840F0B5
:107BC000D9802B6C09990233002900F03A819A423E
:107BD00034BF17460227E7E7072210460BB0BDE87F
:107BE000F08F236B9E4540F2EC80002E00F0EE817A
:107BF000236B06964FF0000AB14605F5005B2BB9E2
:107C0000AA6A91457AF1000180F08C800123042159
:107C1000CDE90131AB680093D4E90A23284602F08C
:107C2000B7F9002840F0A680236BAF6AA968FF1A55
:107C3000B9457AF1000238BF4F4619443A464046EA
:107C400002F0FEFB01230422CDE90132AB68009370
:107C5000D4E90A23284602F02BFB002840F08A8052
:107C6000236BB9EB0709B8441F44AB6A27636AF179
:107C7000000A9F4236D259EA0A0300F04181236B81
:107C8000BDE7B4462646079C674528BF6746CDE951
:107C9000008704230293D4E90A23284602F008FB54
:107CA000002867D1A36BAA6AA06AD5F854C0E16A1C
:107CB0002263013B3B4407FB02F2013FC01941F143
:107CC00000019044B9EB02029146626BE162B3FBA2
:107CD000FCF10CFB11330A44C4E90D232662A062B7
:107CE0006AF1000A59EA0A030CD1069A236CD4E916
:107CF0001401D318626C42F10002834272EB01015D
:107D000080F06181A36B6A6D01339342A36365D2F6
:107D1000A36A0133A362E36A43F10003E362002331
:107D20002363A8E74846514604F040FE6F6DA36BFD
:107D3000266A0896FF1AB8428446A5D907943446A5
:107D400006460EE0089B012B76D9DBF8A824934267
:107D500072D8634595D16A6D1744BE421C4640F205
:107D6000B68008AA2146284601F032FA04F1010C37
:107D70000028E7D0024605980692FAF7F3FF069A24
:107D8000ABE600BF454C49464944454D5B46069E1F
:107D90004C46BB469A4605F500535946D3F8AC24E9
:107DA000284601F069FB02460028E4D1E169002978
:107DB00040F00F81AA6A236BC4F81CB09A423FF6C8
:107DC00018AFA36A0133A362E36A43F10003E362DD
:107DD000A36B0133A3630023236306E7216A08AA88
:107DE000284601F0F5F90028C4D1089B012B23D9BE
:107DF00005F50052D2F8A82493421DD8D5E9147194
:107E0000626B23620132023BA063626340F1FF3088
:107E1000A3FB0132DB1901FB002242F10002A36245
:107E2000E2627CE70598FAF79DFF062255E6059881
:107E3000FAF798FF0A2250E60598FAF793FF08220E
:107E40004BE69A4228BF0222C5F88020BBF1000F02
:107E500008BFBB46002E3ED0D9F81C30B34206D036
:107E600031463A46284601F007FB002882D16B6D67
:107E7000D9F838105A1E914216D3D9F83010AA6A90
:107E8000914211D3D9F83420296DC9F820700132FC
:107E9000C9F83420B81E0022C9F83820C9F83020AB
:107EA000E0FB0312C9E90A12D5F88020BAF1010AF1
:107EB0003FF46CAF3E46174676E60598FAF752FF58
:107EC00023220AE60598FAF74DFF022205E6B4469A
:107ED000079C1E46D8E6D5E91430A7F1020CECFB4E
:107EE000003600210020C9E90A36C9E90C01C9E9B8
:107EF0001001C9F81470C9F82070C9F89C70D5E752
:107F0000236C069EF118636C43F10003A06CE26CD5
:107F1000C4F8A42088429A41C4E91013C4F8A00010
:107F200045D2D5F8CC20A164E364D5F8C8301AB99D
:107F30003DE0013ADB6D3AD09C42FAD0D4E92A0107
:107F4000D3E92A768E4208BF8742F2D1D4F8B060D6
:107F5000D3F8B070B742ECD1D4E91067C3E9126727
:107F6000D4F89C70C3F89C70D4E92889E7691E692D
:107F7000DF61C3E92A01D4E91401C3E92889C3E90F
:107F80001401002ED5D1D4E904016F6D1861286D5C
:107F90001962B4460239E1FB070CC3E90A0C00215F
:107FA0000020C3E90C01C3E910019E63C1E7D4F8C6
:107FB000DC31012222730BB1204698470598FAF76D
:107FC000D1FE002289E5194613469FE7D4E9101334
:107FD0009CE75246284601F04FFA024600283FF43B
:107FE000E9AEC8E6F8B5264AD0F858310168013341
:107FF0009142C0F8583102D011252846F8BD00F54D
:10800000E47604464FF0FF313046FAF789FD054625
:108010000028F1D1D4E9322323B11A491160013B80
:10802000D26DFBD103229023C4E922232046D4F849
:10803000BC309847EFF3108172B6134A1368012BD6
:108040001AD0D4E93470DFF848C0C7F8D400C0F8BB
:10805000D070DCF80000A04204BFD4F8D000CCF807
:108060000000013B1360094B236081F31088304608
:10807000FAF7FCFC2846F8BD054800270760F0E742
:108080004944454D414C49460898FE1F4144454DE1
:108090000C98FE1F70B5D0F89050044605F10B0007
:1080A00001F08CF8A06270B305F1180001F086F8B9
:1080B000E06205F11A0001F081F8206305F1130078
:1080C00001F07CF80023C4E90E03064698B105F1DF
:1080D0000E0001F073F86064A8B16B7B636593B127
:1080E00005F1160001F06AF8A06570B12B7CE3651C
:1080F0009BB9012070BD05F1200001F065F8C4E9CD
:108100000E063043E3D1022070BD05F1240001F0DA
:108110005BF8A0650028F6D0E8E705F11C0001F047
:1081200053F8206705F1110001F048F8A06705F148
:108130002C0001F049F803466367002070BD00BFC2
:108140002DE9F0478C4B02689A4284B004D0112488
:10815000204604B0BDE8F08700F5E47806464FF00D
:10816000FF314046FAF7DCFC0028F0D1D6E9324571
:108170006DB3DFF820A2DFF82092804F03E0013DCD
:108180002760E46D23D0A368012BF8D1237B002B5B
:10819000F5D0EFF3108372B6DAF80020C4F894201B
:1081A000D9F80020C4F8982083F31088D4E912236A
:1081B00004F16801C4E928233046FDF70FFE0028CA
:1081C00040F08F80013D20732760E46DDBD13046A5
:1081D00001F0D2F9304601F04FFBD6E90E23002121
:1081E000CDE90023029130460122002301F044FD35
:1081F0000446002875D1B36ED6F8BC2093B3F06E58
:10820000F16F88422ED0D6F8A81059BBD6F81CC002
:108210009FED537B8CF81110D6F8AC11DCF800E020
:108220008CED027B9FED507B013101250327C6E9D0
:1082300024E386ED227B3046C6F8AC11C6F8985090
:10824000C6F8B8709047D6F88C90B9F1000F48D1B5
:10825000D6F890A0504600F0B7FF494B984248D05E
:10826000D6F8BC20D6F8C031902101330220C6E9EF
:108270002201C6F8C0313046904708229023C6E953
:1082800022233046D6F8BC309847EFF3108172B6FF
:108290003C4A1368012B20D0D6E934503A4FC5F838
:1082A000D400C0F8D0503868B04204BFD6F8D0002F
:1082B0003860013B1360354B336081F310884046D2
:1082C000FAF7D4FBD6F8C430002B3FF441AF304668
:1082D0009847204604B0BDE8F0872B48002505608C
:1082E000E7E74046FAF73EFD3046FFF77BFE902475
:1082F0002EE70AF5F27000F067FF254B9842AFD1E8
:10830000F16F0AF5F47000F061FFD6F880100AF5FD
:10831000F67000F05BFFD6F8B031B26EC6F890A0F0
:108320009FED137B0133C6F8B03186ED227BD6F882
:10833000BC30C6F8B870C6F89850C6F8B050C6F849
:10834000942030469847D6F88C30C6F8B090002B71
:10835000C7D1F36FD6F8BC20F36683E7AFF3008094
:10836000FFFFFFFFFFFFFFFF000000009000000085
:1083700001000000900000004944454D434C49462F
:10838000525261410898FE1F0C98FE1F4344454D10
:10839000727241610098FE1F0498FE1F2DE9F04F94
:1083A00087B01D46169E731EB3F5805F029380F062
:1083B0005981179B03F1FF3BBBF17F0F00F2528104
:1083C000109BC360199BC362189B0363149B0367D4
:1083D0000023C0E92A330446C0F8B4304FF09008B7
:1083E0000423C0E92238C0F88420C0F8BC1085609E
:1083F00086620F468847D4F88CA0BAF1000F40F08F
:108400000D813246C4F890505146284604F01CFDB8
:1084100043F2EB432B802B46B74A03F8028F05F15A
:108420000A0012F8011F03F8011F9842F9D1B34B5B
:108430001B786B75314605F10B0000F0C1FE1999F0
:1084400005F1180000F0BCFE189905F11A0000F0C3
:10845000B7FE159B139A1799013B06EB4212013A9E
:10846000B2FBF6F29A1AB2FBF1F2D10746BF511CE9
:1084700001EB520102EB5201B1FBF6F806FB1811B9
:1084800009B108F10108129901FB08F101EB0B0990
:1084900003911799B9FBF1F9A2EB09010846009184
:1084A00040F6F571884219D95100B1FBF6F806FB88
:1084B000181109B108F10108129901FB08F101EB4B
:1084C0000B0903911799B9FBF1F9A2EB09021146C7
:1084D00000924FF6F472914200F249810123019318
:1084E000414605F1160000F06BFE854B1968292303
:1084F00085F8263005F1270000F068FE159A4FF642
:10850000FE739A4205F1130005F1200B00F2EB8097
:10851000114600F055FE5846002100F057FE019923
:1085200005F10E0000F04CFE179B6B73129B2B7431
:10853000149905F11C0000F049FE009A4FF6F473FF
:108540009A4240F257814720119B411E29445A1EEE
:1085500012F9013F002B7DD00AF1010ABAF10B0F8D
:1085600001F8013FF4D1AB194AF6552A23F802ACC1
:108570004FF0010B0723C4F88830C4F8B0B0C4F83A
:1085800098B0C4F8B8B02046B8470023C4F8B0305B
:10859000D4F88C30002B41D100994FF6F4729142FF
:1085A00000F2B080129A002A68D0B8F1000F65D0AE
:1085B0000021CDE90413DDF804A08B46009A4F4B4F
:1085C00040F6F5718A421B782CD82B70FF236B7014
:1085D000AB70032086424FF0000904D808E009F18F
:1085E0000109C14542D0321A0021284404F02CFC74
:1085F0000122C4F88820C4F89820C4F8B02009EB00
:108600000A02C4F8942002222046C4F8B820B847D1
:10861000D4F88C00C4F8B0B00028E0D0902007B0A7
:10862000BDE8F08F009A2B704FF6F471FF238A4259
:108630006B70AB7002D8EB700420CBE72B716B71C1
:10864000AB712B726B72AB720F23EB70EB71EB7231
:108650000C20BFE75044CAF10B022844202104F04B
:10866000F3FB80E7892007B0BDE8F08F049B129AE6
:1086700001339A420493C244A0D1059B0093324631
:108680002846002104F0E0FB029B139A03EB421200
:10869000B242009BC0F0BD80B2FBF6F60399019890
:1086A0000144894601254FF0030A4FF000089B461C
:1086B00002E05E4540F2AD8009EB0B03C4F8943054
:1086C000C4F88850C4F89850C4F8B050C4F8B8A0A2
:1086D0002046B847D4F88C30C4F8B0800BF1010BB9
:1086E000002BE6D09AE7002100F06AFD1599584664
:1086F00000F06CFD13E700BFFB00FE1FF800FE1F3B
:10870000F400FE1FB6F5007F7FF44CAF19463246E9
:108710002846049304F098FB434A2A6002F1FF5272
:10872000009BA5F8FCA102F500522032591EC5F8A5
:10873000E42105F5F47000F049FD032105F5F6701C
:1087400000F044FDC4F894B0C4F888B0C4F898B000
:10875000C4F8B0B0C4F8B8B02046B847D4F88C20FC
:10876000049BC4F8B030002A3FF41CAF56E7B6F5BE
:10877000007F05F1300044D04FF6FF71009300F008
:108780001FFD01230193009B0093022105F12C00A2
:1087900000F01CFD1799179A009BB3FBF2F301FB45
:1087A00006F19A004909B2FBF6F806FB182213916C
:1087B0000AB108F10108129A179902FB08F2039214
:1087C0005A44B2FBF1F29B1A1A4600934FF6F47327
:1087D0009A427FF685AE414605F1240000F0F6FC92
:1087E000124B1968292385F8423005F1430000F047
:1087F000EDFC83E605F11100139900F0E1FC2B205C
:10880000A2E6012100F0DCFC02230193159B023B50
:10881000BAE7082190222046C4E92212D4F8BC30DD
:108820009847D4F88C00FAE652526141F400FE1FDA
:108830002DE9F04FBE4DBF4E2D6836683543BE4E14
:10884000376889B03D43129E00F08580BB4D95F995
:108850000050002D7FD0416000F500571399C16092
:108860000021C0F8BC2086600446C7F8A41487F82D
:10887000B0144FF09009C0E93611C0E93811C0E9D1
:108880003A11C0E93C11C0E93E11C0E94011C0E90C
:108890004211C0E94411C0E94611C0E94811C0E9DC
:1088A0004A11C0E94C11C0E94E11C0E95011C0E9AC
:1088B0005211C0E95411C0E95611C0E95811C0E97C
:1088C0005A11C0E95D11C0E95F11C0E96111C0E949
:1088D0006311C0E96511C0E96711C0E96911C0E918
:1088E0006B11C0E96D11C0F87011C0F8C411C0E976
:1088F0006F11C0F884300423C0E92239C0E92A117D
:10890000C0F8B4109047D4F88C30002B40F0F380BE
:10891000D4F8B431C4F88C900133C4F8B4310125D3
:108920000523C4F88830C4F89060D4F8BC30C4F88B
:108930009850C4F8B85020469847D4F88C307BB192
:108940000822C4E92229D4F8BC302046984728469A
:1089500009B0BDE8F08F2225284609B0BDE8F08FA8
:108960002046FFF797FB0546002840F0C980D4F861
:108970009000303000F022FCD4F82880139B9845FA
:10898000824600F28481139BB3FBF8F1B1F5807F3E
:108990008E469FED657B28BF4FF4807E0EEB4E0028
:1089A00004F6B8434FEAC009C4F814E004F54A6B72
:1089B00003EBC0003246AC4643F8182C03ED047BB1
:1089C00023F808CC43F8043C183398424244F3D1CE
:1089D000D9440EFB0863013B0F2949F804CCC4E9D4
:1089E00007BCC4F824C0A36108D90EF1FF338EEA96
:1089F00003024EEA03039A4200F08B8000232361B6
:108A000004F5036204F5EE630020002143E906014A
:108A100043E9040143E9020118339A42F6D1802266
:108A2000002104F6180004F00FFAD4E91601626C74
:108A3000D4F854B000FB0122A16BA06F059108F19E
:108A4000FF3101EB4011B1FBF8F102EB0108E164E9
:108A50000599A264B1EB0800E16BC4F850804FF0B7
:108A600000094B4661F100015A4603F09FFF40F6B2
:108A7000F5739842206453D94FF6F473984200F28C
:108A8000D5804B4623664FF6F0720023C4E91933B4
:108A9000C7F8A8244FF6FF72C7F8AC24C4E91F3307
:108AA000236E002B00F00081236C0233022B40F276
:108AB0008480022607AF0DE0079B33B9D4E91F324B
:108AC0000133E3670AB9C4F88060236C01360233CE
:108AD000B34272D93A463146204600F079FB00286D
:108AE000EAD008219022C4E92212D4F8BC302046F2
:108AF000984703252BE74D46284609B0BDE8F08F7F
:108B00000822C4E92229D4F8BC302046984702251F
:108B10001DE74FEA9E03013BC7F8A03401236EE72F
:108B20000123AFE7AFF30080FFFFFFFFFFFFFFFF71
:108B3000F497FE1FF097FE1FEC97FE1F0401FE1F27
:108B4000636DA16AD4F868A001FB03F309FB03F38A
:108B50005B09C4E91F000246A367BAF1000F9FD06A
:108B6000E1694874D4F8AC31D1F80080D4F8BC7015
:108B70009FED997B01334FF0010E4FF0030C4FF046
:108B8000900981ED027B2046C4F8AC31C4E922296A
:108B9000C4E9248AC4F898E0C4F8B8C0B847D4F847
:108BA0008C30002B00F0E3800023A366236E002BA3
:108BB0007FF47AAFE36F002B76D0D4F8803013B90E
:108BC0000223C4F88030002204F5CA63C4E93222CB
:108BD0008349C4F8E03484F8E42484F85025A4F8E8
:108BE0004F26C4F8502784F8E02304F5E470F9F721
:108BF0000DFFEFF3108672B67A4A7B4B2360136841
:108C0000002B4DD0D3F8D420C3F8D440C2F8D040C4
:108C1000C4E93432754A136801331360D4F8C030A4
:108C20000BB12046984786F3108890E6C4F868A0F8
:108C3000D4F874A06E4BC4F860900122626692452D
:108C4000C7F8A8346FF07043C7F8AC347FF65FAF55
:108C5000AAF102030BFB0383A364DFF8A08107AF33
:108C60000BE0079B53453FF43CAF226C4A45FFF4B1
:108C700038AF43453FF664AF9A463A4651462046E0
:108C800000F0A6FA09F101090028EAD029E7082234
:108C9000C4E92229D4F8BC3020469847212556E65D
:108CA000C4E934441460B5E701230293D4E90E23E8
:108CB0002046CDE900230122002300F0DDFFA06D56
:108CC000A66000283FF479AF4FF0000B626933468D
:108CD0005F46DA464FF090084FF0020901465E46C3
:108CE000891BC4F89030636CC4F8B890914228BFD7
:108CF00011463344C4F89430C4E922A8D4F8BC30F7
:108D0000C4F8981020468B469847D4F88C30002B36
:108D100058D1A26A02FB0BF10FE0D258043307923C
:108D200032B9D4E91F200132E26708B9C4F8807073
:108D3000226C01370232BA4216D98B420CD2A26899
:108D4000606E02EB030C0028E7D1D25C9CF80100B6
:108D5000023342EA0022E2E7A16D626916448E42C4
:108D6000BFF42BAFA368BBE7A66D3146F5E7D4F897
:108D70009070384600F028FA1E4B98427FF414AFEA
:108D800007F5F27000F020FA1B4B98427FF40CAF0D
:108D900007F5F47000F018FAE067E06607F5F67082
:108DA00000F012FA226CE16FC4F88000914205D8FD
:108DB0000232904202D801283FF6F8AE0023C4E9FF
:108DC0001F336DE60822C4E92228D4F8BC302046BF
:108DD00098478EE6AFF30080FFFFFFFFFFFFFFFF26
:108DE000F4E400000C98FE1F4944454D0898FE1F0E
:108DF000F0FFFF0F5252614172724161EFFFFF0FAE
:108E000070B50C6803F1400E00F1040C93F8C22118
:108E10005AB940F8342010334CF834209E4504F100
:108E200001040C60F2D1002070BD93F8C82193F8C2
:108E3000C75193F8C661120442EA052293F8C9515A
:108E4000324342EA056240F8342093F8CC2193F88B
:108E5000CB5193F8CA61120442EA052293F8CD512E
:108E6000324342EA0562D6E770B590F800C08AB096
:108E70000024BCF1E90F01940E4615461C462AD089
:108E8000BCF1EB0F24D090F8FE31552B03D190F8B4
:108E9000FF31AA2B02D004200AB070BD0346002285
:108EA00001A902A8FFF7ACFF019BB342F3D92DB192
:108EB0000AAB03EBC60353F8203C2B602CB10AAB82
:108EC00003EBC60151F81C3C236000200AB070BDC2
:108ED0008378902BD7D1837D0BB9C37DE3B1C27C5E
:108EE000037D3AB1B0F813300DB100222A60002C96
:108EF000EAD1EAE70BBB90F820304BB990F821306B
:108F000033B990F822301BB990F82330002BBAD037
:108F1000036A002BB7D0E7E790F82430002BDED1AE
:108F200090F82530002BDAD190F82630002BD6D1DE
:108F300090F82730002BA6D0D1E71B02D4E700BF62
:108F4000044BA0F2BC7042EA411242EA40221A608D
:108F5000002070470498FE1F30B51A481A4C1B4970
:108F600085B000224FF47A73CDE9003302601848CF
:108F7000226044F621250D60026016491648174B01
:108F8000012402944FF4807210240A600460144A91
:108F900014491548FAF71AFE144A1549136815487A
:108FA0006FEA03436FEA134313600B680468124AC5
:108FB00043F42023224343F47A7302600B6005B02C
:108FC00030BD00BF0C98FE1F0898FE1F0498FE1FBE
:108FD0000098FE1FFC97FE1FF897FE1F5953584636
:108FE0001590000008E50000C097FE1FF497FE1FD3
:108FF000EC97FE1FF097FE1F108000015208044BF3
:1090000042EA411242EAC0221A600020704700BFC3
:109010000098FE1F654B984200D070472DE9F04341
:10902000634C644D2068296800F01F035B000A331D
:109030003B2BC0F3451C01F01F02C1F343174FEA5D
:109040005126C0F3C420C1F346210CD842EA47128E
:10905000C0025B0843EA4C1342EA412203432A6000
:109060002360BDE8F083DFF85081A8FB039E0CF17C
:10907000010C4FEA5E1ECEEB0E1EBCF13B0FA3EBC4
:109080008E03E3D9A8FB0CE84FEA58180130C8EB6F
:1090900008181728ACEB880CD8D9013F01320B2FE8
:1090A000DFD8DFE807F04A303E24442A381E181281
:1090B0000C06202A5ED042F4C0720020C9E71E2AA6
:1090C00041D842F4B0720020C3E7202A64D042F4B1
:1090D000A0720020BDE71E2A39D842F49072002009
:1090E000B7E7202A50D042F480720020B1E71E2A50
:1090F0003AD842F080020020ABE71E2A37D842F06F
:10910000C0020020A5E716F0030027D11D2A23D8AE
:1091100042F040029DE7202A3AD042F0E0020020CF
:1091200097E7202A3FD042F06002002091E7202AF2
:1091300027D042F0A00200208BE7202A30D042F056
:109140002002002085E7002040F2811281E7002004
:1091500040F241127DE7002061227AE71C2AFAD80A
:1091600042F04002002074E70020A12271E70020B5
:10917000E1226EE77F293FF474AF01310020212204
:1091800067E70020C12264E7002040F2211260E777
:10919000002040F201125CE7002040F2611258E723
:1091A0000020412255E70020812252E759535846BA
:1091B0000098FE1F0498FE1F8988888800887047E1
:1091C0000B0A017043707047006870470160704778
:1091D000D0F878312DE9F04F0F4607F00306013340
:1091E000D0F88011C0F87831F30003EB8603904685
:1091F00000EB83034A1CC0F88021D3F8582706EB04
:109200004605BA4289B000EB051565D005F5EB655A
:1092100003F5EB6CEB68BB4200F09880AB69BB4296
:1092200060D06B6ABB4200F0E080B600F31C03EB39
:10923000430300EB83030446D3F86037002B40F070
:109240009780D4F88431C4F880110133C4F8843194
:10925000236ED4F82890626CA168002B40F09080B7
:10926000606E0091002855D002200121CDE9011047
:109270004FEA870A2046BAFBF9FB5A4400F088FE01
:1092800038BBA06809FB1BAA5044FFF79DFF20F0E4
:109290007040C8F8000005F1180393E8070005F1D5
:1092A000240C8CE807000C3595E8070083E80700DC
:1092B00006EB460604EB860404F5EB6696E8070029
:1092C00085E80700C4F85877D8F80030C4F85C3750
:1092D000002009B0BDE8F08FD3F85C37C8F8003043
:1092E0000020F6E7EB69C8F800309CE8070005F1BC
:1092F000180405AB83E8070094E807008CE8070032
:109300000C3595E8070084E8070093E8070085E836
:109310000700E5E74FEA470A4FF0020CBAFBF9F9FC
:1093200091440122CDE9012C03464A46204600F033
:109330002FFE0028CDD1636CA068A9EB0309A36AB6
:1093400003FB19AA5044FFF739FFA2E72B69C8F8BD
:1093500000309CE8070005AB0C3583E8070095E872
:1093600007008CE8070093E8070085E80700B7E7E7
:1093700000F002F90028ACD1D4F88011013960E77F
:1093800007EB470A02234FEA5A0A4FF0010BBAFBD8
:10939000F9F99144CDE901B300914A4600232046F2
:1093A00000F0F6FD002894D1626CA16AA368A9EBD5
:1093B000020201FB12A203EB020C17EA0B0E13F8D8
:1093C00002A001F1FF31DC442DD18A4234D09CF857
:1093D0000000000200F4706040EA0A00B0F57F6F00
:1093E000FFF457AF40F4704053E7AB6AC8F8003061
:1093F0009CE8070005F1240605AB83E8070096E822
:1094000007008CE8070005F1180494E8070086E8D7
:1094100007000C3595E8070084E8070093E807008B
:1094200085E807005CE78A424FEA1A1A14D09CF8D4
:1094300000304AEA0310D1E70222CDE901B20093DD
:1094400009F101027346204600F0A2FD00287FF4D6
:1094500040AFD4F808C0BAE70222CDE901B20093C8
:1094600009EB0B020346204600F092FD00287FF432
:1094700030AFD4F808C0DAE7D0F87C312DE9F047F6
:1094800004460133D0F88801C4F87C3101F00303AD
:1094900003EB430C04EB0C1C0CF5EB674FEA830861
:1094A000431C1646C4F888310D463B4607F130028E
:1094B0001968A94251D00C339342F9D108F1030342
:1094C00003EB430304EB8303C4F88801D3F860275C
:1094D000D4F88C31012A03F10103C4F88C3144D053
:1094E00007F1180E9EE8070008EB480307F124086F
:1094F000D4F8AC9088E8070007F10C0C9CE8070052
:109500008EE8070004EB830303F5EB6797E8070099
:109510004FF0010A8CE80700C3F860A7C3F858575A
:10952000C3F85C67B9F1000F14D09EB9D4E91430C8
:10953000D4F8BC21A91E00FB013301320626902776
:10954000C4E92530C4E92267D4F8BC10C4F8BC21B2
:10955000204688470020BDE8F0870122C3E9016268
:10956000D4F8AC30002BE0D1F4E7204600F004F84A
:109570000028B5D0EFE700BF2DE9F04FD0F89031CB
:10958000013387B004464FF0000B8246C0F890319B
:10959000DAF86037002B5ED0236EDAF85827A76A16
:1095A000606CA168002B40F0A680656E0091002DD4
:1095B0005CD1560002230122B6FBF7F60644029363
:1095C00001922B463246204600F0E2FC00284AD1A8
:1095D00004F1C0075546D5F86037ABB1D5F8583718
:1095E000616CA06A5B00B3FBF0F20A4496420BD1B7
:1095F000A268711A00FB1133D018D5F85C17FFF779
:10960000DFFD0023C5F860370C35BD42E3D10223EE
:109610000293A3680093012301933246002320465E
:1096200000F046FEF8B9A26DC2F30901C2F3872229
:1096300009B1531CDAB2636CF31AB3FBF2F304EB17
:10964000D301012291F8180803F0070302FA03F38B
:10965000034381F818380BF1010BBBF1100F0AF12D
:109660000C0A95D1002007B0BDE8F08F95000221CB
:109670000122B5FBF7F50544CDE9012120462A4634
:1096800000F086FC0028EED104F1C0075646D6F85B
:109690006037ABB1D6F85837616CA06A9B00B3FB5A
:1096A000F0F20A4495420BD1A268691A00FB11330B
:1096B000D018D6F85C17FFF789FD0023C6F860378D
:1096C0000C36B742E3D102230293A368009301232F
:1096D00001932A460023204600F0EAFD0028C2D16B
:1096E000A26DC2F30901C2F3872209B1531CDAB299
:1096F000636CEB1AA1E702EB42024FEA52094FF00A
:109700000008B9FBF7F9CDF814A081444FF0FF37FA
:1097100001230222CDE9013200914A46002320466E
:1097200000F036FC00289ED17E1C0DD007EB4707C9
:1097300004EB8707A268D7F85817D7F85C37CD072E
:1097400040F182801B0913704FF0FF37059958468E
:10975000BA4611E0002A69D0FA5C02F00F0242EA30
:109760000E128245FA5402D036098CF8016001309D
:10977000102801F10C012BD0D1F86037002BF6D066
:10978000D1F85827676CA56A02EB42035B08B3FB6C
:10979000F5F63E44B145EAD1A9EB070705FB1733BF
:1097A000D1F85C67A768C1F86087013D9D4202F06F
:1097B00001025FFA86FE07EB030CCBD1002A4BD1E6
:1097C00082460130102807F803E001F10C01D3D1E3
:1097D000A368009301220221CDE9012100234A461A
:1097E0002046574600F064FD00287FF43CAFA26D90
:1097F000C2F30903C2F387220BB10132D2B29AB38A
:10980000636CA9EB0303B3FBF2F304EBD301012276
:1098100091F8180803F0070302FA03F30343781CD6
:1098200081F8183824D0A168914471E7824507F87F
:1098300003E09CD09CF80130C6F3032623F00F030D
:109840001E438CF8016092E71178C3F3032321F0E3
:109850000F010B43137077E7FA5C02F00F0242EA44
:109860000E12FA54824682E7022007B0BDE8F08F5C
:10987000DDF814A0EFE600BF2DE9F04F836DC3F3D0
:10988000090189B00546C3F3872309B10133DBB26F
:109890000024A3464FF002091E46214605EBDB02D9
:1098A0000BF0070092F818280241D3070FD40BF1F0
:1098B000010BBBF5806F3144F0D18022002105F609
:1098C000180003F0C1FA002009B0BDE8F08F6F6CFA
:1098D000AA6D3A440F44B819824228BF0246974203
:1098E000E5D2CDE9056B4FF00008012492460791BF
:1098F000CDE90149AB6800933A464346284600F05B
:1099000047FB0028E0D1EE6D013E18BF834604D12D
:1099100015E0013E6BF1000B8EB1A96DA8680090B7
:10992000A1FB0623D21901FB0B3343EB0803CDE95E
:109930000149284600F0BCFC0028EAD0C4E7013702
:1099400048F10008BA45D3D8DDE9056B0799AEE7C1
:1099500001692DE9F04F099D8446002900F08F80B0
:1099600000F500510124D1F8A01411404FEAC10EB6
:109970000EEB810E00EBCE0E01F01F06006AB44024
:109980002043CCF820009EF8B16C01EB41000CEBB9
:1099900040104FEA810B00F54A60002E40F08680AF
:1099A00090F8297037B1D0E908149C4208BF914261
:1099B00000F0EE8090F841E0BEF1000F06D0D0E953
:1099C0000E149C4208BF914200F0148190F859A0F7
:1099D000D0F84890D0E91484BAF1000F04D09C422A
:1099E00008BF904500F0888090ED0E7B80ED147BE1
:1099F00090ED087B026B82648269026380ED0E7BCE
:109A000090F8282090F8406090F8421080F84020AC
:109A10000BEB4B030CEBC30390F82A2080F841704A
:109A200080F84220B0F858C090F85A7080F858601A
:109A300080F859E080F85A10D3F8A01C816103F631
:109A4000A84292ED007B80ED087B93F8B01C80F873
:109A5000281093F8B11C80F8291093F8B21C80F8F4
:109A60002A100026C3F8A09CC3F8A88CC3F8AC4CFD
:109A7000A3F8B0CC83F8B27C2E60BDE8F08F4469C7
:109A8000C0692960611E002CF7D0447C01392CB1DB
:109A9000D0E902649C4208BF96421AD044690CB1D6
:109AA000286040694C1CF0D1BDE8F08FDEF8AC4C6A
:109AB000DEF8A87C9C4208BF97427FF471AFDCF8C7
:109AC000A431DEF8A02CCCF808200133CCF8A43166
:109AD00010E02B680268CCF8082033B14169DCF84B
:109AE0001C2059614261CCF81C00DCF8A431013320
:109AF000CCF8A4310020C0E7DCF8A421CCF8089011
:109B00000BEB4B030CEBC3030132CCF8A42103F69F
:109B1000A84292ED007BD3F8A05CC3F8A09CD0E9EA
:109B2000148993F8B04C93F8B21CC2E9008990F8FC
:109B3000582083F8B02C90F8592083F8B12C90F875
:109B40005A2083F8B22C036B8364B0F84030A0F83D
:109B5000583090F8423080F85A3083690363038D9F
:109B6000A0F8403090F82A3080F84230D0E90E2337
:109B7000C0E91423D0E90823C0E90E23856180EDF4
:109B8000087B80F8284080F8296080F82A10B1E727
:109B9000DCF8A4218469CCF808400BEB4B030CEBF8
:109BA000C3030132CCF8A42103F6A842D2E900890C
:109BB000D3F8A07CC3F8A04C90ED087B93F8B05C80
:109BC00093F8B21C82ED007B90F8282083F8B02C2B
:109BD00090F8292083F8B12C90F82A2083F8B22C31
:109BE000C0E90889876180F8285080F8296080F8EA
:109BF0002A107FE7DCF8A421046BCCF808400BEBBB
:109C00004B030CEBC3030132CCF8A42103F6A842AA
:109C1000D2E90089D3F8A05CC3F8A04C90ED0E7B8C
:109C200093F8B07C93F8B21C82ED007B90F8402052
:109C300083F8B02C90F8412083F8B12C90F84220A2
:109C400083F8B22C038DA0F840308369036390F849
:109C50002A3080F84230D0E9082380F82870C0E923
:109C60000889C0E90E2380F82960856180F82A10F0
:109C700040E700BF000000002DE9F04F2DED048B00
:109C80008BB0DDE918E1814692461EF1FF3218469D
:109C9000069141F1FF3112EB0A0200930292D9F8CA
:109CA00010301A9FD9F8245040EB01020392D9F8E2
:109CB00014200192002B68D1D9F81C40561E002AAE
:109CC0005DD0D346009ADDF818A0F046D4E902032F
:109CD00050EA030C53D057EA050C50D058EA0A0C4E
:109CE0004DD0617C002946D0584573EB020C42D31D
:109CF00002998142039971EB03033CD3237C5BB34C
:109D0000D9F8A83043BBD9F8B03100929FED9C7BC5
:109D10000133C9F8B031236889ED227BC9E92430C9
:109D20000123C9F89830A07CC9F8B800042818BFEE
:109D3000C9F8B0304846D9F8BC309847D9F88C00FB
:109D40000023C9F8B030D8B92074D9F82430009A6B
:109D5000013B013DC9F824304FB19FED8B7B207C46
:109D6000002384ED027B6374002840F0FE8018F12C
:109D7000FF386AF1000A013E711C6469A6D1002017
:109D80000BB0BDEC048BBDE8F08FD9F82040002C5F
:109D9000F5D09FED7D8B9FED7A9B4FF0000CDDF8A9
:109DA0001880CDF81CE07646E64657EA0503E6D073
:109DB00056EA0803E3D0029B009A5345039B934164
:109DC000DDD3079B202B069B73F1000380F0968068
:109DD00009F50053D3F8A03403EA0A0303F01F0E79
:109DE0004FEA8E0202EB420109EBC101CDE908E422
:109DF00001F618514FF0000B4EE054E90403009AAD
:109E0000504573EB020C7ED3029A8242039A72EBA6
:109E1000030378D314F8083C7BB3D9F8A83063BBAC
:109E2000D9F8B0310133C9F8B03154F8183C89ED94
:109E3000229BC9E924300120C9F8980014F8063C97
:109E4000C9F8B830042B18BFC9F8B000D9F8BC3035
:109E50004846CDE9041E9847D9F88C000023C9F87C
:109E6000B03000288CD104F8080CD9F82430DDE992
:109E7000041E013B013DC9F82430013E48F1FF308A
:109E8000002F4BD1002D63D172468046019B80325A
:109E90009A4201F5406112D2A1F16004964614F88D
:109EA000073C002BA9D195BB17B11834A142F6D1BC
:109EB0007246019B80329A4201F54061ECD3DDE9A4
:109EC00008E45FB1BBF1000F08D1D9F820300121BF
:109ED00001FA0EF123EA0103C9F82030079B202B79
:109EE000069B73F100033AD2009B1AF1010A43F179
:109EF0000003009359E764080EF1010EE307FAD559
:109F00004FEA8E026EE70BF1010B002DCCD056EA22
:109F10000803CAD1002FC8D17246CAE714F8083C1A
:109F20004FF0000204ED048B04F8072C63B104F831
:109F3000082CD9F82430013D03F1FF33C9F824304F
:109F400004D180460025B0E7002DFAD08046ACE76A
:109F500056EA0808FAD172463E46B84696E76408C3
:109F60000EF1010E7FF421AF09E72374D9F82430F4
:109F7000013B013DC9F82430F9E600BFAFF3008092
:109F80000100000090000000FFFFFFFFFFFFFFFF48
:109F90002DE9F04F2DED028B8BB098469DF8603087
:109FA0000593022BDDE916690446154604D1D0F865
:109FB00094210132C0F89421D4F89C210132C4F8D4
:109FC0009C21A268B24203D8A269B24280F0ED801F
:109FD00019EB0502A16B48F10000013A40F1FF3096
:109FE000002791428741C0F0DA80B9F1000F00F0FC
:109FF000D08009AF0DE03146A26AA06800F020FAD7
:10A000000135A36A48F10008B9F101091E4400F0C6
:10A01000C08000972A4643462046FFF799FC002857
:10A02000E9D015F1FF3A48F1FF3BCDF85C901AEB0F
:10A03000090A4BF1000BA146179C0FE0D9F8282024
:10A04000D9F80800013C02FB046100F0F9F91AF1AB
:10A05000FF3A6BF1000B002C00F09B8000975246FA
:10A060005B464846FFF774FC0028E7D017940022AF
:10A070004C464FF0010ADDF85C90CDF80090CDE938
:10A08000012A43462A462046FFF7F6FD059BD4F8F1
:10A09000AC21C4F89890524400209021042BC4E9CC
:10A0A0002465C4E92201C4F8B830C4F8AC2101D158
:10A0B000C4F8B4A0D4F8BC2020469047D4F88C0053
:10A0C0000022C4F8B420002864D16269B9EB920F71
:10A0D00060D209F1FF3915F1010A48F1000B1AEBC2
:10A0E000090A9FED718B07904BF1000B4FF00109AE
:10A0F000169645E0407C116828B3137C204613B3C4
:10A10000C4F89010D4F8B01106920131C4F8B0111F
:10A11000916884ED228BC4E92519917CC4F8B810AC
:10A12000042918BFC4F8B090D4F8BC108847D4F8FC
:10A130008C00079BC4F8B03060BB069A1074616A4B
:10A14000013961621168059B9374099B169882F826
:10A150001190C2E9025823B156695E61E369536107
:10A16000E261A26A00F06CF9169BA26A013548F11F
:10A1700000081344C34508BFAA45169300F0868023
:10A180002A46009743462046FFF7E2FB0246002896
:10A19000B0D100200BB0BDEC028BBDE8F08F892060
:10A1A0000BB0BDEC028BBDE8F08F09AA00924346CC
:10A1B0002A462046FFF7CCFB06460028E9D0D4F813
:10A1C000A8210132C4F8A821427C5AB3027C4AB3C8
:10A1D000D4F8B0210132C4F8B0214FF0010A02686E
:10A1E000C4F890204FF0900B8268C4F89420C4E922
:10A1F00022AB0121C4F89810827CC4F8B820042A4C
:10A200002046D4F8BC2018BFC4F8B0109047D4F84A
:10A210008C000022C4F8B0200028BBD13074626AE0
:10A22000013A6262D4E90E128D4278EB0202B6D294
:10A23000D4F8AC21059B0132C4F8AC213268C4F8D3
:10A24000B830C4E92425002001229021042BC4E960
:10A250002201C4F8982008BFC4F8B4202046D4F8DE
:10A26000BC209047D4F88C000022C4F8B42080B9F8
:10A2700001237374099B059AB274C6E902587BB135
:10A2800072695A61E3697361E66109E0D4F88C0090
:10A2900080E772744FF0FF334FF0FF32C6E90223BC
:10A2A0003368A36076E700BF010000009000000063
:10A2B0002DE9F04387B0DDE90E769DF84080B8F1D6
:10A2C000020F0446154604D1D0F898210132C0F897
:10A2D0009821D4F8A0210132C4F8A021A268BA4282
:10A2E00002D8A269BA421AD255EA030213D0002159
:10A2F0008B4208BFB5F1FF3F0DD0E06B059072199E
:10A30000A06B43F1000C013A4CF1FF3C82420598EE
:10A310007CEB000C48D3892007B0BDE8F0832269AC
:10A32000002A6BD004F50052D2F8A02402EA050CF2
:10A330000CEB4C0C04EB4C1C0CF54A610CF5506C0E
:10A340004A7C2AB1D1E902029A4208BFA8426DD0E4
:10A3500018316145F4D155EA0302DCD0002B08BF67
:10A36000B5F1FF3FD7D0D4E90E01721943F10003D4
:10A37000013A43F1FF3382428B41CCD2D4F8B03161
:10A38000C4F89860012090210133B8F1040FC4E9AA
:10A390002475C4E92201C4F8B880C4F8B03121D0D2
:10A3A0000123C4F8B0301DE04FF001092A46CDE981
:10A3B0000061CDF808902046FFF75EFCD4F8B0317C
:10A3C000C4F898604B44C4F8B03101229023C4E92A
:10A3D0002475C4E92223B8F1040FC4F8B88018BF6B
:10A3E000C4F8B090D4F8BC3020469847D4F88C001C
:10A3F0000023C4F8B03007B0BDE8F0836269E169BA
:10A4000002F1FF3C002AA6D04A7C0CF1FF3C2AB1A5
:10A41000D1E902029A4208BFA84207D04A69002A3D
:10A4200018BF1146BCF1FF3FEED194E70B7C23B976
:10A43000636A0122134463620A7400206CE700BF60
:10A4400003460846194602F00FBD00BF60B1EFF3A6
:10A450000582064B1B68134304D1054B1B680BB1E7
:10A46000FCF77CBE2020704718207047F000FE1FCC
:10A470000497FE1F60B1EFF30582064B1B68134380
:10A4800004D1054B1B680BB1FCF7D4BE20207047EC
:10A4900018207047F000FE1F0497FE1FF0B5DDE99D
:10A4A0000545DDE90767C0B3B9B3A2F2BC7CBCF1D6
:10A4B0007F0F3CD87CB30C2B43D84FF0010C0CFA27
:10A4C00003FC41F2AA5E1CEA0E0F1FD01F2C22D8FB
:10A4D000172D2ED83B2E30D83B2F30D8EFF3058EDA
:10A4E000DFF868C0DCF800C05CEA0E0C23D1DFF8AE
:10A4F00060C0DCF800C0BCF1000F1CD0CDE90767DC
:10A50000CDE90545BDE8F040FCF734BF1CF4256FEC
:10A5100005D01E2CDCD91420F0BD1820F0BD022B74
:10A520000FD112F0030F0ED11D2CD1D9F3E7122059
:10A53000F0BD1520F0BD2020F0BD1620F0BD172085
:10A54000F0BD1320F0BD1C2CC2D9E4E7F000FE1FC3
:10A550000497FE1F2DE9F041DDF818C078B31746C7
:10A560001E460268214B9A42044628D10D4631B35B
:10A57000BCF5F07F23D1022E24D8EFF305821C4BCB
:10A580001B68134321D11B4B1B68F3B100F5E47822
:10A590004FF0FF314046F8F7C3FA20BBD4E932034D
:10A5A00003F1FF3C33B913E00CF1FF3CBCF1FF3F7A
:10A5B000C06D0DD08542F7D14046F8F7D3FB182087
:10A5C000BDE8F0810620BDE8F0812020BDE8F081E3
:10A5D0004046F8F7C7FB33463A4629462046BDE8D1
:10A5E000F041FCF70FBF1120EAE700BF4944454D99
:10A5F000F000FE1F0497FE1FA0B130B479B173B113
:10A60000EFF30585084C24682C4305D1074C2468DA
:10A6100014B130BCFDF7E8B8202030BC70471820DA
:10A6200030BC704718207047F000FE1F0497FE1FD3
:10A6300070B169B1EFF3058C064B1B6853EA0C034C
:10A6400004D1054B1B680BB1FDF728BA20207047D9
:10A6500018207047F000FE1F0497FE1F60B1EFF353
:10A660000582064B1B68134304D1054B1B680BB1D5
:10A67000FDF766BD2020704718207047F000FE1FD0
:10A680000497FE1F2DE9F04F83B0DDE910CE0C9E3C
:10A690000D9F00960197DDE91289DDE90E67DDE97E
:10A6A00014ABF8B1F1B1EBB1EFF305850F4C2468B1
:10A6B0002C4313D10E4C246884B1CDE90E67019F61
:10A6C000009E0D97CDE914ABCDE91289CDE910CEEE
:10A6D0000C9603B0BDE8F04FFDF760BE202003B03C
:10A6E000BDE8F08F182003B0BDE8F08FF000FE1F2A
:10A6F0000497FE1F002861D02DE9F043904685B0F5
:10A70000002A41D01E460C9B002B3DD00E9A42F2EF
:10A71000B8439A4238D1EFF30582294B1B681343A3
:10A7200038D1284B1B68002B34D0274B1A68534272
:10A730001340012B2AD09A4228D1244B1A68534245
:10A740001340012B22D09A4220D10F460446F8F73D
:10A75000DBFF03AA00218146F9F720F81C4B1D4AB4
:10A760001B68156803F1FF3C3BB917E00CF1FF3C97
:10A77000BCF1FF3FD5F8D05010D0AC42F6D10399D0
:10A7800003AA4846F9F70AF8182000E0022005B0AD
:10A79000BDE8F083202005B0BDE8F083039903AA4B
:10A7A0004846F8F7FBFF0D9B01930C9B0093424634
:10A7B000334639462046FEF73BF8E8E71820704755
:10A7C000F000FE1F0497FE1FFC97FE1FF897FE1F68
:10A7D0000898FE1F0C98FE1FA0F2BC737F2B14D8A4
:10A7E0008AB10C291AD801238B4041F2AA5C13EAE2
:10A7F0000C0F03D01F2A06D8FEF7A2BB13F4256F57
:10A8000005D01E2AF8D9142070471220704702295B
:10A8100004D1830704D11D2AEED9F4E71320704731
:10A820001C2AE9D9EFE700BF172807D83B2907D82A
:10A830003B2A01D8FEF7E2BB17207047152070476E
:10A840001620704710B472B6164A174B1068174A94
:10A8500018601368164C174843F00103002121606B
:10A8600013600368144AA2FB03235B09013BB3F1A5
:10A87000807F09D24FF0E02210485361F024072373
:10A8800080F82340916113610C4B0D480022F021A8
:10A8900083F82320D97783F822105DF8044B828255
:10A8A000704700BF000000000897FE1F001000E086
:10A8B0003896FE1F8498FE1F1F85EB5100ED00E0C7
:10A8C000000D004070B472B61D4D1E4C286820600B
:10A8D00000282DD11C4A1D491D4E4AF2025C8B896D
:10A8E0009BB213801388180409D5B1F8FE339BB2CC
:10A8F0003360A1F8FEC31388C3F30E038B81BFF34B
:10A900004F8F30BFBFF36F8F13881B0408D5138898
:10A910009BB28B81336843F425439BB2A1F8FE338D
:10A9200062B6BFF36F8F72B6286820600028D6D059
:10A93000084B4FF000625A6062B670BC704700BFAF
:10A940000097FE1F0497FE1F1498FE1F00E00140B1
:10A950001098FE1F00ED00E0074B00221A60EFF395
:10A96000148C2CF0040C8CF3148862B6034B4FF05B
:10A9700080525A60FEE700BF6C96FE1F00ED00E0BB
:10A980002448016800293FD0EFF30983A3F1200395
:10A9900083F3098803F1200323E9F00F1EF0100F61
:10A9A00007D1A3F1400383F3098803F1400323EDAA
:10A9B000108A43F804ED8B60174C236813B18B6148
:10A9C00000232360154E366806B3066070680130B8
:10A9D0007060B069206012484FF000014161F16879
:10A9E00081613169C161B36853F804EB1EF0100F47
:10A9F00001D1B3EC108AB3E8F00F83F309884FF06C
:10AA0000010141617047FEE7034CDBE7FFF75AFFA6
:10AA10000646DBE70497FE1F0C97FE1F0097FE1FFC
:10AA2000000D004000F01CB838B5046924F007049C
:10AA30006FF00203A4F1440282600D46342244F810
:10AA4000443C0021A4F1400002F0FEF94FF0FF3237
:10AA50004FF0807344E9032544F8043C38BD00BF3F
:10AA6000244925480A680368013210B50A6013B109
:10AA7000013B0360DBB1214A214C1368216818684F
:10AA8000F8B1204B01221A60F9F7E0F8236833BBD4
:10AA90001D4B1B6853B11D4A1268934206D01C4BD4
:10AAA0001B681BB91B4B4FF080525A6010BD134AF4
:10AAB000134C136818680121216010B1114B196003
:10AAC000E2E7154800680433834213600AD00D4B57
:10AAD0001B6811B9002BDBD0D6E7002BD4D1F9F7D6
:10AAE0001DF8D5E70D48074B00681B68106000296A
:10AAF000F0D0F2E7B497FE1F0C97FE1F2497FE1FBD
:10AB0000B097FE1F2097FE1F0097FE1F0497FE1FA1
:10AB10006C96FE1F00ED00E02897FE1F2C97FE1F8D
:10AB2000F0B5036885B001221E685D698DF80420C8
:10AB30000746B3683068DB6901A99847044610B935
:10AB40009DF8043013B9204605B0F0BD3A68D369CA
:10AB500002A87BB192698DF80840039298479DF84E
:10AB60000430013D002BEED0002DE2D1142420460C
:10AB700005B0F0BD013D002DDBD1F7E700283FD047
:10AB800070B50D46002939D00E68002E36D04B68BE
:10AB9000002B33D01C4BD0F80C219A42044631D004
:10ABA00071688B68B3F5807F28D8AB68EA68056068
:10ABB000134443604FF0FF30A0608A7C5AB14B6968
:10ABC00003EBC20C00E0A0685A680833824238BF29
:10ABD000A2606345F7D1B36830681B68984760B9D5
:10ABE0006A68636829695361A368B1FBF3F19B0844
:10ABF000516005499360C4F80C1170BD012070BD0F
:10AC0000012070470E2070BD4F4E584C90B138B5A2
:10AC100071B1144662B1084AD0F80C01904201D0DB
:10AC2000072038BD9A00204602F01EF9002038BDEA
:10AC3000012038BD012070474F4E584C00285CD091
:10AC40008C46002959D02DE9F04F934685B0002A53
:10AC500056D0314AD0F80C119142814648D1016852
:10AC6000D1F800A09F004368DAF804005B45D0F8F3
:10AC700008803BD809690B449B4537D80BEB07018B
:10AC80008B4247D30122002F3FD009F10C03CDE9BD
:10AC9000012900250393E14611E0DAF80830DAF8DB
:10ACA000000032465E692346B0470346029803BB64
:10ACB000FFF736FF25440346D8B9AF4225D909EB43
:10ACC0000506B6FBF8F408FB14647B1BA8EB040430
:10ACD0009C4228BF1C46019B0BEB0501002BDCD0DE
:10ACE0000398224602F0C0F80399D6E70022CAE78B
:10ACF0000723184605B0BDE8F08F012318467047BA
:10AD00000123184605B0BDE8F08F0023184605B0B2
:10AD1000BDE8F08F1623ECE74F4E584CC8B10E4BF0
:10AD2000D0F80C219A4210B5044610D1036882680D
:10AD30001B68406801FB020118689B689B69984783
:10AD400000B110BD2046BDE81040FFF7E9BE072066
:10AD500010BD0120704700BF4F4E584C0346C0B194
:10AD60000D4AD0F80C0190420FD1D3E9013001FB1C
:10AD7000003148B1084401E0814208D00B78FF2B34
:10AD800001F10101F8D01F20704707207047002013
:10AD900070470120704700BF4F4E584C90B10A4B8E
:10ADA000D0F80C219A420BD1036810B51B689A6841
:10ADB0000024C0F80C411868136B9847204610BD5A
:10ADC00007207047012070474F4E584C2DE9F04145
:10ADD000D0E921350446D3E90006082D2CD8DFE858
:10ADE00005F068140F0F053044565F0001233268E8
:10ADF000B168C4F8AC3006607068FAF797F8D8B953
:10AE00000020C4F88C00BDE8F081D4E92583D4F893
:10AE10009070002BF4D0002506E0D4F8983001356E
:10AE20009D4207F50077EBD270683A4608EB0501C2
:10AE3000FAF780FC0028F0D09020C4F88C00BDE820
:10AE4000F081D4F8905070682A460021FAF7C4FBCC
:10AE500003460028F0D1024601462846FEF704F8D2
:10AE6000003818BF01204000CBE7D4E92573002B40
:10AE7000C6D0002504E0D4F8983001359D42BFD2F9
:10AE800070687919FAF708FC0028F4D0D4E7D4F8F0
:10AE9000902070680021FAF74DFC0028B0D0CBE775
:10AEA0007068F9F7A3FCF36805469847002DA7D012
:10AEB000C2E7D4F89830D4E924783BB9A0E7D4F8B5
:10AEC000983001359D4207F5007799D270683A466F
:10AED00008EB0501FAF780FB0028F0D0ACE700BFD3
:10AEE00043681A6813695BB100B583B00178526991
:10AEF0008DF8001001926846984703B05DF804FB96
:10AF0000704700BF0620704760B1074BC2689A4285
:10AF100006D14FF0C8438906C3F8041800207047D3
:10AF200007207047012070474950535188B10A4BA0
:10AF3000C2689A4209D1022909D84FF0C8430020BB
:10AF40001A6B61F301021A637047072070470320F0
:10AF500070470120704700BF495053510620704789
:10AF6000002853D0002951D02A4BC2689A42844607
:10AF70004ED00B79DA1E0E2A46D810B4EFF31080AB
:10AF8000012383F31088244BD3F8002122F04002E0
:10AF9000C3F80021D3F8003180F3108808888C6949
:10AFA0004FF0C843002240F010009A611A625A63C1
:10AFB000C3F80428186362789A60CA785A620B79D9
:10AFC000FF2B18BF023B4FF0C84214BF43F47F432E
:10AFD0004FF47F439362237843F0300353608B78C0
:10AFE00043F040001060CCF8001023B1B3FA83F3B3
:10AFF000C3F11F03DBB2074A8CF804300020CCE910
:10B0000002025DF8044B7047FF2BB6D00120704759
:10B010000E20704749505351006F0440C8B10E4B89
:10B02000C2689A4213D10023C360EFF3108001225B
:10B0300082F31088094AD2F8001141F04001C2F8A9
:10B040000011D2F8002180F31088184670470720BD
:10B0500070470120704700BF49505351006F0440B2
:10B0600008B301B3124BC2689A421AD130B44FF000
:10B07000C842946AC4F38013640616D4006801249D
:10B080005461857B156190F806C01069546120FAFF
:10B090000CFC0CEA040C5361184681F800C030BC6B
:10B0A000704707207047012070470520F7E700BF71
:10B0B00049505351E0B1D9B1D2B1104BC068984258
:10B0C0001AD14FF0C84CDCF81430012B12D1013AE0
:10B0D0004B1E1144DCF8102003F8012F8B42F9D1EC
:10B0E00000230122CCF814201846CCF81430704705
:10B0F0000120704705207047072070474950535181
:10B1000020B3134BC2689A421AD110B44FF0C8430F
:10B110009A6AC2F38014520614D40068012159615E
:10B12000827B1A6180791A695961C24012F0010F5D
:10B1300049F642405C6108BF00205DF8044B70474F
:10B140000720704705205DF8044B704701207047C9
:10B1500049505351F8B506460D461446FFF7D0FF47
:10B1600000283DD1002D3CD031684FF0C8438A7C87
:10B17000D3F80468002A34D04B69844603E0624562
:10B1800003F108032DD05F68BC420CF1010CF6D12D
:10B190001A8832B34FF0C84301275F6191F80DC0A0
:10B1A000C3F810C001345F611A6113D0CA7806F188
:10B1B000204602F003023544032A04BF2A0E1A6116
:10B1C0004FF0C843C5F30741C5F30722EDB219613B
:10B1D0001A611D614FF0C8430121002259615A6173
:10B1E000F8BD0120F8BD00BF82B002680190019B4C
:10B1F00092F811C00BB3124BC16899421AD112795F
:10B200000023FF2A8DF8033018BF931E4FF0C84269
:10B210009DF8031043EA0C234FF0C04193620B7872
:10B22000DBB28DF80330936AC3F380105B06FAD467
:10B2300002B07047072002B07047012002B070478B
:10B2400049505351F8B506460C4617461D46FFF7C0
:10B2500057FF002842D1002C41D0002F3FD0366844
:10B26000B168B7FBF1F301FB1373C91A8D4236D8ED
:10B270004FF0C8414FF0010CD1F80438C1F814C0A8
:10B2800003F12043DA19737B0B61C1F814C0337BDF
:10B290000B61F37803F00303032B08BF130E4FF089
:10B2A000C84C08BF0B61C2F30743CCF81030C2F39F
:10B2B0000723D2B2CCF81030CCF8102045B16B1E69
:10B2C000621EE11812F8013FCCF810308A42F9D121
:10B2D0004FF0C8430121002259615A61F8BD012095
:10B2E000F8BD00BF82B002680190019B92F810C0C7
:10B2F00013B3134BC16899421BD112790023FF2A63
:10B300008DF8033018BF931E43EA0C234FF0C84258
:10B310009DF8031043F080034FF0C04193620B7817
:10B32000DBB28DF80330936A5B06FCD5002002B0D7
:10B330007047072002B07047012002B0704700BF7D
:10B340004950535100283AD070B51F4CC568A542EA
:10B3500031D14FF0C84CDCF82840C4F380156406A6
:10B360002BD400680124CCF81440867BCCF8106004
:10B3700090F806E0DCF81000CCF8144020FA0EF04B
:10B38000C007CCF814501CD499B192B1013A481EB0
:10B39000CCF81440114410F8012FCCF81020814251
:10B3A000F9D123B90122CCF81420CCF814300020B4
:10B3B00070BD012070BD072070BD052070BD01204B
:10B3C000704749F6424070BD4950535148B1064B51
:10B3D00002689A4203D10023036018467047072091
:10B3E00070470120704700BF54524F502DE9F84F6D
:10B3F0000388DBB1DFF8D88082464FF0000B4FF0B6
:10B400000109314D4FEACB070024DAF8043035F852
:10B41000022BD919898891420AD00134032CF4D126
:10B42000BAF800300BF1010B5B45EAD8BDE8F88FA4
:10B43000DB5903F0B85309FA04F6B3F1807FF6B292
:10B4400098F8BB3413D0334231D1204A04F12001A3
:10B4500012F81130DB09E0D012F8113023F080032C
:10B4600002F81130C820012101F038F9D5E7334244
:10B4700011D0164A04F1200112F81130DB09CCD1A9
:10B4800012F8113043F0800302F81130C820012176
:10B4900001F024F9C1E7012001F0CAF998F8BB34A2
:10B4A0003343012088F8BB3401F092F9E1E7012031
:10B4B00001F0BEF998F8BB3423EA0603012088F8AE
:10B4C000BB3401F085F9C0E720E8000000400440EB
:10B4D00000E0014098B10C4B0068984211D172B164
:10B4E0000B0A1B0110B453FA81F1084C54F82130B7
:10B4F0005DF8044BC3F34003002013707047012034
:10B5000070470720704700BF54524F500008044056
:10B5100070B1094B006898420CD14AB1090A49013F
:10B5200001F1804101F5802100204B6813807047B4
:10B53000012070470720704754524F50E8B110B4B3
:10B5400000680F4CA04210D19BB1090A490101F1DA
:10B55000804123EA020001F58021134043EA0043C1
:10B560005DF8044B8B600020704707205DF8044BAA
:10B57000704703205DF8044B70470120704700BFFF
:10B5800054524F50C0B10D4B0068984210D1012A5F
:10B5900010D8C8B2012383409BB202B91B04090A28
:10B5A000490101F1804101F5802100208B60704745
:10B5B00007207047032070470120704754524F50B6
:10B5C00000B310B40068104CA04213D1B3B1090A03
:10B5D000490101F1804101F5802103EA02000C6874
:10B5E00062EA030240EA04031A4000205DF8044BBB
:10B5F0000A60704707205DF8044B704703205DF830
:10B60000044B70470120704754524F50A8B10E4B65
:10B610000068984213D182B1090A01238B4013F0CC
:10B620001E0F0ED0490101F1804101F5802100205B
:10B630004B68C3F30F431380704701207047072006
:10B6400070470320704700BF54524F5000B3164B51
:10B65000006898421ED1DAB10B0A012000FA03FCFF
:10B660001CF01E0F1DD010B45B0103F1804303F5E5
:10B670008023C9B25C6800FA01F18BB201EA14417F
:10B680008B4209D0002300205DF8044B13707047F3
:10B69000012070470720704710705DF8044B0020B0
:10B6A00070470320704700BF54524F5010B310B47E
:10B6B0000068114CA04219D1A3B1090A01208840A9
:10B6C00010F01E0F0ED0490101F1804123EA020063
:10B6D00001F58021134043EA00435DF8044BCB6041
:10B6E0000020704703205DF8044B704707205DF889
:10B6F000044B70470120704754524F5030B3164BE3
:10B70000006898421ED1012A1ED80B0A012010B4ED
:10B7100000FA03F414F01E0F1AD05B0103F180430A
:10B7200003F58023C9B2DC688840012A4FEA004152
:10B7300013BF84438C4304430C43DC6000205DF85A
:10B74000044B704707207047032070470120704763
:10B7500003205DF8044B704754524F50002853D0DB
:10B7600070B52A4B154602689A4286B002D007206F
:10B7700006B070BD01AB012603A80C46ADF8081059
:10B780000195ADF80C600493FFF730FEEFF31081E4
:10B7900086F310881E4B1A681AB91E48C2704022E0
:10B7A000C2701A6801321A6081F31088EA034FEA06
:10B7B0001421E4B219D40901174A214442F8215056
:10B7C000EFF31082012181F31088196811B1196813
:10B7D000013919601B681BB90E498020CB70C870F5
:10B7E00082F31088002006B070BD04EB01100A4AF5
:10B7F00052F8206026F4803642F8206025F4803626
:10B8000042F820600901D7E70120704754524F5099
:10B810004C98FE1F000D044000080440F8B5044693
:10B82000FFF7E4FDEFF31082012383F310881F4F2D
:10B830003B681BB91E49CB704023CB703B6801337A
:10B840003B6082F310882388E3B16168194C01EBF7
:10B85000C30E8A880868130AC503D2B202EB031C20
:10B8600009D554F82C6020F4803526F4803644F84D
:10B870002C6044F82C501B01134408318E4544F8C9
:10B880002300E6D1EFF31082012383F310883B6895
:10B8900013B13B68013B3B603B681BB90449802006
:10B8A000CB70C87082F31088F8BD00BF4C98FE1FA3
:10B8B000000D04400008044090B189B108B54B6800
:10B8C0004BB1094B02689A420CD003600846FFF75F
:10B8D000A5FF002008BD0B88002BF2D0012008BD79
:10B8E000012070470E2008BD54524F5080B108B55A
:10B8F000084A0368934209D131B14B6823B1084625
:10B90000FFF78CFF002008BD012008BD072008BDFF
:10B910000120704754524F50F0B5076A8BB006466D
:10B920008C465FB3BE46BEE80F006C460FC4BEE84F
:10B930000F000FC49EE8030084E80300BCE80F007A
:10B940003D460FC5BCE80F000FC59CE803008EE81C
:10B950000300F36938469847336A6BB1EE469C465C
:10B96000BEE80F00ACE80F00BEE80F00ACE80F0027
:10B970009EE803008CE803000BB0F0BD0F46E8E73B
:10B98000437B934210B4446852D0B4F8403823F457
:10B990008063A4F84038B4F840384FF0020C6CF3E0
:10B9A0000923A4F84038B4F8423803F4E063B3F54F
:10B9B000007FF8D1022384F8582842730373994218
:10B9C00015D00529B4F8403814D023F48063A4F8C6
:10B9D0004038B4F8403861F309230A02A4F840382B
:10B9E000B4F8423803F4E0639342F9D101735DF88F
:10B9F000044B704723F48063A4F84038B4F840380F
:10BA0000022262F30923A4F84038B4F8423803F460
:10BA1000E063B3F5007FF8D1B4F8403843F48063B5
:10BA2000A4F84038B4F842385B05FBD50173DEE773
:10BA3000037BC4E700287FD0404A816891420346D7
:10BA400078D130B402683E4C0020986092F91520FD
:10BA50004FEA521C02F01F010CF1200C012202FAE5
:10BA600001F144F82C10BFF34F8FBFF36F8F1968AB
:10BA700091F916104FEA511C0CF1200C01F01F0136
:10BA800002FA01F144F82C10BFF34F8FBFF36F8F10
:10BA9000196891F917104FEA511C0CF1200C01F0B4
:10BAA0001F0102FA01F144F82C10BFF34F8FBFF3CE
:10BAB0006F8F196809698D6995F905104FEA511C56
:10BAC0000CF1200C01F01F0102FA01F144F82C10D6
:10BAD000BFF34F8FBFF36F8F95F904104FEA511CDE
:10BAE0000CF1200C01F01F0102FA01F144F82C10B6
:10BAF000BFF34F8FBFF36F8F596881F84A0881F801
:10BB0000480881F84C08C1F82C04EFF3108482F344
:10BB1000108819680B4B0968C1F102018A40D3F8FB
:10BB200000110A43C3F80021D3F8003184F31088D0
:10BB300030BC704707207047012070474E41435288
:10BB400000E100E0006F0440F0B1EAB130B43D4BD9
:10BB500084689C4215D103681B691C69A14215D3F6
:10BB6000182954D1446894F83808450652D490797D
:10BB700008284CD894F84A08400617D54EF6672096
:10BB800000E0072030BC704701207047446860180F
:10BB900090F820C81CF0400F3CD19579082D36D87C
:10BBA0001829E7D090F82008C0093ED11D7B106805
:10BBB000137992F805C085B3022D39D0002320F007
:10BBC0006040034301F12000050143EA8C73635197
:10BBD00004EB00139079B3F804C060F3030CA3F8EE
:10BBE00004C004EB011303F206230C3203EB000C38
:10BBF00028B112F8010B03F8010B6345F9D118299C
:10BC00000FD00C44802384F820380020BAE70320AA
:10BC100030BC70474EF66420B4E70B4B03EA804318
:10BC2000D0E7FF2384F84B38EFE74EF66320A9E70F
:10BC3000002BF2D0A3F10103B3FA83F35B09DB0716
:10BC4000BDE700BF4E4143520000FC1F2DE9F84FF5
:10BC500088B30C4679B30F696FB38B685BB3054645
:10BC6000486840B391F91530002B24DB91F9163068
:10BC7000002B20DB91F91730002B1CDB3A69182AC6
:10BC800014D812F0030611D1674BA968994200F04D
:10BC9000C880920813D07B6803EB820201E09342D4
:10BCA0000DD053F8041BB1F1005FF8D34EF66226B5
:10BCB0003046BDE8F88F01263046BDE8F88F0368AE
:10BCC000013BB3F5806FF1D2D0E901239A42EDD95F
:10BCD000C2689342EAD33878544B554A196A1268BD
:10BCE000012800F0168293F82630052BDED1236858
:10BCF00003F5802808F150084FEA0838C5F8048099
:10BD0000EFF3108C012181F310884A4A2368D2F89E
:10BD10000001C3F1020301FA03F320EA0303C2F8AE
:10BD20000031D2F800318CF31088A368EB614FF03A
:10BD30000009E3686B622C60C5F8209097F800A0BA
:10BD400085F818A028464A46FFF71AFE62683B7D30
:10BD5000DFF8E8C04FEAC30E9368013B4FEA032BBC
:10BD60005368013B4BEA037343EA0A0A3B7B4EEA02
:10BD7000430343F4E07343F00103A8F84038D36869
:10BD80001268013B013A0CEA024C4AEA033343EAE7
:10BD90000C030221C8F844384A46FFF7F1FD80231E
:10BDA0004FF4C072494688F8503808F5007001F029
:10BDB0004BF8D7F810E0B968DFF87CC04A460AE0D3
:10BDC00072450DD308EB02000132182A01F1080177
:10BDD00080F8203834D08B79002BF1D00023F1E7A4
:10BDE00097F80CE0086891F804A091F80590BEF16E
:10BDF000000F13D0BEF1020F00F06D819E4620F0BF
:10BE0000604343EA0E0302F12000000143EA897314
:10BE100048F80030D7F810E04023D3E70CEA80431D
:10BE2000F1E70E2648E700BF4E41435200E00140D3
:10BE30008498FE1F006F04400000FC1F0000FF03F9
:10BE40005FEA9E0100F086817868DFF818A3043865
:10BE50004FF0000C00EB810163466FF0604E4FF035
:10BE60000F0950F8042F72450FD297F80CB0BBF1B0
:10BE7000000F01D10AEA824203F5807B48F82B20AB
:10BE80009A0009FA02F24CEA020C814203F1010322
:10BE9000E7D16FEA0C0323F07F43C8F82834397BDD
:10BEA000FB699A68187B93F80DC0002900F0208187
:10BEB000022900F03A81002122F060420A4342EA5E
:10BEC0008C72C8F82024397B1A69187D93F815C044
:10BED000002940F01181A34901EA824242EA8C72B2
:10BEE000C8F82424D3E9002301EA824201EA83430B
:10BEF000C8F818240022C8F81C3411462846FFF759
:10BF00003FFDB8F8403843F02003A8F84038B8F8AF
:10BF10004038C3F340129B06F9D494F91510237DE1
:10BF2000DFF850C2DFF850E20CEB01001B01DBB27E
:10BF300080F800338C4B4EF8215001F1C00053F8CB
:10BF4000209062F3104943F8209053F82000BFF38B
:10BF50005F8F4FEA51194FEA890909F1604909F5E4
:10BF60006149012001F01F0100FA01F1C9F88011B7
:10BF7000C9F8001094F9161094F814900CEB010A0B
:10BF80004FEA09195FFA89F98AF8009301F1C009AB
:10BF90004EF8215053F829A062F3104A43F829A023
:10BFA00053F82990BFF35F8F4FEA51194FEA89097F
:10BFB00009F1604909F5614901F01F0100FA01F139
:10BFC000C9F88011C9F8001094F9171094F814906A
:10BFD0000CEB010A4FEA09195FFA89F98AF8009314
:10BFE00001F1C0094EF8215053F829A062F3104A1C
:10BFF00043F829A053F82990BFF35F8F4FEA5119F6
:10C000004FEA890909F1604909F5614901F01F0109
:10C0100000FA01F1C9F88011C9F800103E21BF698A
:10C0200088F84C1897F9051094F814900CEB010A55
:10C030004FEA09195FFA89F98AF8009301F1C009FA
:10C040004EF8215053F829A062F3104A43F829A072
:10C0500053F82990BFF35F8F4FEA51194FEA8909CE
:10C0600009F1604909F5614901F01F0100FA01F188
:10C07000C9F88011C9F8001097F90410247D8C4488
:10C080002401E4B28CF8004301F1C0044EF82150C1
:10C0900053F824C062F3104C43F824C053F8243002
:10C0A000BFF35F8F4A09920002F1604201F01F0363
:10C0B00002F5614200FA03F3C2F8803113603B6875
:10C0C00063F07F43C8F82C34284B88F84A0888F876
:10C0D0004808AB60F0E5BAF1000F3FF49FAEAAF15B
:10C0E000010EBEFA8EFE4FEA5E1E4FEACE7E86E657
:10C0F0001C4901EA8242E2E6022920D0002122F016
:10C10000604242EA8C720A43C8F82424D3E900232F
:10C11000EEE6C1F3026302FA03F3C1F30221144A0B
:10C12000CB409342BFF4E3ADC0E50028E0D000F17E
:10C13000FF3EDEF1000141EB0E01C907BCE660B92C
:10C14000084901EA824242EA8C72C8F82424D3E901
:10C150000023CDE66FF07F439FE601384142414125
:10C16000C907CCE70000FC1F006000404E4143526D
:10C1700000366E0100E100E05098FE1F30B58BB034
:10C18000EFF30383103B5BB22F4AC03352F8231006
:10C1900021F4803142F8231052F82330EFF3038367
:10C1A000103B5BB2294850F82350282200216846F2
:10C1B00000F04AFE6C6894F84D380020DBB284F839
:10C1C0004D08ADF80430B4F84218C1F30012C906A6
:10C1D00038D543F02003ADF80430022394F85328F7
:10C1E00084F8533894F8523803F01F03D2B2E118A0
:10C1F00084F8532891F8202860F3820281F82028DF
:10C200002A681268009269466A6A03932846049273
:10C21000FFF782FBB4F84238DB0611D52B681A69A8
:10C22000127D6AB193F91530002B09DB5A090848D1
:10C2300003F01F030121403201FA03F340F82230DA
:10C240000BB030BD1346DBE7006000405098FE1F86
:10C2500000E100E02DE9F0438BB0EFF30383103BE6
:10C260005BB2544AC03352F8231021F4803142F8B3
:10C27000231052F82330EFF30385103D6EB24E4A7F
:10C2800052F82600D0E900944FF48063ADF80430F2
:10C29000D9F810309F6997F90520B24205F0FF05E3
:10C2A00076D0002194F8532884F8531894F85288D3
:10C2B000D2B284F8532808F01F0808F120024FEA90
:10C2C000021C54F80C1054F80CC0C1F3807E8DF899
:10C2D00019E01B7B43EADC7303F001038DF818308F
:10C2E000002B47D1C1F38A4104EB021205919388D8
:10C2F00003F00F03082B9C4628BF4FF0080C8DF865
:10C300001AC06BB10DF11F02002304EB081E0EEBE7
:10C310000301013391F8061202F8011F9C45F6D182
:10C32000B8F11C0F30D004EB0803442283F8202816
:10C33000D9F800300093436A0493694600230793B9
:10C34000CDF80C80FFF7E8FA97F90530B34214D026
:10C35000B4F84238DB070AD5002E08DB6B09174911
:10C3600005F01F0501224033AA4041F823200BB0FD
:10C37000BDE8F08321F06041B6E794F84838DB0966
:10C38000F5D1002EEADAF2E7FF2384F84938CFE747
:10C3900094F84828D20609D594F8482822F01002CB
:10C3A00084F848284FF48842ADF804204FF01C0868
:10C3B00083E700BF006000405098FE1F00E100E0EE
:10C3C000F0B58BB0EFF30383103B5BB22D4AC03363
:10C3D00052F8231021F4803142F8231052F8233010
:10C3E000EFF30384103C284B64B2002253F824502E
:10C3F000ADF80420D5E900160B699F6997F9043060
:10C40000A34236D0012396F8530886F8533896F89D
:10C41000523803F01F0303933344C0B286F8530825
:10C4200083F8202883F820284FF40063ADF8043007
:10C430000B68009369466B6A04932846FFF76CFA11
:10C4400097F90430A34212D0B6F842389B070ED5B4
:10C450002B6893F91730002B09DB5A090B4803F0BE
:10C460001F030121403201FA03F340F822300BB0E0
:10C47000F0BD3B68182203929A01D5D54FF42053A2
:10C48000D4E700BF006000405098FE1F00E100E0CC
:10C49000064B074993F826001A6A51F820300549DF
:10C4A000C2F30262D3400B60704700BF00E001405E
:10C4B000B005FE1F8498FE1F704700BF494B4A49D4
:10C4C0004A4A70B500204A4C4A4E4AF20355A3F836
:10C4D000FE53A1F8000148496160484D4849226077
:10C4E0004FF40042C4E9022193F82610C4E9042560
:10C4F00054F82120196AC1F30261CA40092132604F
:10C5000083F8130483F8A21093F880241AB993F8DF
:10C510008134980761D0334D95F88034002B51D089
:10C52000304B002283F8812483F880242D4A062191
:10C53000002382F8A51082F8323092F83C301907B7
:10C54000FBD5002342F20171118582F82A30254B78
:10C5500093F83C209206FBD5234A2A48022182F810
:10C560001C1129491962052183F8261093F8261019
:10C5700054F821101C6AC4F30264E1403160F121D7
:10C580000171BFF35F8F0E210172BFF35F8FF02443
:10C590000471012140244FF4254083F8301083F8C2
:10C5A000521083F8531083F82440A3F8FE03A2F836
:10C5B0000411B2F804319BB2002BFAD10123A2F886
:10C5C000003170BD012185F88014C82000F086F884
:10C5D00095F88034012BFBD1A2E74FF47A70FFF776
:10C5E0006BFFA3E700E0014000C00140002D3101D6
:10C5F000B005FE1F8498FE1F00127A00001C4E0E2C
:10C6000000366E01002000402112012138B5294C6E
:10C61000002584F828500121C82000F05FF884F834
:10C62000245094F82430002BFBD194F82430214975
:10C6300043F0020384F8243091F82430C3F340001F
:10C640009B07F9D41B4A81F8220092F8223003F0AC
:10C65000FF00002BF9D192F84030164960F3C71360
:10C6600082F8403091F84030DB09FBD191F842006C
:10C67000104A63F3C71081F8420092F84230DB0998
:10C68000FBD192F844000B4963F3C71082F84400D1
:10C6900091F84430C3F3C014DB09F9D1012000F054
:10C6A000C7F8054B012083F8BB44BDE8384000F0D3
:10C6B0008FB800BF0040044000E0014018B1034BB8
:10C6C0000360002070470120704700BF0000020691
:10C6D000A0F101000028FBD1704700BF1F4B204A8A
:10C6E0001B68934200FB01F113D302F1854202F56E
:10C6F000071203F5741302F6834203F6FF03A2FB4D
:10C7000003231B0DA3FB01314FF0FF30F9B1FFF7FD
:10C71000DFBF4FF47A7210B4A1FB02C41148B0FB22
:10C72000F3F34FF0FF3044B9BCFBF3FC4FEA9C003D
:10C7300088B15DF8044BFFF7CBBF9B00B1FBF3F171
:10C74000A1FB0212002AF4D1084620B1F1E71846F5
:10C75000002BDCD170475DF8044B70478498FE1FB6
:10C7600000127A0000CA9A3B0C4B70B5B3F8202136
:10C77000B3F840510A4EADB20024154025FA04F337
:10C78000DB0704D556F82430E0B203B198470134F2
:10C790000D2CF3D1014BA3F8305170BD0060004067
:10C7A0001898FE1F10B40849084C002331F8022BDA
:10C7B00003F1C00001330AB144F820200A2BF5D15F
:10C7C0005DF8044B704700BFD8E7000000600040F0
:10C7D000EFF31081012383F31088124B33F81020FC
:10C7E00092B22AB133F81020013A92B223F8102005
:10C7F00033F810309BB293B90B4A10B4B2F8FE3341
:10C800000A4C9BB234F8100043F4254323EA00039A
:10C81000A2F8FE3381F310885DF8044B704781F372
:10C82000108870477898FE1F00E001405CE8000027
:10C8300030B4EFF31081012383F310880E4A32F8ED
:10C8400010309BB26BB90D4C0D4DB4F8FE3335F87A
:10C8500010C09BB243EA0C0343F425439BB2A4F8F7
:10C86000FE3332F8103001339BB222F8103081F3DE
:10C87000108830BC704700BF7898FE1F00E0014070
:10C880005CE8000008B500F0E7FA0C2303604FF005
:10C89000FF3008BD00BE704708B500F035F8F5F769
:10C8A000F5FBFEE7F8B5174F3E680546A6B17C6874
:10C8B00006EB460604EB860602E00C34B4420BD0CD
:10C8C000637AAB42F9D1D4E900020021121A0C3488
:10C8D00000F0BAFAB442F3D1BE6896B1FC6804EB3A
:10C8E000061602E01034A6420BD0637BAB42F9D1AE
:10C8F000D4E90002A168121A103400F0B5FAA64279
:10C90000F3D1F8BD68000000204B214A4FF47001BC
:10C9100070B50020C3F888109A60F5F70DF8FFF79E
:10C92000CDFD0120F5F708F81A4B1B4A1B490024DE
:10C930004FF425409C80012518809A6002F58060A4
:10C940004FF48052D860A1F8202120469D80FFF747
:10C95000A9FFFFF79DFDFFF759FE0220F4F7ECFF5A
:10C960002846FFF79FFF0E4D0E4B5B1BA34206DDD3
:10C970009E1055F8043B01349847A642F9DCFFF7B6
:10C9800011FFBDE87040002000F00EB800ED00E09F
:10C9900000000000000D0040B001FE1F00600040DC
:10C9A000F4E90000F8E90000704700BF53B94AB944
:10C9B000002908BF00281CBF4FF0FF314FF0FF30A7
:10C9C00000F06AB9ADF1080C6DE904CE00F006F88C
:10C9D000DDF804E0DDE9022304B070472DE9F047FB
:10C9E000089D0E4604460F46002B4AD194468C45BE
:10C9F000B2FA82F260D942B1C2F12003974020FA24
:10CA000003F30CFA02FC1F4394404FEA1C4E1FFA3A
:10CA10008CF6B7FBFEF1230C0EFB117743EA0743BC
:10CA200001FB06F098420AD91CEB030301F1FF3722
:10CA300080F01581984240F21281023963441B1A3A
:10CA4000A4B2B3FBFEF00EFB103344EA034400FB38
:10CA500006F6A6420AD91CEB040400F1FF3380F06D
:10CA60000081A64240F2FD806444023840EA014061
:10CA7000A41B00211DB1D4400023C5E90043BDE83B
:10CA8000F0878B4205D90DB1C5E9000100210846A8
:10CA9000F5E7B3FA83F1002946D1B34202D38242CB
:10CAA00000F2F580841A66EB030201201746002D80
:10CAB000E5D0C5E90047E2E7002A40F09380A1EB0A
:10CAC0000C034FEA1C471FFA8CFE0121B3FBF7F65B
:10CAD00007FB1630230C43EA00430EFB06F0984296
:10CAE00008D91CEB030306F1FF3802D2984200F28A
:10CAF000D08046461B1AA4B2B3FBF7F007FB1033F5
:10CB000044EA03440EFB00FEA64508D91CEB0404CE
:10CB100000F1FF3302D2A64500F2B6801846A4EB1E
:10CB20000E0440EA0640A5E7C1F120078B4022FA37
:10CB300007FC4CEA030C06FA01FE20FA07F426FA79
:10CB400007F344EA0E0400FA01F84FEA1C404FEAEA
:10CB50001449B3FBF0FE1FFA8CF600FB1E3349EAC2
:10CB600003430EFB06F9994502FA01F20BD91CEBBF
:10CB700003030EF1FF3A80F08580994540F28280F0
:10CB8000AEF1020E6344A3EB0909A4B2B9FBF0F3C2
:10CB900000FB139944EA094403FB06F6A64208D9B0
:10CBA0001CEB040403F1FF3068D2A64266D9023BB5
:10CBB000644443EA0E40A41BA0FB02E6B442734661
:10CBC000B14652D34FD05DB1B8EB030264EB090418
:10CBD00004FA07F722FA01F31F43CC40C5E90074B9
:10CBE00000214CE7C2F1200120FA01F30CFA02FC0B
:10CBF00026FA01F1964033434FEA1C471FFA8CFE98
:10CC0000B1FBF7F007FB1016190C41EA064100FBD7
:10CC10000EF68E4204FA02F408D91CEB010100F171
:10CC2000FF382DD28E422BD902386144891B9BB22A
:10CC3000B1FBF7F607FB161143EA014306FB0EF1C1
:10CC4000994208D91CEB030306F1FF3814D299422C
:10CC500012D9023E63445B1A46EA004136E7394680
:10CC6000EDE6184602E7F045ADD2BEEB020366EBF7
:10CC70000C060138B146A6E74646ECE7034698E7BE
:10CC80004046D3E7D6467EE76444023847E7084685
:10CC90000DE7023E63442DE7704700BF0A220021E2
:10CCA00000F07AB8242B2DE9F0478646904601D84B
:10CCB000012B06D100F0D0F8162303600020BDE858
:10CCC000F08734480D462A4615F8014B065D16F0EC
:10CCD0000806F8D12D2C10D12C780126951C33F0A4
:10CCE000100215D1302C0DD12A7802F0DF02582A1B
:10CCF00008D16C78023510230AE02B2C04BF2C7865
:10CD0000951CECE7002BF6D1302C14BF0A23082326
:10CD100006F1004C0CF1FF3C0022BCFBF3F910467D
:10CD200003FB19CAA4F13007092F0FD83C46A342D0
:10CD30001BDD571C07D0814514D301D1A24511DB5F
:10CD400000FB0340012215F8014BEBE7A4F141077A
:10CD5000192F01D8373CEAE7A4F16107192F04D84D
:10CD6000573CE4E74FF0FF32EDE7531C08D1222394
:10CD7000CEF800306046B8F1000FA0D0691E06E082
:10CD800006B14042B8F1000F99D0002AF6D1C8F898
:10CD9000001094E767E8000013460A46014602487F
:10CDA0000068FFF77FBF00BF6001FE1F0CB430B505
:10CDB000174B0C1E1D689DB008DA8B232B604FF0BB
:10CDC000FF301DB0BDE8304002B070474FF4027331
:10CDD000ADF8143014BF04F1FF33234604930793D6
:10CDE0004FF6FF7302900690ADF81630209A21ABF3
:10CDF00002A92846019300F0A1F9431CBCBF8B2374
:10CE00002B60002CDDD0029B00221A70D9E700BFF6
:10CE10006001FE1F884210B501EB020402D9844272
:10CE2000234607D8431EA14208D011F8012B03F86E
:10CE3000012FF8E7024401468A4200D110BD13F8E1
:10CE4000014D02F8014DF7E702440346934200D139
:10CE5000704703F8011BF9E7014B1868704700BFE2
:10CE60006001FE1F704770470A44914200F1FF3392
:10CE700000D1704710B511F8014B03F8014F9142F2
:10CE8000F9D110BD034613F8012B002AFBD1181A63
:10CE90000138704738B50546002941D051F8043CA7
:10CEA0000C1F002BB8BFE41800F0E0F81D4A13680F
:10CEB00033B9636014602846BDE8384000F0DCB840
:10CEC000A34208D9206821188B4201BF19685B680A
:10CED00009182160EDE71A465B680BB1A342FAD945
:10CEE00011685018A0420BD12068014450188342A9
:10CEF0001160E0D118685B68536008441060DAE79D
:10CF000002D90C232B60D6E7206821188B4204BF7E
:10CF100019685B68636004BF091821605460CAE740
:10CF200038BD00BFCC99FE1F70B50F4E0C4631685E
:10CF3000054611B900F08AFB30602146284600F012
:10CF400085FB431C03D14FF0FF34204670BDC41C49
:10CF500024F00304A042F8D0211A284600F076FB02
:10CF60000130F2D1EFE700BFC899FE1F2DE9F84369
:10CF7000CD1C25F0030508350C2D38BF0C25002DE0
:10CF8000064601DBA94204D90C2333600020BDE82A
:10CF9000F883DFF8D48000F069F8D8F800301C4638
:10CFA00044BB29463046FFF7BFFF431C044658D117
:10CFB000D8F800402746002F43D1002C4BD02368DF
:10CFC0003946304604EB030900F040FB814542D16D
:10CFD00021686D1A29463046FFF7A6FF01303AD086
:10CFE00023682B442360D8F800305A6862BBC8F825
:10CFF00000700FE02268521B20D40B2A17D9611948
:10D00000A342256018BF5960636808BFC8F80010C4
:10D0100062514B60304600F02FF804F10B00231DE5
:10D0200020F00700C21A1CBF1B1AA350AFE76268AA
:10D03000A3420CBFC8F800205A60EBE7234664689F
:10D04000AEE73C467F68B6E71A465B68A342FBD171
:10D0500000235360DEE70C233360304600F00CF809
:10D0600094E70560D6E700BFCC99FE1F0148FFF7A3
:10D07000F9BE00BFC499FE1F0148FFF7F4BE00BF10
:10D08000C499FE1F2DE9F0478E681F46BE420B680B
:10D0900082460C4690462DD8B1F90C2012F4906FC0
:10D0A00026D06569096905EB4505A3EB010905EB88
:10D0B000D5757B1C4B446D109D4238BF1D465305F2
:10D0C00027D52946FFF752FF064660B321694A4635
:10D0D000FFF7CAFEA38923F4906343F08003A38182
:10D0E000266165614E44A5EB09052660A5603E46B4
:10D0F000BE4200D93E46206832464146FFF78AFECE
:10D10000A3689B1BA3602368334423600020BDE811
:10D11000F0872A4600F0FCFA06460028E0D1216993
:10D120005046FFF7B7FE0C23CAF80030A38943F03E
:10D130004003A3814FF0FF30E9E700002DE9F04FF5
:10D1400098468B891B069DB007460D46144610D5A0
:10D150000B6973B94021FFF709FF2860286130B9D6
:10D160000C233B604FF0FF301DB0BDE8F08F402333
:10D170006B610023099320238DF82930CDF80C80B2
:10D180003023DFF89C818DF82A304FF001092346C7
:10D190009A4613F8012B0AB1252AF9D1BAEB040BF0
:10D1A0000BD05B46224629463846FFF76BFF01301D
:10D1B00000F0A780099A5A4409929AF80030002B8F
:10D1C00000F09F8000234FF0FF32CDE905230AF1E4
:10D1D000010A049307938DF853301A93544605229D
:10D1E00014F8011B4E4800F043FA049AD8B9D0064F
:10D1F00044BF20238DF85330110744BF2B238DF8F3
:10D2000053309AF800302A2B15D0079A5446002044
:10D210004FF00A0C214611F8013B303B092B4BD94A
:10D22000B0B1079214E0A0EB080309FA03F313432B
:10D230000493A246D2E7039B191D1B680391002BA0
:10D24000BBBF5B4242F0020207930793B8BF049250
:10D2500023782E2B0AD163782A2B32D1039B1A1DF7
:10D260001B68039243EAE37302340593DFF8C0A01E
:10D2700021780322504600F0FBF938B1049BA0EB63
:10D280000A004022824013430134049314F8011B26
:10D2900024488DF82810062200F0EAF9002836D03C
:10D2A000214B1BBB039B073323F007030833039376
:10D2B000099B334409936AE70CFB02320C460120B8
:10D2C000A8E700230134059319464FF00A0C2046C5
:10D2D00010F8012B303A092A03D9002BC6D005914A
:10D2E000C4E70CFB012104460123F0E703AB0093E4
:10D2F0002A460E4B04A93846AFF30080421C06466E
:10D30000D6D1AB895B063FF52DAF09982CE703AB6F
:10D3100000932A46054B04A9384600F079F8EDE75A
:10D3200067E9000071E900000000000085D00000FE
:10D330006DE900002DE9F047164698468A680B69AA
:10D34000DDF820909342B8BF1346336091F8432034
:10D3500007460C460AB1013333602368990642BF81
:10D36000336802333360256815F0060506D104F1F1
:10D37000190AE36832689B1AAB4226DC94F8433002
:10D380002268003B18BF012392062BD404F143020C
:10D3900041463846C84701301ED02368226903F051
:10D3A0000603042B02BFE5683368ED1AA3680CBFBF
:10D3B00025EAE57500259342C4BF9B1AED180026A7
:10D3C0001A34B5421AD1002008E0012352464146E2
:10D3D0003846C847013003D14FF0FF30BDE8F08731
:10D3E0000135C6E7E1185A1C302081F84300224479
:10D3F00094F8451082F843100233C7E70123224610
:10D4000041463846C8470130E6D00136D9E700002A
:10D410002DE9FF470F7E0C9E782F914680460C46E3
:10D420009A4601F1430207D8622F0AD8002F00F074
:10D43000D180582F00F0B88004F1420684F8427081
:10D440003AE0A7F16303152BF6D801A151F823F0B8
:10D45000A9D40000BDD4000039D4000039D40000A4
:10D4600039D4000039D40000BDD4000039D4000004
:10D4700039D4000039D4000039D40000BBD50000F5
:10D48000E7D4000075D5000039D4000039D400007D
:10D49000DDD5000039D40000E7D4000039D4000005
:10D4A00039D400007DD5000033681A1D1B68326036
:10D4B00004F1420684F8423001239CE0336820687E
:10D4C000191D3160060601D51D6803E04506FBD530
:10D4D000B3F90050002D03DA2D236D4284F8433058
:10D4E00058480A2311E021683368080653F8045BA2
:10D4F00002D4490648BFADB26F2F5248336014BF03
:10D500000A230823002184F843106668A660002ED1
:10D5100005DB21682E4321F0040121604BD0164623
:10D52000B5FBF3F103FB1157C75D06F8017D2F46EC
:10D53000BB420D46F4D9082B0BD12368DF0708D571
:10D54000236961689942DEBF302306F8013C06F189
:10D55000FF36921B2261CDF800A04B4603AA21465C
:10D560004046FFF7E7FE01304AD14FF0FF3004B0EC
:10D57000BDE8F087236843F0200323603248782712
:10D5800084F84570236831681F0651F8045B02D4A3
:10D590005F0648BFADB23160D90744BF43F02003F6
:10D5A00023601DB11023ADE72648E9E7236823F087
:10D5B00020032360F6E71646BDE7336825686169F6
:10D5C000181D30602E061B6801D5196002E0680640
:10D5D000FBD51980002323611646BCE733681A1D6A
:10D5E00032601E6862680021304600F041F808B1E0
:10D5F000801B606063682361002384F84330AAE7DE
:10D600002369324649464046D0470130ADD02368B1
:10D610009B0713D4E068039B9842B8BF1846A6E75F
:10D620000123324649464046D04701309DD001355E
:10D63000E36803995B1AAB42F2DCEBE7002504F1E7
:10D640001906F5E778E9000089E9000038B5064DCC
:10D650000023044608462B60FFF714F9431C02D14F
:10D660002B6803B1236038BDC099FE1F0000000085
:10D6700001F0FF01102A2BDB10F0070F08D010F883
:10D68000013B013A8B422DD010F0070F42B3F6D187
:10D69000F0B441EA012141EA014122F007047FF0A0
:10D6A00000070023F0E80256083C85EA010586EAF7
:10D6B000010685FA47F5A3FA87F586FA47F6A5FA33
:10D6C00087F68EB9EED1F0BC01F0FF0102F007023F
:10D6D00032B110F8013B013A83EA010313B1F8D1EA
:10D6E0000020704701387047002D06BF35460338CB
:10D6F000073815F0010F07D1013015F4807F02BF04
:10D70000013015F4C03F0130F0BC0138704700BF54
:10D710002DE9F041074614460D4621B9BDE8F04118
:10D720001146FFF723BC2AB9FFF7B4FB254628466C
:10D73000BDE8F08100F01AF88442064602D8B4EB46
:10D74000500FF4D821463846FFF710FC804608B940
:10D750004546ECE7B4422246294628BF3246FFF749
:10D7600083FB29463846FFF795FBF1E751F8043C67
:10D77000181F002BBCBF0B58C01870475465726D42
:10D78000696E616C00000000284E554C4C29000069
:10D790005B4552525D20496E2046756E6374696F19
:10D7A0006E3A20257328292C202573000D0A526516
:10D7B0007475726E6564204572726F7220436F6477
:10D7C000653A203078257820200D0A000D0A202A9D
:10D7D0002A43414E30204F70656E204150492066EB
:10D7E00061696C65642A2A000D0A43414E30204F5E
:10D7F00070656E6564205375636365737366756CDD
:10D800006C7920696E204E6F726D616C204D6F6473
:10D81000652E0D0A000000000D0A202A2A43414E01
:10D8200031204F70656E20415049206661696C65FA
:10D83000642A2A000D0A43414E31204F70656E65FF
:10D8400064205375636365737366756C6C792069C6
:10D850006E204E6F726D616C204D6F64652E0D0AE7
:10D860000000000043414E204576656E7420466CF2
:10D87000616773000D0A4661696C656420746F20EE
:10D880006372656174652043414E206576656E74F0
:10D8900020666C6167732E0D0A0000000D0A43417B
:10D8A0004E2054687265616420737461727465649B
:10D8B0002E2057616974696E6720666F72207573D8
:10D8C000657220746F20707265737320352E2E2E52
:10D8D0000D0A00000D0A535543434553533A204D5A
:10D8E0006573736167652072656365697665642039
:10D8F0006F6E2043414E31210D0A00000D0A494E42
:10D90000464F3A204D6573736167652072656365A4
:10D9100069766564206F6E2043414E302E0D0A00FB
:10D920000D0A494E464F3A20545820636F6D706C73
:10D93000657465206576656E7420726563656976C9
:10D9400065642E0D0A0000000D0A4552524F523AEE
:10D950002043414E204572726F72206576656E7469
:10D960002072656365697665642E0D0A000000000B
:10D970000D0A494E464F3A20537461727420657601
:10D98000656E742072656365697665642E205365E3
:10D990006E64696E67202748656C6C6F272066721D
:10D9A0006F6D2043414E3020746F2043414E312E25
:10D9B0002E2E0D0A0000000048656C6C6F20570089
:10D9C0000D0A494E464F3A202748656C6C6F272058
:10D9D0006D65737361676520777269746520746F14
:10D9E0002043414E30207375636365737366756CB5
:10D9F0002E0D0A000D0A4552524F523A20466169D7
:10DA00006C656420746F207772697465202748659F
:10DA10006C6C6F27206D65737361676520746F2070
:10DA200043414E302E0D0A007274745F70726F6342
:10DA3000657373696E675F626C6F636B00000000F3
:10DA40007274745F6F705F717565756500000000BA
:10DA50007274745F696E7075745F71756575650059
:10DA60004572726F7220696E20696E697469616CAB
:10DA7000697A696E67205153504920466C6173681A
:10DA80002064657669636500496E697469616C69D3
:10DA90007A6564205153504920466C617368206454
:10DAA00065766963650000004661696C6564207491
:10DAB0006F20696E697469616C697A65204E4F5296
:10DAC00020666C61736820737570706F72740000EB
:10DAD00044656320313920323032350031363A32F4
:10DAE000363A35390000000053797374656D20644F
:10DAF00061746520736574206661696C65640000FB
:10DB000053797374656D2074696D65207365742035
:10DB10006661696C6564000045726173696E6720B7
:10DB20005153504920466C6173682064657669637F
:10DB3000652E2E2E00000000566F6C756D6520312D
:10DB4000000000004572726F7220696E206572617C
:10DB500073696E67205153504920466C6173682089
:10DB6000646576696365000045726173696E67205C
:10DB70005153504920466C6173682064657669632F
:10DB800065207375636365737366756C00000000D0
:10DB90004D6564696120636C6F7365206661696CB3
:10DBA00065640000666F726D617474696E67205100
:10DBB00053504920466C6173680000004D656469EC
:10DBC0006120466F726D6174206661696C656400E6
:10DBD000466F726D6174204F7065726174696F6E0B
:10DBE000206973207375636365737366756C2100B8
:10DBF00026675F66785F6D656469613000000000CC
:10DC00004D65646961206F70656E206661696C6541
:10DC10006400000046696C653120697320616C7294
:10DC20006561647920637265617465640000000059
:10DC300046696C6531206372656174696F6E206638
:10DC400061696C656400000046696C65312063722F
:10DC50006561746564207375636365737366756C61
:10DC60006C79000046696C65206F70656E20666196
:10DC7000696C65640000000046696C652077726914
:10DC80007465206661696C65640000005772697490
:10DC900074656E206461746120746F2046696C65E0
:10DCA00031207375636365737366756C6C790000FE
:10DCB00053657474696E67204461746520616E6495
:10DCC0002054696D65206661696C65640000000020
:10DCD00046696C6520636C6F7365206661696C656D
:10DCE0006400000046696C65206F7065726174693C
:10DCF0006F6E20312069732073756363657373667B
:10DD0000756C000046696C6520726561642066610F
:10DD1000696C656400000000526561642064617490
:10DD2000612066726F6D2046696C65312073756382
:10DD30006365737366756C6C792E00000D0A2D2D6A
:10DD40002D205374617274206F662046696C6520C3
:10DD5000436F6E74656E7420286669727374203622
:10DD60003420627974657329202D2D2D0D0A000051
:10DD700030782530325820000D0A2D2D2D20456E8B
:10DD800064206F662046696C6520436F6E74656E13
:10DD900074202D2D2D0D0A0046696C652072656179
:10DDA00064206F7065726174696F6E20697320738F
:10DDB00075636365737366756C0000004661696C1A
:10DDC000656420746F207365742043414E20737422
:10DDD000617274207472616E736665722065766517
:10DDE0006E7420666C61672E000000005369676ED8
:10DDF000616C65642043414E205468726561642003
:10DE0000746F207374617274207472616E736665CE
:10DE1000722E0000506C6561736520656E746572CA
:10DE200020612076616C696420696E7075740000F1
:10DE30004572726F7220696E2066696C65785F71D9
:10DE40007370695F6C6576656C78206F7065726160
:10DE500074696F6E0000000054696D657374616DC4
:10DE60007020285469636B7329203D203078253059
:10DE7000386C783A0D0A00000D0A204552524F5274
:10DE80003A20525454206672616D65776F726B2030
:10DE9000696E6974204661696C65640D0A00000052
:10DEA0006D656D6F72795F616C6C6F636174655FD6
:10DEB00072747420686173206661696C65642C20DB
:10DEC000636F6E736964657220696E6372656173F6
:10DED000696E67206279746520706F6F6C206D6564
:10DEE0006D6F727920616E6420636F6E6669726D0A
:10DEF0002064652D616C6C6F636174696F6E206F57
:10DF00006620746865206D656D6F72792E0D0A004C
:10DF1000312E30000D0A2A2A2A2A2A2A2A2A2A2AB7
:10DF20002A2A2A2A2A2A2A2A2A2A2A2A2A2A2A2A51
:10DF30002A2A2A2A2A2A2A2A2A2A2A2A2A2A2A2A41
:10DF40002A2A2A2A2A2A2A2A2A2A2A2A2A2A2A2A31
:10DF50002A2A2A2A2A2A2A2A2A2A2A2A2A2A2A2A21
:10DF60002A2A2A2A2A2A0D0A2A20202052656E658A
:10DF700073617320465350204578616D706C652045
:10DF800050726F6A65637420666F722046696C65B3
:10DF90005820426C6F636B6D65646961205153500A
:10DFA000492077697468204C6576656C58204D6F00
:10DFB00064756C652020202A0D0A2A2020204578CF
:10DFC000616D706C652050726F6A65637420566570
:10DFD0007273696F6E20257320202020202020205E
:10DFE0002020202020202020202020202020202031
:10DFF0002020202020202020202020202020202021
:10E0000020202020202020202A0D0A2A20202046FF
:10E010006C657820536F6674776172652050616318
:10E020006B2056657273696F6E202025642E2564FF
:10E030002E25642020202020202020202020202089
:10E0400020202020202020202020202020202020D0
:10E05000202020202020202020202020202A0D0ADF
:10E060002A2A2A2A2A2A2A2A2A2A2A2A2A2A2A2A10
:10E070002A2A2A2A2A2A2A2A2A2A2A2A2A2A2A2A00
:10E080002A2A2A2A2A2A2A2A2A2A2A2A2A2A2A2AF0
:10E090002A2A2A2A2A2A2A2A2A2A2A2A2A2A2A2AE0
:10E0A0002A2A2A2A2A2A2A2A2A2A2A2A2A2A2A2AD0
:10E0B0000D0A526566657220746F20726561646D29
:10E0C000652E7478742066696C6520666F72206DA9
:10E0D0006F72652064657461696C73206F6E204592
:10E0E00078616D706C652050726F6A656374206131
:10E0F0006E640D0A46535020557365722773204D88
:10E10000616E75616C20666F72206D6F726520693B
:10E110006E666F726D6174696F6E2061626F757487
:10E120002046696C655820426C6F636B6D6564694D
:10E130006120515350492077697468204C65766599
:10E140006C58206D6F64756C650D0A000D0A54687B
:10E150006973204578616D706C652070726F6A65B7
:10E1600063742064656D6F6E73747261746573207F
:10E17000686F7720757365722063616E20757365B3
:10E180002046696C655820626C6F636B6D656469CD
:10E190006120515350492077697468204C65766539
:10E1A0006C58206F6E205241204D43552E0D0A545D
:10E1B00068652070726F6A6563742077696C6C2083
:10E1C000706572666F726D20766172696F7573200B
:10E1D00066696C65206F7065726174696F6E732813
:10E1E0004F70656E2C20436C6F73652C20526561F7
:10E1F000642C2057726974652C20466F726D6174AF
:10E200002C20616464696E672074696D6520737485
:10E21000616D700D0A746F207468652066696C65A5
:10E2200029206F6E20746865205153504920466C38
:10E2300061736820746F20646973706C61792074F5
:10E2400068652046696C65582077697468204C655C
:10E2500076656C582066756E6374696F6E616C6963
:10E260007479207573696E67205153504920647228
:10E27000697665722C0D0A6261736564206F6E2089
:10E280007573657220696E70757420696E205254C2
:10E2900054205669657765722E0000000D0A494EBC
:10E2A000464F203A202573000D0A4552524F522006
:10E2B0003A202573000000000D0A0A46696C655873
:10E2C00020626C6F636B6D656469612051535049C6
:10E2D0002077697468204C6576656C58204D6169BB
:10E2E0006E204D656E75206F7074696F6E733A0D98
:10E2F0000A312E20456E746572203120746F2065BE
:10E3000072617365205153504920466C61736820D7
:10E31000646576696365206265666F7265207573F2
:10E32000696E67204C6576656C5820666F72207444
:10E3300068652066697273742074696D652E0D0AB4
:10E340002020204974206D61792074616B652073F1
:10E3500065766572616C206D696E75746573207485
:10E360006F20636F6D706C6574652E0D0A322E2000
:10E37000456E746572203220746F20666F726D6115
:10E3800074206D656469612E0D0A332E20456E740C
:10E390006572203320746F2063726561746520613B
:10E3A00020746578742066696C65206F6E20515307
:10E3B000504920466C61736820616E6420777269F1
:10E3C0007465207072652D646566696E656420648D
:10E3D0006174612E0D0A342E20456E7465722034EE
:10E3E00020746F207265616420616E6420707269B0
:10E3F0006E74207468652066696C6520636F6E7446
:10E40000656E742E0D0A352E20456E7465722035AA
:10E4100020746F2073656E64207468652066696C73
:10E4200065207669612043414E2E0D0A5573657251
:10E4300020496E7075743A20200000000D0A2052A9
:10E440005454205072696E74696E6720526563651A
:10E450006976656420556E6B6E6F776E204D6573BF
:10E4600073616765204944000D0A4572726F72201E
:10E470003A206D656D6F72795F616C6C6F6361746A
:10E48000655F727474206661696C65642E0D0A00A4
:10E4900043414E5F5468726561640000675F726D4E
:10E4A0005F66696C65785F6C6576656C785F6E6FCA
:10E4B000725F300046696C65585F546872656164CC
:10E4C0000000000046535020436F6D6D6F6E204971
:10E4D0006E69742053656D005254545F54687265C0
:10E4E000616400004E4F5220466C617368204D7588
:10E4F0007465780046696C6558204D6564696120D3
:10E500004D7574657800000046696C655820537934
:10E510007374656D2054696D657200000000000021
:10E520000000545452205245474745530000000014
:10E530003031323334353637383941424344454639
:10E5400063616E5F68616E646C655F6572726F7245
:10E550000000000063616E5F6170705F74687265D7
:10E5600061645F656E7472790000000066696C65B5
:10E570005F312E747874000000000000000000007D
:10E58000000000000000000000000000000000008B
:10E590007400FE1F690E000000000000A4E50000EA
:10E5A0000C000102010000007000FE1F5000FE1F61
:10E5B000000000000400000001000000C4E50000AD
:10E5C0003800FE1F000000130403000001000000DB
:10E5D000C000FE1F690E000000000000E4E500001E
:10E5E0000C05060701000000BC00FE1F9C00FE1F7A
:10E5F00000000000040000000100000004E600002C
:10E600008400FE1F00000013090800007091FE1F27
:10E6100084E6000028E800007891FE1F20E6000054
:10E62000211F00007C91FE1F9CE40000151F0000CC
:10E630002D19000000000000A494FE1F44E6000015
:10E64000ECE7000002000503FF00000000010000ED
:10E650000206050020FF040064E6000060E60000FA
:10E660000300000020000000001000005200000025
:10E6700000800000D800000000000100C70000007A
:10E68000FFFFFFFF2900000090E6000000000000EF
:10E69000040000000001000000000100080100006B
:10E6A0000000010009010000000001000A01000053
:10E6B0001040000006020000000C011A08020000D1
:10E6C000000C011A09020000000C011A0A020000E5
:10E6D000000C011A0B020000000001090C020000EE
:10E6E000000001090D020000000C011A0E020000DA
:10E6F000000001000003000005000000040300000A
:10E70000000C011105030000000C011106030000BC
:10E71000000C011107030000000C011108030000A8
:10E72000000C011109030000000C01110A03000094
:10E7300004000000000400000000011001040000BB
:10E7400000000110020400000400000003040000A7
:10E750000500000004040000040000000D04000097
:10E76000000001030F040000040000000305000086
:10E77000040000000405000004000000030600007F
:10E780000000011009060000000001100A06000048
:10E79000040000000B060000040000000008000058
:10E7A000040000000108000004000000020800004E
:10E7B000040000000308000004000000040800003A
:10E7C0000400000005080000040000000709000024
:10E7D00004000000080900008A008D008E008B00F4
:10E7E0008C008F00920093009000910061AF0000B8
:10E7F00045B30000B5B0000005AF00002DAF00002C
:10E8000045B2000055B1000061B00000E5B2000063
:10E81000E9B1000009AF00005DAF00001DB00000CD
:10E820000204030404040000B9B80000CDB30000E2
:10E83000EDB800005DB700004DB60000FDB6000069
:10E84000D5B4000085B50000C1B500000DB60000CC
:10E85000ADB6000011B500003DB50000010002009A
:10E860000800100020000020202020202020202050
:10E870002828282828202020202020202020202070
:10E8800020202020202020881010101010101010A0
:10E8900010101010101010040404040404040404E4
:10E8A000041010101010101041414141414101016C
:10E8B0000101010101010101010101010101010148
:10E8C0000101101010101010424242424242020256
:10E8D0000202020202020202020202020202020218
:10E8E00002021010101020000000000000000000C4
:10E8F0000000000000000000000000000000000018
:10E900000000000000000000000000000000000007
:10E9100000000000000000000000000000000000F7
:10E9200000000000000000000000000000000000E7
:10E9300000000000000000000000000000000000D7
:10E9400000000000000000000000000000000000C7
:10E9500000000000000000000000000000000000B7
:10E9600000000000000000232D302B2000686C4CBC
:10E9700000656667454647003031323334353637F7
:10E98000383941424344454600303132333435361C
:10E990003738396162636465660000004275696CEE
:10E9A0007420776974682052656E657361732041C5
:10E9B0006476616E63656420466C657869626C6537
:10E9C00020536F667477617265205061636B616775
:10E9D000652076657273696F6E20362E322E300098
:0CE9E000362E322E30000000000002062F
:04E9EC00F8B500BFBB
:04E9F000F8B500BFB7
:04E9F40059060000C0
:04E9F80031060000E4
:08E9FC00E0DFFF7F01000000D5
:040000030000C89998
:00000001FF
