T50FC 000:001.153   SEGGER J-Link V8.74 Log File
T50FC 000:001.388   DLL Compiled: Sep 30 2025 12:11:23
T50FC 000:001.405   Logging started @ 2025-12-19 10:59
T50FC 000:001.416   Process: C:\Users\User\.eclipse\com.renesas.platform_466585854\DebugComp\RA\e2-server-gdb.exe
T50FC 000:001.439 - 1.427ms 
T50FC 000:001.509 JLINK_GetDLLVersion()
T50FC 000:001.526 - 0.019ms returns 87400
T50FC 000:005.425 JLINK_OpenEx(...)
T50FC 000:024.859   Firmware: J-Link OB-S124 compiled Aug 13 2025 10:35:02
T50FC 000:034.410   Firmware: J-Link OB-S124 compiled Aug 13 2025 10:35:02
T50FC 000:073.810   Hardware: V1.00
T50FC 000:073.844   S/N: 831832188
T50FC 000:073.858   OEM: SEGGER
T50FC 000:073.872   Feature(s): None
T50FC 000:082.938   Bootloader: 2017 Feb 06
T50FC 000:094.862   USB speed mode: Full speed (12 MBit/s)
T50FC 000:098.253   TELNET listener socket opened on port 19021
T50FC 000:098.562   WEBSRV WEBSRV_Init(): Starting webserver thread(s)
T50FC 000:098.675   WEBSRV Failed to put socket into listener state (port 19080)
T50FC 000:098.849   WEBSRV Webserver running on local port 19081
T50FC 000:099.044   Looking for J-Link GUI Server exe at: C:\Users\User\.eclipse\com.renesas.platform_466585854\DebugComp\RA\ARM\Segger_v8.74.0\JLinkGUIServer.exe
T50FC 000:099.230   Looking for J-Link GUI Server exe at: C:\Program Files\SEGGER\JLink_V890\JLinkGUIServer.exe
T50FC 000:099.288   Forking J-Link GUI Server: C:\Program Files\SEGGER\JLink_V890\JLinkGUIServer.exe
T50FC 000:105.076   J-Link GUI Server info: "J-Link GUI server V8.26 "
T50FC 000:105.574 - 100.141ms returns "O.K."
T50FC 000:105.811 JLINK_ExecCommand("ProjectFile=C:\Users\User\Downloads\r20an0560eu0165-ek-ra6m3-exampleprojects\ek_ra6m3\FileX_block_media_qspi_LevelX\FileX_block_media_qspi_LevelX_ek_ra6m3_ep\e2studio/FileX_block_media_qspi_LevelX_ek_ra6m3_ep Debug_Flat.jlink", ...). 
T50FC 000:133.858 - 28.052ms returns 0x00
T50FC 000:134.433 JLINK_ExecCommand("device=R7FA6M3AH", ...). 
T50FC 000:136.034   Flash bank @ 0x0100A150: SFL: Parsing sectorization info from ELF file
T50FC 000:136.078     FlashDevice.SectorInfo[0]: .SectorSize = 0x00000020, .SectorStartAddr = 0x00000000
T50FC 000:136.745   Flash bank @ 0x60000000: SFL: Parsing sectorization info from ELF file
T50FC 000:136.776     FlashDevice.SectorInfo[0]: .SectorSize = 0x00010000, .SectorStartAddr = 0x00000000
T50FC 000:140.960   Device "R7FA6M3AH" selected.
T50FC 000:141.463 - 7.003ms returns 0x00
T50FC 000:141.547 JLINK_ExecCommand("SetCPUConnectIDCODE = FFFFFFFFFFFFFFFFFFFFFFFFFFFFFFFF", ...). 
T50FC 000:141.584 - 0.004ms returns 0x00
T50FC 000:141.629 JLINK_TIF_GetAvailable(...)
T50FC 000:145.314 - 3.683ms 
T50FC 000:145.407 JLINK_TIF_Select(JLINKARM_TIF_SWD)
T50FC 000:153.840 - 8.440ms returns 0x00
T50FC 000:153.924 JLINK_SetSpeed(4000)
T50FC 000:156.695 - 2.793ms 
T50FC 000:156.749 JLINK_SetEndian(ARM_ENDIAN_LITTLE)
T50FC 000:156.778 - 0.028ms returns 0
T50FC 000:156.789 JLINK_SetInitRegsOnReset(OFF)
T50FC 000:156.811 - 0.022ms returns 1
T50FC 000:156.823 JLINK_SetResetType(JLINKARM_RESET_TYPE_NO_RESET)
T50FC 000:156.831 - 0.009ms returns JLINKARM_RESET_TYPE_NORMAL
T50FC 000:156.844 JLINK_ExecCommand("EnableFlashBPs", ...). 
T50FC 000:156.863 - 0.007ms returns 0x00
T50FC 000:156.876 JLINK_ExecCommand("SetAllowFlashCache = 1", ...). 
T50FC 000:156.889 - 0.001ms returns 0x01
T50FC 000:156.914 JLINK_ExecCommand("SetRestartOnClose = 0", ...). 
T50FC 000:156.926 - 0.001ms returns 0x01
T50FC 000:156.938 JLINK_ExecCommand("SetAllowSimulation = 0", ...). 
T50FC 000:156.952 - 0.003ms returns 0x01
T50FC 000:156.962 JLINK_EnableSoftBPs(ON)
T50FC 000:156.970 - 0.007ms 
T50FC 000:156.985 JLINK_Connect()
T50FC 000:164.527   InitTarget() start
T50FC 000:164.559    J-Link Script File: Executing InitTarget()
T50FC 000:164.578   Identifying target device...
T50FC 000:164.591   SWD selected. Executing JTAG -> SWD switching sequence...
T50FC 000:166.604   Initializing DAP...
T50FC 000:170.222   DAP initialized successfully.
T50FC 000:175.290   Low power mode detected. Waking device from low power mode.
T50FC 000:184.626   InitTarget() end - Took 20.0ms
T50FC 000:186.210   Found SW-DP with ID 0x5BA02477
T50FC 000:191.538   DPIDR: 0x5BA02477
T50FC 000:191.564   CoreSight SoC-400 or earlier
T50FC 000:191.581   Scanning AP map to find all available APs
T50FC 000:194.177   AP[2]: Stopped AP scan as end of AP map has been reached
T50FC 000:194.214   AP[0]: AHB-AP (IDR: 0x24770011, ADDR: 0x00000000)
T50FC 000:194.227   AP[1]: APB-AP (IDR: 0x44770002, ADDR: 0x01000000)
T50FC 000:194.239   Iterating through AP map to find AHB-AP to use
T50FC 000:196.463   AP[0]: Core found
T50FC 000:196.498   AP[0]: AHB-AP ROM base: 0xE00FF000
T50FC 000:197.581   CPUID register: 0x410FC241. Implementer code: 0x41 (ARM)
T50FC 000:197.600   Found Cortex-M4 r0p1, Little endian.
T50FC 000:198.712   -- Max. mem block: 0x00000388
T50FC 000:200.510   CPU_ReadMem(4 bytes @ 0xE000EDF0)
T50FC 000:201.377   CPU_ReadMem(4 bytes @ 0xE0002000)
T50FC 000:202.057   FPUnit: 6 code (BP) slots and 2 literal slots
T50FC 000:202.089   CPU_ReadMem(4 bytes @ 0xE000EDFC)
T50FC 000:202.877   CPU_ReadMem(4 bytes @ 0xE0001000)
T50FC 000:203.823   CPU_WriteMem(4 bytes @ 0xE0001000)
T50FC 000:204.752   CPU_ReadMem(4 bytes @ 0xE000ED88)
T50FC 000:205.594   CPU_WriteMem(4 bytes @ 0xE000ED88)
T50FC 000:206.541   CPU_ReadMem(4 bytes @ 0xE000ED88)
T50FC 000:207.421   CPU_WriteMem(4 bytes @ 0xE000ED88)
T50FC 000:208.366   CoreSight components:
T50FC 000:208.400   ROMTbl[0] @ E00FF000
T50FC 000:208.413   CPU_ReadMem(64 bytes @ 0xE00FF000)
T50FC 000:210.194   CPU_ReadMem(32 bytes @ 0xE000EFE0)
T50FC 000:211.457   [0][0]: E000E000 CID B105E00D PID 000BB00C SCS-M7
T50FC 000:211.476   CPU_ReadMem(32 bytes @ 0xE0001FE0)
T50FC 000:212.760   [0][1]: E0001000 CID B105E00D PID 003BB002 DWT
T50FC 000:212.777   CPU_ReadMem(32 bytes @ 0xE0002FE0)
T50FC 000:214.017   [0][2]: E0002000 CID B105E00D PID 002BB003 FPB
T50FC 000:214.050   CPU_ReadMem(32 bytes @ 0xE0000FE0)
T50FC 000:215.294   [0][3]: E0000000 CID B105E00D PID 003BB001 ITM
T50FC 000:215.312   CPU_ReadMem(32 bytes @ 0xE0040FE0)
T50FC 000:216.586   [0][4]: E0040000 CID B105900D PID 000BB9A1 TPIU
T50FC 000:216.604   CPU_ReadMem(32 bytes @ 0xE0041FE0)
T50FC 000:217.778   [0][5]: E0041000 CID B105900D PID 000BB925 ETM
T50FC 000:217.813   CPU_ReadMem(32 bytes @ 0xE0042FE0)
T50FC 000:219.070   [0][6]: E0042000 CID B105900D PID 002BB908 CSTF
T50FC 000:219.090   CPU_ReadMem(32 bytes @ 0xE0043FE0)
T50FC 000:220.389   [0][7]: E0043000 CID B105900D PID 001BB961 TMC
T50FC 000:220.406   CPU_ReadMem(32 bytes @ 0xE0044FE0)
T50FC 000:221.661   [0][8]: E0044000 CID B105F00D PID 001BB101 TSG
T50FC 000:221.728 - 64.744ms returns 0x00
T50FC 000:221.764 JLINK_Halt()
T50FC 000:227.293 - 5.527ms returns 0x00
T50FC 000:227.336 JLINK_IsHalted()
T50FC 000:227.352 - 0.015ms returns TRUE
T50FC 000:227.364 JLINK_ResetPullsRESET(ON)
T50FC 000:227.372 - 0.008ms 
T50FC 000:227.386 JLINK_Reset()
T50FC 000:231.518   JLINK_GetResetTypeDesc
T50FC 000:231.553   - 0.035ms 
T50FC 000:231.602   Reset type: CONNECT UNDER RESET (https://wiki.segger.com/J-Link_Reset_Strategies)
T50FC 000:231.630   CPU_WriteMem(4 bytes @ 0xE000EDF0)
T50FC 000:232.690   CPU_WriteMem(4 bytes @ 0xE000EDFC)
T50FC 000:233.717   Reset: Halt core after reset via DEMCR.VC_CORERESET.
T50FC 000:235.160   Reset: Reset device via AIRCR.SYSRESETREQ.
T50FC 000:235.201   CPU_WriteMem(4 bytes @ 0xE000ED0C)
T50FC 000:291.569   CPU_ReadMem(4 bytes @ 0xE000EDF0)
T50FC 000:292.835   CPU_ReadMem(4 bytes @ 0xE000EDF0)
T50FC 000:294.050   CPU_WriteMem(4 bytes @ 0xE000EDFC)
T50FC 000:301.343   CPU_ReadMem(4 bytes @ 0xE000EDF0)
T50FC 000:308.537   CPU_WriteMem(4 bytes @ 0xE0002000)
T50FC 000:309.868   CPU_ReadMem(4 bytes @ 0xE000EDFC)
T50FC 000:311.292   CPU_ReadMem(4 bytes @ 0xE0001000)
T50FC 000:313.153 - 85.762ms 
T50FC 000:313.404 JLINK_ReadMemEx(0x407FB19C, 0x8 Bytes, Flags = 0x00000004)
T50FC 000:313.475   CPU_ReadMem(8 bytes @ 0x407FB19C)
T50FC 000:368.003   Data:  00 70 00 01 00 00 00 00
T50FC 000:368.049 - 54.647ms returns 8 (0x8)
T50FC 000:368.130 JLINK_ReadMem(0x01007024, 0x10 Bytes, ...)
T50FC 000:368.177   CPU_ReadMem(16 bytes @ 0x01007024)
T50FC 000:369.440   Data:  52 37 46 41 36 4D 33 41 48 33 43 46 43 20 20 20
T50FC 000:369.473 - 1.343ms returns 0
T50FC 000:369.557 JLINK_IsHalted()
T50FC 000:369.578 - 0.021ms returns TRUE
T50FC 000:370.071 JLINK_IsHalted()
T50FC 000:370.094 - 0.023ms returns TRUE
T50FC 000:370.107 JLINK_MeasureCPUSpeed(RAMAddr = 0xFFFFFFFF)
T50FC 000:370.124   CPU_ReadMem(16 bytes @ 0x20000000)
T50FC 000:371.475   CPU_ReadMem(64 bytes @ 0x20000000)
T50FC 000:373.516    -- Updating C cache (64 bytes @ 0x20000000)
T50FC 000:373.549    -- Read from C cache (6 bytes @ 0x20000000)
T50FC 000:373.567   CPU_ReadMem(4 bytes @ 0xE000ED90)
T50FC 000:374.665   CPU_ReadMem(4 bytes @ 0xE000ED94)
T50FC 000:375.825   CPU_WriteMem(16 bytes @ 0x20000000)
T50FC 000:377.087   CPU_WriteMem(6 bytes @ 0x20000000)
T50FC 000:378.380   CPU_ReadMem(64 bytes @ 0x20000000)
T50FC 000:380.276    -- Updating C cache (64 bytes @ 0x20000000)
T50FC 000:380.310    -- Read from C cache (6 bytes @ 0x20000000)
T50FC 000:380.332   CPU_WriteMem(4 bytes @ 0xE0002008)
T50FC 000:380.347   CPU_WriteMem(4 bytes @ 0xE000200C)
T50FC 000:380.359   CPU_WriteMem(4 bytes @ 0xE0002010)
T50FC 000:380.371   CPU_WriteMem(4 bytes @ 0xE0002014)
T50FC 000:380.384   CPU_WriteMem(4 bytes @ 0xE0002018)
T50FC 000:380.397   CPU_WriteMem(4 bytes @ 0xE000201C)
T50FC 000:393.895   CPU_WriteMem(4 bytes @ 0xE0002008)
T50FC 000:395.022   CPU_WriteMem(4 bytes @ 0xE000200C)
T50FC 000:396.164   CPU_WriteMem(4 bytes @ 0xE0002010)
T50FC 000:397.294   CPU_WriteMem(4 bytes @ 0xE0002014)
T50FC 000:398.423   CPU_WriteMem(4 bytes @ 0xE0002018)
T50FC 000:399.561   CPU_WriteMem(4 bytes @ 0xE000201C)
T50FC 000:430.552   CPU_WriteMem(6 bytes @ 0x20000000)
T50FC 000:431.609   ClockFreq: 661500 Hz
T50FC 000:431.647 - 61.538ms returns 661500
T50FC 000:431.727 JLINK_ReadReg(XPSR)
T50FC 000:431.758 - 0.025ms returns 0x01000000
T0698 003:603.582 JLINK_ResetPullsRESET(ON)
T0698 003:603.654 - 0.072ms 
T0698 003:603.677 JLINK_Halt()
T0698 003:672.832 - 69.153ms returns 0x00
T0698 003:672.914 JLINK_IsHalted()
T0698 003:672.936 - 0.022ms returns TRUE
T0698 003:672.952 JLINK_Reset()
T0698 003:673.850   JLINK_GetResetTypeDesc
T0698 003:673.878   - 0.027ms 
T0698 003:673.906   Reset type: CONNECT UNDER RESET (https://wiki.segger.com/J-Link_Reset_Strategies)
T0698 003:673.924   CPU_WriteMem(4 bytes @ 0xE000EDF0)
T0698 003:674.695   CPU_WriteMem(4 bytes @ 0xE000EDFC)
T0698 003:675.394   Reset: Halt core after reset via DEMCR.VC_CORERESET.
T0698 003:676.277   Reset: Reset device via AIRCR.SYSRESETREQ.
T0698 003:676.367   CPU_WriteMem(4 bytes @ 0xE000ED0C)
T0698 003:732.011   CPU_ReadMem(4 bytes @ 0xE000EDF0)
T0698 003:732.751   CPU_ReadMem(4 bytes @ 0xE000EDF0)
T0698 003:733.481   CPU_WriteMem(4 bytes @ 0xE000EDFC)
T0698 003:739.828   CPU_ReadMem(4 bytes @ 0xE000EDF0)
T0698 003:747.110   CPU_WriteMem(4 bytes @ 0xE0002000)
T0698 003:747.958   CPU_ReadMem(4 bytes @ 0xE000EDFC)
T0698 003:749.093   CPU_ReadMem(4 bytes @ 0xE0001000)
T0698 003:749.929 - 76.975ms 
T0698 003:749.992 JLINK_SetEndian(ARM_ENDIAN_LITTLE)
T0698 003:750.007 - 0.015ms returns 0
T0698 003:750.320 JLINK_BeginDownload(Flags = 0x00000000)
T0698 003:750.341 - 0.021ms 
T0698 003:756.592 JLINK_WriteMem(0x00000000, 0x68 Bytes, ...)
T0698 003:756.631   Data:  B0 05 FE 1F 99 C8 00 00 69 C7 00 00 95 C8 00 00 ...
T0698 003:757.041   completely In flash
T0698 003:757.074 - 0.481ms returns 0x68
T0698 003:758.755 JLINK_WriteMem(0x00000068, 0x88 Bytes, ...)
T0698 003:759.016   Data:  02 00 00 00 D8 00 00 00 06 00 00 00 78 00 00 00 ...
T0698 003:759.072   completely In flash
T0698 003:759.093 - 0.339ms returns 0x88
T0698 003:760.292 JLINK_WriteMem(0x00000400, 0x4 Bytes, ...)
T0698 003:760.333   Data:  FF FF FF FF
T0698 003:760.360   completely In flash
T0698 003:760.379 - 0.087ms returns 0x4
T0698 003:762.516 JLINK_WriteMem(0x00000404, 0x4 Bytes, ...)
T0698 003:762.555   Data:  FF FD FF FF
T0698 003:762.593   completely In flash
T0698 003:762.614 - 0.098ms returns 0x4
T0698 003:763.655 JLINK_WriteMem(0x00000440, 0x1B0 Bytes, ...)
T0698 003:763.691   Data:  70 90 FE 1F B4 0E FE 1F 00 00 00 00 00 00 00 00 ...
T0698 003:763.717   completely In flash
T0698 003:763.736 - 0.082ms returns 0x1B0
T0698 003:764.943 JLINK_WriteMem(0x000005F0, 0xBC0 Bytes, ...)
T0698 003:764.980   Data:  03 48 04 4B 83 42 02 D0 03 4B 03 B1 18 47 70 47 ...
T0698 003:765.011   completely In flash
T0698 003:765.034 - 0.091ms returns 0xBC0
T0698 003:766.105 JLINK_WriteMem(0x000011B0, 0xBB0 Bytes, ...)
T0698 003:766.210   Data:  BD E8 08 40 05 49 01 22 00 20 FF F7 45 BE 00 BF ...
T0698 003:766.247   completely In flash
T0698 003:766.272 - 0.168ms returns 0xBB0
T0698 003:767.136 JLINK_WriteMem(0x00001D60, 0xBB0 Bytes, ...)
T0698 003:767.173   Data:  04 60 05 E0 09 F0 7C F9 04 46 00 28 7F F4 51 AF ...
T0698 003:767.202   completely In flash
T0698 003:767.225 - 0.089ms returns 0xBB0
T0698 003:768.613 JLINK_WriteMem(0x00002910, 0xBA0 Bytes, ...)
T0698 003:768.650   Data:  23 60 07 F0 97 FF FF F7 EB FF 09 4A 13 68 01 33 ...
T0698 003:768.682   completely In flash
T0698 003:768.702 - 0.089ms returns 0xBA0
T0698 003:769.514 JLINK_WriteMem(0x000034B0, 0xBC0 Bytes, ...)
T0698 003:769.548   Data:  00 23 30 B4 C0 E9 01 12 03 60 C3 60 03 61 43 61 ...
T0698 003:769.573   completely In flash
T0698 003:769.592 - 0.079ms returns 0xBC0
T0698 003:770.437 JLINK_WriteMem(0x00004070, 0xBC0 Bytes, ...)
T0698 003:770.472   Data:  04 4B 70 47 32 F0 02 03 03 D0 08 20 5D F8 04 4B ...
T0698 003:770.497   completely In flash
T0698 003:770.517 - 0.080ms returns 0xBC0
T0698 003:771.577 JLINK_WriteMem(0x00004C30, 0xBA0 Bytes, ...)
T0698 003:771.626   Data:  01 46 38 46 00 F0 3A FE 74 E7 0A 46 B9 6A C6 F8 ...
T0698 003:771.653   completely In flash
T0698 003:771.673 - 0.097ms returns 0xBA0
T0698 003:772.544 JLINK_WriteMem(0x000057D0, 0xBB0 Bytes, ...)
T0698 003:772.578   Data:  DD F8 00 28 2F D1 07 9B 05 99 23 F0 00 53 07 93 ...
T0698 003:772.601   completely In flash
T0698 003:772.661 - 0.118ms returns 0xBB0
T0698 003:773.420 JLINK_WriteMem(0x00006380, 0xBA0 Bytes, ...)
T0698 003:773.458   Data:  1C 23 5A 1C 05 EB 03 0C 2A 44 00 2F 3A D1 21 68 ...
T0698 003:773.485   completely In flash
T0698 003:773.504 - 0.085ms returns 0xBA0
T0698 003:774.407 JLINK_WriteMem(0x00006F20, 0xBA0 Bytes, ...)
T0698 003:774.452   Data:  25 68 0B F5 1C 71 20 46 70 22 05 F0 9D FF 25 60 ...
T0698 003:774.475   completely In flash
T0698 003:774.493 - 0.087ms returns 0xBA0
T0698 003:775.436 JLINK_WriteMem(0x00007AC0, 0xBB0 Bytes, ...)
T0698 003:775.478   Data:  43 F1 00 03 16 46 4F F0 FF 37 00 2B 40 F0 B2 81 ...
T0698 003:775.506   completely In flash
T0698 003:775.528 - 0.093ms returns 0xBB0
T0698 003:776.279 JLINK_WriteMem(0x00008670, 0xBB0 Bytes, ...)
T0698 003:776.315   Data:  01 33 9A 42 04 93 C2 44 A0 D1 05 9B 00 93 32 46 ...
T0698 003:776.340   completely In flash
T0698 003:776.361 - 0.082ms returns 0xBB0
T0698 003:777.179 JLINK_WriteMem(0x00009220, 0xBB0 Bytes, ...)
T0698 003:777.212   Data:  60 D0 6B 6A BB 42 00 F0 E0 80 B6 00 F3 1C 03 EB ...
T0698 003:777.240   completely In flash
T0698 003:777.260 - 0.110ms returns 0xBB0
T0698 003:778.042 JLINK_WriteMem(0x00009DD0, 0xBB0 Bytes, ...)
T0698 003:778.086   Data:  09 F5 00 53 D3 F8 A0 34 03 EA 0A 03 03 F0 1F 0E ...
T0698 003:778.232   completely In flash
T0698 003:778.254 - 0.212ms returns 0xBB0
T0698 003:779.581 JLINK_WriteMem(0x0000A980, 0xBC0 Bytes, ...)
T0698 003:779.628   Data:  24 48 01 68 00 29 3F D0 EF F3 09 83 A3 F1 20 03 ...
T0698 003:779.651   completely In flash
T0698 003:779.669 - 0.089ms returns 0xBC0
T0698 003:780.474 JLINK_WriteMem(0x0000B540, 0xBB0 Bytes, ...)
T0698 003:780.507   Data:  00 68 0F 4C A0 42 10 D1 9B B1 09 0A 49 01 01 F1 ...
T0698 003:780.530   completely In flash
T0698 003:780.548 - 0.075ms returns 0xBB0
T0698 003:781.576 JLINK_WriteMem(0x0000C0F0, 0xBB0 Bytes, ...)
T0698 003:781.615   Data:  1C 49 01 EA 82 42 E2 E6 02 29 20 D0 00 21 22 F0 ...
T0698 003:781.722   completely In flash
T0698 003:781.743 - 0.167ms returns 0xBB0
T0698 003:782.533 JLINK_WriteMem(0x0000CCA0, 0xB90 Bytes, ...)
T0698 003:782.568   Data:  00 F0 7A B8 24 2B 2D E9 F0 47 86 46 90 46 01 D8 ...
T0698 003:782.591   completely In flash
T0698 003:782.610 - 0.077ms returns 0xB90
T0698 003:783.429 JLINK_WriteMem(0x0000D830, 0xB40 Bytes, ...)
T0698 003:783.469   Data:  64 2A 2A 00 0D 0A 43 41 4E 31 20 4F 70 65 6E 65 ...
T0698 003:783.494   completely In flash
T0698 003:783.514 - 0.085ms returns 0xB40
T0698 003:784.088 JLINK_WriteMem(0x0000E370, 0x67C Bytes, ...)
T0698 003:784.119   Data:  45 6E 74 65 72 20 32 20 74 6F 20 66 6F 72 6D 61 ...
T0698 003:784.148   completely In flash
T0698 003:784.167 - 0.079ms returns 0x67C
T0698 003:784.700 JLINK_WriteMem(0x0000E9EC, 0x4 Bytes, ...)
T0698 003:784.734   Data:  F8 B5 00 BF
T0698 003:784.756   completely In flash
T0698 003:784.775 - 0.075ms returns 0x4
T0698 003:786.592 JLINK_WriteMem(0x0000E9F0, 0x4 Bytes, ...)
T0698 003:786.628   Data:  F8 B5 00 BF
T0698 003:786.652   completely In flash
T0698 003:786.670 - 0.078ms returns 0x4
T0698 003:787.455 JLINK_WriteMem(0x0000E9F4, 0x4 Bytes, ...)
T0698 003:787.491   Data:  59 06 00 00
T0698 003:787.526   completely In flash
T0698 003:787.544 - 0.089ms returns 0x4
T0698 003:788.355 JLINK_WriteMem(0x0000E9F8, 0x4 Bytes, ...)
T0698 003:788.388   Data:  31 06 00 00
T0698 003:788.413   completely In flash
T0698 003:788.432 - 0.078ms returns 0x4
T0698 003:789.433 JLINK_WriteMem(0x0000E9FC, 0x8 Bytes, ...)
T0698 003:789.478   Data:  E0 DF FF 7F 01 00 00 00
T0698 003:789.504   completely In flash
T0698 003:789.522 - 0.090ms returns 0x8
T0698 003:795.535 JLINK_EndDownload()
T0698 003:935.196   HandleBeforeFlashProg() start
T0698 003:935.240    J-Link Script File: Executing HandleBeforeFlashProg()
T0698 003:935.266   CPU_ReadMem(2 bytes @ 0x40000D04)
T0698 003:936.012   CPU_ReadMem(2 bytes @ 0x40000D14)
T0698 003:936.683   HandleBeforeFlashProg() end - Took 1.43ms
T0698 003:936.726   CPU_ReadMem(4 bytes @ 0xE000ED90)
T0698 003:937.370   CPU_ReadMem(4 bytes @ 0xE000ED94)
T0698 003:938.044    -- --------------------------------------
T0698 003:938.086    -- Flash bank @ 0x00000000: Default: L2 verify disabled because algorithm performs L1 verify
T0698 003:938.105    -- Start of determining dirty areas in flash cache
T0698 003:938.128    -- Filling invalid ranges in sector buffer (flash cache) for sector @ 0x00000000 if necessary
T0698 003:938.148    -- Filling invalid ranges in sector buffer (flash cache) for sector @ 0x00002000 if necessary
T0698 003:938.168    -- Filling invalid ranges in sector buffer (flash cache) for sector @ 0x00004000 if necessary
T0698 003:938.186    -- Filling invalid ranges in sector buffer (flash cache) for sector @ 0x00006000 if necessary
T0698 003:938.207    -- Filling invalid ranges in sector buffer (flash cache) for sector @ 0x00008000 if necessary
T0698 003:938.224    -- Filling invalid ranges in sector buffer (flash cache) for sector @ 0x0000A000 if necessary
T0698 003:938.242    -- Filling invalid ranges in sector buffer (flash cache) for sector @ 0x0000C000 if necessary
T0698 003:938.260    -- Filling invalid ranges in sector buffer (flash cache) for sector @ 0x0000E000 if necessary
T0698 003:939.045    -- End of determining dirty areas
T0698 003:939.087    -- Start of preparing flash programming
T0698 003:939.112    -- Calculating RAM usage
T0698 003:939.276    -- RAM usage = 4500 Bytes
T0698 003:939.297    -- Preserving CPU registers
T0698 003:939.349    -- Determining CPU clock frequency
T0698 003:990.292    -- Preparing target
T0698 003:990.350    -- Preserving target RAM temporarily used for programming
T0698 004:044.763    -- Downloading RAMCode
T0698 004:093.698    -- Preparing RAMCode
T0698 004:106.984    -- CPU frequency = 100000 kHz
T0698 004:107.032    -- End of preparing flash programming
T0698 004:118.166    -- CPU is running at 100000 kHz.
T0698 004:118.219    -- Start of comparing flash
T0698 004:118.322    -- CRC check was estimated as fastest method
T0698 004:163.544    -- Comparing range 0x0000 - 0xFFFF (8 Sectors, 64 KB), using multi-block CRC calculation
T0698 004:195.307    -- CRC does not match for sectors 0-7
T0698 004:195.354    -- End of comparing flash
T0698 004:195.376    -- Start of erasing sectors
T0698 004:195.917    -- Erasing range 0x00000000 - 0x0000FFFF (  8 Sectors, 64 KB)
T0698 004:537.063    -- End of erasing sectors
T0698 004:537.113    -- Start of flash programming
T0698 004:537.136    -- Programming range 0x00000000 - 0x00007FFF (  4 Sectors, 32 KB)
T0698 005:083.060    -- Programming range 0x00008000 - 0x0000FFFF (  4 Sectors, 32 KB)
T0698 005:599.009    -- End of flash programming
T0698 005:599.041    -- 0x0000 - 0xFFFF (  8 Sectors, 64 KB)
T0698 005:599.063    -- Start of restoring
T0698 005:599.077    -- Restoring RAMCode
T0698 005:629.365    -- Restoring target memory
T0698 005:677.383    -- Restore target
T0698 005:677.431    -- Restoring CPU registers
T0698 005:677.481    -- End of restoring
T0698 005:677.513    -- Bank 1 @ 0x00000000: 1 range affected (65536 bytes)
T0698 005:677.539    -- Total: 1.738s (Prepare: 0.179s, Compare: 0.077s, Erase: 0.341s, Program & Verify: 1.083s, Restore: 0.057s)
T0698 005:677.563    -- Program & Verify speed: 59 KB/s
T0698 005:699.674   HandleAfterFlashProg() start
T0698 005:699.710    J-Link Script File: Executing HandleAfterFlashProg()
T0698 005:699.728   HandleAfterFlashProg() end - Took 17us
T0698 005:700.339 - 1904.802ms returns 65536 (0x10000)
T0698 005:701.333 JLINK_WriteReg(R15 (PC), 0x0000C898)
T0698 005:701.384 - 0.053ms returns 0
T0698 005:701.409 JLINK_WriteReg(XPSR, 0x01000000)
T0698 005:701.427 - 0.018ms returns 0
T0698 005:701.457 JLINK_WriteMem(0x1FFE96F8, 0x4 Bytes, ...)
T0698 005:701.470   Data:  00 00 00 00
T0698 005:701.866   CPU_WriteMem(4 bytes @ 0x1FFE96F8)
T0698 005:756.452 - 54.994ms returns 0x4
T0698 005:758.027 JLINK_ResetPullsRESET(ON)
T0698 005:758.061 - 0.034ms 
T0698 005:758.075 JLINK_Halt()
T0698 005:758.869 - 0.792ms returns 0x00
T0698 005:758.976 JLINK_IsHalted()
T0698 005:758.993 - 0.016ms returns TRUE
T0698 005:759.007 JLINK_Reset()
T0698 005:760.137   JLINK_GetResetTypeDesc
T0698 005:760.190   - 0.037ms 
T0698 005:760.226   Reset type: CONNECT UNDER RESET (https://wiki.segger.com/J-Link_Reset_Strategies)
T0698 005:760.267   CPU_WriteMem(4 bytes @ 0xE000EDF0)
T0698 005:761.144   CPU_WriteMem(4 bytes @ 0xE000EDFC)
T0698 005:762.119   Reset: Halt core after reset via DEMCR.VC_CORERESET.
T0698 005:763.717   Reset: Reset device via AIRCR.SYSRESETREQ.
T0698 005:763.789   CPU_WriteMem(4 bytes @ 0xE000ED0C)
T0698 005:819.098   CPU_ReadMem(4 bytes @ 0xE000EDF0)
T0698 005:819.753   CPU_ReadMem(4 bytes @ 0xE000EDF0)
T0698 005:820.507   CPU_WriteMem(4 bytes @ 0xE000EDFC)
T0698 005:827.345   CPU_ReadMem(4 bytes @ 0xE000EDF0)
T0698 005:833.930   CPU_WriteMem(4 bytes @ 0xE0002000)
T0698 005:834.689   CPU_ReadMem(4 bytes @ 0xE000EDFC)
T0698 005:835.379   CPU_ReadMem(4 bytes @ 0xE0001000)
T0698 005:836.175 - 77.166ms 
T0698 005:836.234 JLINK_SetEndian(ARM_ENDIAN_LITTLE)
T0698 005:836.250 - 0.016ms returns 0
T0698 005:836.309 JLINK_ReadMem(0x1FFE96F8, 0x4 Bytes, ...)
T0698 005:836.336   CPU_ReadMem(4 bytes @ 0x1FFE96F8)
T0698 005:891.177   Data:  00 00 00 00
T0698 005:891.211 - 54.902ms returns 0
T0698 005:905.307 JLINK_WriteMem(0x1FFE96F8, 0x4 Bytes, ...)
T0698 005:905.363   Data:  00 00 00 00
T0698 005:905.401   CPU_WriteMem(4 bytes @ 0x1FFE96F8)
T0698 005:906.215 - 0.908ms returns 0x4
T0698 005:908.746 JLINK_ReadMem(0x1FFE96F8, 0x4 Bytes, ...)
T0698 005:908.797   CPU_ReadMem(4 bytes @ 0x1FFE96F8)
T0698 005:909.474   Data:  00 00 00 00
T0698 005:909.508 - 0.763ms returns 0
T0698 005:909.571 JLINK_ReadMem(0x1FFE96F8, 0x4 Bytes, ...)
T0698 005:909.593   CPU_ReadMem(4 bytes @ 0x1FFE96F8)
T0698 005:910.256   Data:  00 00 00 00
T0698 005:910.295 - 0.724ms returns 0
T0698 005:911.633 JLINK_ReadMem(0x0000C898, 0x4 Bytes, ...)
T0698 005:911.676    -- Read from flash cache (4 bytes @ 0x0000C898)
T0698 005:911.827   Data:  08 B5 00 F0
T0698 005:911.847 - 0.214ms returns 0
T0698 005:932.679 JLINK_ReadMem(0x1FFE96F8, 0x4 Bytes, ...)
T0698 005:932.731   CPU_ReadMem(4 bytes @ 0x1FFE96F8)
T0698 005:935.105   Data:  00 00 00 00
T0698 005:935.153 - 2.473ms returns 0
T0698 005:935.225 JLINK_ReadMem(0x1FFE96F8, 0x4 Bytes, ...)
T0698 005:935.250   CPU_ReadMem(4 bytes @ 0x1FFE96F8)
T0698 005:936.047   Data:  00 00 00 00
T0698 005:936.080 - 0.855ms returns 0
T0698 005:937.533 JLINK_ReadMem(0x0000C898, 0x4 Bytes, ...)
T0698 005:937.570    -- Read from flash cache (4 bytes @ 0x0000C898)
T0698 005:937.589   Data:  08 B5 00 F0
T0698 005:937.607 - 0.073ms returns 0
T0698 006:745.689 JLINK_ReadMem(0x0000C898, 0x4 Bytes, ...)
T0698 006:745.721    -- Read from flash cache (4 bytes @ 0x0000C898)
T0698 006:745.746   Data:  08 B5 00 F0
T0698 006:745.769 - 0.079ms returns 0
T0698 006:968.505 JLINK_GetNumBPUnits(Type = 0xFFFFFF00)
T0698 006:968.567 - 0.063ms returns 0x06
T0698 006:968.587 JLINK_GetNumWPUnits()
T0698 006:968.597 - 0.009ms returns 4
T0698 006:968.621 JLINK_GetNumBPUnits(Type = 0xFFFFFF00)
T0698 006:968.632 - 0.011ms returns 0x06
T0698 006:968.644 JLINK_GetNumWPUnits()
T0698 006:968.653 - 0.009ms returns 4
T0698 006:968.680 JLINK_GetNumBPUnits(Type = 0xFFFFFF00)
T0698 006:968.690 - 0.009ms returns 0x06
T0698 006:968.704 JLINK_GetNumWPUnits()
T0698 006:968.714 - 0.010ms returns 4
T0698 006:968.781 JLINK_SetBPEx(Addr = 0x0000208C, Type = 0xFFFFFF00)
T0698 006:968.809 - 0.027ms returns 0x00000001
T0698 006:968.828 JLINK_ClrBPEx(BPHandle = 0x00000001)
T0698 006:969.637 - 0.808ms returns 0x00
T0698 006:996.373 JLINK_ReadMem(0x0000208C, 0x2 Bytes, ...)
T0698 006:996.417    -- Read from flash cache (2 bytes @ 0x0000208C)
T0698 006:996.445   Data:  08 B5
T0698 006:996.462 - 0.090ms returns 0
T0698 006:997.083 JLINK_SetBPEx(Addr = 0x0000208C, Type = 0xFFFFFF00)
T0698 006:997.105 - 0.022ms returns 0x00000002
T0698 007:104.165 JLINK_ReadMem(0x1FFE96F8, 0x4 Bytes, ...)
T0698 007:104.241   CPU_ReadMem(4 bytes @ 0x1FFE96F8)
T0698 007:130.841   Data:  00 00 00 00
T0698 007:130.886 - 26.722ms returns 0
T0698 007:135.405 JLINK_ReadMem(0x1FFE96F8, 0x4 Bytes, ...)
T0698 007:135.458   CPU_ReadMem(4 bytes @ 0x1FFE96F8)
T0698 007:136.522   Data:  00 00 00 00
T0698 007:136.566 - 1.162ms returns 0
T0698 007:136.645 JLINK_ReadRegs(NumRegs = 20)
T0698 007:136.684   
  R0 (0)        = 0x20000904           R1 (1)        = 0xE800               R2 (2)        = 0x00                 R3 (3)        = 0x4001C11C        
  R4 (4)        = 0x20000904           R5 (5)        = 0x2000095C           R6 (6)        = 0x2000095C           R7 (7)        = 0x1FFE9598        
  R8 (8)        = 0x1FFE1668           R9 (9)        = 0x1FFE169C           R10 (10)      = 0x00                 R11 (11)      = 0x00              
  R12 (12)      = 0x20000888           R13 (SP) (13) = 0x1FFE05B0           R14 (14)      = 0xFFFFFFFF           R15 (PC) (15) = 0xC898            
  XPSR (16)     = 0x1000000            MSP (17)      = 0x1FFE05B0           PSP (18)      = 0x1FFEAFF8           CFBP (20)     = 0x00              
T0698 007:136.702 - 0.057ms returns 0x00
T0698 007:137.199 JLINK_ReadMem(0x1FFE96F8, 0x4 Bytes, ...)
T0698 007:137.237   CPU_ReadMem(4 bytes @ 0x1FFE96F8)
T0698 007:138.209   Data:  00 00 00 00
T0698 007:138.247 - 1.048ms returns 0
T0698 007:138.326 JLINK_ReadMem(0x1FFE96F8, 0x4 Bytes, ...)
T0698 007:138.354   CPU_ReadMem(4 bytes @ 0x1FFE96F8)
T0698 007:139.075   Data:  00 00 00 00
T0698 007:139.107 - 0.781ms returns 0
T0698 007:141.040 JLINK_ReadMem(0x0000C898, 0x4 Bytes, ...)
T0698 007:141.087    -- Read from flash cache (4 bytes @ 0x0000C898)
T0698 007:141.107   Data:  08 B5 00 F0
T0698 007:141.125 - 0.086ms returns 0
T27BC 007:491.597 JLINK_GetNumBPUnits(Type = 0xFFFFFF00)
T27BC 007:491.631 - 0.035ms returns 0x06
T27BC 007:491.647 JLINK_GetNumWPUnits()
T27BC 007:491.658 - 0.010ms returns 4
T27BC 007:494.683 JLINK_GetNumBPUnits(Type = 0xFFFFFF00)
T27BC 007:494.725 - 0.107ms returns 0x06
T27BC 007:494.853 JLINK_GetNumWPUnits()
T27BC 007:494.870 - 0.017ms returns 4
T27BC 007:496.429 JLINK_GetNumBPUnits(Type = 0xFFFFFF00)
T27BC 007:496.459 - 0.030ms returns 0x06
T27BC 007:496.477 JLINK_GetNumWPUnits()
T27BC 007:496.491 - 0.014ms returns 4
T27BC 007:497.391 JLINK_GetNumBPUnits(Type = 0xFFFFFF00)
T27BC 007:497.453 - 0.063ms returns 0x06
T27BC 007:497.473 JLINK_GetNumWPUnits()
T27BC 007:497.485 - 0.011ms returns 4
T27BC 007:497.873 JLINK_GetNumBPUnits(Type = 0xFFFFFF00)
T27BC 007:497.898 - 0.025ms returns 0x06
T27BC 007:497.914 JLINK_GetNumWPUnits()
T27BC 007:497.926 - 0.012ms returns 4
T27BC 007:498.285 JLINK_GetNumBPUnits(Type = 0xFFFFFF00)
T27BC 007:498.305 - 0.021ms returns 0x06
T27BC 007:498.321 JLINK_GetNumWPUnits()
T27BC 007:498.333 - 0.012ms returns 4
T27BC 007:498.794 JLINK_GetNumBPUnits(Type = 0xFFFFFF00)
T27BC 007:498.827 - 0.033ms returns 0x06
T27BC 007:498.844 JLINK_GetNumWPUnits()
T27BC 007:498.857 - 0.012ms returns 4
T27BC 007:499.136 JLINK_GetNumBPUnits(Type = 0xFFFFFF00)
T27BC 007:499.155 - 0.019ms returns 0x06
T27BC 007:499.170 JLINK_GetNumWPUnits()
T27BC 007:499.184 - 0.012ms returns 4
T0698 008:591.830 JLINK_ReadMem(0x0000C898, 0x4 Bytes, ...)
T0698 008:591.870    -- Read from flash cache (4 bytes @ 0x0000C898)
T0698 008:591.888   Data:  08 B5 00 F0
T0698 008:591.906 - 0.076ms returns 0
T0698 008:664.061 JLINK_ReadMem(0x1FFE96F8, 0x4 Bytes, ...)
T0698 008:664.118   CPU_ReadMem(4 bytes @ 0x1FFE96F8)
T0698 008:727.626   Data:  00 00 00 00
T0698 008:727.745 - 63.673ms returns 0
T0698 008:728.086 JLINK_ReadMem(0x1FFE96F8, 0x4 Bytes, ...)
T0698 008:728.119   CPU_ReadMem(4 bytes @ 0x1FFE96F8)
T0698 008:729.003   Data:  00 00 00 00
T0698 008:729.045 - 0.959ms returns 0
T0698 008:731.227 JLINK_ReadMem(0x1FFE96F8, 0x4 Bytes, ...)
T0698 008:731.283   CPU_ReadMem(4 bytes @ 0x1FFE96F8)
T0698 008:732.336   Data:  00 00 00 00
T0698 008:732.382 - 1.154ms returns 0
T0698 008:732.446 JLINK_ReadMem(0x1FFE96F8, 0x4 Bytes, ...)
T0698 008:732.551   CPU_ReadMem(4 bytes @ 0x1FFE96F8)
T0698 008:733.360   Data:  00 00 00 00
T0698 008:733.858 - 1.412ms returns 0
T0698 014:046.349 JLINK_ReadMem(0x1FFE96F8, 0x4 Bytes, ...)
T0698 014:046.408   CPU_ReadMem(4 bytes @ 0x1FFE96F8)
T0698 014:061.296   Data:  00 00 00 00
T0698 014:061.338 - 14.990ms returns 0
T0698 014:061.446 JLINK_STRACE_Read(..., NumItems = 0x10000)
T0698 014:061.483   Initializing trace type buffer with configured Coresight trace components (* indicates set/detected address):
T0698 014:061.499    *TF:   0xE0042000
T0698 014:061.510    *TMC:  0xE0043000
T0698 014:061.523     ETB:  0x00000000
T0698 014:061.534     MTB:  0x00000000
T0698 014:061.546    *TPIU: 0xE0040000
T0698 014:061.557    *ETM:  0xE0041000
T0698 014:061.566     STM:  0x00000000
T0698 014:061.578     PTM:  0x00000000
T0698 014:069.099 - 7.650ms NumItemsRead = 0x00
T0698 014:069.166 JLINK_IsHalted()
T0698 014:070.494 - 1.326ms returns TRUE
T0698 014:070.576 JLINK_STRACE_Read(..., NumItems = 0x10000)
T0698 014:070.597 - 0.020ms NumItemsRead = 0x00
T0698 014:070.618 JLINK_GoEx(MaxEmulInsts = 0, Flags = 0x01)
T0698 014:070.654   CPU_WriteMem(4 bytes @ 0xE0002000)
T0698 014:071.638   CPU_ReadMem(4 bytes @ 0xE0001000)
T0698 014:072.395   CPU_WriteMem(4 bytes @ 0xE0002008)
T0698 014:072.429   CPU_WriteMem(4 bytes @ 0xE000200C)
T0698 014:072.448   CPU_WriteMem(4 bytes @ 0xE0002010)
T0698 014:072.466   CPU_WriteMem(4 bytes @ 0xE0002014)
T0698 014:072.483   CPU_WriteMem(4 bytes @ 0xE0002018)
T0698 014:072.499   CPU_WriteMem(4 bytes @ 0xE000201C)
T0698 014:075.603   CPU_WriteMem(4 bytes @ 0xE0001004)
T0698 014:077.414   Memory map 'after startup completion point' is active
T0698 014:077.458 - 6.839ms 
T0698 014:177.507 JLINK_IsHalted()
T0698 014:182.614 - 5.106ms returns TRUE
T0698 014:182.686 JLINK_ReadReg(XPSR)
T0698 014:182.707 - 0.019ms returns 0x61000000
T0698 014:182.726 JLINK_ReadReg(R15 (PC))
T0698 014:182.739 - 0.013ms returns 0x0000208C
T0698 014:182.762 JLINK_ReadReg(XPSR)
T0698 014:182.774 - 0.013ms returns 0x61000000
T0698 014:182.821 JLINK_ReadReg(XPSR)
T0698 014:182.835 - 0.013ms returns 0x61000000
T0698 014:182.850 JLINK_ReadReg(R15 (PC))
T0698 014:182.862 - 0.012ms returns 0x0000208C
T0698 014:182.878 JLINK_ReadReg(XPSR)
T0698 014:182.890 - 0.011ms returns 0x61000000
T0698 014:182.904 JLINK_ReadReg(XPSR)
T0698 014:182.915 - 0.011ms returns 0x61000000
T0698 014:182.931 JLINK_ReadMem(0x0000208C, 0x1 Bytes, ...)
T0698 014:182.955    -- Read from flash cache (1 bytes @ 0x0000208C)
T0698 014:182.974   Data:  08
T0698 014:183.026 - 0.094ms returns 0
T0698 014:183.048 JLINK_IsHalted()
T0698 014:183.064 - 0.015ms returns TRUE
T0698 014:183.085 JLINK_ReadReg(XPSR)
T0698 014:183.098 - 0.013ms returns 0x61000000
T0698 014:183.114 JLINK_ReadReg(XPSR)
T0698 014:183.126 - 0.011ms returns 0x61000000
T0698 014:183.141 JLINK_ReadReg(R15 (PC))
T0698 014:183.154 - 0.012ms returns 0x0000208C
T0698 014:183.176 JLINK_ReadReg(XPSR)
T0698 014:183.189 - 0.012ms returns 0x61000000
T0698 014:183.203 JLINK_ReadReg(XPSR)
T0698 014:183.214 - 0.011ms returns 0x61000000
T0698 014:183.230 JLINK_ReadMem(0x0000208C, 0x1 Bytes, ...)
T0698 014:183.245    -- Read from flash cache (1 bytes @ 0x0000208C)
T0698 014:183.282   Data:  08
T0698 014:183.302 - 0.072ms returns 0
T0698 014:183.398 JLINK_IsHalted()
T0698 014:183.421 - 0.021ms returns TRUE
T0698 014:183.466 JLINK_ReadReg(XPSR)
T0698 014:183.483 - 0.017ms returns 0x61000000
T0698 014:183.501 JLINK_ReadReg(R15 (PC))
T0698 014:183.515 - 0.013ms returns 0x0000208C
T0698 014:183.533 JLINK_ReadReg(XPSR)
T0698 014:183.547 - 0.013ms returns 0x61000000
T0698 014:183.579 JLINK_ReadReg(XPSR)
T0698 014:183.592 - 0.012ms returns 0x61000000
T0698 014:183.608 JLINK_ReadReg(R15 (PC))
T0698 014:183.619 - 0.012ms returns 0x0000208C
T0698 014:183.635 JLINK_ReadReg(XPSR)
T0698 014:183.650 - 0.013ms returns 0x61000000
T0698 014:183.664 JLINK_ReadReg(XPSR)
T0698 014:183.677 - 0.011ms returns 0x61000000
T0698 014:183.693 JLINK_ReadMem(0x0000208C, 0x1 Bytes, ...)
T0698 014:183.707    -- Read from flash cache (1 bytes @ 0x0000208C)
T0698 014:183.723   Data:  08
T0698 014:183.741 - 0.049ms returns 0
T0698 014:183.757 JLINK_IsHalted()
T0698 014:183.770 - 0.012ms returns TRUE
T0698 014:183.787 JLINK_ReadReg(XPSR)
T0698 014:183.800 - 0.012ms returns 0x61000000
T0698 014:183.814 JLINK_ReadReg(XPSR)
T0698 014:183.837 - 0.021ms returns 0x61000000
T0698 014:183.851 JLINK_ReadReg(R15 (PC))
T0698 014:183.862 - 0.011ms returns 0x0000208C
T0698 014:183.952 JLINK_ReadReg(XPSR)
T0698 014:183.968 - 0.014ms returns 0x61000000
T0698 014:183.981 JLINK_ReadReg(XPSR)
T0698 014:183.995 - 0.014ms returns 0x61000000
T0698 014:184.011 JLINK_ReadMem(0x0000208C, 0x1 Bytes, ...)
T0698 014:184.024    -- Read from flash cache (1 bytes @ 0x0000208C)
T0698 014:184.038   Data:  08
T0698 014:184.054 - 0.043ms returns 0
T0698 014:184.077 JLINK_ReadMem(0x1FFE96F8, 0x4 Bytes, ...)
T0698 014:184.096   CPU_ReadMem(4 bytes @ 0x1FFE96F8)
T0698 014:184.874   Data:  00 00 00 00
T0698 014:184.902 - 0.826ms returns 0
T0698 014:185.560 JLINK_ReadMem(0x1FFE96F8, 0x4 Bytes, ...)
T0698 014:185.589   CPU_ReadMem(4 bytes @ 0x1FFE96F8)
T0698 014:186.267   Data:  00 00 00 00
T0698 014:186.299 - 0.738ms returns 0
T0698 014:186.371 JLINK_ReadRegs(NumRegs = 20)
T0698 014:186.402   
  R0 (0)        = 0x00                 R1 (1)        = 0xE7EC               R2 (2)        = 0x91                 R3 (3)        = 0x0A              
  R4 (4)        = 0x20000904           R5 (5)        = 0x2000095C           R6 (6)        = 0x2000095C           R7 (7)        = 0x1FFE9598        
  R8 (8)        = 0x1FFE1668           R9 (9)        = 0x1FFE169C           R10 (10)      = 0x00                 R11 (11)      = 0x00              
  R12 (12)      = 0x98                 R13 (SP) (13) = 0x1FFE05A8           R14 (14)      = 0xC8A3               R15 (PC) (15) = 0x208C            
  XPSR (16)     = 0x61000000           MSP (17)      = 0x1FFE05A8           PSP (18)      = 0x1FFEAFF8           CFBP (20)     = 0x00              
T0698 014:186.419 - 0.046ms returns 0x00
T0698 014:188.102 JLINK_ReadMem(0x1FFE96F8, 0x4 Bytes, ...)
T0698 014:188.166   CPU_ReadMem(4 bytes @ 0x1FFE96F8)
T0698 014:189.290   Data:  00 00 00 00
T0698 014:189.325 - 1.222ms returns 0
T0698 014:189.382 JLINK_ReadMem(0x1FFE96F8, 0x4 Bytes, ...)
T0698 014:189.408   CPU_ReadMem(4 bytes @ 0x1FFE96F8)
T0698 014:190.342   Data:  00 00 00 00
T0698 014:190.418 - 1.034ms returns 0
T0698 014:191.360 JLINK_ReadMem(0x0000208C, 0x4 Bytes, ...)
T0698 014:191.394    -- Read from flash cache (4 bytes @ 0x0000208C)
T0698 014:191.414   Data:  08 B5 00 F0
T0698 014:191.434 - 0.073ms returns 0
T0698 014:192.954 JLINK_ClrBPEx(BPHandle = 0x00000002)
T0698 014:192.994 - 0.039ms returns 0x00
T0698 014:282.166 JLINK_ReadMem(0x1FFE96F8, 0x4 Bytes, ...)
T0698 014:282.283   CPU_ReadMem(4 bytes @ 0x1FFE96F8)
T0698 014:284.222   Data:  00 00 00 00
T0698 014:284.275 - 2.109ms returns 0
T0698 014:284.347 JLINK_ReadMem(0x1FFE96F8, 0x4 Bytes, ...)
T0698 014:284.374   CPU_ReadMem(4 bytes @ 0x1FFE96F8)
T0698 014:285.173   Data:  00 00 00 00
T0698 014:285.224 - 0.876ms returns 0
T0698 014:286.104 JLINK_ReadMem(0x0000208C, 0x4 Bytes, ...)
T0698 014:286.139    -- Read from flash cache (4 bytes @ 0x0000208C)
T0698 014:286.157   Data:  08 B5 00 F0
T0698 014:286.179 - 0.076ms returns 0
T0698 014:317.469 JLINK_ReadMem(0x0000208C, 0x4 Bytes, ...)
T0698 014:317.512    -- Read from flash cache (4 bytes @ 0x0000208C)
T0698 014:317.530   Data:  08 B5 00 F0
T0698 014:317.547 - 0.079ms returns 0
T0698 014:408.717 JLINK_ReadMem(0x1FFE96F8, 0x4 Bytes, ...)
T0698 014:408.795   CPU_ReadMem(4 bytes @ 0x1FFE96F8)
T0698 014:410.837   Data:  00 00 00 00
T0698 014:410.888 - 2.171ms returns 0
T0698 014:410.965 JLINK_ReadMem(0x1FFE96F8, 0x4 Bytes, ...)
T0698 014:410.994   CPU_ReadMem(4 bytes @ 0x1FFE96F8)
T0698 014:412.691   Data:  00 00 00 00
T0698 014:412.874 - 1.886ms returns 0
T27BC 015:196.533 JLINK_IsHalted()
T27BC 015:243.786 - 47.251ms returns TRUE
T27BC 015:243.896 JLINK_ReadReg(XPSR)
T27BC 015:243.938 - 0.041ms returns 0x61000000
T27BC 015:243.960 JLINK_ReadReg(R15 (PC))
T27BC 015:243.974 - 0.013ms returns 0x0000208C
T27BC 015:244.000 JLINK_ReadReg(XPSR)
T27BC 015:244.018 - 0.017ms returns 0x61000000
T27BC 015:244.035 JLINK_ReadReg(XPSR)
T27BC 015:244.054 - 0.018ms returns 0x61000000
T27BC 015:244.072 JLINK_ReadReg(R15 (PC))
T27BC 015:244.090 - 0.017ms returns 0x0000208C
T27BC 015:244.109 JLINK_ReadReg(XPSR)
T27BC 015:244.126 - 0.017ms returns 0x61000000
T27BC 015:244.144 JLINK_ReadReg(XPSR)
T27BC 015:244.162 - 0.017ms returns 0x61000000
T27BC 015:244.179 JLINK_ReadMem(0x0000208C, 0x1 Bytes, ...)
T27BC 015:244.198    -- Read from flash cache (1 bytes @ 0x0000208C)
T27BC 015:244.211   Data:  08
T27BC 015:244.224 - 0.044ms returns 0
T27BC 015:244.242 JLINK_IsHalted()
T27BC 015:244.259 - 0.016ms returns TRUE
T27BC 015:244.282 JLINK_ReadReg(XPSR)
T27BC 015:244.296 - 0.014ms returns 0x61000000
T27BC 015:244.315 JLINK_ReadReg(XPSR)
T27BC 015:244.328 - 0.012ms returns 0x61000000
T27BC 015:244.344 JLINK_ReadReg(R15 (PC))
T27BC 015:244.357 - 0.011ms returns 0x0000208C
T27BC 015:244.382 JLINK_ReadReg(XPSR)
T27BC 015:244.400 - 0.017ms returns 0x61000000
T27BC 015:244.418 JLINK_ReadReg(XPSR)
T27BC 015:244.435 - 0.017ms returns 0x61000000
T27BC 015:244.453 JLINK_ReadMem(0x0000208C, 0x1 Bytes, ...)
T27BC 015:244.470    -- Read from flash cache (1 bytes @ 0x0000208C)
T27BC 015:244.482   Data:  08
T27BC 015:244.496 - 0.043ms returns 0
T27BC 015:244.558 JLINK_ReadMem(0xE0001000, 0x4 Bytes, ...)
T27BC 015:244.576   CPU_ReadMem(4 bytes @ 0xE0001000)
T27BC 015:245.251   Data:  01 00 00 40
T27BC 015:245.286   Debug reg: DWT_CTRL
T27BC 015:245.318 - 0.760ms returns 0
T27BC 015:245.373 JLINK_WriteMem(0xE0001FB0, 0x8 Bytes, ...)
T27BC 015:245.389   Data:  00 00 00 00 55 CE AC C5
T27BC 015:245.821   CPU_WriteMem(8 bytes @ 0xE0001FB0)
T27BC 015:246.643 - 1.271ms returns 0x8
T27BC 015:246.693 JLINK_ReadMem(0xE000EDFC, 0x4 Bytes, ...)
T27BC 015:246.720   CPU_ReadMem(4 bytes @ 0xE000EDFC)
T27BC 015:247.370   Data:  00 00 00 01
T27BC 015:247.395   Debug reg: DEMCR
T27BC 015:247.413 - 0.720ms returns 0
T27BC 015:249.437 JLINK_ReadMem(0xE0001004, 0x4 Bytes, ...)
T27BC 015:249.482   CPU_ReadMem(4 bytes @ 0xE0001004)
T27BC 015:250.211   Data:  69 AD 05 00
T27BC 015:250.259   Debug reg: DWT_CYCCNT
T27BC 015:250.278 - 0.842ms returns 0
T0698 016:013.910 JLINK_ReadMem(0x1FFE96F8, 0x4 Bytes, ...)
T0698 016:013.978   CPU_ReadMem(4 bytes @ 0x1FFE96F8)
T0698 016:019.704   Data:  00 00 00 00
T0698 016:019.755 - 5.845ms returns 0
T0698 016:019.861 JLINK_STRACE_Read(..., NumItems = 0x10000)
T0698 016:019.885 - 0.024ms NumItemsRead = 0x00
T0698 016:021.150 JLINK_ReadMem(0xE0001004, 0x4 Bytes, ...)
T0698 016:021.187   Data:  69 AD 05 00
T0698 016:021.213   Debug reg: DWT_CYCCNT
T0698 016:021.235 - 0.084ms returns 0
T0698 016:021.254 JLINK_IsHalted()
T0698 016:023.787 - 2.529ms returns TRUE
T0698 016:023.934 JLINK_STRACE_Read(..., NumItems = 0x10000)
T0698 016:023.979 - 0.043ms NumItemsRead = 0x00
T0698 016:025.192 JLINK_ReadMem(0xE0001004, 0x4 Bytes, ...)
T0698 016:025.227   Data:  69 AD 05 00
T0698 016:025.248   Debug reg: DWT_CYCCNT
T0698 016:025.267 - 0.075ms returns 0
T0698 016:025.285 JLINK_GoEx(MaxEmulInsts = 0, Flags = 0x01)
T0698 016:025.318   CPU_ReadMem(4 bytes @ 0xE0001000)
T0698 016:026.011   CPU_WriteMem(4 bytes @ 0xE0002008)
T0698 016:027.658 - 2.371ms 
T0698 016:130.934 JLINK_IsHalted()
T0698 016:131.658 - 0.721ms returns FALSE
T0698 016:131.741 JLINK_IsHalted()
T0698 016:132.426 - 0.685ms returns FALSE
T0698 016:240.221 JLINK_IsHalted()
T0698 016:240.981 - 0.759ms returns FALSE
T0698 016:241.070 JLINK_IsHalted()
T0698 016:241.736 - 0.664ms returns FALSE
T0698 016:349.917 JLINK_IsHalted()
T0698 016:350.973 - 1.055ms returns FALSE
T0698 016:351.035 JLINK_IsHalted()
T0698 016:351.880 - 0.843ms returns FALSE
T0698 016:459.373 JLINK_IsHalted()
T0698 016:460.346 - 0.971ms returns FALSE
T0698 016:460.443 JLINK_IsHalted()
T0698 016:461.336 - 0.891ms returns FALSE
T0698 016:568.832 JLINK_IsHalted()
T0698 016:569.632 - 0.799ms returns FALSE
T0698 016:569.675 JLINK_IsHalted()
T0698 016:570.277 - 0.600ms returns FALSE
T0698 016:677.797 JLINK_IsHalted()
T0698 016:683.533 - 5.735ms returns FALSE
T0698 016:683.603 JLINK_IsHalted()
T0698 016:684.349 - 0.744ms returns FALSE
T0698 016:787.938 JLINK_IsHalted()
T0698 016:801.204 - 13.267ms returns FALSE
T0698 016:801.284 JLINK_IsHalted()
T0698 016:802.234 - 0.949ms returns FALSE
T0698 016:896.962 JLINK_IsHalted()
T0698 016:917.398 - 20.436ms returns FALSE
T0698 016:917.500 JLINK_IsHalted()
T0698 016:918.632 - 1.128ms returns FALSE
T0698 017:021.540 JLINK_IsHalted()
T0698 017:034.118 - 12.577ms returns FALSE
T0698 017:034.246 JLINK_IsHalted()
T0698 017:034.954 - 0.705ms returns FALSE
T27BC 017:035.094 JLINK_IsHalted()
T27BC 017:035.796 - 0.700ms returns FALSE
T27BC 017:035.852 JLINK_IsHalted()
T27BC 017:036.662 - 0.808ms returns FALSE
T0698 017:131.060 JLINK_IsHalted()
T0698 017:150.142 - 19.080ms returns FALSE
T0698 017:150.240 JLINK_IsHalted()
T0698 017:151.008 - 0.780ms returns FALSE
T0698 017:256.262 JLINK_IsHalted()
T0698 017:275.076 - 18.812ms returns FALSE
T0698 017:275.132 JLINK_IsHalted()
T0698 017:275.846 - 0.713ms returns FALSE
T0698 017:381.326 JLINK_IsHalted()
T0698 017:391.626 - 10.297ms returns FALSE
T0698 017:391.706 JLINK_IsHalted()
T0698 017:392.478 - 0.773ms returns FALSE
T0698 017:490.420 JLINK_IsHalted()
T0698 017:508.542 - 18.120ms returns FALSE
T0698 017:508.646 JLINK_IsHalted()
T0698 017:509.786 - 1.138ms returns FALSE
T0698 017:628.612 JLINK_IsHalted()
T0698 017:629.718 - 1.106ms returns FALSE
T0698 017:629.796 JLINK_IsHalted()
T0698 017:630.742 - 0.945ms returns FALSE
T0698 017:740.166 JLINK_IsHalted()
T0698 017:756.018 - 15.848ms returns FALSE
T0698 017:756.178 JLINK_IsHalted()
T0698 017:757.158 - 0.980ms returns FALSE
T0698 017:865.130 JLINK_IsHalted()
T0698 017:873.830 - 8.701ms returns FALSE
T0698 017:873.900 JLINK_IsHalted()
T0698 017:874.890 - 0.988ms returns FALSE
T0698 017:974.820 JLINK_IsHalted()
T0698 018:001.018 - 26.197ms returns FALSE
T0698 018:001.100 JLINK_IsHalted()
T0698 018:001.902 - 0.802ms returns FALSE
T27BC 018:037.500 JLINK_IsHalted()
T27BC 018:038.578 - 1.077ms returns FALSE
T27BC 018:038.646 JLINK_IsHalted()
T27BC 018:039.580 - 0.931ms returns FALSE
T0698 018:099.456 JLINK_IsHalted()
T0698 018:118.040 - 18.584ms returns FALSE
T0698 018:118.128 JLINK_IsHalted()
T0698 018:119.126 - 0.997ms returns FALSE
T0698 018:234.364 JLINK_IsHalted()
T0698 018:235.628 - 1.264ms returns FALSE
T0698 018:235.692 JLINK_IsHalted()
T0698 018:236.350 - 0.658ms returns FALSE
T0698 018:334.232 JLINK_IsHalted()
T0698 018:353.836 - 19.603ms returns FALSE
T0698 018:353.948 JLINK_IsHalted()
T0698 018:354.998 - 1.047ms returns FALSE
T0698 018:459.172 JLINK_IsHalted()
T0698 018:471.282 - 12.109ms returns FALSE
T0698 018:471.372 JLINK_IsHalted()
T0698 018:472.100 - 0.725ms returns FALSE
T0698 018:568.752 JLINK_IsHalted()
T0698 018:589.208 - 20.443ms returns FALSE
T0698 018:589.282 JLINK_IsHalted()
T0698 018:590.168 - 0.884ms returns FALSE
T0698 018:706.980 JLINK_IsHalted()
T0698 018:708.174 - 1.179ms returns FALSE
T0698 018:708.266 JLINK_IsHalted()
T0698 018:709.308 - 1.043ms returns FALSE
T0698 018:818.394 JLINK_IsHalted()
T0698 018:823.372 - 4.976ms returns FALSE
T0698 018:823.436 JLINK_IsHalted()
T0698 018:824.246 - 0.807ms returns FALSE
T0698 018:927.412 JLINK_IsHalted()
T0698 018:940.480 - 13.066ms returns FALSE
T0698 018:940.546 JLINK_IsHalted()
T0698 018:941.210 - 0.663ms returns FALSE
T0698 019:037.430 JLINK_IsHalted()
T0698 019:057.306 - 19.875ms returns FALSE
T0698 019:057.396 JLINK_IsHalted()
T0698 019:058.542 - 1.145ms returns FALSE
T27BC 019:058.692 JLINK_IsHalted()
T27BC 019:059.792 - 1.099ms returns FALSE
T27BC 019:059.862 JLINK_IsHalted()
T27BC 019:060.800 - 0.937ms returns FALSE
T0698 019:162.252 JLINK_IsHalted()
T0698 019:175.394 - 13.139ms returns FALSE
T0698 019:175.500 JLINK_IsHalted()
T0698 019:176.488 - 0.985ms returns FALSE
T0698 019:272.090 JLINK_IsHalted()
T0698 019:293.532 - 21.443ms returns FALSE
T0698 019:293.632 JLINK_IsHalted()
T0698 019:295.144 - 1.512ms returns FALSE
T0698 019:396.892 JLINK_IsHalted()
T0698 019:412.854 - 15.960ms returns FALSE
T0698 019:412.984 JLINK_IsHalted()
T0698 019:413.912 - 0.924ms returns FALSE
T0698 019:521.464 JLINK_IsHalted()
T0698 019:528.208 - 6.743ms returns FALSE
T0698 019:528.308 JLINK_IsHalted()
T0698 019:529.374 - 1.063ms returns FALSE
T0698 019:630.734 JLINK_IsHalted()
T0698 019:645.458 - 14.721ms returns FALSE
T0698 019:645.552 JLINK_IsHalted()
T0698 019:646.286 - 0.732ms returns FALSE
T0698 019:739.954 JLINK_IsHalted()
T0698 019:763.728 - 23.775ms returns FALSE
T0698 019:763.858 JLINK_IsHalted()
T0698 019:765.002 - 1.143ms returns FALSE
T0698 019:864.976 JLINK_IsHalted()
T0698 019:889.684 - 24.708ms returns FALSE
T0698 019:889.748 JLINK_IsHalted()
T0698 019:890.556 - 0.807ms returns FALSE
T0698 019:990.948 JLINK_IsHalted()
T0698 020:008.204 - 17.254ms returns FALSE
T0698 020:008.314 JLINK_IsHalted()
T0698 020:009.410 - 1.095ms returns FALSE
T27BC 020:062.010 JLINK_IsHalted()
T27BC 020:062.868 - 0.859ms returns FALSE
T27BC 020:062.954 JLINK_IsHalted()
T27BC 020:063.624 - 0.670ms returns FALSE
T0698 020:115.008 JLINK_IsHalted()
T0698 020:124.324 - 9.314ms returns FALSE
T0698 020:124.384 JLINK_IsHalted()
T0698 020:125.156 - 0.769ms returns FALSE
T0698 020:224.464 JLINK_IsHalted()
T0698 020:241.232 - 16.767ms returns FALSE
T0698 020:241.356 JLINK_IsHalted()
T0698 020:242.032 - 0.676ms returns FALSE
T0698 020:349.666 JLINK_IsHalted()
T0698 020:359.748 - 10.082ms returns FALSE
T0698 020:359.828 JLINK_IsHalted()
T0698 020:360.980 - 1.151ms returns FALSE
T0698 020:459.694 JLINK_IsHalted()
T0698 020:478.100 - 18.405ms returns FALSE
T0698 020:478.170 JLINK_IsHalted()
T0698 020:478.908 - 0.736ms returns FALSE
T0698 020:584.196 JLINK_IsHalted()
T0698 020:606.404 - 22.207ms returns FALSE
T0698 020:606.514 JLINK_IsHalted()
T0698 020:607.384 - 0.870ms returns FALSE
T0698 020:709.570 JLINK_IsHalted()
T0698 020:734.336 - 24.765ms returns FALSE
T0698 020:734.458 JLINK_IsHalted()
T0698 020:735.584 - 1.125ms returns FALSE
T0698 020:851.380 JLINK_IsHalted()
T0698 020:852.252 - 0.870ms returns FALSE
T0698 020:852.342 JLINK_IsHalted()
T0698 020:853.300 - 0.956ms returns FALSE
T0698 020:959.498 JLINK_IsHalted()
T0698 020:968.448 - 8.947ms returns FALSE
T0698 020:968.640 JLINK_IsHalted()
T0698 020:969.876 - 1.234ms returns FALSE
T27BC 021:064.518 JLINK_IsHalted()
T27BC 021:087.434 - 22.916ms returns FALSE
T27BC 021:087.524 JLINK_IsHalted()
T27BC 021:088.356 - 0.832ms returns FALSE
T0698 021:088.512 JLINK_IsHalted()
T0698 021:089.630 - 1.117ms returns FALSE
T0698 021:089.716 JLINK_IsHalted()
T0698 021:090.806 - 1.090ms returns FALSE
T0698 021:193.626 JLINK_IsHalted()
T0698 021:206.708 - 13.080ms returns FALSE
T0698 021:206.876 JLINK_IsHalted()
T0698 021:208.044 - 1.167ms returns FALSE
T0698 021:302.812 JLINK_IsHalted()
T0698 021:334.328 - 31.517ms returns FALSE
T0698 021:334.388 JLINK_IsHalted()
T0698 021:335.052 - 0.663ms returns FALSE
T0698 021:443.540 JLINK_IsHalted()
T0698 021:451.730 - 8.189ms returns FALSE
T0698 021:451.844 JLINK_IsHalted()
T0698 021:452.646 - 0.792ms returns FALSE
T0698 021:552.910 JLINK_IsHalted()
T0698 021:567.924 - 15.013ms returns FALSE
T0698 021:568.000 JLINK_IsHalted()
T0698 021:568.872 - 0.869ms returns FALSE
T0698 021:677.388 JLINK_IsHalted()
T0698 021:684.656 - 7.267ms returns FALSE
T0698 021:684.730 JLINK_IsHalted()
T0698 021:685.524 - 0.794ms returns FALSE
T0698 021:786.828 JLINK_IsHalted()
T0698 021:801.690 - 14.860ms returns FALSE
T0698 021:801.816 JLINK_IsHalted()
T0698 021:802.942 - 1.125ms returns FALSE
T0698 021:920.732 JLINK_IsHalted()
T0698 021:921.824 - 1.092ms returns FALSE
T0698 021:921.924 JLINK_IsHalted()
T0698 021:922.840 - 0.915ms returns FALSE
T0698 022:021.368 JLINK_IsHalted()
T0698 022:037.086 - 15.716ms returns FALSE
T0698 022:037.156 JLINK_IsHalted()
T0698 022:037.788 - 0.633ms returns FALSE
T27BC 022:088.618 JLINK_IsHalted()
T27BC 022:089.390 - 0.772ms returns FALSE
T27BC 022:089.446 JLINK_IsHalted()
T27BC 022:090.094 - 0.645ms returns FALSE
T0698 022:146.582 JLINK_IsHalted()
T0698 022:154.508 - 7.926ms returns FALSE
T0698 022:154.616 JLINK_IsHalted()
T0698 022:155.818 - 1.201ms returns FALSE
T0698 022:256.404 JLINK_IsHalted()
T0698 022:272.258 - 15.852ms returns FALSE
T0698 022:272.384 JLINK_IsHalted()
T0698 022:273.402 - 1.014ms returns FALSE
T0698 022:380.954 JLINK_IsHalted()
T0698 022:391.118 - 10.161ms returns FALSE
T0698 022:391.374 JLINK_IsHalted()
T0698 022:393.322 - 1.943ms returns FALSE
T0698 022:490.368 JLINK_IsHalted()
T0698 022:510.388 - 20.019ms returns FALSE
T0698 022:510.522 JLINK_IsHalted()
T0698 022:511.810 - 1.289ms returns FALSE
T0698 022:615.622 JLINK_IsHalted()
T0698 022:628.232 - 12.608ms returns FALSE
T0698 022:628.412 JLINK_IsHalted()
T0698 022:629.588 - 1.175ms returns FALSE
T0698 022:725.184 JLINK_IsHalted()
T0698 022:748.276 - 23.091ms returns FALSE
T0698 022:748.460 JLINK_IsHalted()
T0698 022:749.578 - 1.117ms returns FALSE
T0698 022:850.364 JLINK_IsHalted()
T0698 022:890.820 - 40.455ms returns FALSE
T0698 022:890.906 JLINK_IsHalted()
T0698 022:898.186 - 7.278ms returns FALSE
T0698 023:005.942 JLINK_IsHalted()
T0698 023:007.500 - 1.557ms returns FALSE
T0698 023:007.636 JLINK_IsHalted()
T0698 023:009.230 - 1.593ms returns FALSE
T27BC 023:090.564 JLINK_IsHalted()
T27BC 023:092.168 - 1.604ms returns FALSE
T27BC 023:092.260 JLINK_IsHalted()
T27BC 023:093.966 - 1.704ms returns FALSE
T0698 023:115.184 JLINK_IsHalted()
T0698 023:117.050 - 1.865ms returns FALSE
T0698 023:117.156 JLINK_IsHalted()
T0698 023:118.924 - 1.768ms returns FALSE
T0698 023:224.972 JLINK_IsHalted()
T0698 023:227.108 - 2.136ms returns FALSE
T0698 023:227.228 JLINK_IsHalted()
T0698 023:228.964 - 1.733ms returns FALSE
T0698 023:334.280 JLINK_IsHalted()
T0698 023:336.814 - 2.532ms returns FALSE
T0698 023:336.996 JLINK_IsHalted()
T0698 023:338.744 - 1.743ms returns FALSE
T0698 023:443.220 JLINK_IsHalted()
T0698 023:445.556 - 2.337ms returns FALSE
T0698 023:445.724 JLINK_IsHalted()
T0698 023:447.476 - 1.750ms returns FALSE
T0698 023:552.798 JLINK_IsHalted()
T0698 023:555.140 - 2.340ms returns FALSE
T0698 023:555.308 JLINK_IsHalted()
T0698 023:556.992 - 1.682ms returns FALSE
T0698 023:662.420 JLINK_IsHalted()
T0698 023:666.416 - 3.993ms returns FALSE
T0698 023:666.588 JLINK_IsHalted()
T0698 023:668.380 - 1.789ms returns FALSE
T0698 023:772.100 JLINK_IsHalted()
T0698 023:773.550 - 1.448ms returns FALSE
T0698 023:773.834 JLINK_IsHalted()
T0698 023:775.256 - 1.420ms returns FALSE
T0698 023:880.964 JLINK_IsHalted()
T0698 023:882.254 - 1.289ms returns FALSE
T0698 023:882.384 JLINK_IsHalted()
T0698 023:884.214 - 1.828ms returns FALSE
T0698 023:990.684 JLINK_IsHalted()
T0698 023:992.810 - 2.126ms returns FALSE
T0698 023:992.944 JLINK_IsHalted()
T0698 023:994.714 - 1.764ms returns FALSE
T27BC 024:094.466 JLINK_IsHalted()
T27BC 024:095.670 - 1.204ms returns FALSE
T27BC 024:095.764 JLINK_IsHalted()
T27BC 024:097.558 - 1.792ms returns FALSE
T0698 024:100.170 JLINK_IsHalted()
T0698 024:101.112 - 0.940ms returns FALSE
T0698 024:101.212 JLINK_IsHalted()
T0698 024:102.940 - 1.727ms returns FALSE
T0698 024:208.932 JLINK_IsHalted()
T0698 024:210.728 - 1.794ms returns FALSE
T0698 024:210.866 JLINK_IsHalted()
T0698 024:212.450 - 1.580ms returns FALSE
T0698 024:318.722 JLINK_IsHalted()
T0698 024:320.802 - 2.079ms returns FALSE
T0698 024:320.878 JLINK_IsHalted()
T0698 024:322.414 - 1.535ms returns FALSE
T0698 024:427.628 JLINK_IsHalted()
T0698 024:430.724 - 3.096ms returns FALSE
T0698 024:430.832 JLINK_IsHalted()
T0698 024:432.588 - 1.754ms returns FALSE
T0698 024:537.354 JLINK_IsHalted()
T0698 024:539.492 - 2.137ms returns FALSE
T0698 024:539.562 JLINK_IsHalted()
T0698 024:541.452 - 1.888ms returns FALSE
T0698 024:647.110 JLINK_IsHalted()
T0698 024:649.144 - 2.033ms returns FALSE
T0698 024:649.230 JLINK_IsHalted()
T0698 024:651.070 - 1.838ms returns FALSE
T0698 024:755.978 JLINK_IsHalted()
T0698 024:758.336 - 2.357ms returns FALSE
T0698 024:758.418 JLINK_IsHalted()
T0698 024:760.216 - 1.797ms returns FALSE
T0698 024:866.000 JLINK_IsHalted()
T0698 024:867.762 - 1.758ms returns FALSE
T0698 024:867.892 JLINK_IsHalted()
T0698 024:869.602 - 1.706ms returns FALSE
T0698 024:975.188 JLINK_IsHalted()
T0698 024:977.150 - 1.959ms returns FALSE
T0698 024:977.296 JLINK_IsHalted()
T0698 024:980.726 - 3.428ms returns FALSE
T0698 025:084.432 JLINK_IsHalted()
T0698 025:086.608 - 2.174ms returns FALSE
T0698 025:086.742 JLINK_IsHalted()
T0698 025:088.698 - 1.953ms returns FALSE
T27BC 025:098.268 JLINK_IsHalted()
T27BC 025:099.814 - 1.542ms returns FALSE
T27BC 025:099.956 JLINK_IsHalted()
T27BC 025:101.668 - 1.708ms returns FALSE
T0698 025:193.366 JLINK_IsHalted()
T0698 025:195.044 - 1.676ms returns FALSE
T0698 025:195.116 JLINK_IsHalted()
T0698 025:196.972 - 1.855ms returns FALSE
T0698 025:302.550 JLINK_IsHalted()
T0698 025:306.466 - 3.915ms returns FALSE
T0698 025:306.552 JLINK_IsHalted()
T0698 025:308.348 - 1.793ms returns FALSE
T0698 025:412.972 JLINK_IsHalted()
T0698 025:414.634 - 1.659ms returns FALSE
T0698 025:414.748 JLINK_IsHalted()
T0698 025:416.404 - 1.653ms returns FALSE
T0698 025:521.766 JLINK_IsHalted()
T0698 025:523.470 - 1.703ms returns FALSE
T0698 025:523.594 JLINK_IsHalted()
T0698 025:525.228 - 1.633ms returns FALSE
T0698 025:630.612 JLINK_IsHalted()
T0698 025:632.666 - 2.050ms returns FALSE
T0698 025:632.792 JLINK_IsHalted()
T0698 025:634.718 - 1.924ms returns FALSE
T0698 025:740.394 JLINK_IsHalted()
T0698 025:742.340 - 1.943ms returns FALSE
T0698 025:742.468 JLINK_IsHalted()
T0698 025:744.204 - 1.732ms returns FALSE
T0698 025:849.616 JLINK_IsHalted()
T0698 025:851.802 - 2.184ms returns FALSE
T0698 025:851.898 JLINK_IsHalted()
T0698 025:853.682 - 1.781ms returns FALSE
T0698 025:959.392 JLINK_IsHalted()
T0698 025:961.474 - 2.079ms returns FALSE
T0698 025:961.668 JLINK_IsHalted()
T0698 025:963.252 - 1.580ms returns FALSE
T0698 026:068.328 JLINK_IsHalted()
T0698 026:070.114 - 1.783ms returns FALSE
T0698 026:070.218 JLINK_IsHalted()
T0698 026:072.012 - 1.793ms returns FALSE
T27BC 026:102.608 JLINK_IsHalted()
T27BC 026:104.220 - 1.610ms returns FALSE
T27BC 026:104.288 JLINK_IsHalted()
T27BC 026:106.076 - 1.784ms returns FALSE
T0698 026:177.996 JLINK_IsHalted()
T0698 026:180.316 - 2.319ms returns FALSE
T0698 026:180.516 JLINK_IsHalted()
T0698 026:182.156 - 1.634ms returns FALSE
T0698 026:287.888 JLINK_IsHalted()
T0698 026:289.894 - 2.003ms returns FALSE
T0698 026:290.094 JLINK_IsHalted()
T0698 026:291.716 - 1.618ms returns FALSE
T0698 026:396.568 JLINK_IsHalted()
T0698 026:398.236 - 1.665ms returns FALSE
T0698 026:398.444 JLINK_IsHalted()
T0698 026:400.074 - 1.627ms returns FALSE
T0698 026:505.644 JLINK_IsHalted()
T0698 026:508.342 - 2.697ms returns FALSE
T0698 026:508.584 JLINK_IsHalted()
T0698 026:510.030 - 1.444ms returns FALSE
T0698 026:615.544 JLINK_IsHalted()
T0698 026:617.924 - 2.377ms returns FALSE
T0698 026:618.142 JLINK_IsHalted()
T0698 026:619.726 - 1.583ms returns FALSE
T0698 026:724.740 JLINK_IsHalted()
T0698 026:726.576 - 1.836ms returns FALSE
T0698 026:726.662 JLINK_IsHalted()
T0698 026:728.330 - 1.664ms returns FALSE
T0698 026:834.462 JLINK_IsHalted()
T0698 026:836.508 - 2.044ms returns FALSE
T0698 026:836.580 JLINK_IsHalted()
T0698 026:838.528 - 1.946ms returns FALSE
T0698 026:944.140 JLINK_IsHalted()
T0698 026:946.368 - 2.223ms returns FALSE
T0698 026:946.586 JLINK_IsHalted()
T0698 026:948.284 - 1.695ms returns FALSE
T0698 027:052.692 JLINK_IsHalted()
T0698 027:054.572 - 1.881ms returns FALSE
T0698 027:054.668 JLINK_IsHalted()
T0698 027:056.326 - 1.654ms returns FALSE
T27BC 027:106.416 JLINK_IsHalted()
T27BC 027:107.664 - 1.248ms returns FALSE
T27BC 027:107.740 JLINK_IsHalted()
T27BC 027:109.332 - 1.590ms returns FALSE
T0698 027:161.932 JLINK_IsHalted()
T0698 027:165.228 - 3.293ms returns FALSE
T0698 027:165.380 JLINK_IsHalted()
T0698 027:167.124 - 1.738ms returns FALSE
T0698 027:271.988 JLINK_IsHalted()
T0698 027:273.952 - 1.965ms returns FALSE
T0698 027:274.010 JLINK_IsHalted()
T0698 027:275.818 - 1.808ms returns FALSE
T0698 027:381.364 JLINK_IsHalted()
T0698 027:384.006 - 2.642ms returns FALSE
T0698 027:384.208 JLINK_IsHalted()
T0698 027:387.484 - 3.274ms returns FALSE
T0698 027:490.538 JLINK_IsHalted()
T0698 027:493.420 - 2.881ms returns FALSE
T0698 027:493.706 JLINK_IsHalted()
T0698 027:495.308 - 1.601ms returns FALSE
T0698 027:600.272 JLINK_IsHalted()
T0698 027:602.708 - 2.432ms returns FALSE
T0698 027:602.928 JLINK_IsHalted()
T0698 027:604.742 - 1.814ms returns FALSE
T0698 027:709.190 JLINK_IsHalted()
T0698 027:713.092 - 3.897ms returns FALSE
T0698 027:713.290 JLINK_IsHalted()
T0698 027:714.980 - 1.686ms returns FALSE
T0698 027:819.158 JLINK_IsHalted()
T0698 027:821.328 - 2.166ms returns FALSE
T0698 027:821.684 JLINK_IsHalted()
T0698 027:822.934 - 1.247ms returns FALSE
T0698 027:927.876 JLINK_IsHalted()
T0698 027:929.388 - 1.510ms returns FALSE
T0698 027:929.526 JLINK_IsHalted()
T0698 027:931.130 - 1.601ms returns FALSE
T0698 028:037.584 JLINK_IsHalted()
T0698 028:039.046 - 1.467ms returns FALSE
T0698 028:039.190 JLINK_IsHalted()
T0698 028:040.832 - 1.640ms returns FALSE
T27BC 028:112.052 JLINK_IsHalted()
T27BC 028:115.548 - 3.492ms returns FALSE
T27BC 028:115.696 JLINK_IsHalted()
T27BC 028:117.444 - 1.743ms returns FALSE
T0698 028:146.646 JLINK_IsHalted()
T0698 028:148.956 - 2.308ms returns FALSE
T0698 028:149.092 JLINK_IsHalted()
T0698 028:151.060 - 1.965ms returns FALSE
T0698 028:256.164 JLINK_IsHalted()
T0698 028:257.142 - 0.979ms returns FALSE
T0698 028:257.206 JLINK_IsHalted()
T0698 028:260.748 - 3.543ms returns FALSE
T0698 028:365.780 JLINK_IsHalted()
T0698 028:367.210 - 1.428ms returns FALSE
T0698 028:367.300 JLINK_IsHalted()
T0698 028:369.264 - 1.965ms returns FALSE
T0698 028:474.404 JLINK_IsHalted()
T0698 028:475.868 - 1.464ms returns FALSE
T0698 028:475.962 JLINK_IsHalted()
T0698 028:477.748 - 1.784ms returns FALSE
T0698 028:584.038 JLINK_IsHalted()
T0698 028:585.924 - 1.880ms returns FALSE
T0698 028:586.118 JLINK_IsHalted()
T0698 028:587.622 - 1.502ms returns FALSE
T0698 028:693.516 JLINK_IsHalted()
T0698 028:695.290 - 1.770ms returns FALSE
T0698 028:695.408 JLINK_IsHalted()
T0698 028:697.164 - 1.754ms returns FALSE
T0698 028:802.874 JLINK_IsHalted()
T0698 028:805.228 - 2.354ms returns FALSE
T0698 028:805.344 JLINK_IsHalted()
T0698 028:807.088 - 1.742ms returns FALSE
T0698 028:912.154 JLINK_IsHalted()
T0698 028:913.732 - 1.577ms returns FALSE
T0698 028:913.866 JLINK_IsHalted()
T0698 028:915.702 - 1.834ms returns FALSE
T0698 029:021.370 JLINK_IsHalted()
T0698 029:025.100 - 3.727ms returns FALSE
T0698 029:025.228 JLINK_IsHalted()
T0698 029:026.896 - 1.664ms returns FALSE
T27BC 029:118.004 JLINK_IsHalted()
T27BC 029:120.348 - 2.342ms returns FALSE
T27BC 029:120.516 JLINK_IsHalted()
T27BC 029:122.260 - 1.740ms returns FALSE
T0698 029:131.494 JLINK_IsHalted()
T0698 029:133.316 - 1.817ms returns FALSE
T0698 029:133.456 JLINK_IsHalted()
T0698 029:135.212 - 1.755ms returns FALSE
T0698 029:240.534 JLINK_IsHalted()
T0698 029:242.512 - 1.978ms returns FALSE
T0698 029:242.660 JLINK_IsHalted()
T0698 029:244.448 - 1.785ms returns FALSE
T0698 029:349.690 JLINK_IsHalted()
T0698 029:350.870 - 1.177ms returns FALSE
T0698 029:351.004 JLINK_IsHalted()
T0698 029:352.860 - 1.853ms returns FALSE
T0698 029:459.260 JLINK_IsHalted()
T0698 029:462.224 - 2.963ms returns FALSE
T0698 029:462.368 JLINK_IsHalted()
T0698 029:464.086 - 1.719ms returns FALSE
T0698 029:568.900 JLINK_IsHalted()
T0698 029:571.232 - 2.333ms returns FALSE
T0698 029:571.370 JLINK_IsHalted()
T0698 029:573.254 - 1.881ms returns FALSE
T0698 029:677.610 JLINK_IsHalted()
T0698 029:679.692 - 2.082ms returns FALSE
T0698 029:679.834 JLINK_IsHalted()
T0698 029:681.402 - 1.565ms returns FALSE
T0698 029:787.386 JLINK_IsHalted()
T0698 029:791.108 - 3.719ms returns FALSE
T0698 029:791.242 JLINK_IsHalted()
T0698 029:792.858 - 1.614ms returns FALSE
T0698 029:897.014 JLINK_IsHalted()
T0698 029:898.928 - 1.907ms returns FALSE
T0698 029:899.036 JLINK_IsHalted()
T0698 029:900.790 - 1.751ms returns FALSE
T0698 030:006.250 JLINK_IsHalted()
T0698 030:008.980 - 2.728ms returns FALSE
T0698 030:009.100 JLINK_IsHalted()
T0698 030:010.678 - 1.574ms returns FALSE
T0698 030:115.974 JLINK_IsHalted()
T0698 030:117.340 - 1.362ms returns FALSE
T0698 030:117.466 JLINK_IsHalted()
T0698 030:119.028 - 1.559ms returns FALSE
T27BC 030:123.844 JLINK_IsHalted()
T27BC 030:125.340 - 1.496ms returns FALSE
T27BC 030:125.462 JLINK_IsHalted()
T27BC 030:127.050 - 1.585ms returns FALSE
T0698 030:225.018 JLINK_IsHalted()
T0698 030:226.352 - 1.334ms returns FALSE
T0698 030:226.480 JLINK_IsHalted()
T0698 030:227.948 - 1.468ms returns FALSE
T0698 030:334.564 JLINK_IsHalted()
T0698 030:336.794 - 2.230ms returns FALSE
T0698 030:336.922 JLINK_IsHalted()
T0698 030:338.636 - 1.713ms returns FALSE
T0698 030:443.868 JLINK_IsHalted()
T0698 030:445.328 - 1.459ms returns FALSE
T0698 030:445.450 JLINK_IsHalted()
T0698 030:447.004 - 1.553ms returns FALSE
T0698 030:552.688 JLINK_IsHalted()
T0698 030:555.734 - 3.044ms returns FALSE
T0698 030:555.852 JLINK_IsHalted()
T0698 030:557.738 - 1.880ms returns FALSE
T0698 030:662.444 JLINK_IsHalted()
T0698 030:664.324 - 1.877ms returns FALSE
T0698 030:664.468 JLINK_IsHalted()
T0698 030:665.974 - 1.505ms returns FALSE
T0698 030:771.760 JLINK_IsHalted()
T0698 030:773.818 - 2.054ms returns FALSE
T0698 030:773.946 JLINK_IsHalted()
T0698 030:775.716 - 1.766ms returns FALSE
T0698 030:881.082 JLINK_IsHalted()
T0698 030:882.636 - 1.556ms returns FALSE
T0698 030:882.778 JLINK_IsHalted()
T0698 030:884.428 - 1.651ms returns FALSE
T0698 030:990.416 JLINK_IsHalted()
T0698 030:992.348 - 1.932ms returns FALSE
T0698 030:992.484 JLINK_IsHalted()
T0698 030:994.234 - 1.749ms returns FALSE
T0698 031:100.188 JLINK_IsHalted()
T0698 031:101.804 - 1.612ms returns FALSE
T0698 031:101.948 JLINK_IsHalted()
T0698 031:103.556 - 1.604ms returns FALSE
T27BC 031:127.808 JLINK_IsHalted()
T27BC 031:129.242 - 1.432ms returns FALSE
T27BC 031:129.366 JLINK_IsHalted()
T27BC 031:131.124 - 1.756ms returns FALSE
T0698 031:209.424 JLINK_IsHalted()
T0698 031:211.124 - 1.699ms returns FALSE
T0698 031:211.210 JLINK_IsHalted()
T0698 031:213.008 - 1.796ms returns FALSE
T0698 031:319.196 JLINK_IsHalted()
T0698 031:322.470 - 3.271ms returns FALSE
T0698 031:322.612 JLINK_IsHalted()
T0698 031:324.356 - 1.742ms returns FALSE
T0698 031:428.118 JLINK_IsHalted()
T0698 031:429.514 - 1.395ms returns FALSE
T0698 031:429.642 JLINK_IsHalted()
T0698 031:431.222 - 1.579ms returns FALSE
T0698 031:537.652 JLINK_IsHalted()
T0698 031:539.040 - 1.387ms returns FALSE
T0698 031:539.168 JLINK_IsHalted()
T0698 031:540.864 - 1.695ms returns FALSE
T0698 031:646.342 JLINK_IsHalted()
T0698 031:648.026 - 1.681ms returns FALSE
T0698 031:648.156 JLINK_IsHalted()
T0698 031:649.786 - 1.626ms returns FALSE
T0698 031:756.262 JLINK_IsHalted()
T0698 031:758.000 - 1.737ms returns FALSE
T0698 031:758.106 JLINK_IsHalted()
T0698 031:759.844 - 1.733ms returns FALSE
T0698 031:865.766 JLINK_IsHalted()
T0698 031:867.580 - 1.813ms returns FALSE
T0698 031:867.686 JLINK_IsHalted()
T0698 031:869.430 - 1.740ms returns FALSE
T0698 031:975.174 JLINK_IsHalted()
T0698 031:976.970 - 1.794ms returns FALSE
T0698 031:977.136 JLINK_IsHalted()
T0698 031:978.838 - 1.702ms returns FALSE
T0698 032:083.996 JLINK_IsHalted()
T0698 032:085.860 - 1.863ms returns FALSE
T0698 032:086.010 JLINK_IsHalted()
T0698 032:087.740 - 1.727ms returns FALSE
T27BC 032:132.108 JLINK_IsHalted()
T27BC 032:133.482 - 1.372ms returns FALSE
T27BC 032:133.616 JLINK_IsHalted()
T27BC 032:135.540 - 1.918ms returns FALSE
T0698 032:193.766 JLINK_IsHalted()
T0698 032:196.730 - 2.963ms returns FALSE
T0698 032:196.832 JLINK_IsHalted()
T0698 032:198.556 - 1.721ms returns FALSE
T0698 032:303.376 JLINK_IsHalted()
T0698 032:305.574 - 2.197ms returns FALSE
T0698 032:305.648 JLINK_IsHalted()
T0698 032:307.200 - 1.548ms returns FALSE
T0698 032:412.140 JLINK_IsHalted()
T0698 032:413.552 - 1.410ms returns FALSE
T0698 032:413.690 JLINK_IsHalted()
T0698 032:415.492 - 1.799ms returns FALSE
T0698 032:522.080 JLINK_IsHalted()
T0698 032:524.756 - 2.672ms returns FALSE
T0698 032:524.886 JLINK_IsHalted()
T0698 032:526.762 - 1.875ms returns FALSE
T0698 032:631.414 JLINK_IsHalted()
T0698 032:633.492 - 2.074ms returns FALSE
T0698 032:633.606 JLINK_IsHalted()
T0698 032:635.360 - 1.749ms returns FALSE
T0698 032:740.010 JLINK_IsHalted()
T0698 032:742.000 - 1.986ms returns FALSE
T0698 032:742.150 JLINK_IsHalted()
T0698 032:743.952 - 1.799ms returns FALSE
T0698 032:850.006 JLINK_IsHalted()
T0698 032:852.100 - 2.091ms returns FALSE
T0698 032:852.496 JLINK_IsHalted()
T0698 032:855.798 - 3.295ms returns FALSE
T0698 032:959.462 JLINK_IsHalted()
T0698 032:960.660 - 1.194ms returns FALSE
T0698 032:960.790 JLINK_IsHalted()
T0698 032:962.534 - 1.743ms returns FALSE
T0698 033:068.972 JLINK_IsHalted()
T0698 033:070.342 - 1.368ms returns FALSE
T0698 033:070.474 JLINK_IsHalted()
T0698 033:072.304 - 1.828ms returns FALSE
T27BC 033:136.468 JLINK_IsHalted()
T27BC 033:138.204 - 1.737ms returns FALSE
T27BC 033:138.326 JLINK_IsHalted()
T27BC 033:140.070 - 1.741ms returns FALSE
T0698 033:177.818 JLINK_IsHalted()
T0698 033:179.882 - 2.065ms returns FALSE
T0698 033:180.012 JLINK_IsHalted()
T0698 033:181.690 - 1.672ms returns FALSE
T0698 033:287.792 JLINK_IsHalted()
T0698 033:289.760 - 1.967ms returns FALSE
T0698 033:289.852 JLINK_IsHalted()
T0698 033:291.556 - 1.702ms returns FALSE
T0698 033:396.836 JLINK_IsHalted()
T0698 033:399.212 - 2.376ms returns FALSE
T0698 033:399.376 JLINK_IsHalted()
T0698 033:401.132 - 1.754ms returns FALSE
T0698 033:506.420 JLINK_IsHalted()
T0698 033:508.698 - 2.277ms returns FALSE
T0698 033:508.858 JLINK_IsHalted()
T0698 033:510.538 - 1.677ms returns FALSE
T0698 033:615.000 JLINK_IsHalted()
T0698 033:616.340 - 1.340ms returns FALSE
T0698 033:616.432 JLINK_IsHalted()
T0698 033:618.108 - 1.675ms returns FALSE
T0698 033:724.520 JLINK_IsHalted()
T0698 033:727.784 - 3.265ms returns FALSE
T0698 033:727.952 JLINK_IsHalted()
T0698 033:729.656 - 1.701ms returns FALSE
T0698 033:834.392 JLINK_IsHalted()
T0698 033:836.024 - 1.635ms returns FALSE
T0698 033:836.172 JLINK_IsHalted()
T0698 033:837.832 - 1.658ms returns FALSE
T0698 033:943.864 JLINK_IsHalted()
T0698 033:947.620 - 3.752ms returns FALSE
T0698 033:947.800 JLINK_IsHalted()
T0698 033:949.488 - 1.683ms returns FALSE
T0698 034:052.640 JLINK_IsHalted()
T0698 034:054.760 - 2.120ms returns FALSE
T0698 034:054.928 JLINK_IsHalted()
T0698 034:056.632 - 1.702ms returns FALSE
T27BC 034:140.808 JLINK_IsHalted()
T27BC 034:143.164 - 2.350ms returns FALSE
T27BC 034:143.372 JLINK_IsHalted()
T27BC 034:145.056 - 1.681ms returns FALSE
T0698 034:162.364 JLINK_IsHalted()
T0698 034:164.108 - 1.743ms returns FALSE
T0698 034:164.276 JLINK_IsHalted()
T0698 034:165.976 - 1.698ms returns FALSE
T0698 034:272.156 JLINK_IsHalted()
T0698 034:273.544 - 1.384ms returns FALSE
T0698 034:273.708 JLINK_IsHalted()
T0698 034:275.340 - 1.627ms returns FALSE
T0698 034:381.640 JLINK_IsHalted()
T0698 034:383.488 - 1.845ms returns FALSE
T0698 034:383.628 JLINK_IsHalted()
T0698 034:385.424 - 1.791ms returns FALSE
T0698 034:490.300 JLINK_IsHalted()
T0698 034:492.436 - 2.131ms returns FALSE
T0698 034:492.600 JLINK_IsHalted()
T0698 034:494.388 - 1.783ms returns FALSE
T0698 034:599.884 JLINK_IsHalted()
T0698 034:601.912 - 2.026ms returns FALSE
T0698 034:602.040 JLINK_IsHalted()
T0698 034:605.520 - 3.482ms returns FALSE
T0698 034:709.352 JLINK_IsHalted()
T0698 034:710.844 - 1.494ms returns FALSE
T0698 034:711.008 JLINK_IsHalted()
T0698 034:712.508 - 1.499ms returns FALSE
T0698 034:818.616 JLINK_IsHalted()
T0698 034:820.892 - 2.277ms returns FALSE
T0698 034:820.968 JLINK_IsHalted()
T0698 034:822.744 - 1.772ms returns FALSE
T0698 034:928.088 JLINK_IsHalted()
T0698 034:930.192 - 2.103ms returns FALSE
T0698 034:930.336 JLINK_IsHalted()
T0698 034:932.136 - 1.799ms returns FALSE
T0698 035:037.704 JLINK_IsHalted()
T0698 035:039.816 - 2.113ms returns FALSE
T0698 035:039.992 JLINK_IsHalted()
T0698 035:041.888 - 1.898ms returns FALSE
T27BC 035:146.312 JLINK_IsHalted()
T27BC 035:148.136 - 1.822ms returns FALSE
T27BC 035:148.240 JLINK_IsHalted()
T27BC 035:149.864 - 1.624ms returns FALSE
T0698 035:150.008 JLINK_IsHalted()
T0698 035:153.416 - 3.409ms returns FALSE
T0698 035:153.528 JLINK_IsHalted()
T0698 035:155.304 - 1.773ms returns FALSE
T0698 035:255.704 JLINK_IsHalted()
T0698 035:256.740 - 1.032ms returns FALSE
T0698 035:256.808 JLINK_IsHalted()
T0698 035:258.748 - 1.941ms returns FALSE
T0698 035:365.592 JLINK_IsHalted()
T0698 035:367.152 - 1.556ms returns FALSE
T0698 035:367.352 JLINK_IsHalted()
T0698 035:368.936 - 1.578ms returns FALSE
T0698 035:474.592 JLINK_IsHalted()
T0698 035:475.948 - 1.356ms returns FALSE
T0698 035:476.040 JLINK_IsHalted()
T0698 035:477.572 - 1.533ms returns FALSE
T0698 035:584.424 JLINK_IsHalted()
T0698 035:586.472 - 2.045ms returns FALSE
T0698 035:586.560 JLINK_IsHalted()
T0698 035:588.404 - 1.843ms returns FALSE
T0698 035:693.216 JLINK_IsHalted()
T0698 035:694.440 - 1.225ms returns FALSE
T0698 035:694.536 JLINK_IsHalted()
T0698 035:696.360 - 1.823ms returns FALSE
T0698 035:802.960 JLINK_IsHalted()
T0698 035:805.176 - 2.218ms returns FALSE
T0698 035:805.280 JLINK_IsHalted()
T0698 035:806.980 - 1.699ms returns FALSE
T0698 035:912.432 JLINK_IsHalted()
T0698 035:914.220 - 1.787ms returns FALSE
T0698 035:914.316 JLINK_IsHalted()
T0698 035:915.876 - 1.555ms returns FALSE
T0698 036:021.880 JLINK_IsHalted()
T0698 036:023.008 - 1.126ms returns FALSE
T0698 036:023.080 JLINK_IsHalted()
T0698 036:025.056 - 1.973ms returns FALSE
T0698 036:131.164 JLINK_IsHalted()
T0698 036:132.760 - 1.596ms returns FALSE
T0698 036:132.940 JLINK_IsHalted()
T0698 036:134.632 - 1.691ms returns FALSE
T27BC 036:150.296 JLINK_IsHalted()
T27BC 036:152.012 - 1.715ms returns FALSE
T27BC 036:152.132 JLINK_IsHalted()
T27BC 036:155.384 - 3.252ms returns FALSE
T0698 036:240.148 JLINK_IsHalted()
T0698 036:242.284 - 2.133ms returns FALSE
T0698 036:242.488 JLINK_IsHalted()
T0698 036:244.192 - 1.701ms returns FALSE
T0698 036:350.008 JLINK_IsHalted()
T0698 036:351.320 - 1.310ms returns FALSE
T0698 036:351.432 JLINK_IsHalted()
T0698 036:353.048 - 1.612ms returns FALSE
T0698 036:458.888 JLINK_IsHalted()
T0698 036:460.188 - 1.302ms returns FALSE
T0698 036:460.304 JLINK_IsHalted()
T0698 036:462.084 - 1.775ms returns FALSE
T0698 036:568.912 JLINK_IsHalted()
T0698 036:570.772 - 1.858ms returns FALSE
T0698 036:570.880 JLINK_IsHalted()
T0698 036:572.744 - 1.862ms returns FALSE
T0698 036:678.264 JLINK_IsHalted()
T0698 036:679.596 - 1.329ms returns FALSE
T0698 036:679.676 JLINK_IsHalted()
T0698 036:681.608 - 1.929ms returns FALSE
T0698 036:787.548 JLINK_IsHalted()
T0698 036:789.752 - 2.204ms returns FALSE
T0698 036:789.832 JLINK_IsHalted()
T0698 036:791.600 - 1.768ms returns FALSE
T0698 036:897.048 JLINK_IsHalted()
T0698 036:899.332 - 2.279ms returns FALSE
T0698 036:899.436 JLINK_IsHalted()
T0698 036:901.208 - 1.771ms returns FALSE
T0698 037:006.304 JLINK_IsHalted()
T0698 037:007.432 - 1.127ms returns FALSE
T0698 037:007.528 JLINK_IsHalted()
T0698 037:009.440 - 1.909ms returns FALSE
T0698 037:115.608 JLINK_IsHalted()
T0698 037:117.680 - 2.065ms returns FALSE
T0698 037:117.780 JLINK_IsHalted()
T0698 037:119.536 - 1.751ms returns FALSE
T27BC 037:156.856 JLINK_IsHalted()
T27BC 037:158.924 - 2.066ms returns FALSE
T27BC 037:159.076 JLINK_IsHalted()
T27BC 037:160.812 - 1.736ms returns FALSE
T0698 037:224.744 JLINK_IsHalted()
T0698 037:225.992 - 1.247ms returns FALSE
T0698 037:226.088 JLINK_IsHalted()
T0698 037:227.868 - 1.778ms returns FALSE
T0698 037:334.216 JLINK_IsHalted()
T0698 037:336.072 - 1.849ms returns FALSE
T0698 037:336.168 JLINK_IsHalted()
T0698 037:337.956 - 1.785ms returns FALSE
T0698 037:443.164 JLINK_IsHalted()
T0698 037:444.860 - 1.692ms returns FALSE
T0698 037:444.980 JLINK_IsHalted()
T0698 037:446.580 - 1.598ms returns FALSE
T0698 037:553.104 JLINK_IsHalted()
T0698 037:555.220 - 2.112ms returns FALSE
T0698 037:555.328 JLINK_IsHalted()
T0698 037:557.256 - 1.926ms returns FALSE
T0698 037:662.548 JLINK_IsHalted()
T0698 037:664.328 - 1.777ms returns FALSE
T0698 037:664.520 JLINK_IsHalted()
T0698 037:666.200 - 1.674ms returns FALSE
T0698 037:771.288 JLINK_IsHalted()
T0698 037:772.404 - 1.111ms returns FALSE
T0698 037:772.532 JLINK_IsHalted()
T0698 037:774.500 - 1.966ms returns FALSE
T0698 037:881.548 JLINK_IsHalted()
T0698 037:882.616 - 1.067ms returns FALSE
T0698 037:882.752 JLINK_IsHalted()
T0698 037:884.572 - 1.819ms returns FALSE
T0698 037:990.352 JLINK_IsHalted()
T0698 037:992.232 - 1.878ms returns FALSE
T0698 037:992.340 JLINK_IsHalted()
T0698 037:994.040 - 1.698ms returns FALSE
T0698 038:100.120 JLINK_IsHalted()
T0698 038:102.140 - 2.019ms returns FALSE
T0698 038:102.256 JLINK_IsHalted()
T0698 038:104.180 - 1.918ms returns FALSE
T27BC 038:161.300 JLINK_IsHalted()
T27BC 038:163.476 - 2.173ms returns FALSE
T27BC 038:163.600 JLINK_IsHalted()
T27BC 038:165.288 - 1.689ms returns FALSE
T0698 038:209.092 JLINK_IsHalted()
T0698 038:210.588 - 1.496ms returns FALSE
T0698 038:210.700 JLINK_IsHalted()
T0698 038:212.544 - 1.841ms returns FALSE
T0698 038:318.280 JLINK_IsHalted()
T0698 038:320.704 - 2.424ms returns FALSE
T0698 038:320.836 JLINK_IsHalted()
T0698 038:322.396 - 1.560ms returns FALSE
T0698 038:427.936 JLINK_IsHalted()
T0698 038:429.224 - 1.286ms returns FALSE
T0698 038:429.344 JLINK_IsHalted()
T0698 038:430.964 - 1.616ms returns FALSE
T0698 038:537.680 JLINK_IsHalted()
T0698 038:539.228 - 1.546ms returns FALSE
T0698 038:539.384 JLINK_IsHalted()
T0698 038:542.940 - 3.554ms returns FALSE
T0698 038:646.684 JLINK_IsHalted()
T0698 038:649.428 - 2.740ms returns FALSE
T0698 038:649.544 JLINK_IsHalted()
T0698 038:651.312 - 1.768ms returns FALSE
T0698 038:756.268 JLINK_IsHalted()
T0698 038:758.420 - 2.149ms returns FALSE
T0698 038:758.536 JLINK_IsHalted()
T0698 038:760.328 - 1.791ms returns FALSE
T0698 038:865.812 JLINK_IsHalted()
T0698 038:867.336 - 1.519ms returns FALSE
T0698 038:867.472 JLINK_IsHalted()
T0698 038:869.052 - 1.580ms returns FALSE
T0698 038:974.552 JLINK_IsHalted()
T0698 038:976.552 - 1.999ms returns FALSE
T0698 038:976.760 JLINK_IsHalted()
T0698 038:978.576 - 1.814ms returns FALSE
T0698 039:084.004 JLINK_IsHalted()
T0698 039:085.972 - 1.966ms returns FALSE
T0698 039:086.084 JLINK_IsHalted()
T0698 039:088.068 - 1.981ms returns FALSE
T27BC 039:166.888 JLINK_IsHalted()
T27BC 039:168.532 - 1.639ms returns FALSE
T27BC 039:168.648 JLINK_IsHalted()
T27BC 039:170.404 - 1.750ms returns FALSE
T0698 039:193.688 JLINK_IsHalted()
T0698 039:196.188 - 2.503ms returns FALSE
T0698 039:196.292 JLINK_IsHalted()
T0698 039:198.204 - 1.913ms returns FALSE
T0698 039:303.440 JLINK_IsHalted()
T0698 039:304.872 - 1.430ms returns FALSE
T0698 039:304.972 JLINK_IsHalted()
T0698 039:306.816 - 1.842ms returns FALSE
T0698 039:412.044 JLINK_IsHalted()
T0698 039:415.040 - 2.995ms returns FALSE
T0698 039:415.196 JLINK_IsHalted()
T0698 039:417.084 - 1.886ms returns FALSE
T0698 039:521.912 JLINK_IsHalted()
T0698 039:524.040 - 2.132ms returns FALSE
T0698 039:524.168 JLINK_IsHalted()
T0698 039:525.768 - 1.594ms returns FALSE
T0698 039:631.176 JLINK_IsHalted()
T0698 039:632.424 - 1.249ms returns FALSE
T0698 039:632.536 JLINK_IsHalted()
T0698 039:634.328 - 1.786ms returns FALSE
T0698 039:740.084 JLINK_IsHalted()
T0698 039:742.904 - 2.822ms returns FALSE
T0698 039:743.016 JLINK_IsHalted()
T0698 039:744.800 - 1.780ms returns FALSE
T0698 039:849.756 JLINK_IsHalted()
T0698 039:851.368 - 1.610ms returns FALSE
T0698 039:851.468 JLINK_IsHalted()
T0698 039:853.188 - 1.718ms returns FALSE
T0698 039:959.368 JLINK_IsHalted()
T0698 039:960.756 - 1.385ms returns FALSE
T0698 039:960.888 JLINK_IsHalted()
T0698 039:962.460 - 1.572ms returns FALSE
T0698 040:068.980 JLINK_IsHalted()
T0698 040:071.480 - 2.497ms returns FALSE
T0698 040:071.592 JLINK_IsHalted()
T0698 040:075.176 - 3.575ms returns FALSE
T27BC 040:171.660 JLINK_IsHalted()
T27BC 040:173.444 - 1.779ms returns FALSE
T27BC 040:173.576 JLINK_IsHalted()
T27BC 040:175.176 - 1.594ms returns FALSE
T0698 040:178.176 JLINK_IsHalted()
T0698 040:179.476 - 1.297ms returns FALSE
T0698 040:179.584 JLINK_IsHalted()
T0698 040:181.336 - 1.753ms returns FALSE
T0698 040:287.240 JLINK_IsHalted()
T0698 040:288.296 - 1.057ms returns FALSE
T0698 040:288.400 JLINK_IsHalted()
T0698 040:290.328 - 1.925ms returns FALSE
T0698 040:396.456 JLINK_IsHalted()
T0698 040:398.096 - 1.639ms returns FALSE
T0698 040:398.216 JLINK_IsHalted()
T0698 040:399.976 - 1.759ms returns FALSE
T0698 040:506.320 JLINK_IsHalted()
T0698 040:508.920 - 2.600ms returns FALSE
T0698 040:509.044 JLINK_IsHalted()
T0698 040:510.880 - 1.834ms returns FALSE
T0698 040:615.672 JLINK_IsHalted()
T0698 040:617.992 - 2.319ms returns FALSE
T0698 040:618.100 JLINK_IsHalted()
T0698 040:619.880 - 1.776ms returns FALSE
T0698 040:724.900 JLINK_IsHalted()
T0698 040:726.960 - 2.059ms returns FALSE
T0698 040:727.080 JLINK_IsHalted()
T0698 040:728.808 - 1.729ms returns FALSE
T0698 040:834.200 JLINK_IsHalted()
T0698 040:836.696 - 2.494ms returns FALSE
T0698 040:836.836 JLINK_IsHalted()
T0698 040:838.552 - 1.715ms returns FALSE
T0698 040:943.524 JLINK_IsHalted()
T0698 040:945.032 - 1.509ms returns FALSE
T0698 040:945.132 JLINK_IsHalted()
T0698 040:946.964 - 1.828ms returns FALSE
T0698 041:053.272 JLINK_IsHalted()
T0698 041:056.376 - 3.100ms returns FALSE
T0698 041:056.496 JLINK_IsHalted()
T0698 041:058.440 - 1.940ms returns FALSE
T0698 041:162.940 JLINK_IsHalted()
T0698 041:164.840 - 1.900ms returns FALSE
T0698 041:164.964 JLINK_IsHalted()
T0698 041:166.696 - 1.727ms returns FALSE
T27BC 041:176.012 JLINK_IsHalted()
T27BC 041:177.624 - 1.609ms returns FALSE
T27BC 041:177.776 JLINK_IsHalted()
T27BC 041:179.660 - 1.882ms returns FALSE
T0698 041:271.228 JLINK_IsHalted()
T0698 041:273.104 - 1.874ms returns FALSE
T0698 041:273.188 JLINK_IsHalted()
T0698 041:274.852 - 1.661ms returns FALSE
T0698 041:381.092 JLINK_IsHalted()
T0698 041:383.136 - 2.044ms returns FALSE
T0698 041:383.236 JLINK_IsHalted()
T0698 041:384.992 - 1.758ms returns FALSE
T0698 041:490.312 JLINK_IsHalted()
T0698 041:492.636 - 2.324ms returns FALSE
T0698 041:492.732 JLINK_IsHalted()
T0698 041:494.380 - 1.644ms returns FALSE
T0698 041:599.724 JLINK_IsHalted()
T0698 041:601.504 - 1.778ms returns FALSE
T0698 041:601.612 JLINK_IsHalted()
T0698 041:603.372 - 1.758ms returns FALSE
T0698 041:709.400 JLINK_IsHalted()
T0698 041:711.204 - 1.802ms returns FALSE
T0698 041:711.268 JLINK_IsHalted()
T0698 041:713.052 - 1.783ms returns FALSE
T0698 041:818.572 JLINK_IsHalted()
T0698 041:820.236 - 1.663ms returns FALSE
T0698 041:820.340 JLINK_IsHalted()
T0698 041:822.308 - 1.966ms returns FALSE
T0698 041:927.956 JLINK_IsHalted()
T0698 041:929.344 - 1.389ms returns FALSE
T0698 041:929.432 JLINK_IsHalted()
T0698 041:931.372 - 1.938ms returns FALSE
T0698 042:037.200 JLINK_IsHalted()
T0698 042:039.108 - 1.904ms returns FALSE
T0698 042:039.224 JLINK_IsHalted()
T0698 042:041.196 - 1.970ms returns FALSE
T0698 042:147.000 JLINK_IsHalted()
T0698 042:148.760 - 1.762ms returns FALSE
T0698 042:148.996 JLINK_IsHalted()
T0698 042:152.176 - 3.182ms returns FALSE
T27BC 042:180.156 JLINK_IsHalted()
T27BC 042:181.288 - 1.128ms returns FALSE
T27BC 042:181.376 JLINK_IsHalted()
T27BC 042:183.116 - 1.736ms returns FALSE
T0698 042:256.008 JLINK_IsHalted()
T0698 042:257.412 - 1.402ms returns FALSE
T0698 042:257.460 JLINK_IsHalted()
T0698 042:259.308 - 1.848ms returns FALSE
T0698 042:365.252 JLINK_IsHalted()
T0698 042:366.600 - 1.349ms returns FALSE
T0698 042:366.648 JLINK_IsHalted()
T0698 042:368.464 - 1.812ms returns FALSE
T0698 042:474.536 JLINK_IsHalted()
T0698 042:476.032 - 1.497ms returns FALSE
T0698 042:476.088 JLINK_IsHalted()
T0698 042:477.880 - 1.791ms returns FALSE
T0698 042:583.748 JLINK_IsHalted()
T0698 042:584.856 - 1.107ms returns FALSE
T0698 042:584.908 JLINK_IsHalted()
T0698 042:586.704 - 1.794ms returns FALSE
T0698 042:693.968 JLINK_IsHalted()
T0698 042:694.908 - 0.938ms returns FALSE
T0698 042:694.952 JLINK_IsHalted()
T0698 042:696.768 - 1.813ms returns FALSE
T0698 042:803.216 JLINK_IsHalted()
T0698 042:805.032 - 1.815ms returns FALSE
T0698 042:805.076 JLINK_IsHalted()
T0698 042:806.888 - 1.810ms returns FALSE
T0698 042:912.516 JLINK_IsHalted()
T0698 042:913.684 - 1.169ms returns FALSE
T0698 042:913.728 JLINK_IsHalted()
T0698 042:915.572 - 1.841ms returns FALSE
T0698 043:021.348 JLINK_IsHalted()
T0698 043:023.216 - 1.868ms returns FALSE
T0698 043:023.272 JLINK_IsHalted()
T0698 043:025.080 - 1.808ms returns FALSE
T0698 043:130.580 JLINK_IsHalted()
T0698 043:131.884 - 1.305ms returns FALSE
T0698 043:131.944 JLINK_IsHalted()
T0698 043:133.784 - 1.839ms returns FALSE
T27BC 043:183.560 JLINK_IsHalted()
T27BC 043:185.176 - 1.615ms returns FALSE
T27BC 043:185.224 JLINK_IsHalted()
T27BC 043:187.064 - 1.841ms returns FALSE
T0698 043:240.920 JLINK_IsHalted()
T0698 043:242.732 - 1.810ms returns FALSE
T0698 043:242.832 JLINK_IsHalted()
T0698 043:244.620 - 1.786ms returns FALSE
T0698 043:350.064 JLINK_IsHalted()
T0698 043:352.744 - 2.677ms returns FALSE
T0698 043:352.808 JLINK_IsHalted()
T0698 043:354.696 - 1.888ms returns FALSE
T0698 043:459.152 JLINK_IsHalted()
T0698 043:461.080 - 1.923ms returns FALSE
T0698 043:461.152 JLINK_IsHalted()
T0698 043:463.096 - 1.901ms returns FALSE
T0698 043:568.276 JLINK_IsHalted()
T0698 043:571.296 - 3.019ms returns FALSE
T0698 043:571.464 JLINK_IsHalted()
T0698 043:573.336 - 1.872ms returns FALSE
T0698 043:677.628 JLINK_IsHalted()
T0698 043:679.148 - 1.516ms returns FALSE
T0698 043:679.348 JLINK_IsHalted()
T0698 043:681.072 - 1.722ms returns FALSE
T0698 043:787.940 JLINK_IsHalted()
T0698 043:789.568 - 1.625ms returns FALSE
T0698 043:789.768 JLINK_IsHalted()
T0698 043:791.216 - 1.438ms returns FALSE
T0698 043:896.968 JLINK_IsHalted()
T0698 043:898.360 - 1.393ms returns FALSE
T0698 043:898.504 JLINK_IsHalted()
T0698 043:900.064 - 1.562ms returns FALSE
T0698 044:006.440 JLINK_IsHalted()
T0698 044:007.980 - 1.537ms returns FALSE
T0698 044:008.088 JLINK_IsHalted()
T0698 044:010.028 - 1.940ms returns FALSE
T0698 044:115.928 JLINK_IsHalted()
T0698 044:117.828 - 1.896ms returns FALSE
T0698 044:117.956 JLINK_IsHalted()
T0698 044:119.688 - 1.733ms returns FALSE
T27BC 044:187.668 JLINK_IsHalted()
T27BC 044:189.332 - 1.665ms returns FALSE
T27BC 044:189.428 JLINK_IsHalted()
T27BC 044:191.332 - 1.901ms returns FALSE
T0698 044:224.748 JLINK_IsHalted()
T0698 044:225.896 - 1.146ms returns FALSE
T0698 044:226.004 JLINK_IsHalted()
T0698 044:228.052 - 2.046ms returns FALSE
T0698 044:334.668 JLINK_IsHalted()
T0698 044:337.516 - 2.848ms returns FALSE
T0698 044:337.628 JLINK_IsHalted()
T0698 044:339.360 - 1.730ms returns FALSE
T0698 044:443.712 JLINK_IsHalted()
T0698 044:445.728 - 2.019ms returns FALSE
T0698 044:445.792 JLINK_IsHalted()
T0698 044:447.256 - 1.461ms returns FALSE
T0698 044:553.080 JLINK_IsHalted()
T0698 044:555.344 - 2.263ms returns FALSE
T0698 044:555.448 JLINK_IsHalted()
T0698 044:557.224 - 1.774ms returns FALSE
T0698 044:662.332 JLINK_IsHalted()
T0698 044:664.584 - 2.249ms returns FALSE
T0698 044:664.664 JLINK_IsHalted()
T0698 044:666.684 - 2.018ms returns FALSE
T0698 044:771.632 JLINK_IsHalted()
T0698 044:773.168 - 1.537ms returns FALSE
T0698 044:773.272 JLINK_IsHalted()
T0698 044:775.064 - 1.786ms returns FALSE
T0698 044:881.504 JLINK_IsHalted()
T0698 044:882.600 - 1.100ms returns FALSE
T0698 044:882.680 JLINK_IsHalted()
T0698 044:884.672 - 1.992ms returns FALSE
T0698 044:990.792 JLINK_IsHalted()
T0698 044:992.912 - 2.119ms returns FALSE
T0698 044:993.024 JLINK_IsHalted()
T0698 044:994.760 - 1.736ms returns FALSE
T0698 045:100.320 JLINK_IsHalted()
T0698 045:102.472 - 2.152ms returns FALSE
T0698 045:102.564 JLINK_IsHalted()
T0698 045:104.424 - 1.856ms returns FALSE
T27BC 045:191.988 JLINK_IsHalted()
T27BC 045:193.720 - 1.731ms returns FALSE
T27BC 045:193.828 JLINK_IsHalted()
T27BC 045:195.608 - 1.781ms returns FALSE
T0698 045:209.612 JLINK_IsHalted()
T0698 045:211.708 - 2.095ms returns FALSE
T0698 045:211.784 JLINK_IsHalted()
T0698 045:213.608 - 1.824ms returns FALSE
T0698 045:318.188 JLINK_IsHalted()
T0698 045:320.084 - 1.892ms returns FALSE
T0698 045:320.168 JLINK_IsHalted()
T0698 045:321.948 - 1.781ms returns FALSE
T0698 045:428.300 JLINK_IsHalted()
T0698 045:430.744 - 2.439ms returns FALSE
T0698 045:430.872 JLINK_IsHalted()
T0698 045:432.644 - 1.769ms returns FALSE
T0698 045:537.824 JLINK_IsHalted()
T0698 045:540.356 - 2.529ms returns FALSE
T0698 045:540.512 JLINK_IsHalted()
T0698 045:543.760 - 3.244ms returns FALSE
T0698 045:646.292 JLINK_IsHalted()
T0698 045:650.088 - 3.797ms returns FALSE
T0698 045:650.220 JLINK_IsHalted()
T0698 045:652.056 - 1.831ms returns FALSE
T0698 045:756.040 JLINK_IsHalted()
T0698 045:757.568 - 1.530ms returns FALSE
T0698 045:757.708 JLINK_IsHalted()
T0698 045:759.436 - 1.726ms returns FALSE
T0698 045:865.120 JLINK_IsHalted()
T0698 045:866.488 - 1.367ms returns FALSE
T0698 045:866.636 JLINK_IsHalted()
T0698 045:868.392 - 1.756ms returns FALSE
T0698 045:975.480 JLINK_IsHalted()
T0698 045:977.324 - 1.845ms returns FALSE
T0698 045:977.488 JLINK_IsHalted()
T0698 045:980.744 - 3.250ms returns FALSE
T0698 046:083.724 JLINK_IsHalted()
T0698 046:085.712 - 1.985ms returns FALSE
T0698 046:085.784 JLINK_IsHalted()
T0698 046:087.572 - 1.783ms returns FALSE
T0698 046:194.196 JLINK_IsHalted()
T0698 046:196.408 - 2.212ms returns FALSE
T0698 046:196.636 JLINK_IsHalted()
T0698 046:199.940 - 3.301ms returns FALSE
T27BC 046:200.164 JLINK_IsHalted()
T27BC 046:202.000 - 1.833ms returns FALSE
T27BC 046:202.184 JLINK_IsHalted()
T27BC 046:203.892 - 1.697ms returns FALSE
T0698 046:303.340 JLINK_IsHalted()
T0698 046:305.304 - 1.958ms returns FALSE
T0698 046:305.456 JLINK_IsHalted()
T0698 046:307.248 - 1.790ms returns FALSE
T0698 046:412.176 JLINK_IsHalted()
T0698 046:413.944 - 1.765ms returns FALSE
T0698 046:414.108 JLINK_IsHalted()
T0698 046:415.844 - 1.733ms returns FALSE
T0698 046:521.596 JLINK_IsHalted()
T0698 046:523.656 - 2.055ms returns FALSE
T0698 046:523.804 JLINK_IsHalted()
T0698 046:525.320 - 1.512ms returns FALSE
T0698 046:631.392 JLINK_IsHalted()
T0698 046:633.080 - 1.687ms returns FALSE
T0698 046:633.240 JLINK_IsHalted()
T0698 046:634.888 - 1.650ms returns FALSE
T0698 046:740.840 JLINK_IsHalted()
T0698 046:743.372 - 2.533ms returns FALSE
T0698 046:743.464 JLINK_IsHalted()
T0698 046:745.440 - 1.971ms returns FALSE
T0698 046:850.056 JLINK_IsHalted()
T0698 046:852.452 - 2.397ms returns FALSE
T0698 046:852.588 JLINK_IsHalted()
T0698 046:854.344 - 1.755ms returns FALSE
T0698 046:959.472 JLINK_IsHalted()
T0698 046:960.884 - 1.408ms returns FALSE
T0698 046:961.016 JLINK_IsHalted()
T0698 046:962.772 - 1.754ms returns FALSE
T0698 047:068.796 JLINK_IsHalted()
T0698 047:070.652 - 1.854ms returns FALSE
T0698 047:070.784 JLINK_IsHalted()
T0698 047:072.484 - 1.698ms returns FALSE
T0698 047:177.644 JLINK_IsHalted()
T0698 047:179.832 - 2.187ms returns FALSE
T0698 047:179.964 JLINK_IsHalted()
T0698 047:181.772 - 1.804ms returns FALSE
T27BC 047:204.952 JLINK_IsHalted()
T27BC 047:207.308 - 2.358ms returns FALSE
T27BC 047:207.504 JLINK_IsHalted()
T27BC 047:209.208 - 1.702ms returns FALSE
T0698 047:287.344 JLINK_IsHalted()
T0698 047:289.500 - 2.156ms returns FALSE
T0698 047:289.628 JLINK_IsHalted()
T0698 047:291.456 - 1.823ms returns FALSE
T0698 047:396.676 JLINK_IsHalted()
T0698 047:397.944 - 1.266ms returns FALSE
T0698 047:398.028 JLINK_IsHalted()
T0698 047:399.660 - 1.630ms returns FALSE
T0698 047:506.588 JLINK_IsHalted()
T0698 047:510.516 - 3.923ms returns FALSE
T0698 047:510.644 JLINK_IsHalted()
T0698 047:512.344 - 1.698ms returns FALSE
T0698 047:615.768 JLINK_IsHalted()
T0698 047:617.452 - 1.682ms returns FALSE
T0698 047:617.604 JLINK_IsHalted()
T0698 047:619.128 - 1.524ms returns FALSE
T0698 047:724.624 JLINK_IsHalted()
T0698 047:726.400 - 1.778ms returns FALSE
T0698 047:726.528 JLINK_IsHalted()
T0698 047:728.392 - 1.861ms returns FALSE
T0698 047:834.860 JLINK_IsHalted()
T0698 047:837.116 - 2.252ms returns FALSE
T0698 047:837.232 JLINK_IsHalted()
T0698 047:840.556 - 3.325ms returns FALSE
T0698 047:943.592 JLINK_IsHalted()
T0698 047:945.488 - 1.893ms returns FALSE
T0698 047:945.604 JLINK_IsHalted()
T0698 047:947.324 - 1.719ms returns FALSE
T0698 048:053.160 JLINK_IsHalted()
T0698 048:055.072 - 1.914ms returns FALSE
T0698 048:055.176 JLINK_IsHalted()
T0698 048:056.904 - 1.723ms returns FALSE
T0698 048:162.952 JLINK_IsHalted()
T0698 048:165.108 - 2.153ms returns FALSE
T0698 048:165.312 JLINK_IsHalted()
T0698 048:167.024 - 1.707ms returns FALSE
T27BC 048:210.260 JLINK_IsHalted()
T27BC 048:213.492 - 3.231ms returns FALSE
T27BC 048:213.772 JLINK_IsHalted()
T27BC 048:215.244 - 1.469ms returns FALSE
T0698 048:271.452 JLINK_IsHalted()
T0698 048:273.560 - 2.105ms returns FALSE
T0698 048:273.760 JLINK_IsHalted()
T0698 048:275.400 - 1.638ms returns FALSE
T0698 048:380.864 JLINK_IsHalted()
T0698 048:382.444 - 1.580ms returns FALSE
T0698 048:382.672 JLINK_IsHalted()
T0698 048:384.168 - 1.496ms returns FALSE
T0698 048:490.536 JLINK_IsHalted()
T0698 048:492.820 - 2.284ms returns FALSE
T0698 048:492.984 JLINK_IsHalted()
T0698 048:494.888 - 1.899ms returns FALSE
T0698 048:599.584 JLINK_IsHalted()
T0698 048:601.812 - 2.225ms returns FALSE
T0698 048:602.024 JLINK_IsHalted()
T0698 048:603.896 - 1.867ms returns FALSE
T0698 048:709.028 JLINK_IsHalted()
T0698 048:711.624 - 2.592ms returns FALSE
T0698 048:711.824 JLINK_IsHalted()
T0698 048:713.500 - 1.672ms returns FALSE
T0698 048:818.824 JLINK_IsHalted()
T0698 048:820.840 - 2.017ms returns FALSE
T0698 048:821.036 JLINK_IsHalted()
T0698 048:822.784 - 1.745ms returns FALSE
T0698 048:928.060 JLINK_IsHalted()
T0698 048:929.764 - 1.699ms returns FALSE
T0698 048:929.880 JLINK_IsHalted()
T0698 048:931.640 - 1.760ms returns FALSE
T0698 049:037.080 JLINK_IsHalted()
T0698 049:039.100 - 2.022ms returns FALSE
T0698 049:039.216 JLINK_IsHalted()
T0698 049:040.940 - 1.722ms returns FALSE
T0698 049:146.392 JLINK_IsHalted()
T0698 049:147.452 - 1.058ms returns FALSE
T0698 049:147.512 JLINK_IsHalted()
T0698 049:149.324 - 1.807ms returns FALSE
T27BC 049:216.672 JLINK_IsHalted()
T27BC 049:218.296 - 1.625ms returns FALSE
T27BC 049:218.380 JLINK_IsHalted()
T27BC 049:220.136 - 1.754ms returns FALSE
T0698 049:255.864 JLINK_IsHalted()
T0698 049:257.976 - 2.113ms returns FALSE
T0698 049:258.076 JLINK_IsHalted()
T0698 049:259.752 - 1.676ms returns FALSE
T0698 049:365.144 JLINK_IsHalted()
T0698 049:367.480 - 2.330ms returns FALSE
T0698 049:367.628 JLINK_IsHalted()
T0698 049:369.236 - 1.605ms returns FALSE
T0698 049:474.576 JLINK_IsHalted()
T0698 049:476.912 - 2.334ms returns FALSE
T0698 049:477.064 JLINK_IsHalted()
T0698 049:478.712 - 1.647ms returns FALSE
T0698 049:584.376 JLINK_IsHalted()
T0698 049:587.248 - 2.872ms returns FALSE
T0698 049:587.400 JLINK_IsHalted()
T0698 049:589.108 - 1.701ms returns FALSE
T0698 049:693.632 JLINK_IsHalted()
T0698 049:695.580 - 1.949ms returns FALSE
T0698 049:695.736 JLINK_IsHalted()
T0698 049:697.576 - 1.833ms returns FALSE
T0698 049:803.000 JLINK_IsHalted()
T0698 049:804.716 - 1.715ms returns FALSE
T0698 049:804.872 JLINK_IsHalted()
T0698 049:806.480 - 1.604ms returns FALSE
T0698 049:912.468 JLINK_IsHalted()
T0698 049:915.352 - 2.884ms returns FALSE
T0698 049:915.512 JLINK_IsHalted()
T0698 049:917.288 - 1.770ms returns FALSE
T0698 050:021.956 JLINK_IsHalted()
T0698 050:023.336 - 1.379ms returns FALSE
T0698 050:023.496 JLINK_IsHalted()
T0698 050:025.356 - 1.858ms returns FALSE
T0698 050:132.192 JLINK_IsHalted()
T0698 050:134.200 - 2.009ms returns FALSE
T0698 050:134.420 JLINK_IsHalted()
T0698 050:136.236 - 1.815ms returns FALSE
T27BC 050:220.640 JLINK_IsHalted()
T27BC 050:222.216 - 1.577ms returns FALSE
T27BC 050:222.368 JLINK_IsHalted()
T27BC 050:224.036 - 1.666ms returns FALSE
T0698 050:240.968 JLINK_IsHalted()
T0698 050:242.732 - 1.762ms returns FALSE
T0698 050:242.880 JLINK_IsHalted()
T0698 050:244.644 - 1.762ms returns FALSE
T0698 050:350.332 JLINK_IsHalted()
T0698 050:352.332 - 1.998ms returns FALSE
T0698 050:352.448 JLINK_IsHalted()
T0698 050:354.204 - 1.753ms returns FALSE
T0698 050:459.464 JLINK_IsHalted()
T0698 050:462.072 - 2.603ms returns FALSE
T0698 050:462.168 JLINK_IsHalted()
T0698 050:463.908 - 1.738ms returns FALSE
T0698 050:568.388 JLINK_IsHalted()
T0698 050:570.408 - 2.018ms returns FALSE
T0698 050:570.592 JLINK_IsHalted()
T0698 050:572.408 - 1.815ms returns FALSE
T0698 050:678.184 JLINK_IsHalted()
T0698 050:680.000 - 1.814ms returns FALSE
T0698 050:680.152 JLINK_IsHalted()
T0698 050:681.708 - 1.559ms returns FALSE
T0698 050:787.944 JLINK_IsHalted()
T0698 050:789.620 - 1.675ms returns FALSE
T0698 050:789.768 JLINK_IsHalted()
T0698 050:791.496 - 1.723ms returns FALSE
T0698 050:897.208 JLINK_IsHalted()
T0698 050:899.304 - 2.100ms returns FALSE
T0698 050:899.420 JLINK_IsHalted()
T0698 050:902.772 - 3.347ms returns FALSE
T0698 051:006.012 JLINK_IsHalted()
T0698 051:009.640 - 3.625ms returns FALSE
T0698 051:009.760 JLINK_IsHalted()
T0698 051:011.500 - 1.738ms returns FALSE
T0698 051:115.736 JLINK_IsHalted()
T0698 051:117.832 - 2.095ms returns FALSE
T0698 051:117.960 JLINK_IsHalted()
T0698 051:119.652 - 1.691ms returns FALSE
T0698 051:224.928 JLINK_IsHalted()
T0698 051:226.472 - 1.543ms returns FALSE
T0698 051:226.780 JLINK_IsHalted()
T0698 051:230.080 - 3.297ms returns FALSE
T27BC 051:230.352 JLINK_IsHalted()
T27BC 051:231.912 - 1.560ms returns FALSE
T27BC 051:232.104 JLINK_IsHalted()
T27BC 051:233.784 - 1.678ms returns FALSE
T0698 051:333.828 JLINK_IsHalted()
T0698 051:335.660 - 1.833ms returns FALSE
T0698 051:335.800 JLINK_IsHalted()
T0698 051:337.544 - 1.743ms returns FALSE
T0698 051:443.928 JLINK_IsHalted()
T0698 051:445.368 - 1.437ms returns FALSE
T0698 051:445.552 JLINK_IsHalted()
T0698 051:447.224 - 1.674ms returns FALSE
T0698 051:553.332 JLINK_IsHalted()
T0698 051:555.008 - 1.674ms returns FALSE
T0698 051:555.144 JLINK_IsHalted()
T0698 051:556.856 - 1.708ms returns FALSE
T0698 051:661.976 JLINK_IsHalted()
T0698 051:663.260 - 1.282ms returns FALSE
T0698 051:663.384 JLINK_IsHalted()
T0698 051:665.364 - 1.974ms returns FALSE
T0698 051:771.624 JLINK_IsHalted()
T0698 051:773.544 - 1.917ms returns FALSE
T0698 051:773.620 JLINK_IsHalted()
T0698 051:775.452 - 1.832ms returns FALSE
T0698 051:880.616 JLINK_IsHalted()
T0698 051:882.656 - 2.035ms returns FALSE
T0698 051:882.776 JLINK_IsHalted()
T0698 051:884.564 - 1.784ms returns FALSE
T0698 051:990.772 JLINK_IsHalted()
T0698 051:993.200 - 2.428ms returns FALSE
T0698 051:993.332 JLINK_IsHalted()
T0698 051:995.300 - 1.964ms returns FALSE
T0698 052:099.876 JLINK_IsHalted()
T0698 052:101.736 - 1.859ms returns FALSE
T0698 052:101.876 JLINK_IsHalted()
T0698 052:103.464 - 1.585ms returns FALSE
T0698 052:209.484 JLINK_IsHalted()
T0698 052:211.208 - 1.720ms returns FALSE
T0698 052:211.320 JLINK_IsHalted()
T0698 052:213.240 - 1.918ms returns FALSE
T27BC 052:235.480 JLINK_IsHalted()
T27BC 052:237.176 - 1.691ms returns FALSE
T27BC 052:237.308 JLINK_IsHalted()
T27BC 052:239.148 - 1.840ms returns FALSE
T0698 052:318.440 JLINK_IsHalted()
T0698 052:320.728 - 2.284ms returns FALSE
T0698 052:320.856 JLINK_IsHalted()
T0698 052:322.744 - 1.889ms returns FALSE
T0698 052:428.360 JLINK_IsHalted()
T0698 052:429.792 - 1.428ms returns FALSE
T0698 052:429.944 JLINK_IsHalted()
T0698 052:431.672 - 1.725ms returns FALSE
T0698 052:537.432 JLINK_IsHalted()
T0698 052:539.468 - 2.033ms returns FALSE
T0698 052:539.604 JLINK_IsHalted()
T0698 052:541.428 - 1.822ms returns FALSE
T0698 052:647.052 JLINK_IsHalted()
T0698 052:649.344 - 2.286ms returns FALSE
T0698 052:649.472 JLINK_IsHalted()
T0698 052:651.268 - 1.792ms returns FALSE
T0698 052:755.852 JLINK_IsHalted()
T0698 052:757.720 - 1.867ms returns FALSE
T0698 052:757.844 JLINK_IsHalted()
T0698 052:759.600 - 1.754ms returns FALSE
T0698 052:865.720 JLINK_IsHalted()
T0698 052:867.332 - 1.612ms returns FALSE
T0698 052:867.480 JLINK_IsHalted()
T0698 052:869.084 - 1.605ms returns FALSE
T0698 052:974.928 JLINK_IsHalted()
T0698 052:976.968 - 2.038ms returns FALSE
T0698 052:977.100 JLINK_IsHalted()
T0698 052:980.536 - 3.432ms returns FALSE
T0698 053:084.024 JLINK_IsHalted()
T0698 053:085.800 - 1.776ms returns FALSE
T0698 053:085.940 JLINK_IsHalted()
T0698 053:087.500 - 1.560ms returns FALSE
T0698 053:193.364 JLINK_IsHalted()
T0698 053:195.416 - 2.050ms returns FALSE
T0698 053:195.540 JLINK_IsHalted()
T0698 053:197.360 - 1.819ms returns FALSE
T27BC 053:239.736 JLINK_IsHalted()
T27BC 053:241.216 - 1.476ms returns FALSE
T27BC 053:241.384 JLINK_IsHalted()
T27BC 053:243.096 - 1.711ms returns FALSE
T0698 053:303.288 JLINK_IsHalted()
T0698 053:305.264 - 1.977ms returns FALSE
T0698 053:305.376 JLINK_IsHalted()
T0698 053:307.128 - 1.748ms returns FALSE
T0698 053:412.032 JLINK_IsHalted()
T0698 053:413.784 - 1.748ms returns FALSE
T0698 053:413.904 JLINK_IsHalted()
T0698 053:415.660 - 1.757ms returns FALSE
T0698 053:521.412 JLINK_IsHalted()
T0698 053:525.200 - 3.786ms returns FALSE
T0698 053:525.320 JLINK_IsHalted()
T0698 053:526.860 - 1.535ms returns FALSE
T0698 053:631.160 JLINK_IsHalted()
T0698 053:632.448 - 1.284ms returns FALSE
T0698 053:632.576 JLINK_IsHalted()
T0698 053:634.344 - 1.763ms returns FALSE
T0698 053:740.084 JLINK_IsHalted()
T0698 053:742.036 - 1.952ms returns FALSE
T0698 053:742.164 JLINK_IsHalted()
T0698 053:743.896 - 1.732ms returns FALSE
T0698 053:849.464 JLINK_IsHalted()
T0698 053:853.332 - 3.860ms returns FALSE
T0698 053:853.460 JLINK_IsHalted()
T0698 053:855.208 - 1.743ms returns FALSE
T0698 053:959.232 JLINK_IsHalted()
T0698 053:961.460 - 2.226ms returns FALSE
T0698 053:961.580 JLINK_IsHalted()
T0698 053:963.380 - 1.796ms returns FALSE
T0698 054:068.152 JLINK_IsHalted()
T0698 054:070.356 - 2.203ms returns FALSE
T0698 054:070.504 JLINK_IsHalted()
T0698 054:072.000 - 1.491ms returns FALSE
T0698 054:178.184 JLINK_IsHalted()
T0698 054:180.340 - 2.161ms returns FALSE
T0698 054:180.468 JLINK_IsHalted()
T0698 054:182.184 - 1.714ms returns FALSE
T27BC 054:243.948 JLINK_IsHalted()
T27BC 054:245.312 - 1.359ms returns FALSE
T27BC 054:245.448 JLINK_IsHalted()
T27BC 054:247.224 - 1.779ms returns FALSE
T0698 054:287.424 JLINK_IsHalted()
T0698 054:289.748 - 2.321ms returns FALSE
T0698 054:289.876 JLINK_IsHalted()
T0698 054:291.712 - 1.834ms returns FALSE
T0698 054:396.428 JLINK_IsHalted()
T0698 054:399.328 - 2.904ms returns FALSE
T0698 054:399.432 JLINK_IsHalted()
T0698 054:401.176 - 1.745ms returns FALSE
T0698 054:505.688 JLINK_IsHalted()
T0698 054:507.480 - 1.793ms returns FALSE
T0698 054:507.576 JLINK_IsHalted()
T0698 054:509.384 - 1.806ms returns FALSE
T0698 054:615.944 JLINK_IsHalted()
T0698 054:618.700 - 2.755ms returns FALSE
T0698 054:618.860 JLINK_IsHalted()
T0698 054:620.652 - 1.792ms returns FALSE
T0698 054:724.520 JLINK_IsHalted()
T0698 054:725.652 - 1.131ms returns FALSE
T0698 054:725.772 JLINK_IsHalted()
T0698 054:727.648 - 1.871ms returns FALSE
T0698 054:833.952 JLINK_IsHalted()
T0698 054:835.128 - 1.175ms returns FALSE
T0698 054:835.256 JLINK_IsHalted()
T0698 054:836.940 - 1.677ms returns FALSE
T0698 054:943.992 JLINK_IsHalted()
T0698 054:945.324 - 1.333ms returns FALSE
T0698 054:945.440 JLINK_IsHalted()
T0698 054:947.400 - 1.957ms returns FALSE
T0698 055:053.408 JLINK_IsHalted()
T0698 055:054.856 - 1.446ms returns FALSE
T0698 055:055.000 JLINK_IsHalted()
T0698 055:056.568 - 1.561ms returns FALSE
T0698 055:162.440 JLINK_IsHalted()
T0698 055:164.488 - 2.048ms returns FALSE
T0698 055:164.632 JLINK_IsHalted()
T0698 055:166.420 - 1.783ms returns FALSE
T27BC 055:247.992 JLINK_IsHalted()
T27BC 055:249.344 - 1.349ms returns FALSE
T27BC 055:249.516 JLINK_IsHalted()
T27BC 055:252.716 - 3.202ms returns FALSE
T0698 055:271.560 JLINK_IsHalted()
T0698 055:274.060 - 2.503ms returns FALSE
T0698 055:274.208 JLINK_IsHalted()
T0698 055:275.872 - 1.663ms returns FALSE
T0698 055:381.672 JLINK_IsHalted()
T0698 055:385.368 - 3.699ms returns FALSE
T0698 055:385.516 JLINK_IsHalted()
T0698 055:387.284 - 1.755ms returns FALSE
T0698 055:490.712 JLINK_IsHalted()
T0698 055:492.104 - 1.384ms returns FALSE
T0698 055:492.224 JLINK_IsHalted()
T0698 055:494.104 - 1.880ms returns FALSE
T0698 055:600.204 JLINK_IsHalted()
T0698 055:601.912 - 1.705ms returns FALSE
T0698 055:602.092 JLINK_IsHalted()
T0698 055:603.736 - 1.641ms returns FALSE
T0698 055:709.024 JLINK_IsHalted()
T0698 055:711.080 - 2.054ms returns FALSE
T0698 055:711.168 JLINK_IsHalted()
T0698 055:713.140 - 1.971ms returns FALSE
T0698 055:818.904 JLINK_IsHalted()
T0698 055:822.508 - 3.604ms returns FALSE
T0698 055:822.648 JLINK_IsHalted()
T0698 055:824.244 - 1.592ms returns FALSE
T0698 055:928.116 JLINK_IsHalted()
T0698 055:929.612 - 1.497ms returns FALSE
T0698 055:929.748 JLINK_IsHalted()
T0698 055:931.380 - 1.628ms returns FALSE
T0698 056:037.108 JLINK_IsHalted()
T0698 056:038.932 - 1.822ms returns FALSE
T0698 056:039.072 JLINK_IsHalted()
T0698 056:040.820 - 1.739ms returns FALSE
T0698 056:146.560 JLINK_IsHalted()
T0698 056:150.488 - 3.923ms returns FALSE
T0698 056:150.612 JLINK_IsHalted()
T0698 056:152.328 - 1.715ms returns FALSE
T27BC 056:253.740 JLINK_IsHalted()
T27BC 056:256.296 - 2.553ms returns FALSE
T27BC 056:256.456 JLINK_IsHalted()
T27BC 056:258.016 - 1.558ms returns FALSE
T0698 056:258.252 JLINK_IsHalted()
T0698 056:259.808 - 1.554ms returns FALSE
T0698 056:259.916 JLINK_IsHalted()
T0698 056:261.748 - 1.824ms returns FALSE
T0698 056:365.752 JLINK_IsHalted()
T0698 056:366.968 - 1.214ms returns FALSE
T0698 056:367.080 JLINK_IsHalted()
T0698 056:368.780 - 1.702ms returns FALSE
T0698 056:474.700 JLINK_IsHalted()
T0698 056:475.648 - 0.944ms returns FALSE
T0698 056:475.752 JLINK_IsHalted()
T0698 056:477.780 - 2.025ms returns FALSE
T0698 056:583.880 JLINK_IsHalted()
T0698 056:585.536 - 1.655ms returns FALSE
T0698 056:585.644 JLINK_IsHalted()
T0698 056:587.208 - 1.551ms returns FALSE
T0698 056:693.408 JLINK_IsHalted()
T0698 056:695.116 - 1.702ms returns FALSE
T0698 056:695.224 JLINK_IsHalted()
T0698 056:696.788 - 1.564ms returns FALSE
T0698 056:802.892 JLINK_IsHalted()
T0698 056:804.896 - 2.007ms returns FALSE
T0698 056:805.000 JLINK_IsHalted()
T0698 056:806.892 - 1.894ms returns FALSE
T0698 056:912.760 JLINK_IsHalted()
T0698 056:915.148 - 2.384ms returns FALSE
T0698 056:915.256 JLINK_IsHalted()
T0698 056:916.992 - 1.732ms returns FALSE
T0698 057:022.072 JLINK_IsHalted()
T0698 057:023.496 - 1.420ms returns FALSE
T0698 057:023.608 JLINK_IsHalted()
T0698 057:025.204 - 1.590ms returns FALSE
T0698 057:131.112 JLINK_IsHalted()
T0698 057:133.464 - 2.357ms returns FALSE
T0698 057:133.580 JLINK_IsHalted()
T0698 057:135.112 - 1.526ms returns FALSE
T0698 057:240.032 JLINK_IsHalted()
T0698 057:241.696 - 1.658ms returns FALSE
T0698 057:241.812 JLINK_IsHalted()
T0698 057:243.520 - 1.711ms returns FALSE
T27BC 057:258.808 JLINK_IsHalted()
T27BC 057:261.112 - 2.301ms returns FALSE
T27BC 057:261.240 JLINK_IsHalted()
T27BC 057:264.588 - 3.342ms returns FALSE
T0698 057:350.272 JLINK_IsHalted()
T0698 057:352.064 - 1.789ms returns FALSE
T0698 057:352.200 JLINK_IsHalted()
T0698 057:353.880 - 1.683ms returns FALSE
T0698 057:459.360 JLINK_IsHalted()
T0698 057:460.568 - 1.205ms returns FALSE
T0698 057:460.664 JLINK_IsHalted()
T0698 057:462.712 - 2.046ms returns FALSE
T0698 057:568.172 JLINK_IsHalted()
T0698 057:570.248 - 2.072ms returns FALSE
T0698 057:570.360 JLINK_IsHalted()
T0698 057:572.216 - 1.857ms returns FALSE
T0698 057:677.832 JLINK_IsHalted()
T0698 057:680.296 - 2.465ms returns FALSE
T0698 057:680.424 JLINK_IsHalted()
T0698 057:682.068 - 1.640ms returns FALSE
T0698 057:787.084 JLINK_IsHalted()
T0698 057:788.620 - 1.534ms returns FALSE
T0698 057:788.748 JLINK_IsHalted()
T0698 057:790.312 - 1.559ms returns FALSE
T0698 057:896.972 JLINK_IsHalted()
T0698 057:899.736 - 2.764ms returns FALSE
T0698 057:899.860 JLINK_IsHalted()
T0698 057:901.612 - 1.750ms returns FALSE
T0698 058:005.760 JLINK_IsHalted()
T0698 058:007.776 - 2.011ms returns FALSE
T0698 058:007.904 JLINK_IsHalted()
T0698 058:009.740 - 1.839ms returns FALSE
T0698 058:115.532 JLINK_IsHalted()
T0698 058:118.728 - 3.192ms returns FALSE
T0698 058:118.860 JLINK_IsHalted()
T0698 058:120.584 - 1.722ms returns FALSE
T0698 058:224.500 JLINK_IsHalted()
T0698 058:225.620 - 1.122ms returns FALSE
T0698 058:225.716 JLINK_IsHalted()
T0698 058:227.488 - 1.764ms returns FALSE
T27BC 058:265.656 JLINK_IsHalted()
T27BC 058:267.412 - 1.752ms returns FALSE
T27BC 058:267.544 JLINK_IsHalted()
T27BC 058:271.020 - 3.475ms returns FALSE
T0698 058:334.388 JLINK_IsHalted()
T0698 058:336.800 - 2.406ms returns FALSE
T0698 058:336.920 JLINK_IsHalted()
T0698 058:338.696 - 1.772ms returns FALSE
T0698 058:443.456 JLINK_IsHalted()
T0698 058:444.916 - 1.453ms returns FALSE
T0698 058:445.036 JLINK_IsHalted()
T0698 058:448.664 - 3.623ms returns FALSE
T0698 058:552.852 JLINK_IsHalted()
T0698 058:555.072 - 2.222ms returns FALSE
T0698 058:555.296 JLINK_IsHalted()
T0698 058:557.064 - 1.767ms returns FALSE
T0698 058:662.816 JLINK_IsHalted()
T0698 058:664.832 - 2.016ms returns FALSE
T0698 058:664.952 JLINK_IsHalted()
T0698 058:668.428 - 3.473ms returns FALSE
T0698 058:771.404 JLINK_IsHalted()
T0698 058:773.420 - 2.017ms returns FALSE
T0698 058:773.544 JLINK_IsHalted()
T0698 058:775.136 - 1.591ms returns FALSE
T0698 058:881.368 JLINK_IsHalted()
T0698 058:882.968 - 1.601ms returns FALSE
T0698 058:883.104 JLINK_IsHalted()
T0698 058:884.844 - 1.735ms returns FALSE
T0698 058:990.008 JLINK_IsHalted()
T0698 058:992.328 - 2.316ms returns FALSE
T0698 058:992.448 JLINK_IsHalted()
T0698 058:994.132 - 1.678ms returns FALSE
T0698 059:099.968 JLINK_IsHalted()
T0698 059:101.864 - 1.893ms returns FALSE
T0698 059:101.992 JLINK_IsHalted()
T0698 059:103.704 - 1.712ms returns FALSE
T0698 059:209.272 JLINK_IsHalted()
T0698 059:210.808 - 1.538ms returns FALSE
T0698 059:210.952 JLINK_IsHalted()
T0698 059:212.536 - 1.583ms returns FALSE
T27BC 059:271.976 JLINK_IsHalted()
T27BC 059:273.132 - 1.157ms returns FALSE
T27BC 059:273.260 JLINK_IsHalted()
T27BC 059:275.040 - 1.779ms returns FALSE
T0698 059:318.296 JLINK_IsHalted()
T0698 059:320.180 - 1.884ms returns FALSE
T0698 059:320.232 JLINK_IsHalted()
T0698 059:322.060 - 1.826ms returns FALSE
T0698 059:428.108 JLINK_IsHalted()
T0698 059:430.312 - 2.204ms returns FALSE
T0698 059:430.424 JLINK_IsHalted()
T0698 059:432.340 - 1.907ms returns FALSE
T0698 059:537.464 JLINK_IsHalted()
T0698 059:539.948 - 2.477ms returns FALSE
T0698 059:540.084 JLINK_IsHalted()
T0698 059:541.816 - 1.729ms returns FALSE
T0698 059:646.360 JLINK_IsHalted()
T0698 059:648.192 - 1.830ms returns FALSE
T0698 059:648.328 JLINK_IsHalted()
T0698 059:649.952 - 1.620ms returns FALSE
T0698 059:756.280 JLINK_IsHalted()
T0698 059:759.384 - 3.105ms returns FALSE
T0698 059:759.528 JLINK_IsHalted()
T0698 059:761.064 - 1.525ms returns FALSE
T0698 059:865.816 JLINK_IsHalted()
T0698 059:867.508 - 1.688ms returns FALSE
T0698 059:867.616 JLINK_IsHalted()
T0698 059:869.408 - 1.791ms returns FALSE
T0698 059:974.356 JLINK_IsHalted()
T0698 059:976.104 - 1.743ms returns FALSE
T0698 059:976.172 JLINK_IsHalted()
T0698 059:977.928 - 1.750ms returns FALSE
T0698 060:083.980 JLINK_IsHalted()
T0698 060:084.948 - 0.967ms returns FALSE
T0698 060:085.044 JLINK_IsHalted()
T0698 060:087.000 - 1.958ms returns FALSE
T0698 060:193.240 JLINK_IsHalted()
T0698 060:195.936 - 2.693ms returns FALSE
T0698 060:196.056 JLINK_IsHalted()
T0698 060:197.568 - 1.504ms returns FALSE
T27BC 060:276.232 JLINK_IsHalted()
T27BC 060:278.184 - 1.947ms returns FALSE
T27BC 060:278.272 JLINK_IsHalted()
T27BC 060:279.948 - 1.676ms returns FALSE
T0698 060:302.840 JLINK_IsHalted()
T0698 060:304.416 - 1.573ms returns FALSE
T0698 060:304.520 JLINK_IsHalted()
T0698 060:306.144 - 1.621ms returns FALSE
T0698 060:412.404 JLINK_IsHalted()
T0698 060:414.860 - 2.457ms returns FALSE
T0698 060:414.968 JLINK_IsHalted()
T0698 060:416.928 - 1.956ms returns FALSE
T0698 060:521.640 JLINK_IsHalted()
T0698 060:523.520 - 1.879ms returns FALSE
T0698 060:523.668 JLINK_IsHalted()
T0698 060:525.400 - 1.732ms returns FALSE
T0698 060:631.404 JLINK_IsHalted()
T0698 060:633.016 - 1.614ms returns FALSE
T0698 060:633.176 JLINK_IsHalted()
T0698 060:634.868 - 1.687ms returns FALSE
T0698 060:740.948 JLINK_IsHalted()
T0698 060:743.064 - 2.114ms returns FALSE
T0698 060:743.220 JLINK_IsHalted()
T0698 060:744.904 - 1.678ms returns FALSE
T0698 060:849.920 JLINK_IsHalted()
T0698 060:851.608 - 1.689ms returns FALSE
T0698 060:851.692 JLINK_IsHalted()
T0698 060:853.472 - 1.776ms returns FALSE
T0698 060:958.968 JLINK_IsHalted()
T0698 060:961.012 - 2.045ms returns FALSE
T0698 060:961.128 JLINK_IsHalted()
T0698 060:962.996 - 1.863ms returns FALSE
T0698 061:068.588 JLINK_IsHalted()
T0698 061:070.548 - 1.960ms returns FALSE
T0698 061:070.656 JLINK_IsHalted()
T0698 061:072.408 - 1.750ms returns FALSE
T0698 061:178.240 JLINK_IsHalted()
T0698 061:181.760 - 3.517ms returns FALSE
T0698 061:181.868 JLINK_IsHalted()
T0698 061:183.360 - 1.493ms returns FALSE
T27BC 061:280.660 JLINK_IsHalted()
T27BC 061:281.708 - 1.050ms returns FALSE
T27BC 061:281.816 JLINK_IsHalted()
T27BC 061:283.528 - 1.708ms returns FALSE
T0698 061:287.380 JLINK_IsHalted()
T0698 061:288.344 - 0.960ms returns FALSE
T0698 061:288.428 JLINK_IsHalted()
T0698 061:290.168 - 1.738ms returns FALSE
T0698 061:396.584 JLINK_IsHalted()
T0698 061:399.860 - 3.275ms returns FALSE
T0698 061:399.928 JLINK_IsHalted()
T0698 061:401.760 - 1.827ms returns FALSE
T0698 061:505.836 JLINK_IsHalted()
T0698 061:507.988 - 2.150ms returns FALSE
T0698 061:508.088 JLINK_IsHalted()
T0698 061:509.972 - 1.876ms returns FALSE
T0698 061:615.080 JLINK_IsHalted()
T0698 061:616.520 - 1.437ms returns FALSE
T0698 061:616.640 JLINK_IsHalted()
T0698 061:618.380 - 1.738ms returns FALSE
T0698 061:724.800 JLINK_IsHalted()
T0698 061:726.664 - 1.859ms returns FALSE
T0698 061:726.772 JLINK_IsHalted()
T0698 061:728.556 - 1.782ms returns FALSE
T0698 061:834.144 JLINK_IsHalted()
T0698 061:835.960 - 1.819ms returns FALSE
T0698 061:836.056 JLINK_IsHalted()
T0698 061:839.540 - 3.482ms returns FALSE
T0698 061:943.560 JLINK_IsHalted()
T0698 061:946.040 - 2.481ms returns FALSE
T0698 061:946.144 JLINK_IsHalted()
T0698 061:948.044 - 1.901ms returns FALSE
T0698 062:052.856 JLINK_IsHalted()
T0698 062:054.568 - 1.703ms returns FALSE
T0698 062:054.688 JLINK_IsHalted()
T0698 062:056.396 - 1.705ms returns FALSE
T0698 062:162.824 JLINK_IsHalted()
T0698 062:164.800 - 1.974ms returns FALSE
T0698 062:164.916 JLINK_IsHalted()
T0698 062:168.288 - 3.375ms returns FALSE
T0698 062:271.924 JLINK_IsHalted()
T0698 062:273.952 - 2.024ms returns FALSE
T0698 062:274.056 JLINK_IsHalted()
T0698 062:275.864 - 1.805ms returns FALSE
T27BC 062:284.564 JLINK_IsHalted()
T27BC 062:286.676 - 2.108ms returns FALSE
T27BC 062:286.772 JLINK_IsHalted()
T27BC 062:288.512 - 1.740ms returns FALSE
T0698 062:380.728 JLINK_IsHalted()
T0698 062:383.884 - 3.159ms returns FALSE
T0698 062:383.956 JLINK_IsHalted()
T0698 062:385.804 - 1.847ms returns FALSE
T0698 062:490.536 JLINK_IsHalted()
T0698 062:492.616 - 2.075ms returns FALSE
T0698 062:492.768 JLINK_IsHalted()
T0698 062:494.304 - 1.534ms returns FALSE
T0698 062:600.192 JLINK_IsHalted()
T0698 062:601.816 - 1.624ms returns FALSE
T0698 062:601.984 JLINK_IsHalted()
T0698 062:603.752 - 1.766ms returns FALSE
T0698 062:709.384 JLINK_IsHalted()
T0698 062:711.640 - 2.257ms returns FALSE
T0698 062:711.840 JLINK_IsHalted()
T0698 062:713.428 - 1.587ms returns FALSE
T0698 062:818.792 JLINK_IsHalted()
T0698 062:820.256 - 1.467ms returns FALSE
T0698 062:820.416 JLINK_IsHalted()
T0698 062:822.016 - 1.603ms returns FALSE
T0698 062:928.264 JLINK_IsHalted()
T0698 062:930.188 - 1.926ms returns FALSE
T0698 062:930.324 JLINK_IsHalted()
T0698 062:933.944 - 3.616ms returns FALSE
T0698 063:037.108 JLINK_IsHalted()
T0698 063:039.176 - 2.067ms returns FALSE
T0698 063:039.340 JLINK_IsHalted()
T0698 063:041.096 - 1.751ms returns FALSE
T0698 063:146.944 JLINK_IsHalted()
T0698 063:149.224 - 2.279ms returns FALSE
T0698 063:149.356 JLINK_IsHalted()
T0698 063:153.032 - 3.667ms returns FALSE
T0698 063:255.724 JLINK_IsHalted()
T0698 063:258.676 - 2.944ms returns FALSE
T0698 063:258.828 JLINK_IsHalted()
T0698 063:260.556 - 1.727ms returns FALSE
T27BC 063:290.336 JLINK_IsHalted()
T27BC 063:292.008 - 1.668ms returns FALSE
T27BC 063:292.152 JLINK_IsHalted()
T27BC 063:295.532 - 3.378ms returns FALSE
T0698 063:364.984 JLINK_IsHalted()
T0698 063:366.892 - 1.908ms returns FALSE
T0698 063:366.964 JLINK_IsHalted()
T0698 063:368.724 - 1.760ms returns FALSE
T0698 063:475.048 JLINK_IsHalted()
T0698 063:476.888 - 1.841ms returns FALSE
T0698 063:477.000 JLINK_IsHalted()
T0698 063:478.700 - 1.702ms returns FALSE
T0698 063:584.792 JLINK_IsHalted()
T0698 063:586.392 - 1.594ms returns FALSE
T0698 063:586.536 JLINK_IsHalted()
T0698 063:589.940 - 3.404ms returns FALSE
T0698 063:693.420 JLINK_IsHalted()
T0698 063:695.116 - 1.694ms returns FALSE
T0698 063:695.264 JLINK_IsHalted()
T0698 063:696.884 - 1.617ms returns FALSE
T0698 063:803.380 JLINK_IsHalted()
T0698 063:805.784 - 2.406ms returns FALSE
T0698 063:805.912 JLINK_IsHalted()
T0698 063:807.640 - 1.727ms returns FALSE
T0698 063:912.440 JLINK_IsHalted()
T0698 063:914.088 - 1.644ms returns FALSE
T0698 063:914.208 JLINK_IsHalted()
T0698 063:915.852 - 1.643ms returns FALSE
T0698 064:021.800 JLINK_IsHalted()
T0698 064:023.528 - 1.727ms returns FALSE
T0698 064:023.636 JLINK_IsHalted()
T0698 064:025.312 - 1.673ms returns FALSE
T0698 064:130.912 JLINK_IsHalted()
T0698 064:132.692 - 1.773ms returns FALSE
T0698 064:132.808 JLINK_IsHalted()
T0698 064:134.796 - 1.987ms returns FALSE
T0698 064:240.960 JLINK_IsHalted()
T0698 064:244.840 - 3.877ms returns FALSE
T0698 064:244.952 JLINK_IsHalted()
T0698 064:246.712 - 1.754ms returns FALSE
T27BC 064:296.960 JLINK_IsHalted()
T27BC 064:298.488 - 1.524ms returns FALSE
T27BC 064:298.600 JLINK_IsHalted()
T27BC 064:300.436 - 1.835ms returns FALSE
T0698 064:349.736 JLINK_IsHalted()
T0698 064:351.596 - 1.858ms returns FALSE
T0698 064:351.712 JLINK_IsHalted()
T0698 064:353.656 - 1.942ms returns FALSE
T0698 064:459.000 JLINK_IsHalted()
T0698 064:461.836 - 2.833ms returns FALSE
T0698 064:461.952 JLINK_IsHalted()
T0698 064:463.508 - 1.555ms returns FALSE
T0698 064:569.088 JLINK_IsHalted()
T0698 064:570.376 - 1.286ms returns FALSE
T0698 064:570.488 JLINK_IsHalted()
T0698 064:572.192 - 1.705ms returns FALSE
T0698 064:678.060 JLINK_IsHalted()
T0698 064:679.860 - 1.797ms returns FALSE
T0698 064:679.976 JLINK_IsHalted()
T0698 064:681.760 - 1.780ms returns FALSE
T0698 064:787.112 JLINK_IsHalted()
T0698 064:789.152 - 2.040ms returns FALSE
T0698 064:789.260 JLINK_IsHalted()
T0698 064:790.824 - 1.560ms returns FALSE
T0698 064:896.264 JLINK_IsHalted()
T0698 064:898.892 - 2.629ms returns FALSE
T0698 064:899.000 JLINK_IsHalted()
T0698 064:900.832 - 1.826ms returns FALSE
T0698 065:006.024 JLINK_IsHalted()
T0698 065:007.528 - 1.503ms returns FALSE
T0698 065:007.636 JLINK_IsHalted()
T0698 065:009.268 - 1.628ms returns FALSE
T0698 065:115.028 JLINK_IsHalted()
T0698 065:118.508 - 3.479ms returns FALSE
T0698 065:118.552 JLINK_IsHalted()
T0698 065:120.344 - 1.788ms returns FALSE
T0698 065:224.564 JLINK_IsHalted()
T0698 065:226.252 - 1.690ms returns FALSE
T0698 065:226.324 JLINK_IsHalted()
T0698 065:228.404 - 2.083ms returns FALSE
T27BC 065:301.044 JLINK_IsHalted()
T27BC 065:304.344 - 3.297ms returns FALSE
T27BC 065:304.436 JLINK_IsHalted()
T27BC 065:306.120 - 1.686ms returns FALSE
T0698 065:333.740 JLINK_IsHalted()
T0698 065:337.176 - 3.436ms returns FALSE
T0698 065:337.272 JLINK_IsHalted()
T0698 065:339.020 - 1.744ms returns FALSE
T0698 065:444.104 JLINK_IsHalted()
T0698 065:445.344 - 1.237ms returns FALSE
T0698 065:445.460 JLINK_IsHalted()
T0698 065:447.360 - 1.897ms returns FALSE
T0698 065:553.144 JLINK_IsHalted()
T0698 065:555.000 - 1.858ms returns FALSE
T0698 065:555.136 JLINK_IsHalted()
T0698 065:556.936 - 1.791ms returns FALSE
T0698 065:661.996 JLINK_IsHalted()
T0698 065:663.416 - 1.418ms returns FALSE
T0698 065:663.552 JLINK_IsHalted()
T0698 065:665.216 - 1.657ms returns FALSE
T0698 065:771.736 JLINK_IsHalted()
T0698 065:772.864 - 1.120ms returns FALSE
T0698 065:773.044 JLINK_IsHalted()
T0698 065:776.340 - 3.292ms returns FALSE
T0698 065:881.152 JLINK_IsHalted()
T0698 065:882.664 - 1.512ms returns FALSE
T0698 065:882.708 JLINK_IsHalted()
T0698 065:884.512 - 1.807ms returns FALSE
T0698 065:990.168 JLINK_IsHalted()
T0698 065:991.744 - 1.572ms returns FALSE
T0698 065:991.816 JLINK_IsHalted()
T0698 065:993.620 - 1.804ms returns FALSE
T0698 066:100.056 JLINK_IsHalted()
T0698 066:102.968 - 2.911ms returns FALSE
T0698 066:103.048 JLINK_IsHalted()
T0698 066:104.820 - 1.774ms returns FALSE
T0698 066:209.012 JLINK_IsHalted()
T0698 066:210.380 - 1.362ms returns FALSE
T0698 066:210.600 JLINK_IsHalted()
T0698 066:212.448 - 1.852ms returns FALSE
T27BC 066:306.656 JLINK_IsHalted()
T27BC 066:308.216 - 1.562ms returns FALSE
T27BC 066:308.372 JLINK_IsHalted()
T27BC 066:310.048 - 1.675ms returns FALSE
T0698 066:318.336 JLINK_IsHalted()
T0698 066:319.272 - 0.932ms returns FALSE
T0698 066:319.360 JLINK_IsHalted()
T0698 066:321.120 - 1.755ms returns FALSE
T0698 066:428.276 JLINK_IsHalted()
T0698 066:430.200 - 1.921ms returns FALSE
T0698 066:430.272 JLINK_IsHalted()
T0698 066:432.052 - 1.773ms returns FALSE
T0698 066:537.768 JLINK_IsHalted()
T0698 066:539.468 - 1.702ms returns FALSE
T0698 066:539.608 JLINK_IsHalted()
T0698 066:541.512 - 1.891ms returns FALSE
T0698 066:647.544 JLINK_IsHalted()
T0698 066:650.676 - 3.126ms returns FALSE
T0698 066:650.836 JLINK_IsHalted()
T0698 066:652.704 - 1.867ms returns FALSE
T0698 066:755.948 JLINK_IsHalted()
T0698 066:757.800 - 1.847ms returns FALSE
T0698 066:757.848 JLINK_IsHalted()
T0698 066:759.688 - 1.839ms returns FALSE
T0698 066:865.208 JLINK_IsHalted()
T0698 066:867.912 - 2.701ms returns FALSE
T0698 066:868.008 JLINK_IsHalted()
T0698 066:869.740 - 1.733ms returns FALSE
T0698 066:974.488 JLINK_IsHalted()
T0698 066:976.184 - 1.696ms returns FALSE
T0698 066:976.248 JLINK_IsHalted()
T0698 066:978.072 - 1.824ms returns FALSE
T0698 067:084.000 JLINK_IsHalted()
T0698 067:086.100 - 2.093ms returns FALSE
T0698 067:086.196 JLINK_IsHalted()
T0698 067:087.924 - 1.724ms returns FALSE
T0698 067:193.968 JLINK_IsHalted()
T0698 067:195.696 - 1.725ms returns FALSE
T0698 067:195.800 JLINK_IsHalted()
T0698 067:197.544 - 1.736ms returns FALSE
T0698 067:303.400 JLINK_IsHalted()
T0698 067:306.400 - 3.002ms returns FALSE
T0698 067:306.504 JLINK_IsHalted()
T0698 067:308.048 - 1.548ms returns FALSE
T27BC 067:310.544 JLINK_IsHalted()
T27BC 067:312.544 - 1.998ms returns FALSE
T27BC 067:312.656 JLINK_IsHalted()
T27BC 067:314.360 - 1.707ms returns FALSE
T0698 067:412.624 JLINK_IsHalted()
T0698 067:413.704 - 1.073ms returns FALSE
T0698 067:413.760 JLINK_IsHalted()
T0698 067:415.616 - 1.857ms returns FALSE
T0698 067:521.896 JLINK_IsHalted()
T0698 067:523.944 - 2.049ms returns FALSE
T0698 067:524.016 JLINK_IsHalted()
T0698 067:525.680 - 1.663ms returns FALSE
T0698 067:630.656 JLINK_IsHalted()
T0698 067:632.344 - 1.686ms returns FALSE
T0698 067:632.432 JLINK_IsHalted()
T0698 067:634.032 - 1.602ms returns FALSE
T0698 067:740.064 JLINK_IsHalted()
T0698 067:742.152 - 2.086ms returns FALSE
T0698 067:742.376 JLINK_IsHalted()
T0698 067:745.544 - 3.172ms returns FALSE
T0698 067:850.224 JLINK_IsHalted()
T0698 067:852.064 - 1.838ms returns FALSE
T0698 067:852.144 JLINK_IsHalted()
T0698 067:854.024 - 1.875ms returns FALSE
T0698 067:959.256 JLINK_IsHalted()
T0698 067:960.496 - 1.234ms returns FALSE
T0698 067:960.592 JLINK_IsHalted()
T0698 067:962.336 - 1.749ms returns FALSE
T0698 068:068.816 JLINK_IsHalted()
T0698 068:070.064 - 1.245ms returns FALSE
T0698 068:070.160 JLINK_IsHalted()
T0698 068:071.984 - 1.820ms returns FALSE
T0698 068:177.584 JLINK_IsHalted()
T0698 068:179.576 - 1.987ms returns FALSE
T0698 068:179.672 JLINK_IsHalted()
T0698 068:181.416 - 1.738ms returns FALSE
T0698 068:286.888 JLINK_IsHalted()
T0698 068:288.592 - 1.699ms returns FALSE
T0698 068:288.672 JLINK_IsHalted()
T0698 068:290.464 - 1.789ms returns FALSE
T27BC 068:315.048 JLINK_IsHalted()
T27BC 068:317.696 - 2.649ms returns FALSE
T27BC 068:317.808 JLINK_IsHalted()
T27BC 068:319.440 - 1.624ms returns FALSE
T0698 068:396.536 JLINK_IsHalted()
T0698 068:399.368 - 2.825ms returns FALSE
T0698 068:399.464 JLINK_IsHalted()
T0698 068:401.320 - 1.853ms returns FALSE
T0698 068:506.448 JLINK_IsHalted()
T0698 068:507.600 - 1.146ms returns FALSE
T0698 068:507.704 JLINK_IsHalted()
T0698 068:509.680 - 1.978ms returns FALSE
T0698 068:615.680 JLINK_IsHalted()
T0698 068:617.048 - 1.371ms returns FALSE
T0698 068:617.136 JLINK_IsHalted()
T0698 068:619.016 - 1.880ms returns FALSE
T0698 068:724.984 JLINK_IsHalted()
T0698 068:727.184 - 2.196ms returns FALSE
T0698 068:727.280 JLINK_IsHalted()
T0698 068:729.064 - 1.779ms returns FALSE
T0698 068:834.192 JLINK_IsHalted()
T0698 068:835.304 - 1.102ms returns FALSE
T0698 068:835.400 JLINK_IsHalted()
T0698 068:837.136 - 1.736ms returns FALSE
T0698 068:943.736 JLINK_IsHalted()
T0698 068:947.440 - 3.694ms returns FALSE
T0698 068:947.608 JLINK_IsHalted()
T0698 068:949.136 - 1.525ms returns FALSE
T0698 069:053.448 JLINK_IsHalted()
T0698 069:055.712 - 2.268ms returns FALSE
T0698 069:055.832 JLINK_IsHalted()
T0698 069:057.664 - 1.825ms returns FALSE
T0698 069:161.968 JLINK_IsHalted()
T0698 069:164.240 - 2.270ms returns FALSE
T0698 069:164.368 JLINK_IsHalted()
T0698 069:166.080 - 1.715ms returns FALSE
T0698 069:271.832 JLINK_IsHalted()
T0698 069:272.864 - 1.034ms returns FALSE
T0698 069:272.912 JLINK_IsHalted()
T0698 069:275.112 - 2.196ms returns FALSE
T27BC 069:319.024 JLINK_IsHalted()
T27BC 069:319.800 - 0.774ms returns FALSE
T27BC 069:319.856 JLINK_IsHalted()
T27BC 069:321.712 - 1.852ms returns FALSE
T0698 069:381.240 JLINK_IsHalted()
T0698 069:382.784 - 1.546ms returns FALSE
T0698 069:382.840 JLINK_IsHalted()
T0698 069:384.576 - 1.733ms returns FALSE
T0698 069:490.512 JLINK_IsHalted()
T0698 069:492.208 - 1.705ms returns FALSE
T0698 069:492.288 JLINK_IsHalted()
T0698 069:494.072 - 1.789ms returns FALSE
T0698 069:599.760 JLINK_IsHalted()
T0698 069:601.680 - 1.918ms returns FALSE
T0698 069:601.744 JLINK_IsHalted()
T0698 069:603.584 - 1.838ms returns FALSE
T0698 069:709.064 JLINK_IsHalted()
T0698 069:710.256 - 1.195ms returns FALSE
T0698 069:710.320 JLINK_IsHalted()
T0698 069:712.176 - 1.855ms returns FALSE
T0698 069:818.624 JLINK_IsHalted()
T0698 069:820.056 - 1.428ms returns FALSE
T0698 069:820.176 JLINK_IsHalted()
T0698 069:821.856 - 1.677ms returns FALSE
T0698 069:927.856 JLINK_IsHalted()
T0698 069:929.592 - 1.731ms returns FALSE
T0698 069:929.808 JLINK_IsHalted()
T0698 069:931.744 - 1.938ms returns FALSE
T0698 070:037.192 JLINK_IsHalted()
T0698 070:039.352 - 2.159ms returns FALSE
T0698 070:039.576 JLINK_IsHalted()
T0698 070:040.960 - 1.380ms returns FALSE
T0698 070:146.856 JLINK_IsHalted()
T0698 070:148.560 - 1.707ms returns FALSE
T0698 070:148.664 JLINK_IsHalted()
T0698 070:150.504 - 1.841ms returns FALSE
T0698 070:255.880 JLINK_IsHalted()
T0698 070:258.232 - 2.354ms returns FALSE
T0698 070:258.368 JLINK_IsHalted()
T0698 070:260.240 - 1.872ms returns FALSE
T27BC 070:322.600 JLINK_IsHalted()
T27BC 070:323.944 - 1.333ms returns FALSE
T27BC 070:324.080 JLINK_IsHalted()
T27BC 070:325.952 - 1.875ms returns FALSE
T0698 070:366.064 JLINK_IsHalted()
T0698 070:368.368 - 2.294ms returns FALSE
T0698 070:368.560 JLINK_IsHalted()
T0698 070:370.136 - 1.579ms returns FALSE
T0698 070:474.504 JLINK_IsHalted()
T0698 070:476.208 - 1.708ms returns FALSE
T0698 070:476.336 JLINK_IsHalted()
T0698 070:477.944 - 1.600ms returns FALSE
T0698 070:584.264 JLINK_IsHalted()
T0698 070:587.168 - 2.901ms returns FALSE
T0698 070:587.240 JLINK_IsHalted()
T0698 070:589.344 - 2.104ms returns FALSE
T0698 070:693.664 JLINK_IsHalted()
T0698 070:695.760 - 2.090ms returns FALSE
T0698 070:695.856 JLINK_IsHalted()
T0698 070:697.584 - 1.719ms returns FALSE
T0698 070:802.704 JLINK_IsHalted()
T0698 070:804.040 - 1.336ms returns FALSE
T0698 070:804.152 JLINK_IsHalted()
T0698 070:806.000 - 1.850ms returns FALSE
T0698 070:911.912 JLINK_IsHalted()
T0698 070:914.192 - 2.281ms returns FALSE
T0698 070:914.320 JLINK_IsHalted()
T0698 070:916.048 - 1.733ms returns FALSE
T0698 071:022.064 JLINK_IsHalted()
T0698 071:023.504 - 1.431ms returns FALSE
T0698 071:023.568 JLINK_IsHalted()
T0698 071:025.352 - 1.777ms returns FALSE
T0698 071:131.304 JLINK_IsHalted()
T0698 071:132.208 - 0.904ms returns FALSE
T0698 071:132.272 JLINK_IsHalted()
T0698 071:134.112 - 1.846ms returns FALSE
T0698 071:240.528 JLINK_IsHalted()
T0698 071:241.808 - 1.287ms returns FALSE
T0698 071:241.872 JLINK_IsHalted()
T0698 071:243.672 - 1.799ms returns FALSE
T27BC 071:326.896 JLINK_IsHalted()
T27BC 071:330.152 - 3.254ms returns FALSE
T27BC 071:330.224 JLINK_IsHalted()
T27BC 071:332.024 - 1.799ms returns FALSE
T0698 071:349.760 JLINK_IsHalted()
T0698 071:350.728 - 0.966ms returns FALSE
T0698 071:350.800 JLINK_IsHalted()
T0698 071:352.584 - 1.779ms returns FALSE
T0698 071:458.976 JLINK_IsHalted()
T0698 071:460.656 - 1.679ms returns FALSE
T0698 071:460.712 JLINK_IsHalted()
T0698 071:462.520 - 1.811ms returns FALSE
T0698 071:568.784 JLINK_IsHalted()
T0698 071:570.880 - 2.098ms returns FALSE
T0698 071:571.048 JLINK_IsHalted()
T0698 071:576.272 - 5.220ms returns FALSE
T0698 071:677.992 JLINK_IsHalted()
T0698 071:679.152 - 1.155ms returns FALSE
T0698 071:679.216 JLINK_IsHalted()
T0698 071:681.056 - 1.834ms returns FALSE
T0698 071:787.248 JLINK_IsHalted()
T0698 071:788.656 - 1.404ms returns FALSE
T0698 071:788.744 JLINK_IsHalted()
T0698 071:790.496 - 1.748ms returns FALSE
T0698 071:896.432 JLINK_IsHalted()
T0698 071:898.048 - 1.609ms returns FALSE
T0698 071:898.128 JLINK_IsHalted()
T0698 071:899.904 - 1.775ms returns FALSE
T0698 072:005.656 JLINK_IsHalted()
T0698 072:007.376 - 1.716ms returns FALSE
T0698 072:007.448 JLINK_IsHalted()
T0698 072:009.208 - 1.757ms returns FALSE
T0698 072:116.064 JLINK_IsHalted()
T0698 072:120.736 - 4.670ms returns FALSE
T0698 072:120.848 JLINK_IsHalted()
T0698 072:122.560 - 1.711ms returns FALSE
T0698 072:225.264 JLINK_IsHalted()
T0698 072:227.024 - 1.767ms returns FALSE
T0698 072:227.120 JLINK_IsHalted()
T0698 072:228.872 - 1.755ms returns FALSE
T27BC 072:332.472 JLINK_IsHalted()
T27BC 072:337.200 - 4.724ms returns FALSE
T27BC 072:337.280 JLINK_IsHalted()
T27BC 072:340.272 - 2.989ms returns FALSE
T0698 072:340.432 JLINK_IsHalted()
T0698 072:342.320 - 1.887ms returns FALSE
T0698 072:342.400 JLINK_IsHalted()
T0698 072:345.392 - 2.990ms returns FALSE
T0698 072:443.680 JLINK_IsHalted()
T0698 072:444.712 - 1.035ms returns FALSE
T0698 072:444.784 JLINK_IsHalted()
T0698 072:446.576 - 1.791ms returns FALSE
T0698 072:552.864 JLINK_IsHalted()
T0698 072:553.632 - 0.766ms returns FALSE
T0698 072:553.688 JLINK_IsHalted()
T0698 072:555.512 - 1.820ms returns FALSE
T0698 072:662.096 JLINK_IsHalted()
T0698 072:663.456 - 1.364ms returns FALSE
T0698 072:663.528 JLINK_IsHalted()
T0698 072:665.328 - 1.802ms returns FALSE
T0698 072:771.840 JLINK_IsHalted()
T0698 072:773.896 - 2.057ms returns FALSE
T0698 072:773.976 JLINK_IsHalted()
T0698 072:775.776 - 1.796ms returns FALSE
T0698 072:881.088 JLINK_IsHalted()
T0698 072:883.072 - 1.982ms returns FALSE
T0698 072:883.152 JLINK_IsHalted()
T0698 072:884.920 - 1.775ms returns FALSE
T0698 072:990.320 JLINK_IsHalted()
T0698 072:992.104 - 1.786ms returns FALSE
T0698 072:992.184 JLINK_IsHalted()
T0698 072:994.064 - 1.869ms returns FALSE
T0698 073:099.536 JLINK_IsHalted()
T0698 073:100.592 - 1.051ms returns FALSE
T0698 073:100.656 JLINK_IsHalted()
T0698 073:102.448 - 1.787ms returns FALSE
T0698 073:208.832 JLINK_IsHalted()
T0698 073:210.536 - 1.698ms returns FALSE
T0698 073:210.608 JLINK_IsHalted()
T0698 073:214.128 - 3.508ms returns FALSE
T0698 073:318.992 JLINK_IsHalted()
T0698 073:319.792 - 0.807ms returns FALSE
T0698 073:319.856 JLINK_IsHalted()
T0698 073:321.680 - 1.823ms returns FALSE
T27BC 073:341.000 JLINK_IsHalted()
T27BC 073:341.984 - 0.995ms returns FALSE
T27BC 073:342.056 JLINK_IsHalted()
T27BC 073:343.864 - 1.806ms returns FALSE
T0698 073:428.184 JLINK_IsHalted()
T0698 073:429.352 - 1.159ms returns FALSE
T0698 073:429.424 JLINK_IsHalted()
T0698 073:431.152 - 1.727ms returns FALSE
T0698 073:537.448 JLINK_IsHalted()
T0698 073:539.136 - 1.689ms returns FALSE
T0698 073:539.184 JLINK_IsHalted()
T0698 073:541.016 - 1.830ms returns FALSE
T0698 073:646.696 JLINK_IsHalted()
T0698 073:647.936 - 1.246ms returns FALSE
T0698 073:648.008 JLINK_IsHalted()
T0698 073:649.768 - 1.766ms returns FALSE
T0698 073:755.976 JLINK_IsHalted()
T0698 073:757.424 - 1.452ms returns FALSE
T0698 073:757.480 JLINK_IsHalted()
T0698 073:759.312 - 1.835ms returns FALSE
T0698 073:865.352 JLINK_IsHalted()
T0698 073:866.200 - 0.846ms returns FALSE
T0698 073:866.304 JLINK_IsHalted()
T0698 073:868.056 - 1.755ms returns FALSE
T0698 073:975.112 JLINK_IsHalted()
T0698 073:976.928 - 1.815ms returns FALSE
T0698 073:976.992 JLINK_IsHalted()
T0698 073:978.816 - 1.823ms returns FALSE
T0698 074:084.288 JLINK_IsHalted()
T0698 074:085.216 - 0.926ms returns FALSE
T0698 074:085.272 JLINK_IsHalted()
T0698 074:087.072 - 1.795ms returns FALSE
T0698 074:193.960 JLINK_IsHalted()
T0698 074:197.856 - 3.892ms returns FALSE
T0698 074:198.104 JLINK_IsHalted()
T0698 074:199.664 - 1.559ms returns FALSE
T0698 074:303.192 JLINK_IsHalted()
T0698 074:304.944 - 1.755ms returns FALSE
T0698 074:305.048 JLINK_IsHalted()
T0698 074:306.808 - 1.757ms returns FALSE
T27BC 074:344.656 JLINK_IsHalted()
T27BC 074:345.672 - 1.015ms returns FALSE
T27BC 074:345.752 JLINK_IsHalted()
T27BC 074:347.608 - 1.856ms returns FALSE
T0698 074:412.016 JLINK_IsHalted()
T0698 074:413.992 - 1.971ms returns FALSE
T0698 074:414.080 JLINK_IsHalted()
T0698 074:415.888 - 1.808ms returns FALSE
T0698 074:521.960 JLINK_IsHalted()
T0698 074:523.576 - 1.618ms returns FALSE
T0698 074:523.696 JLINK_IsHalted()
T0698 074:525.200 - 1.504ms returns FALSE
T0698 074:630.600 JLINK_IsHalted()
T0698 074:631.512 - 0.909ms returns FALSE
T0698 074:631.600 JLINK_IsHalted()
T0698 074:633.592 - 1.986ms returns FALSE
T0698 074:740.432 JLINK_IsHalted()
T0698 074:742.192 - 1.767ms returns FALSE
T0698 074:742.288 JLINK_IsHalted()
T0698 074:744.088 - 1.798ms returns FALSE
T0698 074:850.048 JLINK_IsHalted()
T0698 074:851.968 - 1.920ms returns FALSE
T0698 074:852.040 JLINK_IsHalted()
T0698 074:854.000 - 1.957ms returns FALSE
T0698 074:958.872 JLINK_IsHalted()
T0698 074:961.064 - 2.184ms returns FALSE
T0698 074:961.240 JLINK_IsHalted()
T0698 074:964.664 - 3.426ms returns FALSE
T0698 075:068.816 JLINK_IsHalted()
T0698 075:070.976 - 2.161ms returns FALSE
T0698 075:071.152 JLINK_IsHalted()
T0698 075:073.032 - 1.875ms returns FALSE
T0698 075:178.008 JLINK_IsHalted()
T0698 075:179.496 - 1.484ms returns FALSE
T0698 075:179.576 JLINK_IsHalted()
T0698 075:181.120 - 1.537ms returns FALSE
T0698 075:286.944 JLINK_IsHalted()
T0698 075:289.008 - 2.062ms returns FALSE
T0698 075:289.080 JLINK_IsHalted()
T0698 075:290.616 - 1.531ms returns FALSE
T27BC 075:348.112 JLINK_IsHalted()
T27BC 075:350.120 - 2.004ms returns FALSE
T27BC 075:350.192 JLINK_IsHalted()
T27BC 075:351.976 - 1.781ms returns FALSE
T0698 075:396.392 JLINK_IsHalted()
T0698 075:397.856 - 1.465ms returns FALSE
T0698 075:397.928 JLINK_IsHalted()
T0698 075:399.712 - 1.780ms returns FALSE
T0698 075:506.400 JLINK_IsHalted()
T0698 075:508.208 - 1.800ms returns FALSE
T0698 075:508.264 JLINK_IsHalted()
T0698 075:510.080 - 1.816ms returns FALSE
T0698 075:615.760 JLINK_IsHalted()
T0698 075:617.840 - 2.082ms returns FALSE
T0698 075:617.912 JLINK_IsHalted()
T0698 075:619.856 - 1.942ms returns FALSE
T0698 075:724.728 JLINK_IsHalted()
T0698 075:726.776 - 2.043ms returns FALSE
T0698 075:726.832 JLINK_IsHalted()
T0698 075:728.760 - 1.925ms returns FALSE
T0698 075:834.208 JLINK_IsHalted()
T0698 075:836.256 - 2.052ms returns FALSE
T0698 075:836.312 JLINK_IsHalted()
T0698 075:838.048 - 1.732ms returns FALSE
T0698 075:943.184 JLINK_IsHalted()
T0698 075:944.456 - 1.267ms returns FALSE
T0698 075:944.520 JLINK_IsHalted()
T0698 075:946.512 - 1.989ms returns FALSE
T0698 076:053.168 JLINK_IsHalted()
T0698 076:054.768 - 1.600ms returns FALSE
T0698 076:054.840 JLINK_IsHalted()
T0698 076:056.672 - 1.830ms returns FALSE
T0698 076:161.896 JLINK_IsHalted()
T0698 076:163.584 - 1.686ms returns FALSE
T0698 076:163.656 JLINK_IsHalted()
T0698 076:165.400 - 1.749ms returns FALSE
T0698 076:271.920 JLINK_IsHalted()
T0698 076:274.320 - 2.390ms returns FALSE
T0698 076:274.416 JLINK_IsHalted()
T0698 076:275.920 - 1.506ms returns FALSE
T27BC 076:353.064 JLINK_IsHalted()
T27BC 076:355.184 - 2.116ms returns FALSE
T27BC 076:355.272 JLINK_IsHalted()
T27BC 076:357.008 - 1.739ms returns FALSE
T0698 076:380.584 JLINK_IsHalted()
T0698 076:381.896 - 1.315ms returns FALSE
T0698 076:382.000 JLINK_IsHalted()
T0698 076:383.760 - 1.762ms returns FALSE
T0698 076:490.032 JLINK_IsHalted()
T0698 076:491.696 - 1.654ms returns FALSE
T0698 076:491.792 JLINK_IsHalted()
T0698 076:493.792 - 2.004ms returns FALSE
T0698 076:600.208 JLINK_IsHalted()
T0698 076:601.544 - 1.332ms returns FALSE
T0698 076:601.624 JLINK_IsHalted()
T0698 076:603.248 - 1.620ms returns FALSE
T0698 076:709.264 JLINK_IsHalted()
T0698 076:710.528 - 1.264ms returns FALSE
T0698 076:710.648 JLINK_IsHalted()
T0698 076:712.336 - 1.681ms returns FALSE
T0698 076:818.576 JLINK_IsHalted()
T0698 076:821.744 - 3.168ms returns FALSE
T0698 076:821.832 JLINK_IsHalted()
T0698 076:823.568 - 1.738ms returns FALSE
T0698 076:928.304 JLINK_IsHalted()
T0698 076:929.768 - 1.461ms returns FALSE
T0698 076:929.864 JLINK_IsHalted()
T0698 076:931.888 - 2.019ms returns FALSE
T0698 077:037.128 JLINK_IsHalted()
T0698 077:039.136 - 2.007ms returns FALSE
T0698 077:039.232 JLINK_IsHalted()
T0698 077:041.112 - 1.877ms returns FALSE
T0698 077:146.416 JLINK_IsHalted()
T0698 077:149.376 - 2.961ms returns FALSE
T0698 077:149.488 JLINK_IsHalted()
T0698 077:151.368 - 1.879ms returns FALSE
T0698 077:255.536 JLINK_IsHalted()
T0698 077:257.640 - 2.100ms returns FALSE
T0698 077:257.712 JLINK_IsHalted()
T0698 077:259.368 - 1.652ms returns FALSE
T27BC 077:358.040 JLINK_IsHalted()
T27BC 077:359.568 - 1.529ms returns FALSE
T27BC 077:359.680 JLINK_IsHalted()
T27BC 077:361.488 - 1.802ms returns FALSE
T0698 077:365.120 JLINK_IsHalted()
T0698 077:367.744 - 2.620ms returns FALSE
T0698 077:367.856 JLINK_IsHalted()
T0698 077:369.392 - 1.535ms returns FALSE
T0698 077:474.880 JLINK_IsHalted()
T0698 077:476.448 - 1.563ms returns FALSE
T0698 077:476.520 JLINK_IsHalted()
T0698 077:478.352 - 1.839ms returns FALSE
T0698 077:584.648 JLINK_IsHalted()
T0698 077:586.272 - 1.622ms returns FALSE
T0698 077:586.392 JLINK_IsHalted()
T0698 077:588.048 - 1.652ms returns FALSE
T0698 077:693.872 JLINK_IsHalted()
T0698 077:696.112 - 2.240ms returns FALSE
T0698 077:696.240 JLINK_IsHalted()
T0698 077:697.888 - 1.645ms returns FALSE
T0698 077:803.048 JLINK_IsHalted()
T0698 077:805.200 - 2.149ms returns FALSE
T0698 077:805.328 JLINK_IsHalted()
T0698 077:806.808 - 1.479ms returns FALSE
T0698 077:912.104 JLINK_IsHalted()
T0698 077:914.056 - 1.955ms returns FALSE
T0698 077:914.136 JLINK_IsHalted()
T0698 077:915.984 - 1.846ms returns FALSE
T0698 078:022.280 JLINK_IsHalted()
T0698 078:024.232 - 1.951ms returns FALSE
T0698 078:024.304 JLINK_IsHalted()
T0698 078:025.912 - 1.602ms returns FALSE
T0698 078:130.896 JLINK_IsHalted()
T0698 078:132.816 - 1.917ms returns FALSE
T0698 078:132.888 JLINK_IsHalted()
T0698 078:134.704 - 1.815ms returns FALSE
T0698 078:240.176 JLINK_IsHalted()
T0698 078:242.128 - 1.944ms returns FALSE
T0698 078:242.232 JLINK_IsHalted()
T0698 078:243.960 - 1.724ms returns FALSE
T0698 078:349.808 JLINK_IsHalted()
T0698 078:353.456 - 3.645ms returns FALSE
T0698 078:353.592 JLINK_IsHalted()
T0698 078:355.344 - 1.752ms returns FALSE
T27BC 078:362.592 JLINK_IsHalted()
T27BC 078:364.944 - 2.354ms returns FALSE
T27BC 078:365.064 JLINK_IsHalted()
T27BC 078:367.080 - 2.015ms returns FALSE
T0698 078:459.792 JLINK_IsHalted()
T0698 078:461.624 - 1.834ms returns FALSE
T0698 078:461.712 JLINK_IsHalted()
T0698 078:463.528 - 1.816ms returns FALSE
T0698 078:568.624 JLINK_IsHalted()
T0698 078:571.408 - 2.783ms returns FALSE
T0698 078:571.488 JLINK_IsHalted()
T0698 078:573.240 - 1.756ms returns FALSE
T0698 078:677.872 JLINK_IsHalted()
T0698 078:679.680 - 1.804ms returns FALSE
T0698 078:679.760 JLINK_IsHalted()
T0698 078:681.520 - 1.756ms returns FALSE
T0698 078:787.792 JLINK_IsHalted()
T0698 078:789.064 - 1.271ms returns FALSE
T0698 078:789.112 JLINK_IsHalted()
T0698 078:790.872 - 1.759ms returns FALSE
T0698 078:897.040 JLINK_IsHalted()
T0698 078:898.680 - 1.641ms returns FALSE
T0698 078:898.736 JLINK_IsHalted()
T0698 078:900.568 - 1.833ms returns FALSE
T0698 079:006.448 JLINK_IsHalted()
T0698 079:008.232 - 1.782ms returns FALSE
T0698 079:008.304 JLINK_IsHalted()
T0698 079:010.208 - 1.909ms returns FALSE
T0698 079:115.920 JLINK_IsHalted()
T0698 079:117.088 - 1.161ms returns FALSE
T0698 079:117.168 JLINK_IsHalted()
T0698 079:118.936 - 1.766ms returns FALSE
T0698 079:225.112 JLINK_IsHalted()
T0698 079:226.864 - 1.743ms returns FALSE
T0698 079:226.968 JLINK_IsHalted()
T0698 079:228.496 - 1.525ms returns FALSE
T0698 079:333.744 JLINK_IsHalted()
T0698 079:336.008 - 2.261ms returns FALSE
T0698 079:336.112 JLINK_IsHalted()
T0698 079:337.904 - 1.780ms returns FALSE
T27BC 079:368.488 JLINK_IsHalted()
T27BC 079:370.072 - 1.585ms returns FALSE
T27BC 079:370.224 JLINK_IsHalted()
T27BC 079:371.936 - 1.714ms returns FALSE
T0698 079:444.056 JLINK_IsHalted()
T0698 079:447.760 - 3.707ms returns FALSE
T0698 079:447.880 JLINK_IsHalted()
T0698 079:449.520 - 1.648ms returns FALSE
T0698 079:552.960 JLINK_IsHalted()
T0698 079:554.672 - 1.708ms returns FALSE
T0698 079:554.768 JLINK_IsHalted()
T0698 079:556.368 - 1.599ms returns FALSE
T0698 079:662.504 JLINK_IsHalted()
T0698 079:664.016 - 1.512ms returns FALSE
T0698 079:664.128 JLINK_IsHalted()
T0698 079:665.856 - 1.725ms returns FALSE
T0698 079:771.520 JLINK_IsHalted()
T0698 079:773.528 - 2.013ms returns FALSE
T0698 079:773.648 JLINK_IsHalted()
T0698 079:775.472 - 1.824ms returns FALSE
T0698 079:881.112 JLINK_IsHalted()
T0698 079:883.016 - 1.898ms returns FALSE
T0698 079:883.088 JLINK_IsHalted()
T0698 079:884.664 - 1.576ms returns FALSE
T0698 079:990.312 JLINK_IsHalted()
T0698 079:991.280 - 0.966ms returns FALSE
T0698 079:991.344 JLINK_IsHalted()
T0698 079:993.464 - 2.123ms returns FALSE
T0698 080:099.568 JLINK_IsHalted()
T0698 080:101.592 - 2.019ms returns FALSE
T0698 080:101.680 JLINK_IsHalted()
T0698 080:103.200 - 1.524ms returns FALSE
T0698 080:209.176 JLINK_IsHalted()
T0698 080:211.056 - 1.877ms returns FALSE
T0698 080:211.136 JLINK_IsHalted()
T0698 080:212.880 - 1.748ms returns FALSE
T0698 080:318.944 JLINK_IsHalted()
T0698 080:320.992 - 2.048ms returns FALSE
T0698 080:321.120 JLINK_IsHalted()
T0698 080:322.984 - 1.861ms returns FALSE
T27BC 080:373.224 JLINK_IsHalted()
T27BC 080:374.432 - 1.209ms returns FALSE
T27BC 080:374.552 JLINK_IsHalted()
T27BC 080:376.256 - 1.704ms returns FALSE
T0698 080:427.784 JLINK_IsHalted()
T0698 080:429.528 - 1.745ms returns FALSE
T0698 080:429.680 JLINK_IsHalted()
T0698 080:431.408 - 1.719ms returns FALSE
T0698 080:537.792 JLINK_IsHalted()
T0698 080:539.696 - 1.905ms returns FALSE
T0698 080:539.824 JLINK_IsHalted()
T0698 080:541.408 - 1.579ms returns FALSE
T0698 080:646.416 JLINK_IsHalted()
T0698 080:649.432 - 3.017ms returns FALSE
T0698 080:649.520 JLINK_IsHalted()
T0698 080:651.184 - 1.669ms returns FALSE
T0698 080:755.680 JLINK_IsHalted()
T0698 080:757.720 - 2.039ms returns FALSE
T0698 080:757.808 JLINK_IsHalted()
T0698 080:759.696 - 1.892ms returns FALSE
T0698 080:865.776 JLINK_IsHalted()
T0698 080:867.352 - 1.577ms returns FALSE
T0698 080:867.440 JLINK_IsHalted()
T0698 080:869.112 - 1.676ms returns FALSE
T0698 080:974.928 JLINK_IsHalted()
T0698 080:976.256 - 1.283ms returns FALSE
T0698 080:976.408 JLINK_IsHalted()
T0698 080:979.704 - 3.294ms returns FALSE
T0698 081:084.320 JLINK_IsHalted()
T0698 081:086.248 - 1.930ms returns FALSE
T0698 081:086.320 JLINK_IsHalted()
T0698 081:088.096 - 1.770ms returns FALSE
T0698 081:193.904 JLINK_IsHalted()
T0698 081:195.656 - 1.748ms returns FALSE
T0698 081:195.752 JLINK_IsHalted()
T0698 081:197.568 - 1.818ms returns FALSE
T0698 081:303.008 JLINK_IsHalted()
T0698 081:305.040 - 2.031ms returns FALSE
T0698 081:305.104 JLINK_IsHalted()
T0698 081:306.864 - 1.757ms returns FALSE
T27BC 081:376.240 JLINK_IsHalted()
T27BC 081:378.496 - 2.257ms returns FALSE
T27BC 081:378.584 JLINK_IsHalted()
T27BC 081:380.368 - 1.783ms returns FALSE
T0698 081:412.224 JLINK_IsHalted()
T0698 081:413.696 - 1.472ms returns FALSE
T0698 081:413.744 JLINK_IsHalted()
T0698 081:415.568 - 1.823ms returns FALSE
T0698 081:521.432 JLINK_IsHalted()
T0698 081:523.088 - 1.652ms returns FALSE
T0698 081:523.152 JLINK_IsHalted()
T0698 081:525.112 - 1.957ms returns FALSE
T0698 081:630.744 JLINK_IsHalted()
T0698 081:632.656 - 1.908ms returns FALSE
T0698 081:632.720 JLINK_IsHalted()
T0698 081:634.544 - 1.828ms returns FALSE
T0698 081:740.016 JLINK_IsHalted()
T0698 081:741.288 - 1.275ms returns FALSE
T0698 081:741.352 JLINK_IsHalted()
T0698 081:743.280 - 1.929ms returns FALSE
T0698 081:850.120 JLINK_IsHalted()
T0698 081:852.232 - 2.113ms returns FALSE
T0698 081:852.392 JLINK_IsHalted()
T0698 081:855.784 - 3.387ms returns FALSE
T0698 081:958.768 JLINK_IsHalted()
T0698 081:960.584 - 1.820ms returns FALSE
T0698 081:960.792 JLINK_IsHalted()
T0698 081:962.344 - 1.541ms returns FALSE
T0698 082:068.864 JLINK_IsHalted()
T0698 082:070.176 - 1.308ms returns FALSE
T0698 082:070.360 JLINK_IsHalted()
T0698 082:071.952 - 1.581ms returns FALSE
T0698 082:178.032 JLINK_IsHalted()
T0698 082:178.880 - 0.855ms returns FALSE
T0698 082:178.928 JLINK_IsHalted()
T0698 082:180.752 - 1.823ms returns FALSE
T0698 082:287.736 JLINK_IsHalted()
T0698 082:289.656 - 1.921ms returns FALSE
T0698 082:289.728 JLINK_IsHalted()
T0698 082:291.496 - 1.767ms returns FALSE
T27BC 082:381.760 JLINK_IsHalted()
T27BC 082:383.824 - 2.060ms returns FALSE
T27BC 082:383.888 JLINK_IsHalted()
T27BC 082:385.560 - 1.668ms returns FALSE
T0698 082:396.976 JLINK_IsHalted()
T0698 082:397.968 - 0.997ms returns FALSE
T0698 082:398.080 JLINK_IsHalted()
T0698 082:399.824 - 1.741ms returns FALSE
T0698 082:506.200 JLINK_IsHalted()
T0698 082:508.352 - 2.149ms returns FALSE
T0698 082:508.424 JLINK_IsHalted()
T0698 082:510.000 - 1.568ms returns FALSE
T0698 082:615.656 JLINK_IsHalted()
T0698 082:619.448 - 3.791ms returns FALSE
T0698 082:619.656 JLINK_IsHalted()
T0698 082:621.224 - 1.572ms returns FALSE
T0698 082:724.840 JLINK_IsHalted()
T0698 082:726.712 - 1.868ms returns FALSE
T0698 082:726.800 JLINK_IsHalted()
T0698 082:728.632 - 1.828ms returns FALSE
T0698 082:834.472 JLINK_IsHalted()
T0698 082:836.456 - 1.985ms returns FALSE
T0698 082:836.656 JLINK_IsHalted()
T0698 082:839.880 - 3.218ms returns FALSE
T0698 082:943.512 JLINK_IsHalted()
T0698 082:945.008 - 1.495ms returns FALSE
T0698 082:945.232 JLINK_IsHalted()
T0698 082:946.736 - 1.506ms returns FALSE
T0698 083:052.896 JLINK_IsHalted()
T0698 083:054.536 - 1.638ms returns FALSE
T0698 083:054.800 JLINK_IsHalted()
T0698 083:058.160 - 3.352ms returns FALSE
T0698 083:162.216 JLINK_IsHalted()
T0698 083:164.552 - 2.336ms returns FALSE
T0698 083:164.656 JLINK_IsHalted()
T0698 083:166.368 - 1.718ms returns FALSE
T0698 083:271.328 JLINK_IsHalted()
T0698 083:272.520 - 1.190ms returns FALSE
T0698 083:272.592 JLINK_IsHalted()
T0698 083:274.416 - 1.818ms returns FALSE
T0698 083:381.160 JLINK_IsHalted()
T0698 083:383.728 - 2.578ms returns FALSE
T0698 083:383.792 JLINK_IsHalted()
T0698 083:385.544 - 1.752ms returns FALSE
T27BC 083:386.168 JLINK_IsHalted()
T27BC 083:387.392 - 1.223ms returns FALSE
T27BC 083:387.448 JLINK_IsHalted()
T27BC 083:389.288 - 1.832ms returns FALSE
T0698 083:490.200 JLINK_IsHalted()
T0698 083:492.016 - 1.814ms returns FALSE
T0698 083:492.080 JLINK_IsHalted()
T0698 083:493.824 - 1.742ms returns FALSE
T0698 083:600.304 JLINK_IsHalted()
T0698 083:603.664 - 3.351ms returns FALSE
T0698 083:603.728 JLINK_IsHalted()
T0698 083:605.504 - 1.780ms returns FALSE
T0698 083:708.768 JLINK_IsHalted()
T0698 083:710.800 - 2.024ms returns FALSE
T0698 083:710.920 JLINK_IsHalted()
T0698 083:712.808 - 1.888ms returns FALSE
T0698 083:818.488 JLINK_IsHalted()
T0698 083:820.376 - 1.889ms returns FALSE
T0698 083:820.552 JLINK_IsHalted()
T0698 083:822.136 - 1.587ms returns FALSE
T0698 083:928.248 JLINK_IsHalted()
T0698 083:930.632 - 2.378ms returns FALSE
T0698 083:930.912 JLINK_IsHalted()
T0698 083:933.144 - 2.234ms returns FALSE
T0698 084:037.872 JLINK_IsHalted()
T0698 084:039.440 - 1.560ms returns FALSE
T0698 084:039.600 JLINK_IsHalted()
T0698 084:041.160 - 1.555ms returns FALSE
T0698 084:146.480 JLINK_IsHalted()
T0698 084:148.112 - 1.626ms returns FALSE
T0698 084:148.320 JLINK_IsHalted()
T0698 084:150.016 - 1.697ms returns FALSE
T0698 084:255.920 JLINK_IsHalted()
T0698 084:257.648 - 1.723ms returns FALSE
T0698 084:257.816 JLINK_IsHalted()
T0698 084:259.576 - 1.740ms returns FALSE
T0698 084:366.208 JLINK_IsHalted()
T0698 084:368.120 - 1.914ms returns FALSE
T0698 084:368.192 JLINK_IsHalted()
T0698 084:370.064 - 1.871ms returns FALSE
T27BC 084:390.224 JLINK_IsHalted()
T27BC 084:391.664 - 1.435ms returns FALSE
T27BC 084:391.728 JLINK_IsHalted()
T27BC 084:393.600 - 1.870ms returns FALSE
T0698 084:474.352 JLINK_IsHalted()
T0698 084:477.744 - 3.392ms returns FALSE
T0698 084:477.824 JLINK_IsHalted()
T0698 084:479.504 - 1.678ms returns FALSE
T0698 084:584.080 JLINK_IsHalted()
T0698 084:585.024 - 0.942ms returns FALSE
T0698 084:585.080 JLINK_IsHalted()
T0698 084:587.096 - 2.011ms returns FALSE
T0698 084:693.456 JLINK_IsHalted()
T0698 084:694.768 - 1.315ms returns FALSE
T0698 084:694.848 JLINK_IsHalted()
T0698 084:696.448 - 1.600ms returns FALSE
T0698 084:802.856 JLINK_IsHalted()
T0698 084:805.968 - 3.112ms returns FALSE
T0698 084:806.032 JLINK_IsHalted()
T0698 084:807.824 - 1.790ms returns FALSE
T0698 084:912.112 JLINK_IsHalted()
T0698 084:914.200 - 2.086ms returns FALSE
T0698 084:914.264 JLINK_IsHalted()
T0698 084:916.072 - 1.802ms returns FALSE
T0698 085:021.200 JLINK_IsHalted()
T0698 085:022.912 - 1.714ms returns FALSE
T0698 085:022.992 JLINK_IsHalted()
T0698 085:024.816 - 1.813ms returns FALSE
T0698 085:130.864 JLINK_IsHalted()
T0698 085:133.088 - 2.216ms returns FALSE
T0698 085:133.200 JLINK_IsHalted()
T0698 085:134.904 - 1.711ms returns FALSE
T0698 085:240.688 JLINK_IsHalted()
T0698 085:242.592 - 1.894ms returns FALSE
T0698 085:242.696 JLINK_IsHalted()
T0698 085:244.440 - 1.745ms returns FALSE
T0698 085:350.312 JLINK_IsHalted()
T0698 085:352.088 - 1.777ms returns FALSE
T0698 085:352.256 JLINK_IsHalted()
T0698 085:353.976 - 1.717ms returns FALSE
T27BC 085:393.784 JLINK_IsHalted()
T27BC 085:395.064 - 1.277ms returns FALSE
T27BC 085:395.152 JLINK_IsHalted()
T27BC 085:396.912 - 1.761ms returns FALSE
T0698 085:458.712 JLINK_IsHalted()
T0698 085:460.768 - 2.052ms returns FALSE
T0698 085:460.848 JLINK_IsHalted()
T0698 085:462.688 - 1.832ms returns FALSE
T0698 085:568.832 JLINK_IsHalted()
T0698 085:570.800 - 1.961ms returns FALSE
T0698 085:570.864 JLINK_IsHalted()
T0698 085:572.656 - 1.760ms returns FALSE
T0698 085:678.008 JLINK_IsHalted()
T0698 085:678.912 - 0.902ms returns FALSE
T0698 085:679.000 JLINK_IsHalted()
T0698 085:682.512 - 3.514ms returns FALSE
T0698 085:787.368 JLINK_IsHalted()
T0698 085:788.880 - 1.509ms returns FALSE
T0698 085:788.928 JLINK_IsHalted()
T0698 085:790.800 - 1.865ms returns FALSE
T0698 085:897.128 JLINK_IsHalted()
T0698 085:900.480 - 3.351ms returns FALSE
T0698 085:900.552 JLINK_IsHalted()
T0698 085:902.472 - 1.917ms returns FALSE
T0698 086:006.288 JLINK_IsHalted()
T0698 086:007.968 - 1.681ms returns FALSE
T0698 086:008.048 JLINK_IsHalted()
T0698 086:009.968 - 1.920ms returns FALSE
T0698 086:115.208 JLINK_IsHalted()
T0698 086:116.368 - 1.163ms returns FALSE
T0698 086:116.448 JLINK_IsHalted()
T0698 086:118.288 - 1.840ms returns FALSE
T0698 086:224.648 JLINK_IsHalted()
T0698 086:226.544 - 1.903ms returns FALSE
T0698 086:226.632 JLINK_IsHalted()
T0698 086:228.304 - 1.671ms returns FALSE
T0698 086:334.784 JLINK_IsHalted()
T0698 086:336.312 - 1.531ms returns FALSE
T0698 086:336.416 JLINK_IsHalted()
T0698 086:337.896 - 1.476ms returns FALSE
T27BC 086:397.016 JLINK_IsHalted()
T27BC 086:398.560 - 1.544ms returns FALSE
T27BC 086:398.640 JLINK_IsHalted()
T27BC 086:400.400 - 1.757ms returns FALSE
T0698 086:444.008 JLINK_IsHalted()
T0698 086:445.816 - 1.811ms returns FALSE
T0698 086:445.904 JLINK_IsHalted()
T0698 086:447.696 - 1.793ms returns FALSE
T0698 086:553.184 JLINK_IsHalted()
T0698 086:554.792 - 1.606ms returns FALSE
T0698 086:554.864 JLINK_IsHalted()
T0698 086:556.400 - 1.535ms returns FALSE
T0698 086:662.352 JLINK_IsHalted()
T0698 086:663.760 - 1.397ms returns FALSE
T0698 086:663.856 JLINK_IsHalted()
T0698 086:665.480 - 1.627ms returns FALSE
T0698 086:771.664 JLINK_IsHalted()
T0698 086:773.192 - 1.524ms returns FALSE
T0698 086:773.280 JLINK_IsHalted()
T0698 086:775.088 - 1.808ms returns FALSE
T0698 086:881.288 JLINK_IsHalted()
T0698 086:883.408 - 2.120ms returns FALSE
T0698 086:883.496 JLINK_IsHalted()
T0698 086:885.232 - 1.739ms returns FALSE
T0698 086:990.008 JLINK_IsHalted()
T0698 086:992.056 - 2.046ms returns FALSE
T0698 086:992.120 JLINK_IsHalted()
T0698 086:993.840 - 1.723ms returns FALSE
T0698 087:099.344 JLINK_IsHalted()
T0698 087:101.184 - 1.839ms returns FALSE
T0698 087:101.264 JLINK_IsHalted()
T0698 087:103.000 - 1.736ms returns FALSE
T0698 087:208.792 JLINK_IsHalted()
T0698 087:210.712 - 1.924ms returns FALSE
T0698 087:210.768 JLINK_IsHalted()
T0698 087:212.584 - 1.815ms returns FALSE
T0698 087:318.744 JLINK_IsHalted()
T0698 087:321.960 - 3.215ms returns FALSE
T0698 087:322.064 JLINK_IsHalted()
T0698 087:323.824 - 1.756ms returns FALSE
T27BC 087:400.568 JLINK_IsHalted()
T27BC 087:401.880 - 1.311ms returns FALSE
T27BC 087:402.016 JLINK_IsHalted()
T27BC 087:403.768 - 1.749ms returns FALSE
T0698 087:428.288 JLINK_IsHalted()
T0698 087:430.488 - 2.198ms returns FALSE
T0698 087:430.600 JLINK_IsHalted()
T0698 087:432.344 - 1.746ms returns FALSE
T0698 087:537.008 JLINK_IsHalted()
T0698 087:539.280 - 2.271ms returns FALSE
T0698 087:539.376 JLINK_IsHalted()
T0698 087:541.296 - 1.926ms returns FALSE
T0698 087:646.728 JLINK_IsHalted()
T0698 087:648.352 - 1.622ms returns FALSE
T0698 087:648.464 JLINK_IsHalted()
T0698 087:650.072 - 1.611ms returns FALSE
T0698 087:756.056 JLINK_IsHalted()
T0698 087:758.216 - 2.161ms returns FALSE
T0698 087:758.336 JLINK_IsHalted()
T0698 087:760.096 - 1.761ms returns FALSE
T0698 087:865.376 JLINK_IsHalted()
T0698 087:866.360 - 0.982ms returns FALSE
T0698 087:866.424 JLINK_IsHalted()
T0698 087:868.480 - 2.054ms returns FALSE
T0698 087:975.112 JLINK_IsHalted()
T0698 087:975.984 - 0.865ms returns FALSE
T0698 087:976.032 JLINK_IsHalted()
T0698 087:978.184 - 2.148ms returns FALSE
T0698 088:084.632 JLINK_IsHalted()
T0698 088:086.296 - 1.660ms returns FALSE
T0698 088:086.504 JLINK_IsHalted()
T0698 088:088.360 - 1.859ms returns FALSE
T0698 088:193.752 JLINK_IsHalted()
T0698 088:195.768 - 2.018ms returns FALSE
T0698 088:195.952 JLINK_IsHalted()
T0698 088:197.760 - 1.803ms returns FALSE
T0698 088:303.088 JLINK_IsHalted()
T0698 088:305.472 - 2.384ms returns FALSE
T0698 088:305.624 JLINK_IsHalted()
T0698 088:309.096 - 3.469ms returns FALSE
T27BC 088:404.960 JLINK_IsHalted()
T27BC 088:406.104 - 1.145ms returns FALSE
T27BC 088:406.272 JLINK_IsHalted()
T27BC 088:408.120 - 1.845ms returns FALSE
T0698 088:412.672 JLINK_IsHalted()
T0698 088:414.384 - 1.707ms returns FALSE
T0698 088:414.632 JLINK_IsHalted()
T0698 088:415.984 - 1.350ms returns FALSE
T0698 088:522.256 JLINK_IsHalted()
T0698 088:523.784 - 1.524ms returns FALSE
T0698 088:523.928 JLINK_IsHalted()
T0698 088:525.488 - 1.552ms returns FALSE
T0698 088:631.544 JLINK_IsHalted()
T0698 088:633.528 - 1.985ms returns FALSE
T0698 088:633.680 JLINK_IsHalted()
T0698 088:635.504 - 1.819ms returns FALSE
T0698 088:740.848 JLINK_IsHalted()
T0698 088:742.936 - 2.088ms returns FALSE
T0698 088:743.216 JLINK_IsHalted()
T0698 088:744.768 - 1.555ms returns FALSE
T0698 088:850.032 JLINK_IsHalted()
T0698 088:852.232 - 2.195ms returns FALSE
T0698 088:852.384 JLINK_IsHalted()
T0698 088:854.056 - 1.669ms returns FALSE
T0698 088:959.624 JLINK_IsHalted()
T0698 088:962.272 - 2.648ms returns FALSE
T0698 088:962.392 JLINK_IsHalted()
T0698 088:964.136 - 1.738ms returns FALSE
T0698 089:068.248 JLINK_IsHalted()
T0698 089:069.584 - 1.336ms returns FALSE
T0698 089:069.672 JLINK_IsHalted()
T0698 089:071.336 - 1.660ms returns FALSE
T0698 089:177.648 JLINK_IsHalted()
T0698 089:178.944 - 1.300ms returns FALSE
T0698 089:179.016 JLINK_IsHalted()
T0698 089:180.816 - 1.798ms returns FALSE
T0698 089:287.088 JLINK_IsHalted()
T0698 089:288.376 - 1.290ms returns FALSE
T0698 089:288.456 JLINK_IsHalted()
T0698 089:290.160 - 1.703ms returns FALSE
T0698 089:396.776 JLINK_IsHalted()
T0698 089:398.336 - 1.559ms returns FALSE
T0698 089:398.416 JLINK_IsHalted()
T0698 089:400.368 - 1.953ms returns FALSE
T27BC 089:409.440 JLINK_IsHalted()
T27BC 089:411.080 - 1.642ms returns FALSE
T27BC 089:411.152 JLINK_IsHalted()
T27BC 089:412.952 - 1.790ms returns FALSE
T0698 089:505.792 JLINK_IsHalted()
T0698 089:507.704 - 1.914ms returns FALSE
T0698 089:507.776 JLINK_IsHalted()
T0698 089:509.464 - 1.684ms returns FALSE
T0698 089:615.000 JLINK_IsHalted()
T0698 089:616.432 - 1.425ms returns FALSE
T0698 089:616.480 JLINK_IsHalted()
T0698 089:618.256 - 1.780ms returns FALSE
T0698 089:725.208 JLINK_IsHalted()
T0698 089:725.992 - 0.782ms returns FALSE
T0698 089:726.040 JLINK_IsHalted()
T0698 089:727.888 - 1.837ms returns FALSE
T0698 089:834.400 JLINK_IsHalted()
T0698 089:835.936 - 1.534ms returns FALSE
T0698 089:835.992 JLINK_IsHalted()
T0698 089:837.792 - 1.799ms returns FALSE
T0698 089:943.504 JLINK_IsHalted()
T0698 089:944.824 - 1.310ms returns FALSE
T0698 089:944.880 JLINK_IsHalted()
T0698 089:946.720 - 1.840ms returns FALSE
T0698 090:052.944 JLINK_IsHalted()
T0698 090:054.352 - 1.408ms returns FALSE
T0698 090:054.544 JLINK_IsHalted()
T0698 090:056.184 - 1.637ms returns FALSE
T0698 090:162.488 JLINK_IsHalted()
T0698 090:164.528 - 2.038ms returns FALSE
T0698 090:164.624 JLINK_IsHalted()
T0698 090:165.856 - 1.230ms returns FALSE
T0698 090:272.008 JLINK_IsHalted()
T0698 090:273.712 - 1.702ms returns FALSE
T0698 090:273.776 JLINK_IsHalted()
T0698 090:275.568 - 1.784ms returns FALSE
T0698 090:381.168 JLINK_IsHalted()
T0698 090:383.440 - 2.279ms returns FALSE
T0698 090:383.600 JLINK_IsHalted()
T0698 090:385.248 - 1.643ms returns FALSE
T27BC 090:414.064 JLINK_IsHalted()
T27BC 090:415.968 - 1.903ms returns FALSE
T27BC 090:416.112 JLINK_IsHalted()
T27BC 090:417.856 - 1.736ms returns FALSE
T0698 090:490.696 JLINK_IsHalted()
T0698 090:492.624 - 1.935ms returns FALSE
T0698 090:492.808 JLINK_IsHalted()
T0698 090:494.352 - 1.546ms returns FALSE
T0698 090:599.464 JLINK_IsHalted()
T0698 090:600.752 - 1.291ms returns FALSE
T0698 090:600.888 JLINK_IsHalted()
T0698 090:602.640 - 1.751ms returns FALSE
T0698 090:709.216 JLINK_IsHalted()
T0698 090:712.528 - 3.316ms returns FALSE
T0698 090:712.624 JLINK_IsHalted()
T0698 090:714.424 - 1.794ms returns FALSE
T0698 090:818.376 JLINK_IsHalted()
T0698 090:820.088 - 1.714ms returns FALSE
T0698 090:820.184 JLINK_IsHalted()
T0698 090:822.008 - 1.825ms returns FALSE
T0698 090:928.528 JLINK_IsHalted()
T0698 090:931.152 - 2.609ms returns FALSE
T0698 090:931.208 JLINK_IsHalted()
T0698 090:933.152 - 1.946ms returns FALSE
T0698 091:037.576 JLINK_IsHalted()
T0698 091:039.416 - 1.838ms returns FALSE
T0698 091:039.472 JLINK_IsHalted()
T0698 091:041.440 - 1.962ms returns FALSE
T0698 091:146.296 JLINK_IsHalted()
T0698 091:148.592 - 2.291ms returns FALSE
T0698 091:148.664 JLINK_IsHalted()
T0698 091:150.336 - 1.669ms returns FALSE
T0698 091:255.568 JLINK_IsHalted()
T0698 091:257.336 - 1.769ms returns FALSE
T0698 091:257.456 JLINK_IsHalted()
T0698 091:259.288 - 1.831ms returns FALSE
T0698 091:365.888 JLINK_IsHalted()
T0698 091:367.256 - 1.365ms returns FALSE
T0698 091:367.384 JLINK_IsHalted()
T0698 091:369.184 - 1.798ms returns FALSE
T27BC 091:418.032 JLINK_IsHalted()
T27BC 091:419.424 - 1.392ms returns FALSE
T27BC 091:419.576 JLINK_IsHalted()
T27BC 091:421.440 - 1.857ms returns FALSE
T0698 091:474.656 JLINK_IsHalted()
T0698 091:476.944 - 2.277ms returns FALSE
T0698 091:477.088 JLINK_IsHalted()
T0698 091:478.760 - 1.668ms returns FALSE
T0698 091:584.424 JLINK_IsHalted()
T0698 091:586.992 - 2.564ms returns FALSE
T0698 091:587.120 JLINK_IsHalted()
T0698 091:588.816 - 1.693ms returns FALSE
T0698 091:693.872 JLINK_IsHalted()
T0698 091:695.744 - 1.878ms returns FALSE
T0698 091:695.872 JLINK_IsHalted()
T0698 091:697.616 - 1.738ms returns FALSE
T0698 091:802.576 JLINK_IsHalted()
T0698 091:804.000 - 1.420ms returns FALSE
T0698 091:804.072 JLINK_IsHalted()
T0698 091:805.744 - 1.666ms returns FALSE
T0698 091:911.960 JLINK_IsHalted()
T0698 091:913.280 - 1.318ms returns FALSE
T0698 091:913.336 JLINK_IsHalted()
T0698 091:915.168 - 1.828ms returns FALSE
T0698 092:021.936 JLINK_IsHalted()
T0698 092:023.632 - 1.687ms returns FALSE
T0698 092:023.696 JLINK_IsHalted()
T0698 092:025.384 - 1.682ms returns FALSE
T0698 092:130.744 JLINK_IsHalted()
T0698 092:131.736 - 0.997ms returns FALSE
T0698 092:131.824 JLINK_IsHalted()
T0698 092:133.864 - 2.035ms returns FALSE
T0698 092:240.744 JLINK_IsHalted()
T0698 092:242.232 - 1.496ms returns FALSE
T0698 092:242.304 JLINK_IsHalted()
T0698 092:244.208 - 1.909ms returns FALSE
T0698 092:349.808 JLINK_IsHalted()
T0698 092:351.784 - 1.977ms returns FALSE
T0698 092:351.880 JLINK_IsHalted()
T0698 092:353.592 - 1.711ms returns FALSE
T27BC 092:422.184 JLINK_IsHalted()
T27BC 092:423.544 - 1.360ms returns FALSE
T27BC 092:423.616 JLINK_IsHalted()
T27BC 092:425.392 - 1.772ms returns FALSE
T0698 092:459.048 JLINK_IsHalted()
T0698 092:460.024 - 0.982ms returns FALSE
T0698 092:460.096 JLINK_IsHalted()
T0698 092:461.904 - 1.804ms returns FALSE
T0698 092:568.240 JLINK_IsHalted()
T0698 092:569.888 - 1.651ms returns FALSE
T0698 092:569.960 JLINK_IsHalted()
T0698 092:571.776 - 1.820ms returns FALSE
T0698 092:677.504 JLINK_IsHalted()
T0698 092:680.048 - 2.536ms returns FALSE
T0698 092:680.120 JLINK_IsHalted()
T0698 092:681.872 - 1.753ms returns FALSE
T0698 092:787.040 JLINK_IsHalted()
T0698 092:788.552 - 1.509ms returns FALSE
T0698 092:788.648 JLINK_IsHalted()
T0698 092:790.280 - 1.635ms returns FALSE
T0698 092:896.304 JLINK_IsHalted()
T0698 092:898.032 - 1.724ms returns FALSE
T0698 092:898.144 JLINK_IsHalted()
T0698 092:899.760 - 1.606ms returns FALSE
T0698 093:006.400 JLINK_IsHalted()
T0698 093:007.976 - 1.577ms returns FALSE
T0698 093:008.088 JLINK_IsHalted()
T0698 093:010.080 - 1.989ms returns FALSE
T0698 093:115.912 JLINK_IsHalted()
T0698 093:118.120 - 2.201ms returns FALSE
T0698 093:118.224 JLINK_IsHalted()
T0698 093:120.200 - 1.976ms returns FALSE
T0698 093:225.232 JLINK_IsHalted()
T0698 093:226.584 - 1.347ms returns FALSE
T0698 093:226.696 JLINK_IsHalted()
T0698 093:228.272 - 1.578ms returns FALSE
T0698 093:334.416 JLINK_IsHalted()
T0698 093:336.736 - 2.323ms returns FALSE
T0698 093:336.848 JLINK_IsHalted()
T0698 093:338.608 - 1.766ms returns FALSE
T27BC 093:425.672 JLINK_IsHalted()
T27BC 093:426.760 - 1.083ms returns FALSE
T27BC 093:426.880 JLINK_IsHalted()
T27BC 093:428.592 - 1.716ms returns FALSE
T0698 093:443.216 JLINK_IsHalted()
T0698 093:445.160 - 1.943ms returns FALSE
T0698 093:445.232 JLINK_IsHalted()
T0698 093:447.024 - 1.790ms returns FALSE
T0698 093:553.560 JLINK_IsHalted()
T0698 093:555.536 - 1.970ms returns FALSE
T0698 093:555.720 JLINK_IsHalted()
T0698 093:557.520 - 1.802ms returns FALSE
T0698 093:662.448 JLINK_IsHalted()
T0698 093:665.024 - 2.568ms returns FALSE
T0698 093:665.232 JLINK_IsHalted()
T0698 093:666.864 - 1.639ms returns FALSE
T0698 093:771.408 JLINK_IsHalted()
T0698 093:773.936 - 2.517ms returns FALSE
T0698 093:774.136 JLINK_IsHalted()
T0698 093:775.664 - 1.531ms returns FALSE
T0698 093:880.816 JLINK_IsHalted()
T0698 093:883.232 - 2.417ms returns FALSE
T0698 093:883.456 JLINK_IsHalted()
T0698 093:885.240 - 1.778ms returns FALSE
T0698 093:990.296 JLINK_IsHalted()
T0698 093:992.752 - 2.451ms returns FALSE
T0698 093:992.936 JLINK_IsHalted()
T0698 093:994.520 - 1.586ms returns FALSE
T0698 094:100.280 JLINK_IsHalted()
T0698 094:102.224 - 1.944ms returns FALSE
T0698 094:102.408 JLINK_IsHalted()
T0698 094:104.160 - 1.748ms returns FALSE
T0698 094:210.072 JLINK_IsHalted()
T0698 094:212.264 - 2.184ms returns FALSE
T0698 094:212.456 JLINK_IsHalted()
T0698 094:214.192 - 1.737ms returns FALSE
T0698 094:318.240 JLINK_IsHalted()
T0698 094:320.144 - 1.907ms returns FALSE
T0698 094:320.432 JLINK_IsHalted()
T0698 094:322.992 - 2.560ms returns FALSE
T0698 094:428.680 JLINK_IsHalted()
T0698 094:430.944 - 2.262ms returns FALSE
T0698 094:431.160 JLINK_IsHalted()
T0698 094:432.728 - 1.567ms returns FALSE
T27BC 094:433.032 JLINK_IsHalted()
T27BC 094:434.688 - 1.654ms returns FALSE
T27BC 094:434.824 JLINK_IsHalted()
T27BC 094:436.568 - 1.745ms returns FALSE
T0698 094:537.120 JLINK_IsHalted()
T0698 094:539.192 - 2.076ms returns FALSE
T0698 094:539.376 JLINK_IsHalted()
T0698 094:541.232 - 1.855ms returns FALSE
T0698 094:646.904 JLINK_IsHalted()
T0698 094:648.912 - 2.002ms returns FALSE
T0698 094:649.096 JLINK_IsHalted()
T0698 094:652.424 - 3.322ms returns FALSE
T0698 094:755.928 JLINK_IsHalted()
T0698 094:757.656 - 1.722ms returns FALSE
T0698 094:757.848 JLINK_IsHalted()
T0698 094:759.360 - 1.507ms returns FALSE
T0698 094:865.640 JLINK_IsHalted()
T0698 094:868.656 - 3.015ms returns FALSE
T0698 094:868.864 JLINK_IsHalted()
T0698 094:870.736 - 1.868ms returns FALSE
T0698 094:975.064 JLINK_IsHalted()
T0698 094:977.288 - 2.213ms returns FALSE
T0698 094:977.568 JLINK_IsHalted()
T0698 094:979.072 - 1.500ms returns FALSE
T0698 095:083.952 JLINK_IsHalted()
T0698 095:085.584 - 1.635ms returns FALSE
T0698 095:085.784 JLINK_IsHalted()
T0698 095:087.256 - 1.465ms returns FALSE
T0698 095:193.760 JLINK_IsHalted()
T0698 095:196.272 - 2.505ms returns FALSE
T0698 095:196.456 JLINK_IsHalted()
T0698 095:197.952 - 1.498ms returns FALSE
T0698 095:303.376 JLINK_IsHalted()
T0698 095:305.072 - 1.700ms returns FALSE
T0698 095:305.256 JLINK_IsHalted()
T0698 095:306.984 - 1.727ms returns FALSE
T0698 095:412.680 JLINK_IsHalted()
T0698 095:415.312 - 2.635ms returns FALSE
T0698 095:415.480 JLINK_IsHalted()
T0698 095:417.096 - 1.603ms returns FALSE
T27BC 095:437.600 JLINK_IsHalted()
T27BC 095:439.840 - 2.234ms returns FALSE
T27BC 095:440.128 JLINK_IsHalted()
T27BC 095:441.704 - 1.571ms returns FALSE
T0698 095:521.720 JLINK_IsHalted()
T0698 095:523.664 - 1.942ms returns FALSE
T0698 095:523.736 JLINK_IsHalted()
T0698 095:525.456 - 1.718ms returns FALSE
T0698 095:630.696 JLINK_IsHalted()
T0698 095:633.704 - 3.010ms returns FALSE
T0698 095:633.824 JLINK_IsHalted()
T0698 095:635.576 - 1.753ms returns FALSE
T0698 095:740.216 JLINK_IsHalted()
T0698 095:742.440 - 2.219ms returns FALSE
T0698 095:742.544 JLINK_IsHalted()
T0698 095:744.408 - 1.867ms returns FALSE
T0698 095:849.672 JLINK_IsHalted()
T0698 095:851.696 - 2.019ms returns FALSE
T0698 095:851.800 JLINK_IsHalted()
T0698 095:853.504 - 1.698ms returns FALSE
T0698 095:959.528 JLINK_IsHalted()
T0698 095:962.512 - 2.978ms returns FALSE
T0698 095:962.696 JLINK_IsHalted()
T0698 095:964.368 - 1.678ms returns FALSE
T0698 096:068.456 JLINK_IsHalted()
T0698 096:070.512 - 2.055ms returns FALSE
T0698 096:070.584 JLINK_IsHalted()
T0698 096:072.376 - 1.789ms returns FALSE
T0698 096:177.680 JLINK_IsHalted()
T0698 096:179.552 - 1.871ms returns FALSE
T0698 096:179.600 JLINK_IsHalted()
T0698 096:181.424 - 1.825ms returns FALSE
T0698 096:286.992 JLINK_IsHalted()
T0698 096:289.576 - 2.578ms returns FALSE
T0698 096:289.648 JLINK_IsHalted()
T0698 096:291.672 - 2.025ms returns FALSE
T0698 096:396.536 JLINK_IsHalted()
T0698 096:398.880 - 2.344ms returns FALSE
T0698 096:398.960 JLINK_IsHalted()
T0698 096:400.312 - 1.357ms returns FALSE
T27BC 096:442.624 JLINK_IsHalted()
T27BC 096:444.464 - 1.839ms returns FALSE
T27BC 096:444.536 JLINK_IsHalted()
T27BC 096:446.384 - 1.853ms returns FALSE
T0698 096:506.296 JLINK_IsHalted()
T0698 096:508.120 - 1.821ms returns FALSE
T0698 096:508.208 JLINK_IsHalted()
T0698 096:509.704 - 1.496ms returns FALSE
T0698 096:615.472 JLINK_IsHalted()
T0698 096:617.520 - 2.048ms returns FALSE
T0698 096:617.664 JLINK_IsHalted()
T0698 096:619.384 - 1.719ms returns FALSE
T0698 096:724.584 JLINK_IsHalted()
T0698 096:725.728 - 1.146ms returns FALSE
T0698 096:725.808 JLINK_IsHalted()
T0698 096:727.624 - 1.805ms returns FALSE
T0698 096:834.448 JLINK_IsHalted()
T0698 096:836.304 - 1.850ms returns FALSE
T0698 096:836.360 JLINK_IsHalted()
T0698 096:838.160 - 1.800ms returns FALSE
T0698 096:943.216 JLINK_IsHalted()
T0698 096:944.792 - 1.585ms returns FALSE
T0698 096:944.904 JLINK_IsHalted()
T0698 096:946.912 - 2.013ms returns FALSE
T0698 097:052.512 JLINK_IsHalted()
T0698 097:053.424 - 0.916ms returns FALSE
T0698 097:053.472 JLINK_IsHalted()
T0698 097:055.248 - 1.776ms returns FALSE
T0698 097:162.472 JLINK_IsHalted()
T0698 097:164.416 - 1.947ms returns FALSE
T0698 097:164.576 JLINK_IsHalted()
T0698 097:166.376 - 1.796ms returns FALSE
T0698 097:271.936 JLINK_IsHalted()
T0698 097:274.032 - 2.099ms returns FALSE
T0698 097:274.256 JLINK_IsHalted()
T0698 097:275.760 - 1.495ms returns FALSE
T0698 097:381.296 JLINK_IsHalted()
T0698 097:384.520 - 3.218ms returns FALSE
T0698 097:384.600 JLINK_IsHalted()
T0698 097:386.488 - 1.889ms returns FALSE
T27BC 097:447.016 JLINK_IsHalted()
T27BC 097:448.304 - 1.283ms returns FALSE
T27BC 097:448.368 JLINK_IsHalted()
T27BC 097:450.120 - 1.745ms returns FALSE
T0698 097:490.000 JLINK_IsHalted()
T0698 097:491.696 - 1.697ms returns FALSE
T0698 097:491.776 JLINK_IsHalted()
T0698 097:493.584 - 1.807ms returns FALSE
T0698 097:599.312 JLINK_IsHalted()
T0698 097:601.288 - 1.970ms returns FALSE
T0698 097:601.352 JLINK_IsHalted()
T0698 097:603.096 - 1.744ms returns FALSE
T0698 097:709.512 JLINK_IsHalted()
T0698 097:711.320 - 1.811ms returns FALSE
T0698 097:711.440 JLINK_IsHalted()
T0698 097:713.216 - 1.773ms returns FALSE
T0698 097:818.288 JLINK_IsHalted()
T0698 097:821.480 - 3.188ms returns FALSE
T0698 097:821.584 JLINK_IsHalted()
T0698 097:823.400 - 1.818ms returns FALSE
T0698 097:928.528 JLINK_IsHalted()
T0698 097:929.720 - 1.190ms returns FALSE
T0698 097:929.784 JLINK_IsHalted()
T0698 097:931.416 - 1.628ms returns FALSE
T0698 098:037.072 JLINK_IsHalted()
T0698 098:039.312 - 2.231ms returns FALSE
T0698 098:039.376 JLINK_IsHalted()
T0698 098:040.888 - 1.508ms returns FALSE
T0698 098:146.528 JLINK_IsHalted()
T0698 098:149.200 - 2.675ms returns FALSE
T0698 098:149.272 JLINK_IsHalted()
T0698 098:151.376 - 2.104ms returns FALSE
T0698 098:256.624 JLINK_IsHalted()
T0698 098:259.032 - 2.408ms returns FALSE
T0698 098:259.112 JLINK_IsHalted()
T0698 098:260.720 - 1.609ms returns FALSE
T0698 098:365.200 JLINK_IsHalted()
T0698 098:367.104 - 1.908ms returns FALSE
T0698 098:367.184 JLINK_IsHalted()
T0698 098:369.192 - 2.004ms returns FALSE
T27BC 098:450.096 JLINK_IsHalted()
T27BC 098:452.000 - 1.897ms returns FALSE
T27BC 098:452.112 JLINK_IsHalted()
T27BC 098:453.880 - 1.763ms returns FALSE
T0698 098:474.656 JLINK_IsHalted()
T0698 098:476.648 - 1.990ms returns FALSE
T0698 098:476.720 JLINK_IsHalted()
T0698 098:478.520 - 1.802ms returns FALSE
T0698 098:584.072 JLINK_IsHalted()
T0698 098:586.368 - 2.300ms returns FALSE
T0698 098:586.448 JLINK_IsHalted()
T0698 098:588.272 - 1.825ms returns FALSE
T0698 098:694.096 JLINK_IsHalted()
T0698 098:695.496 - 1.396ms returns FALSE
T0698 098:695.552 JLINK_IsHalted()
T0698 098:697.424 - 1.868ms returns FALSE
T0698 098:803.528 JLINK_IsHalted()
T0698 098:805.768 - 2.238ms returns FALSE
T0698 098:805.992 JLINK_IsHalted()
T0698 098:807.664 - 1.670ms returns FALSE
T0698 098:912.832 JLINK_IsHalted()
T0698 098:914.088 - 1.250ms returns FALSE
T0698 098:914.224 JLINK_IsHalted()
T0698 098:916.904 - 2.680ms returns FALSE
T0698 099:021.984 JLINK_IsHalted()
T0698 099:024.584 - 2.595ms returns FALSE
T0698 099:024.888 JLINK_IsHalted()
T0698 099:029.424 - 4.536ms returns FALSE
T0698 099:131.096 JLINK_IsHalted()
T0698 099:132.848 - 1.700ms returns FALSE
T0698 099:133.040 JLINK_IsHalted()
T0698 099:134.664 - 1.614ms returns FALSE
T0698 099:240.792 JLINK_IsHalted()
T0698 099:243.992 - 3.199ms returns FALSE
T0698 099:244.176 JLINK_IsHalted()
T0698 099:246.000 - 1.830ms returns FALSE
T0698 099:350.240 JLINK_IsHalted()
T0698 099:352.240 - 1.996ms returns FALSE
T0698 099:352.352 JLINK_IsHalted()
T0698 099:354.096 - 1.749ms returns FALSE
T27BC 099:454.912 JLINK_IsHalted()
T27BC 099:456.600 - 1.686ms returns FALSE
T27BC 099:456.664 JLINK_IsHalted()
T27BC 099:458.224 - 1.562ms returns FALSE
T0698 099:460.504 JLINK_IsHalted()
T0698 099:462.336 - 1.834ms returns FALSE
T0698 099:462.440 JLINK_IsHalted()
T0698 099:464.072 - 1.631ms returns FALSE
T0698 099:568.272 JLINK_IsHalted()
T0698 099:569.976 - 1.700ms returns FALSE
T0698 099:570.088 JLINK_IsHalted()
T0698 099:573.376 - 3.289ms returns FALSE
T0698 099:677.624 JLINK_IsHalted()
T0698 099:679.952 - 2.331ms returns FALSE
T0698 099:680.048 JLINK_IsHalted()
T0698 099:681.808 - 1.767ms returns FALSE
T0698 099:787.432 JLINK_IsHalted()
T0698 099:789.112 - 1.680ms returns FALSE
T0698 099:789.208 JLINK_IsHalted()
T0698 099:790.792 - 1.580ms returns FALSE
T0698 099:896.608 JLINK_IsHalted()
T0698 099:898.512 - 1.906ms returns FALSE
T0698 099:898.672 JLINK_IsHalted()
T0698 099:900.464 - 1.799ms returns FALSE
T0698 100:005.912 JLINK_IsHalted()
T0698 100:007.648 - 1.734ms returns FALSE
T0698 100:007.744 JLINK_IsHalted()
T0698 100:009.392 - 1.642ms returns FALSE
T0698 100:115.552 JLINK_IsHalted()
T0698 100:117.136 - 1.585ms returns FALSE
T0698 100:117.256 JLINK_IsHalted()
T0698 100:118.896 - 1.639ms returns FALSE
T0698 100:224.880 JLINK_IsHalted()
T0698 100:227.112 - 2.229ms returns FALSE
T0698 100:227.216 JLINK_IsHalted()
T0698 100:229.072 - 1.851ms returns FALSE
T0698 100:333.952 JLINK_IsHalted()
T0698 100:335.600 - 1.649ms returns FALSE
T0698 100:335.720 JLINK_IsHalted()
T0698 100:337.480 - 1.760ms returns FALSE
T0698 100:443.896 JLINK_IsHalted()
T0698 100:445.720 - 1.823ms returns FALSE
T0698 100:445.840 JLINK_IsHalted()
T0698 100:447.616 - 1.773ms returns FALSE
T27BC 100:459.088 JLINK_IsHalted()
T27BC 100:460.984 - 1.899ms returns FALSE
T27BC 100:461.104 JLINK_IsHalted()
T27BC 100:462.944 - 1.841ms returns FALSE
T0698 100:552.960 JLINK_IsHalted()
T0698 100:557.168 - 4.210ms returns FALSE
T0698 100:557.248 JLINK_IsHalted()
T0698 100:558.496 - 1.250ms returns FALSE
T0698 100:662.384 JLINK_IsHalted()
T0698 100:664.032 - 1.648ms returns FALSE
T0698 100:664.112 JLINK_IsHalted()
T0698 100:665.704 - 1.584ms returns FALSE
T0698 100:771.376 JLINK_IsHalted()
T0698 100:773.232 - 1.854ms returns FALSE
T0698 100:773.304 JLINK_IsHalted()
T0698 100:775.096 - 1.791ms returns FALSE
T0698 100:880.880 JLINK_IsHalted()
T0698 100:882.960 - 2.071ms returns FALSE
T0698 100:883.040 JLINK_IsHalted()
T0698 100:884.936 - 1.897ms returns FALSE
T0698 100:990.224 JLINK_IsHalted()
T0698 100:992.312 - 2.091ms returns FALSE
T0698 100:992.384 JLINK_IsHalted()
T0698 100:994.072 - 1.692ms returns FALSE
T0698 101:099.760 JLINK_IsHalted()
T0698 101:101.776 - 2.019ms returns FALSE
T0698 101:101.912 JLINK_IsHalted()
T0698 101:103.752 - 1.837ms returns FALSE
T0698 101:209.184 JLINK_IsHalted()
T0698 101:211.504 - 2.316ms returns FALSE
T0698 101:211.640 JLINK_IsHalted()
T0698 101:213.352 - 1.707ms returns FALSE
T0698 101:318.160 JLINK_IsHalted()
T0698 101:319.888 - 1.732ms returns FALSE
T0698 101:320.048 JLINK_IsHalted()
T0698 101:321.672 - 1.624ms returns FALSE
T0698 101:427.912 JLINK_IsHalted()
T0698 101:431.032 - 3.120ms returns FALSE
T0698 101:431.168 JLINK_IsHalted()
T0698 101:432.896 - 1.729ms returns FALSE
T27BC 101:463.256 JLINK_IsHalted()
T27BC 101:464.840 - 1.580ms returns FALSE
T27BC 101:464.960 JLINK_IsHalted()
T27BC 101:466.800 - 1.838ms returns FALSE
T0698 101:536.896 JLINK_IsHalted()
T0698 101:538.680 - 1.783ms returns FALSE
T0698 101:538.832 JLINK_IsHalted()
T0698 101:540.528 - 1.697ms returns FALSE
T0698 101:646.312 JLINK_IsHalted()
T0698 101:648.320 - 2.008ms returns FALSE
T0698 101:648.440 JLINK_IsHalted()
T0698 101:650.200 - 1.752ms returns FALSE
T0698 101:756.496 JLINK_IsHalted()
T0698 101:758.256 - 1.763ms returns FALSE
T0698 101:758.384 JLINK_IsHalted()
T0698 101:760.096 - 1.709ms returns FALSE
T0698 101:865.784 JLINK_IsHalted()
T0698 101:866.960 - 1.167ms returns FALSE
T0698 101:867.072 JLINK_IsHalted()
T0698 101:868.904 - 1.834ms returns FALSE
T0698 101:975.392 JLINK_IsHalted()
T0698 101:977.368 - 1.972ms returns FALSE
T0698 101:977.528 JLINK_IsHalted()
T0698 101:979.312 - 1.779ms returns FALSE
T0698 102:084.280 JLINK_IsHalted()
T0698 102:086.040 - 1.761ms returns FALSE
T0698 102:086.208 JLINK_IsHalted()
T0698 102:087.872 - 1.658ms returns FALSE
T0698 102:193.904 JLINK_IsHalted()
T0698 102:195.792 - 1.893ms returns FALSE
T0698 102:195.960 JLINK_IsHalted()
T0698 102:197.680 - 1.720ms returns FALSE
T0698 102:303.536 JLINK_IsHalted()
T0698 102:306.816 - 3.279ms returns FALSE
T0698 102:306.992 JLINK_IsHalted()
T0698 102:308.656 - 1.662ms returns FALSE
T0698 102:412.008 JLINK_IsHalted()
T0698 102:414.112 - 2.109ms returns FALSE
T0698 102:414.288 JLINK_IsHalted()
T0698 102:415.928 - 1.642ms returns FALSE
T27BC 102:467.824 JLINK_IsHalted()
T27BC 102:470.352 - 2.523ms returns FALSE
T27BC 102:470.544 JLINK_IsHalted()
T27BC 102:472.224 - 1.682ms returns FALSE
T0698 102:521.768 JLINK_IsHalted()
T0698 102:523.656 - 1.885ms returns FALSE
T0698 102:523.824 JLINK_IsHalted()
T0698 102:525.520 - 1.696ms returns FALSE
T0698 102:631.200 JLINK_IsHalted()
T0698 102:633.408 - 2.208ms returns FALSE
T0698 102:633.576 JLINK_IsHalted()
T0698 102:635.368 - 1.787ms returns FALSE
T0698 102:740.656 JLINK_IsHalted()
T0698 102:743.088 - 2.426ms returns FALSE
T0698 102:743.272 JLINK_IsHalted()
T0698 102:745.096 - 1.825ms returns FALSE
T0698 102:850.416 JLINK_IsHalted()
T0698 102:853.520 - 3.105ms returns FALSE
T0698 102:853.664 JLINK_IsHalted()
T0698 102:855.384 - 1.717ms returns FALSE
T0698 102:958.872 JLINK_IsHalted()
T0698 102:962.128 - 3.254ms returns FALSE
T0698 102:962.344 JLINK_IsHalted()
T0698 102:963.784 - 1.435ms returns FALSE
T0698 103:068.328 JLINK_IsHalted()
T0698 103:070.232 - 1.904ms returns FALSE
T0698 103:070.328 JLINK_IsHalted()
T0698 103:071.880 - 1.544ms returns FALSE
T0698 103:178.312 JLINK_IsHalted()
T0698 103:180.352 - 2.040ms returns FALSE
T0698 103:180.432 JLINK_IsHalted()
T0698 103:182.208 - 1.773ms returns FALSE
T0698 103:286.872 JLINK_IsHalted()
T0698 103:288.544 - 1.667ms returns FALSE
T0698 103:288.664 JLINK_IsHalted()
T0698 103:290.408 - 1.735ms returns FALSE
T0698 103:397.008 JLINK_IsHalted()
T0698 103:399.008 - 1.996ms returns FALSE
T0698 103:399.080 JLINK_IsHalted()
T0698 103:400.880 - 1.802ms returns FALSE
T27BC 103:473.472 JLINK_IsHalted()
T27BC 103:474.832 - 1.353ms returns FALSE
T27BC 103:474.888 JLINK_IsHalted()
T27BC 103:476.736 - 1.843ms returns FALSE
T0698 103:506.312 JLINK_IsHalted()
T0698 103:508.272 - 1.958ms returns FALSE
T0698 103:508.320 JLINK_IsHalted()
T0698 103:510.496 - 2.175ms returns FALSE
T0698 103:615.488 JLINK_IsHalted()
T0698 103:616.400 - 0.908ms returns FALSE
T0698 103:616.480 JLINK_IsHalted()
T0698 103:618.288 - 1.802ms returns FALSE
T0698 103:724.720 JLINK_IsHalted()
T0698 103:725.888 - 1.172ms returns FALSE
T0698 103:725.960 JLINK_IsHalted()
T0698 103:727.744 - 1.786ms returns FALSE
T0698 103:834.480 JLINK_IsHalted()
T0698 103:835.992 - 1.512ms returns FALSE
T0698 103:836.048 JLINK_IsHalted()
T0698 103:837.880 - 1.832ms returns FALSE
T0698 103:943.688 JLINK_IsHalted()
T0698 103:944.960 - 1.276ms returns FALSE
T0698 103:945.008 JLINK_IsHalted()
T0698 103:946.832 - 1.816ms returns FALSE
T0698 104:052.976 JLINK_IsHalted()
T0698 104:054.568 - 1.584ms returns FALSE
T0698 104:054.608 JLINK_IsHalted()
T0698 104:056.440 - 1.828ms returns FALSE
T0698 104:162.208 JLINK_IsHalted()
T0698 104:163.424 - 1.217ms returns FALSE
T0698 104:163.480 JLINK_IsHalted()
T0698 104:165.320 - 1.834ms returns FALSE
T0698 104:271.456 JLINK_IsHalted()
T0698 104:272.976 - 1.519ms returns FALSE
T0698 104:273.040 JLINK_IsHalted()
T0698 104:274.840 - 1.806ms returns FALSE
T0698 104:380.728 JLINK_IsHalted()
T0698 104:381.752 - 1.024ms returns FALSE
T0698 104:381.800 JLINK_IsHalted()
T0698 104:383.592 - 1.789ms returns FALSE
T27BC 104:477.112 JLINK_IsHalted()
T27BC 104:478.288 - 1.169ms returns FALSE
T27BC 104:478.336 JLINK_IsHalted()
T27BC 104:480.176 - 1.831ms returns FALSE
T0698 104:489.968 JLINK_IsHalted()
T0698 104:491.248 - 1.277ms returns FALSE
T0698 104:491.336 JLINK_IsHalted()
T0698 104:493.072 - 1.737ms returns FALSE
T0698 104:600.168 JLINK_IsHalted()
T0698 104:602.432 - 2.262ms returns FALSE
T0698 104:602.512 JLINK_IsHalted()
T0698 104:604.272 - 1.765ms returns FALSE
T0698 104:709.512 JLINK_IsHalted()
T0698 104:710.304 - 0.787ms returns FALSE
T0698 104:710.352 JLINK_IsHalted()
T0698 104:712.168 - 1.810ms returns FALSE
T0698 104:818.776 JLINK_IsHalted()
T0698 104:820.272 - 1.485ms returns FALSE
T0698 104:820.312 JLINK_IsHalted()
T0698 104:822.128 - 1.816ms returns FALSE
T0698 104:928.032 JLINK_IsHalted()
T0698 104:929.064 - 1.034ms returns FALSE
T0698 104:929.104 JLINK_IsHalted()
T0698 104:930.888 - 1.773ms returns FALSE
T0698 105:036.816 JLINK_IsHalted()
T0698 105:037.912 - 1.101ms returns FALSE
T0698 105:037.976 JLINK_IsHalted()
T0698 105:039.768 - 1.790ms returns FALSE
T0698 105:147.024 JLINK_IsHalted()
T0698 105:149.344 - 2.309ms returns FALSE
T0698 105:149.392 JLINK_IsHalted()
T0698 105:151.248 - 1.857ms returns FALSE
T0698 105:256.328 JLINK_IsHalted()
T0698 105:257.768 - 1.436ms returns FALSE
T0698 105:257.832 JLINK_IsHalted()
T0698 105:259.632 - 1.795ms returns FALSE
T0698 105:365.592 JLINK_IsHalted()
T0698 105:368.016 - 2.423ms returns FALSE
T0698 105:368.072 JLINK_IsHalted()
T0698 105:369.872 - 1.805ms returns FALSE
T0698 105:474.840 JLINK_IsHalted()
T0698 105:476.296 - 1.456ms returns FALSE
T0698 105:476.344 JLINK_IsHalted()
T0698 105:478.168 - 1.821ms returns FALSE
T27BC 105:480.912 JLINK_IsHalted()
T27BC 105:483.064 - 2.150ms returns FALSE
T27BC 105:483.160 JLINK_IsHalted()
T27BC 105:484.912 - 1.755ms returns FALSE
T0698 105:584.008 JLINK_IsHalted()
T0698 105:585.136 - 1.135ms returns FALSE
T0698 105:585.200 JLINK_IsHalted()
T0698 105:588.688 - 3.486ms returns FALSE
T0698 105:693.296 JLINK_IsHalted()
T0698 105:694.576 - 1.280ms returns FALSE
T0698 105:694.664 JLINK_IsHalted()
T0698 105:696.432 - 1.774ms returns FALSE
T0698 105:803.400 JLINK_IsHalted()
T0698 105:805.728 - 2.323ms returns FALSE
T0698 105:805.904 JLINK_IsHalted()
T0698 105:807.504 - 1.597ms returns FALSE
T0698 105:911.872 JLINK_IsHalted()
T0698 105:913.128 - 1.256ms returns FALSE
T0698 105:913.208 JLINK_IsHalted()
T0698 105:914.952 - 1.738ms returns FALSE
T0698 106:023.208 JLINK_IsHalted()
T0698 106:025.576 - 2.367ms returns FALSE
T0698 106:025.680 JLINK_IsHalted()
T0698 106:027.352 - 1.668ms returns FALSE
T0698 106:131.184 JLINK_IsHalted()
T0698 106:134.376 - 3.189ms returns FALSE
T0698 106:134.472 JLINK_IsHalted()
T0698 106:136.336 - 1.863ms returns FALSE
T0698 106:240.192 JLINK_IsHalted()
T0698 106:241.584 - 1.393ms returns FALSE
T0698 106:241.672 JLINK_IsHalted()
T0698 106:243.488 - 1.818ms returns FALSE
T0698 106:350.280 JLINK_IsHalted()
T0698 106:352.104 - 1.820ms returns FALSE
T0698 106:352.240 JLINK_IsHalted()
T0698 106:353.968 - 1.727ms returns FALSE
T0698 106:459.632 JLINK_IsHalted()
T0698 106:461.704 - 2.068ms returns FALSE
T0698 106:461.848 JLINK_IsHalted()
T0698 106:463.744 - 1.894ms returns FALSE
T27BC 106:486.008 JLINK_IsHalted()
T27BC 106:487.704 - 1.696ms returns FALSE
T27BC 106:487.864 JLINK_IsHalted()
T27BC 106:489.600 - 1.733ms returns FALSE
T0698 106:568.864 JLINK_IsHalted()
T0698 106:570.008 - 1.143ms returns FALSE
T0698 106:570.128 JLINK_IsHalted()
T0698 106:572.168 - 2.032ms returns FALSE
T0698 106:678.096 JLINK_IsHalted()
T0698 106:681.664 - 3.561ms returns FALSE
T0698 106:681.840 JLINK_IsHalted()
T0698 106:683.552 - 1.707ms returns FALSE
T0698 106:787.000 JLINK_IsHalted()
T0698 106:787.904 - 0.901ms returns FALSE
T0698 106:787.952 JLINK_IsHalted()
T0698 106:789.744 - 1.786ms returns FALSE
T0698 106:896.368 JLINK_IsHalted()
T0698 106:897.600 - 1.231ms returns FALSE
T0698 106:897.712 JLINK_IsHalted()
T0698 106:899.416 - 1.707ms returns FALSE
T0698 107:005.624 JLINK_IsHalted()
T0698 107:008.144 - 2.521ms returns FALSE
T0698 107:008.208 JLINK_IsHalted()
T0698 107:010.096 - 1.879ms returns FALSE
T0698 107:115.792 JLINK_IsHalted()
T0698 107:117.616 - 1.827ms returns FALSE
T0698 107:117.680 JLINK_IsHalted()
T0698 107:119.440 - 1.766ms returns FALSE
T0698 107:225.008 JLINK_IsHalted()
T0698 107:225.840 - 0.830ms returns FALSE
T0698 107:225.896 JLINK_IsHalted()
T0698 107:227.696 - 1.798ms returns FALSE
T0698 107:334.320 JLINK_IsHalted()
T0698 107:336.016 - 1.700ms returns FALSE
T0698 107:336.064 JLINK_IsHalted()
T0698 107:337.872 - 1.806ms returns FALSE
T0698 107:443.216 JLINK_IsHalted()
T0698 107:444.440 - 1.228ms returns FALSE
T0698 107:444.496 JLINK_IsHalted()
T0698 107:446.288 - 1.790ms returns FALSE
T27BC 107:490.224 JLINK_IsHalted()
T27BC 107:491.472 - 1.241ms returns FALSE
T27BC 107:491.544 JLINK_IsHalted()
T27BC 107:493.352 - 1.792ms returns FALSE
T0698 107:552.488 JLINK_IsHalted()
T0698 107:555.712 - 3.223ms returns FALSE
T0698 107:555.800 JLINK_IsHalted()
T0698 107:557.584 - 1.789ms returns FALSE
T0698 107:662.768 JLINK_IsHalted()
T0698 107:664.064 - 1.300ms returns FALSE
T0698 107:664.128 JLINK_IsHalted()
T0698 107:666.216 - 2.077ms returns FALSE
T0698 107:772.008 JLINK_IsHalted()
T0698 107:773.416 - 1.411ms returns FALSE
T0698 107:773.464 JLINK_IsHalted()
T0698 107:775.256 - 1.788ms returns FALSE
T0698 107:881.192 JLINK_IsHalted()
T0698 107:882.800 - 1.610ms returns FALSE
T0698 107:882.840 JLINK_IsHalted()
T0698 107:884.656 - 1.808ms returns FALSE
T0698 107:990.736 JLINK_IsHalted()
T0698 107:992.664 - 1.925ms returns FALSE
T0698 107:992.768 JLINK_IsHalted()
T0698 107:994.536 - 1.774ms returns FALSE
T0698 108:100.072 JLINK_IsHalted()
T0698 108:102.184 - 2.117ms returns FALSE
T0698 108:102.336 JLINK_IsHalted()
T0698 108:103.976 - 1.637ms returns FALSE
T0698 108:209.360 JLINK_IsHalted()
T0698 108:211.968 - 2.618ms returns FALSE
T0698 108:212.112 JLINK_IsHalted()
T0698 108:213.888 - 1.773ms returns FALSE
T0698 108:318.808 JLINK_IsHalted()
T0698 108:320.296 - 1.479ms returns FALSE
T0698 108:320.432 JLINK_IsHalted()
T0698 108:322.408 - 1.964ms returns FALSE
T0698 108:428.032 JLINK_IsHalted()
T0698 108:429.872 - 1.836ms returns FALSE
T0698 108:429.952 JLINK_IsHalted()
T0698 108:431.856 - 1.906ms returns FALSE
T27BC 108:494.016 JLINK_IsHalted()
T27BC 108:495.312 - 1.285ms returns FALSE
T27BC 108:495.440 JLINK_IsHalted()
T27BC 108:497.408 - 1.967ms returns FALSE
T0698 108:537.768 JLINK_IsHalted()
T0698 108:539.480 - 1.715ms returns FALSE
T0698 108:539.600 JLINK_IsHalted()
T0698 108:541.328 - 1.725ms returns FALSE
T0698 108:646.960 JLINK_IsHalted()
T0698 108:649.984 - 3.029ms returns FALSE
T0698 108:650.112 JLINK_IsHalted()
T0698 108:651.712 - 1.597ms returns FALSE
T0698 108:756.440 JLINK_IsHalted()
T0698 108:758.312 - 1.867ms returns FALSE
T0698 108:758.416 JLINK_IsHalted()
T0698 108:760.176 - 1.772ms returns FALSE
T0698 108:865.216 JLINK_IsHalted()
T0698 108:867.312 - 2.102ms returns FALSE
T0698 108:867.416 JLINK_IsHalted()
T0698 108:869.056 - 1.642ms returns FALSE
T0698 108:974.440 JLINK_IsHalted()
T0698 108:976.000 - 1.563ms returns FALSE
T0698 108:976.176 JLINK_IsHalted()
T0698 108:977.880 - 1.705ms returns FALSE
T0698 109:084.336 JLINK_IsHalted()
T0698 109:086.848 - 2.510ms returns FALSE
T0698 109:087.016 JLINK_IsHalted()
T0698 109:088.560 - 1.538ms returns FALSE
T0698 109:194.048 JLINK_IsHalted()
T0698 109:196.224 - 2.176ms returns FALSE
T0698 109:196.392 JLINK_IsHalted()
T0698 109:198.320 - 1.932ms returns FALSE
T0698 109:303.256 JLINK_IsHalted()
T0698 109:305.232 - 1.969ms returns FALSE
T0698 109:305.392 JLINK_IsHalted()
T0698 109:307.112 - 1.712ms returns FALSE
T0698 109:412.336 JLINK_IsHalted()
T0698 109:414.872 - 2.542ms returns FALSE
T0698 109:415.056 JLINK_IsHalted()
T0698 109:416.728 - 1.674ms returns FALSE
T27BC 109:498.192 JLINK_IsHalted()
T27BC 109:499.928 - 1.739ms returns FALSE
T27BC 109:500.072 JLINK_IsHalted()
T27BC 109:501.872 - 1.795ms returns FALSE
T0698 109:521.616 JLINK_IsHalted()
T0698 109:523.504 - 1.885ms returns FALSE
T0698 109:523.584 JLINK_IsHalted()
T0698 109:525.440 - 1.854ms returns FALSE
T0698 109:631.376 JLINK_IsHalted()
T0698 109:632.872 - 1.496ms returns FALSE
T0698 109:633.000 JLINK_IsHalted()
T0698 109:634.752 - 1.750ms returns FALSE
T0698 109:740.272 JLINK_IsHalted()
T0698 109:742.544 - 2.254ms returns FALSE
T0698 109:742.656 JLINK_IsHalted()
T0698 109:744.176 - 1.518ms returns FALSE
T0698 109:849.552 JLINK_IsHalted()
T0698 109:851.600 - 2.047ms returns FALSE
T0698 109:851.712 JLINK_IsHalted()
T0698 109:853.424 - 1.719ms returns FALSE
T0698 109:959.384 JLINK_IsHalted()
T0698 109:961.600 - 2.213ms returns FALSE
T0698 109:961.728 JLINK_IsHalted()
T0698 109:963.536 - 1.792ms returns FALSE
T0698 110:068.608 JLINK_IsHalted()
T0698 110:070.576 - 1.970ms returns FALSE
T0698 110:070.680 JLINK_IsHalted()
T0698 110:074.192 - 3.512ms returns FALSE
T0698 110:177.792 JLINK_IsHalted()
T0698 110:179.416 - 1.623ms returns FALSE
T0698 110:179.544 JLINK_IsHalted()
T0698 110:181.096 - 1.551ms returns FALSE
T0698 110:287.720 JLINK_IsHalted()
T0698 110:290.024 - 2.301ms returns FALSE
T0698 110:290.152 JLINK_IsHalted()
T0698 110:292.144 - 1.996ms returns FALSE
T0698 110:396.432 JLINK_IsHalted()
T0698 110:397.440 - 1.008ms returns FALSE
T0698 110:397.528 JLINK_IsHalted()
T0698 110:399.552 - 2.027ms returns FALSE
T27BC 110:502.144 JLINK_IsHalted()
T27BC 110:503.192 - 1.040ms returns FALSE
T27BC 110:503.296 JLINK_IsHalted()
T27BC 110:505.040 - 1.742ms returns FALSE
T0698 110:506.008 JLINK_IsHalted()
T0698 110:506.960 - 0.944ms returns FALSE
T0698 110:507.032 JLINK_IsHalted()
T0698 110:508.816 - 1.769ms returns FALSE
T0698 110:615.336 JLINK_IsHalted()
T0698 110:618.264 - 2.928ms returns FALSE
T0698 110:618.432 JLINK_IsHalted()
T0698 110:620.056 - 1.626ms returns FALSE
T0698 110:725.040 JLINK_IsHalted()
T0698 110:726.544 - 1.490ms returns FALSE
T0698 110:726.656 JLINK_IsHalted()
T0698 110:728.424 - 1.762ms returns FALSE
T0698 110:833.896 JLINK_IsHalted()
T0698 110:835.864 - 1.964ms returns FALSE
T0698 110:835.928 JLINK_IsHalted()
T0698 110:837.400 - 1.465ms returns FALSE
T0698 110:943.744 JLINK_IsHalted()
T0698 110:945.808 - 2.057ms returns FALSE
T0698 110:945.904 JLINK_IsHalted()
T0698 110:947.608 - 1.694ms returns FALSE
T0698 111:053.080 JLINK_IsHalted()
T0698 111:055.144 - 2.059ms returns FALSE
T0698 111:055.280 JLINK_IsHalted()
T0698 111:057.176 - 1.896ms returns FALSE
T0698 111:161.936 JLINK_IsHalted()
T0698 111:163.728 - 1.789ms returns FALSE
T0698 111:163.824 JLINK_IsHalted()
T0698 111:165.608 - 1.781ms returns FALSE
T0698 111:272.104 JLINK_IsHalted()
T0698 111:274.512 - 2.397ms returns FALSE
T0698 111:274.624 JLINK_IsHalted()
T0698 111:276.376 - 1.759ms returns FALSE
T0698 111:381.072 JLINK_IsHalted()
T0698 111:383.168 - 2.105ms returns FALSE
T0698 111:383.312 JLINK_IsHalted()
T0698 111:384.944 - 1.636ms returns FALSE
T0698 111:490.304 JLINK_IsHalted()
T0698 111:491.328 - 1.032ms returns FALSE
T0698 111:491.416 JLINK_IsHalted()
T0698 111:493.440 - 2.011ms returns FALSE
T27BC 111:505.216 JLINK_IsHalted()
T27BC 111:506.832 - 1.605ms returns FALSE
T27BC 111:506.904 JLINK_IsHalted()
T27BC 111:508.656 - 1.740ms returns FALSE
T0698 111:599.920 JLINK_IsHalted()
T0698 111:601.688 - 1.774ms returns FALSE
T0698 111:601.776 JLINK_IsHalted()
T0698 111:603.288 - 1.518ms returns FALSE
T0698 111:708.816 JLINK_IsHalted()
T0698 111:709.968 - 1.156ms returns FALSE
T0698 111:710.080 JLINK_IsHalted()
T0698 111:711.888 - 1.812ms returns FALSE
T0698 111:818.640 JLINK_IsHalted()
T0698 111:820.056 - 1.410ms returns FALSE
T0698 111:820.112 JLINK_IsHalted()
T0698 111:821.912 - 1.797ms returns FALSE
T0698 111:928.272 JLINK_IsHalted()
T0698 111:930.288 - 2.027ms returns FALSE
T0698 111:930.344 JLINK_IsHalted()
T0698 111:932.176 - 1.824ms returns FALSE
T0698 112:037.416 JLINK_IsHalted()
T0698 112:040.920 - 3.497ms returns FALSE
T0698 112:041.048 JLINK_IsHalted()
T0698 112:042.904 - 1.850ms returns FALSE
T0698 112:146.904 JLINK_IsHalted()
T0698 112:148.208 - 1.304ms returns FALSE
T0698 112:148.288 JLINK_IsHalted()
T0698 112:150.080 - 1.798ms returns FALSE
T0698 112:256.296 JLINK_IsHalted()
T0698 112:259.520 - 3.227ms returns FALSE
T0698 112:259.688 JLINK_IsHalted()
T0698 112:261.400 - 1.715ms returns FALSE
T0698 112:365.840 JLINK_IsHalted()
T0698 112:367.856 - 2.021ms returns FALSE
T0698 112:368.024 JLINK_IsHalted()
T0698 112:369.712 - 1.686ms returns FALSE
T0698 112:474.992 JLINK_IsHalted()
T0698 112:477.120 - 2.121ms returns FALSE
T0698 112:477.352 JLINK_IsHalted()
T0698 112:478.896 - 1.544ms returns FALSE
T27BC 112:509.184 JLINK_IsHalted()
T27BC 112:511.384 - 2.199ms returns FALSE
T27BC 112:511.536 JLINK_IsHalted()
T27BC 112:513.000 - 1.452ms returns FALSE
T0698 112:584.528 JLINK_IsHalted()
T0698 112:587.216 - 2.685ms returns FALSE
T0698 112:587.432 JLINK_IsHalted()
T0698 112:589.224 - 1.789ms returns FALSE
T0698 112:693.480 JLINK_IsHalted()
T0698 112:695.680 - 2.201ms returns FALSE
T0698 112:695.824 JLINK_IsHalted()
T0698 112:697.616 - 1.790ms returns FALSE
T0698 112:802.920 JLINK_IsHalted()
T0698 112:805.184 - 2.263ms returns FALSE
T0698 112:805.296 JLINK_IsHalted()
T0698 112:807.208 - 1.906ms returns FALSE
T0698 112:912.232 JLINK_IsHalted()
T0698 112:915.392 - 3.162ms returns FALSE
T0698 112:915.560 JLINK_IsHalted()
T0698 112:917.160 - 1.596ms returns FALSE
T0698 113:022.208 JLINK_IsHalted()
T0698 113:023.960 - 1.748ms returns FALSE
T0698 113:024.144 JLINK_IsHalted()
T0698 113:025.680 - 1.537ms returns FALSE
T0698 113:131.072 JLINK_IsHalted()
T0698 113:133.360 - 2.292ms returns FALSE
T0698 113:133.528 JLINK_IsHalted()
T0698 113:135.216 - 1.681ms returns FALSE
T0698 113:240.808 JLINK_IsHalted()
T0698 113:242.904 - 2.096ms returns FALSE
T0698 113:243.056 JLINK_IsHalted()
T0698 113:244.864 - 1.801ms returns FALSE
T0698 113:350.208 JLINK_IsHalted()
T0698 113:352.320 - 2.102ms returns FALSE
T0698 113:352.408 JLINK_IsHalted()
T0698 113:354.128 - 1.715ms returns FALSE
T0698 113:459.344 JLINK_IsHalted()
T0698 113:461.144 - 1.801ms returns FALSE
T0698 113:461.232 JLINK_IsHalted()
T0698 113:463.152 - 1.911ms returns FALSE
T27BC 113:513.280 JLINK_IsHalted()
T27BC 113:514.640 - 1.360ms returns FALSE
T27BC 113:514.704 JLINK_IsHalted()
T27BC 113:516.432 - 1.722ms returns FALSE
T0698 113:568.792 JLINK_IsHalted()
T0698 113:570.736 - 1.938ms returns FALSE
T0698 113:570.800 JLINK_IsHalted()
T0698 113:572.904 - 2.101ms returns FALSE
T0698 113:677.824 JLINK_IsHalted()
T0698 113:681.048 - 3.230ms returns FALSE
T0698 113:681.168 JLINK_IsHalted()
T0698 113:682.928 - 1.760ms returns FALSE
T0698 113:787.480 JLINK_IsHalted()
T0698 113:789.016 - 1.536ms returns FALSE
T0698 113:789.104 JLINK_IsHalted()
T0698 113:790.896 - 1.785ms returns FALSE
T0698 113:896.472 JLINK_IsHalted()
T0698 113:898.856 - 2.385ms returns FALSE
T0698 113:898.992 JLINK_IsHalted()
T0698 113:900.800 - 1.807ms returns FALSE
T0698 114:006.400 JLINK_IsHalted()
T0698 114:008.080 - 1.676ms returns FALSE
T0698 114:008.128 JLINK_IsHalted()
T0698 114:011.880 - 3.745ms returns FALSE
T0698 114:115.304 JLINK_IsHalted()
T0698 114:116.312 - 1.011ms returns FALSE
T0698 114:116.376 JLINK_IsHalted()
T0698 114:118.416 - 2.035ms returns FALSE
T0698 114:225.392 JLINK_IsHalted()
T0698 114:227.304 - 1.894ms returns FALSE
T0698 114:227.416 JLINK_IsHalted()
T0698 114:229.168 - 1.747ms returns FALSE
T0698 114:334.448 JLINK_IsHalted()
T0698 114:337.040 - 2.578ms returns FALSE
T0698 114:337.104 JLINK_IsHalted()
T0698 114:339.072 - 1.978ms returns FALSE
T0698 114:443.888 JLINK_IsHalted()
T0698 114:445.672 - 1.781ms returns FALSE
T0698 114:445.776 JLINK_IsHalted()
T0698 114:447.552 - 1.784ms returns FALSE
T27BC 114:516.752 JLINK_IsHalted()
T27BC 114:518.592 - 1.839ms returns FALSE
T27BC 114:518.704 JLINK_IsHalted()
T27BC 114:520.400 - 1.693ms returns FALSE
T0698 114:553.496 JLINK_IsHalted()
T0698 114:555.200 - 1.689ms returns FALSE
T0698 114:555.328 JLINK_IsHalted()
T0698 114:557.184 - 1.860ms returns FALSE
T0698 114:662.672 JLINK_IsHalted()
T0698 114:664.128 - 1.466ms returns FALSE
T0698 114:664.272 JLINK_IsHalted()
T0698 114:665.984 - 1.717ms returns FALSE
T0698 114:772.032 JLINK_IsHalted()
T0698 114:773.160 - 1.124ms returns FALSE
T0698 114:773.224 JLINK_IsHalted()
T0698 114:774.952 - 1.730ms returns FALSE
T0698 114:880.744 JLINK_IsHalted()
T0698 114:882.536 - 1.789ms returns FALSE
T0698 114:882.584 JLINK_IsHalted()
T0698 114:884.392 - 1.798ms returns FALSE
T0698 114:990.104 JLINK_IsHalted()
T0698 114:991.464 - 1.348ms returns FALSE
T0698 114:991.552 JLINK_IsHalted()
T0698 114:993.360 - 1.802ms returns FALSE
T0698 115:100.200 JLINK_IsHalted()
T0698 115:101.400 - 1.199ms returns FALSE
T0698 115:101.464 JLINK_IsHalted()
T0698 115:103.280 - 1.814ms returns FALSE
T0698 115:208.720 JLINK_IsHalted()
T0698 115:211.544 - 2.826ms returns FALSE
T0698 115:211.672 JLINK_IsHalted()
T0698 115:213.288 - 1.616ms returns FALSE
T0698 115:318.888 JLINK_IsHalted()
T0698 115:319.792 - 0.901ms returns FALSE
T0698 115:319.872 JLINK_IsHalted()
T0698 115:321.648 - 1.787ms returns FALSE
T0698 115:427.672 JLINK_IsHalted()
T0698 115:429.336 - 1.655ms returns FALSE
T0698 115:429.376 JLINK_IsHalted()
T0698 115:431.208 - 1.823ms returns FALSE
T27BC 115:521.296 JLINK_IsHalted()
T27BC 115:522.128 - 0.829ms returns FALSE
T27BC 115:522.176 JLINK_IsHalted()
T27BC 115:524.096 - 1.909ms returns FALSE
T0698 115:537.048 JLINK_IsHalted()
T0698 115:539.072 - 2.019ms returns FALSE
T0698 115:539.112 JLINK_IsHalted()
T0698 115:541.208 - 2.098ms returns FALSE
T0698 115:646.976 JLINK_IsHalted()
T0698 115:649.072 - 2.090ms returns FALSE
T0698 115:649.280 JLINK_IsHalted()
T0698 115:651.152 - 1.855ms returns FALSE
T0698 115:756.032 JLINK_IsHalted()
T0698 115:759.528 - 3.494ms returns FALSE
T0698 115:759.632 JLINK_IsHalted()
T0698 115:761.368 - 1.732ms returns FALSE
T0698 115:865.424 JLINK_IsHalted()
T0698 115:867.352 - 1.926ms returns FALSE
T0698 115:867.560 JLINK_IsHalted()
T0698 115:870.928 - 3.372ms returns FALSE
T0698 115:975.184 JLINK_IsHalted()
T0698 115:977.408 - 2.225ms returns FALSE
T0698 115:977.600 JLINK_IsHalted()
T0698 115:979.248 - 1.646ms returns FALSE
T0698 116:084.672 JLINK_IsHalted()
T0698 116:086.592 - 1.914ms returns FALSE
T0698 116:086.720 JLINK_IsHalted()
T0698 116:088.496 - 1.770ms returns FALSE
T0698 116:193.768 JLINK_IsHalted()
T0698 116:194.816 - 1.048ms returns FALSE
T0698 116:194.928 JLINK_IsHalted()
T0698 116:196.912 - 1.976ms returns FALSE
T0698 116:303.104 JLINK_IsHalted()
T0698 116:304.752 - 1.659ms returns FALSE
T0698 116:304.856 JLINK_IsHalted()
T0698 116:306.776 - 1.923ms returns FALSE
T0698 116:411.944 JLINK_IsHalted()
T0698 116:413.528 - 1.577ms returns FALSE
T0698 116:413.632 JLINK_IsHalted()
T0698 116:415.408 - 1.768ms returns FALSE
T0698 116:521.360 JLINK_IsHalted()
T0698 116:524.504 - 3.147ms returns FALSE
T0698 116:524.672 JLINK_IsHalted()
T0698 116:526.592 - 1.911ms returns FALSE
T27BC 116:526.784 JLINK_IsHalted()
T27BC 116:528.432 - 1.640ms returns FALSE
T27BC 116:528.552 JLINK_IsHalted()
T27BC 116:530.384 - 1.835ms returns FALSE
T0698 116:631.568 JLINK_IsHalted()
T0698 116:634.472 - 2.906ms returns FALSE
T0698 116:634.584 JLINK_IsHalted()
T0698 116:636.312 - 1.733ms returns FALSE
T0698 116:740.992 JLINK_IsHalted()
T0698 116:744.360 - 3.359ms returns FALSE
T0698 116:744.464 JLINK_IsHalted()
T0698 116:746.408 - 1.944ms returns FALSE
T0698 116:849.984 JLINK_IsHalted()
T0698 116:851.352 - 1.370ms returns FALSE
T0698 116:851.416 JLINK_IsHalted()
T0698 116:853.200 - 1.780ms returns FALSE
T0698 116:959.592 JLINK_IsHalted()
T0698 116:961.232 - 1.646ms returns FALSE
T0698 116:961.384 JLINK_IsHalted()
T0698 116:962.960 - 1.566ms returns FALSE
T0698 117:068.400 JLINK_IsHalted()
T0698 117:070.488 - 2.091ms returns FALSE
T0698 117:070.632 JLINK_IsHalted()
T0698 117:072.360 - 1.722ms returns FALSE
T0698 117:177.648 JLINK_IsHalted()
T0698 117:179.368 - 1.704ms returns FALSE
T0698 117:179.504 JLINK_IsHalted()
T0698 117:181.208 - 1.703ms returns FALSE
T0698 117:287.488 JLINK_IsHalted()
T0698 117:289.448 - 1.960ms returns FALSE
T0698 117:289.600 JLINK_IsHalted()
T0698 117:291.416 - 1.823ms returns FALSE
T0698 117:396.672 JLINK_IsHalted()
T0698 117:398.768 - 2.091ms returns FALSE
T0698 117:398.928 JLINK_IsHalted()
T0698 117:400.600 - 1.677ms returns FALSE
T0698 117:506.600 JLINK_IsHalted()
T0698 117:508.504 - 1.904ms returns FALSE
T0698 117:508.688 JLINK_IsHalted()
T0698 117:510.360 - 1.683ms returns FALSE
T27BC 117:531.112 JLINK_IsHalted()
T27BC 117:533.032 - 1.910ms returns FALSE
T27BC 117:533.232 JLINK_IsHalted()
T27BC 117:534.952 - 1.709ms returns FALSE
T0698 117:615.056 JLINK_IsHalted()
T0698 117:616.496 - 1.445ms returns FALSE
T0698 117:616.576 JLINK_IsHalted()
T0698 117:618.320 - 1.740ms returns FALSE
T0698 117:724.976 JLINK_IsHalted()
T0698 117:726.312 - 1.326ms returns FALSE
T0698 117:726.400 JLINK_IsHalted()
T0698 117:728.232 - 1.830ms returns FALSE
T0698 117:834.416 JLINK_IsHalted()
T0698 117:836.752 - 2.328ms returns FALSE
T0698 117:836.928 JLINK_IsHalted()
T0698 117:838.608 - 1.677ms returns FALSE
T0698 117:944.240 JLINK_IsHalted()
T0698 117:946.520 - 2.273ms returns FALSE
T0698 117:946.664 JLINK_IsHalted()
T0698 117:948.304 - 1.639ms returns FALSE
T0698 118:052.928 JLINK_IsHalted()
T0698 118:054.848 - 1.912ms returns FALSE
T0698 118:055.040 JLINK_IsHalted()
T0698 118:056.664 - 1.618ms returns FALSE
T0698 118:162.200 JLINK_IsHalted()
T0698 118:163.888 - 1.684ms returns FALSE
T0698 118:164.056 JLINK_IsHalted()
T0698 118:167.552 - 3.504ms returns FALSE
T0698 118:271.600 JLINK_IsHalted()
T0698 118:272.768 - 1.166ms returns FALSE
T0698 118:272.896 JLINK_IsHalted()
T0698 118:274.704 - 1.799ms returns FALSE
T0698 118:380.968 JLINK_IsHalted()
T0698 118:382.312 - 1.344ms returns FALSE
T0698 118:382.440 JLINK_IsHalted()
T0698 118:384.272 - 1.817ms returns FALSE
T0698 118:490.280 JLINK_IsHalted()
T0698 118:492.456 - 2.165ms returns FALSE
T0698 118:492.568 JLINK_IsHalted()
T0698 118:494.336 - 1.760ms returns FALSE
T27BC 118:535.376 JLINK_IsHalted()
T27BC 118:537.024 - 1.641ms returns FALSE
T27BC 118:537.232 JLINK_IsHalted()
T27BC 118:538.648 - 1.411ms returns FALSE
T0698 118:600.064 JLINK_IsHalted()
T0698 118:601.792 - 1.722ms returns FALSE
T0698 118:601.904 JLINK_IsHalted()
T0698 118:603.800 - 1.887ms returns FALSE
T0698 118:709.696 JLINK_IsHalted()
T0698 118:711.504 - 1.798ms returns FALSE
T0698 118:711.720 JLINK_IsHalted()
T0698 118:714.904 - 3.183ms returns FALSE
T0698 118:818.240 JLINK_IsHalted()
T0698 118:821.416 - 3.181ms returns FALSE
T0698 118:821.552 JLINK_IsHalted()
T0698 118:823.208 - 1.642ms returns FALSE
T0698 118:928.384 JLINK_IsHalted()
T0698 118:929.816 - 1.428ms returns FALSE
T0698 118:929.968 JLINK_IsHalted()
T0698 118:931.600 - 1.616ms returns FALSE
T0698 119:037.032 JLINK_IsHalted()
T0698 119:039.192 - 2.164ms returns FALSE
T0698 119:039.280 JLINK_IsHalted()
T0698 119:041.024 - 1.740ms returns FALSE
T0698 119:146.200 JLINK_IsHalted()
T0698 119:147.416 - 1.212ms returns FALSE
T0698 119:147.504 JLINK_IsHalted()
T0698 119:149.288 - 1.775ms returns FALSE
T0698 119:256.216 JLINK_IsHalted()
T0698 119:258.544 - 2.328ms returns FALSE
T0698 119:258.624 JLINK_IsHalted()
T0698 119:260.568 - 1.944ms returns FALSE
T0698 119:365.504 JLINK_IsHalted()
T0698 119:366.896 - 1.395ms returns FALSE
T0698 119:366.992 JLINK_IsHalted()
T0698 119:368.752 - 1.762ms returns FALSE
T0698 119:475.160 JLINK_IsHalted()
T0698 119:476.328 - 1.162ms returns FALSE
T0698 119:476.416 JLINK_IsHalted()
T0698 119:478.352 - 1.928ms returns FALSE
T27BC 119:539.984 JLINK_IsHalted()
T27BC 119:541.848 - 1.857ms returns FALSE
T27BC 119:541.936 JLINK_IsHalted()
T27BC 119:543.896 - 1.962ms returns FALSE
T0698 119:584.344 JLINK_IsHalted()
T0698 119:587.792 - 3.440ms returns FALSE
T0698 119:587.880 JLINK_IsHalted()
T0698 119:589.584 - 1.698ms returns FALSE
T0698 119:693.376 JLINK_IsHalted()
T0698 119:695.976 - 2.596ms returns FALSE
T0698 119:696.048 JLINK_IsHalted()
T0698 119:697.880 - 1.820ms returns FALSE
T0698 119:802.600 JLINK_IsHalted()
T0698 119:803.968 - 1.372ms returns FALSE
T0698 119:804.080 JLINK_IsHalted()
T0698 119:805.808 - 1.730ms returns FALSE
T0698 119:911.952 JLINK_IsHalted()
T0698 119:913.368 - 1.418ms returns FALSE
T0698 119:913.448 JLINK_IsHalted()
T0698 119:915.224 - 1.786ms returns FALSE
T0698 120:022.224 JLINK_IsHalted()
T0698 120:023.640 - 1.407ms returns FALSE
T0698 120:023.720 JLINK_IsHalted()
T0698 120:025.344 - 1.619ms returns FALSE
T0698 120:132.592 JLINK_IsHalted()
T0698 120:134.312 - 1.718ms returns FALSE
T0698 120:134.384 JLINK_IsHalted()
T0698 120:135.936 - 1.540ms returns FALSE
T0698 120:240.344 JLINK_IsHalted()
T0698 120:241.904 - 1.562ms returns FALSE
T0698 120:242.032 JLINK_IsHalted()
T0698 120:243.600 - 1.557ms returns FALSE
T0698 120:349.936 JLINK_IsHalted()
T0698 120:352.528 - 2.588ms returns FALSE
T0698 120:352.616 JLINK_IsHalted()
T0698 120:354.640 - 2.018ms returns FALSE
T0698 120:458.856 JLINK_IsHalted()
T0698 120:460.928 - 2.077ms returns FALSE
T0698 120:461.040 JLINK_IsHalted()
T0698 120:462.912 - 1.871ms returns FALSE
T27BC 120:544.552 JLINK_IsHalted()
T27BC 120:545.816 - 1.265ms returns FALSE
T27BC 120:545.936 JLINK_IsHalted()
T27BC 120:547.696 - 1.773ms returns FALSE
T0698 120:568.240 JLINK_IsHalted()
T0698 120:569.552 - 1.307ms returns FALSE
T0698 120:569.664 JLINK_IsHalted()
T0698 120:571.496 - 1.828ms returns FALSE
T0698 120:677.776 JLINK_IsHalted()
T0698 120:680.088 - 2.317ms returns FALSE
T0698 120:680.192 JLINK_IsHalted()
T0698 120:681.856 - 1.658ms returns FALSE
T0698 120:787.344 JLINK_IsHalted()
T0698 120:789.568 - 2.231ms returns FALSE
T0698 120:789.672 JLINK_IsHalted()
T0698 120:791.592 - 1.915ms returns FALSE
T0698 120:896.432 JLINK_IsHalted()
T0698 120:898.136 - 1.706ms returns FALSE
T0698 120:898.256 JLINK_IsHalted()
T0698 120:899.992 - 1.742ms returns FALSE
T0698 121:006.032 JLINK_IsHalted()
T0698 121:008.080 - 2.036ms returns FALSE
T0698 121:008.192 JLINK_IsHalted()
T0698 121:010.064 - 1.873ms returns FALSE
T0698 121:115.856 JLINK_IsHalted()
T0698 121:117.712 - 1.857ms returns FALSE
T0698 121:117.824 JLINK_IsHalted()
T0698 121:119.376 - 1.554ms returns FALSE
T0698 121:224.872 JLINK_IsHalted()
T0698 121:227.136 - 2.262ms returns FALSE
T0698 121:227.264 JLINK_IsHalted()
T0698 121:229.040 - 1.784ms returns FALSE
T0698 121:333.992 JLINK_IsHalted()
T0698 121:335.536 - 1.546ms returns FALSE
T0698 121:335.664 JLINK_IsHalted()
T0698 121:337.280 - 1.613ms returns FALSE
T0698 121:443.368 JLINK_IsHalted()
T0698 121:445.424 - 2.055ms returns FALSE
T0698 121:445.528 JLINK_IsHalted()
T0698 121:447.376 - 1.836ms returns FALSE
T27BC 121:549.328 JLINK_IsHalted()
T27BC 121:552.240 - 2.912ms returns FALSE
T27BC 121:552.360 JLINK_IsHalted()
T27BC 121:554.328 - 1.969ms returns FALSE
T0698 121:554.520 JLINK_IsHalted()
T0698 121:556.176 - 1.643ms returns FALSE
T0698 121:556.288 JLINK_IsHalted()
T0698 121:558.000 - 1.719ms returns FALSE
T0698 121:662.232 JLINK_IsHalted()
T0698 121:664.560 - 2.322ms returns FALSE
T0698 121:664.680 JLINK_IsHalted()
T0698 121:666.392 - 1.722ms returns FALSE
T0698 121:771.368 JLINK_IsHalted()
T0698 121:772.816 - 1.445ms returns FALSE
T0698 121:772.912 JLINK_IsHalted()
T0698 121:774.488 - 1.567ms returns FALSE
T0698 121:881.664 JLINK_IsHalted()
T0698 121:884.032 - 2.361ms returns FALSE
T0698 121:884.112 JLINK_IsHalted()
T0698 121:885.800 - 1.677ms returns FALSE
T0698 121:990.744 JLINK_IsHalted()
T0698 121:992.064 - 1.317ms returns FALSE
T0698 121:992.208 JLINK_IsHalted()
T0698 121:994.088 - 1.875ms returns FALSE
T0698 122:099.984 JLINK_IsHalted()
T0698 122:101.976 - 1.994ms returns FALSE
T0698 122:102.160 JLINK_IsHalted()
T0698 122:103.856 - 1.708ms returns FALSE
T0698 122:208.872 JLINK_IsHalted()
T0698 122:210.192 - 1.324ms returns FALSE
T0698 122:210.320 JLINK_IsHalted()
T0698 122:212.248 - 1.930ms returns FALSE
T0698 122:318.800 JLINK_IsHalted()
T0698 122:321.488 - 2.685ms returns FALSE
T0698 122:321.640 JLINK_IsHalted()
T0698 122:323.352 - 1.709ms returns FALSE
T0698 122:428.368 JLINK_IsHalted()
T0698 122:429.760 - 1.407ms returns FALSE
T0698 122:429.848 JLINK_IsHalted()
T0698 122:431.448 - 1.595ms returns FALSE
T0698 122:537.200 JLINK_IsHalted()
T0698 122:539.312 - 2.105ms returns FALSE
T0698 122:539.472 JLINK_IsHalted()
T0698 122:542.872 - 3.394ms returns FALSE
T27BC 122:555.696 JLINK_IsHalted()
T27BC 122:557.504 - 1.809ms returns FALSE
T27BC 122:557.616 JLINK_IsHalted()
T27BC 122:559.536 - 1.914ms returns FALSE
T0698 122:647.168 JLINK_IsHalted()
T0698 122:649.216 - 2.050ms returns FALSE
T0698 122:649.320 JLINK_IsHalted()
T0698 122:651.216 - 1.895ms returns FALSE
T0698 122:755.904 JLINK_IsHalted()
T0698 122:757.520 - 1.606ms returns FALSE
T0698 122:757.632 JLINK_IsHalted()
T0698 122:759.400 - 1.776ms returns FALSE
T0698 122:865.256 JLINK_IsHalted()
T0698 122:866.992 - 1.739ms returns FALSE
T0698 122:867.096 JLINK_IsHalted()
T0698 122:868.864 - 1.760ms returns FALSE
T0698 122:974.424 JLINK_IsHalted()
T0698 122:976.464 - 2.036ms returns FALSE
T0698 122:976.624 JLINK_IsHalted()
T0698 122:978.472 - 1.830ms returns FALSE
T0698 123:084.200 JLINK_IsHalted()
T0698 123:086.336 - 2.139ms returns FALSE
T0698 123:086.504 JLINK_IsHalted()
T0698 123:088.272 - 1.766ms returns FALSE
T0698 123:194.128 JLINK_IsHalted()
T0698 123:197.736 - 3.603ms returns FALSE
T0698 123:197.904 JLINK_IsHalted()
T0698 123:201.408 - 3.514ms returns FALSE
T0698 123:303.232 JLINK_IsHalted()
T0698 123:305.392 - 2.154ms returns FALSE
T0698 123:305.560 JLINK_IsHalted()
T0698 123:307.240 - 1.668ms returns FALSE
T0698 123:412.272 JLINK_IsHalted()
T0698 123:414.320 - 2.042ms returns FALSE
T0698 123:414.488 JLINK_IsHalted()
T0698 123:416.232 - 1.747ms returns FALSE
T0698 123:521.296 JLINK_IsHalted()
T0698 123:522.752 - 1.463ms returns FALSE
T0698 123:522.992 JLINK_IsHalted()
T0698 123:524.480 - 1.483ms returns FALSE
T27BC 123:560.680 JLINK_IsHalted()
T27BC 123:563.056 - 2.375ms returns FALSE
T27BC 123:563.240 JLINK_IsHalted()
T27BC 123:564.944 - 1.696ms returns FALSE
T0698 123:630.936 JLINK_IsHalted()
T0698 123:632.784 - 1.843ms returns FALSE
T0698 123:632.912 JLINK_IsHalted()
T0698 123:634.672 - 1.757ms returns FALSE
T0698 123:740.464 JLINK_IsHalted()
T0698 123:744.336 - 3.868ms returns FALSE
T0698 123:744.432 JLINK_IsHalted()
T0698 123:746.224 - 1.785ms returns FALSE
T0698 123:849.728 JLINK_IsHalted()
T0698 123:851.328 - 1.592ms returns FALSE
T0698 123:851.520 JLINK_IsHalted()
T0698 123:853.160 - 1.627ms returns FALSE
T0698 123:959.440 JLINK_IsHalted()
T0698 123:961.024 - 1.576ms returns FALSE
T0698 123:961.176 JLINK_IsHalted()
T0698 123:962.776 - 1.597ms returns FALSE
T0698 124:068.688 JLINK_IsHalted()
T0698 124:070.224 - 1.535ms returns FALSE
T0698 124:070.360 JLINK_IsHalted()
T0698 124:072.112 - 1.744ms returns FALSE
T0698 124:177.488 JLINK_IsHalted()
T0698 124:178.520 - 1.039ms returns FALSE
T0698 124:178.624 JLINK_IsHalted()
T0698 124:180.400 - 1.786ms returns FALSE
T0698 124:287.248 JLINK_IsHalted()
T0698 124:289.168 - 1.917ms returns FALSE
T0698 124:289.240 JLINK_IsHalted()
T0698 124:291.056 - 1.809ms returns FALSE
T0698 124:396.760 JLINK_IsHalted()
T0698 124:398.064 - 1.311ms returns FALSE
T0698 124:398.128 JLINK_IsHalted()
T0698 124:400.040 - 1.904ms returns FALSE
T0698 124:506.704 JLINK_IsHalted()
T0698 124:507.752 - 1.046ms returns FALSE
T0698 124:507.864 JLINK_IsHalted()
T0698 124:509.552 - 1.691ms returns FALSE
T27BC 124:566.488 JLINK_IsHalted()
T27BC 124:568.104 - 1.608ms returns FALSE
T27BC 124:568.176 JLINK_IsHalted()
T27BC 124:570.000 - 1.812ms returns FALSE
T0698 124:615.168 JLINK_IsHalted()
T0698 124:616.272 - 1.098ms returns FALSE
T0698 124:616.360 JLINK_IsHalted()
T0698 124:618.328 - 1.974ms returns FALSE
T0698 124:724.656 JLINK_IsHalted()
T0698 124:725.928 - 1.273ms returns FALSE
T0698 124:726.040 JLINK_IsHalted()
T0698 124:727.720 - 1.666ms returns FALSE
T0698 124:834.128 JLINK_IsHalted()
T0698 124:836.032 - 1.908ms returns FALSE
T0698 124:836.136 JLINK_IsHalted()
T0698 124:837.696 - 1.555ms returns FALSE
T0698 124:943.296 JLINK_IsHalted()
T0698 124:945.392 - 2.096ms returns FALSE
T0698 124:945.456 JLINK_IsHalted()
T0698 124:947.160 - 1.696ms returns FALSE
T0698 125:053.336 JLINK_IsHalted()
T0698 125:055.472 - 2.127ms returns FALSE
T0698 125:055.528 JLINK_IsHalted()
T0698 125:057.472 - 1.943ms returns FALSE
T0698 125:162.472 JLINK_IsHalted()
T0698 125:164.016 - 1.555ms returns FALSE
T0698 125:164.096 JLINK_IsHalted()
T0698 125:165.736 - 1.642ms returns FALSE
T0698 125:271.576 JLINK_IsHalted()
T0698 125:272.560 - 0.987ms returns FALSE
T0698 125:272.656 JLINK_IsHalted()
T0698 125:274.728 - 2.070ms returns FALSE
T0698 125:381.080 JLINK_IsHalted()
T0698 125:383.016 - 1.932ms returns FALSE
T0698 125:383.080 JLINK_IsHalted()
T0698 125:384.856 - 1.774ms returns FALSE
T0698 125:490.160 JLINK_IsHalted()
T0698 125:492.760 - 2.599ms returns FALSE
T0698 125:492.840 JLINK_IsHalted()
T0698 125:494.808 - 1.971ms returns FALSE
T27BC 125:570.352 JLINK_IsHalted()
T27BC 125:572.144 - 1.790ms returns FALSE
T27BC 125:572.248 JLINK_IsHalted()
T27BC 125:573.976 - 1.720ms returns FALSE
T0698 125:599.576 JLINK_IsHalted()
T0698 125:600.784 - 1.204ms returns FALSE
T0698 125:600.848 JLINK_IsHalted()
T0698 125:602.648 - 1.805ms returns FALSE
T0698 125:709.328 JLINK_IsHalted()
T0698 125:710.720 - 1.388ms returns FALSE
T0698 125:710.800 JLINK_IsHalted()
T0698 125:712.616 - 1.821ms returns FALSE
T0698 125:818.776 JLINK_IsHalted()
T0698 125:820.144 - 1.365ms returns FALSE
T0698 125:820.288 JLINK_IsHalted()
T0698 125:821.928 - 1.638ms returns FALSE
T0698 125:928.488 JLINK_IsHalted()
T0698 125:930.160 - 1.674ms returns FALSE
T0698 125:930.264 JLINK_IsHalted()
T0698 125:931.944 - 1.678ms returns FALSE
T0698 126:036.928 JLINK_IsHalted()
T0698 126:039.256 - 2.330ms returns FALSE
T0698 126:039.344 JLINK_IsHalted()
T0698 126:041.112 - 1.757ms returns FALSE
T0698 126:146.320 JLINK_IsHalted()
T0698 126:149.328 - 3.000ms returns FALSE
T0698 126:149.392 JLINK_IsHalted()
T0698 126:151.184 - 1.782ms returns FALSE
T0698 126:256.280 JLINK_IsHalted()
T0698 126:258.320 - 2.035ms returns FALSE
T0698 126:258.432 JLINK_IsHalted()
T0698 126:260.160 - 1.736ms returns FALSE
T0698 126:366.032 JLINK_IsHalted()
T0698 126:368.304 - 2.281ms returns FALSE
T0698 126:368.424 JLINK_IsHalted()
T0698 126:370.216 - 1.797ms returns FALSE
T0698 126:474.448 JLINK_IsHalted()
T0698 126:475.952 - 1.509ms returns FALSE
T0698 126:476.080 JLINK_IsHalted()
T0698 126:477.824 - 1.744ms returns FALSE
T27BC 126:574.928 JLINK_IsHalted()
T27BC 126:576.360 - 1.427ms returns FALSE
T27BC 126:576.432 JLINK_IsHalted()
T27BC 126:578.264 - 1.827ms returns FALSE
T0698 126:584.296 JLINK_IsHalted()
T0698 126:586.992 - 2.693ms returns FALSE
T0698 126:587.096 JLINK_IsHalted()
T0698 126:588.800 - 1.704ms returns FALSE
T0698 126:693.488 JLINK_IsHalted()
T0698 126:694.744 - 1.253ms returns FALSE
T0698 126:694.824 JLINK_IsHalted()
T0698 126:696.592 - 1.764ms returns FALSE
T0698 126:802.520 JLINK_IsHalted()
T0698 126:803.344 - 0.814ms returns FALSE
T0698 126:803.416 JLINK_IsHalted()
T0698 126:805.200 - 1.776ms returns FALSE
T0698 126:912.336 JLINK_IsHalted()
T0698 126:914.352 - 2.015ms returns FALSE
T0698 126:914.456 JLINK_IsHalted()
T0698 126:916.392 - 1.933ms returns FALSE
T0698 127:021.744 JLINK_IsHalted()
T0698 127:022.568 - 0.815ms returns FALSE
T0698 127:022.616 JLINK_IsHalted()
T0698 127:024.408 - 1.794ms returns FALSE
T0698 127:130.608 JLINK_IsHalted()
T0698 127:132.784 - 2.176ms returns FALSE
T0698 127:132.848 JLINK_IsHalted()
T0698 127:134.608 - 1.747ms returns FALSE
T0698 127:240.104 JLINK_IsHalted()
T0698 127:241.152 - 1.041ms returns FALSE
T0698 127:241.200 JLINK_IsHalted()
T0698 127:243.048 - 1.838ms returns FALSE
T0698 127:351.296 JLINK_IsHalted()
T0698 127:354.896 - 3.595ms returns FALSE
T0698 127:354.968 JLINK_IsHalted()
T0698 127:356.784 - 1.818ms returns FALSE
T0698 127:458.856 JLINK_IsHalted()
T0698 127:460.688 - 1.835ms returns FALSE
T0698 127:460.776 JLINK_IsHalted()
T0698 127:462.424 - 1.649ms returns FALSE
T0698 127:568.304 JLINK_IsHalted()
T0698 127:569.640 - 1.332ms returns FALSE
T0698 127:569.752 JLINK_IsHalted()
T0698 127:571.608 - 1.855ms returns FALSE
T27BC 127:579.072 JLINK_IsHalted()
T27BC 127:580.160 - 1.090ms returns FALSE
T27BC 127:580.248 JLINK_IsHalted()
T27BC 127:582.096 - 1.833ms returns FALSE
T0698 127:677.912 JLINK_IsHalted()
T0698 127:681.064 - 3.151ms returns FALSE
T0698 127:681.136 JLINK_IsHalted()
T0698 127:682.904 - 1.766ms returns FALSE
T0698 127:787.776 JLINK_IsHalted()
T0698 127:788.928 - 1.144ms returns FALSE
T0698 127:789.056 JLINK_IsHalted()
T0698 127:791.000 - 1.941ms returns FALSE
T0698 127:896.232 JLINK_IsHalted()
T0698 127:898.192 - 1.959ms returns FALSE
T0698 127:898.264 JLINK_IsHalted()
T0698 127:900.016 - 1.752ms returns FALSE
T0698 128:005.912 JLINK_IsHalted()
T0698 128:007.640 - 1.719ms returns FALSE
T0698 128:007.728 JLINK_IsHalted()
T0698 128:009.512 - 1.789ms returns FALSE
T0698 128:115.888 JLINK_IsHalted()
T0698 128:117.072 - 1.178ms returns FALSE
T0698 128:117.120 JLINK_IsHalted()
T0698 128:118.864 - 1.734ms returns FALSE
T0698 128:224.640 JLINK_IsHalted()
T0698 128:226.832 - 2.200ms returns FALSE
T0698 128:226.904 JLINK_IsHalted()
T0698 128:228.816 - 1.910ms returns FALSE
T0698 128:334.552 JLINK_IsHalted()
T0698 128:335.792 - 1.250ms returns FALSE
T0698 128:335.896 JLINK_IsHalted()
T0698 128:337.664 - 1.761ms returns FALSE
T0698 128:443.536 JLINK_IsHalted()
T0698 128:445.080 - 1.544ms returns FALSE
T0698 128:445.200 JLINK_IsHalted()
T0698 128:446.936 - 1.745ms returns FALSE
T0698 128:553.112 JLINK_IsHalted()
T0698 128:554.816 - 1.694ms returns FALSE
T0698 128:554.920 JLINK_IsHalted()
T0698 128:556.656 - 1.741ms returns FALSE
T27BC 128:582.704 JLINK_IsHalted()
T27BC 128:584.512 - 1.811ms returns FALSE
T27BC 128:584.600 JLINK_IsHalted()
T27BC 128:586.328 - 1.721ms returns FALSE
T0698 128:662.896 JLINK_IsHalted()
T0698 128:664.496 - 1.606ms returns FALSE
T0698 128:665.280 JLINK_IsHalted()
T0698 128:667.392 - 2.096ms returns FALSE
T0698 128:771.736 JLINK_IsHalted()
T0698 128:774.424 - 2.686ms returns FALSE
T0698 128:774.488 JLINK_IsHalted()
T0698 128:776.272 - 1.784ms returns FALSE
T0698 128:882.008 JLINK_IsHalted()
T0698 128:884.288 - 2.283ms returns FALSE
T0698 128:884.368 JLINK_IsHalted()
T0698 128:885.872 - 1.510ms returns FALSE
T0698 128:990.480 JLINK_IsHalted()
T0698 128:992.552 - 2.071ms returns FALSE
T0698 128:992.664 JLINK_IsHalted()
T0698 128:996.248 - 3.591ms returns FALSE
T0698 129:100.248 JLINK_IsHalted()
T0698 129:102.912 - 2.669ms returns FALSE
T0698 129:103.056 JLINK_IsHalted()
T0698 129:104.792 - 1.749ms returns FALSE
T0698 129:209.840 JLINK_IsHalted()
T0698 129:211.376 - 1.535ms returns FALSE
T0698 129:211.440 JLINK_IsHalted()
T0698 129:213.160 - 1.710ms returns FALSE
T0698 129:319.024 JLINK_IsHalted()
T0698 129:320.048 - 1.016ms returns FALSE
T0698 129:320.104 JLINK_IsHalted()
T0698 129:322.160 - 2.057ms returns FALSE
T0698 129:428.416 JLINK_IsHalted()
T0698 129:430.480 - 2.059ms returns FALSE
T0698 129:430.544 JLINK_IsHalted()
T0698 129:432.408 - 1.865ms returns FALSE
T0698 129:536.936 JLINK_IsHalted()
T0698 129:538.688 - 1.761ms returns FALSE
T0698 129:538.776 JLINK_IsHalted()
T0698 129:540.624 - 1.848ms returns FALSE
T27BC 129:587.520 JLINK_IsHalted()
T27BC 129:589.928 - 2.399ms returns FALSE
T27BC 129:590.016 JLINK_IsHalted()
T27BC 129:591.792 - 1.779ms returns FALSE
T0698 129:646.864 JLINK_IsHalted()
T0698 129:648.344 - 1.492ms returns FALSE
T0698 129:648.448 JLINK_IsHalted()
T0698 129:650.216 - 1.775ms returns FALSE
T0698 129:756.224 JLINK_IsHalted()
T0698 129:757.976 - 1.758ms returns FALSE
T0698 129:758.104 JLINK_IsHalted()
T0698 129:759.872 - 1.756ms returns FALSE
T0698 129:865.880 JLINK_IsHalted()
T0698 129:867.728 - 1.837ms returns FALSE
T0698 129:867.800 JLINK_IsHalted()
T0698 129:869.736 - 1.928ms returns FALSE
T0698 129:974.704 JLINK_IsHalted()
T0698 129:976.208 - 1.489ms returns FALSE
T0698 129:976.296 JLINK_IsHalted()
T0698 129:977.872 - 1.578ms returns FALSE
T0698 130:084.648 JLINK_IsHalted()
T0698 130:086.616 - 1.978ms returns FALSE
T0698 130:086.696 JLINK_IsHalted()
T0698 130:088.496 - 1.808ms returns FALSE
T0698 130:193.920 JLINK_IsHalted()
T0698 130:196.184 - 2.275ms returns FALSE
T0698 130:196.352 JLINK_IsHalted()
T0698 130:198.128 - 1.773ms returns FALSE
T0698 130:303.312 JLINK_IsHalted()
T0698 130:304.680 - 1.362ms returns FALSE
T0698 130:304.752 JLINK_IsHalted()
T0698 130:306.536 - 1.768ms returns FALSE
T0698 130:412.304 JLINK_IsHalted()
T0698 130:414.232 - 1.933ms returns FALSE
T0698 130:414.400 JLINK_IsHalted()
T0698 130:416.104 - 1.707ms returns FALSE
T0698 130:521.496 JLINK_IsHalted()
T0698 130:523.160 - 1.665ms returns FALSE
T0698 130:523.328 JLINK_IsHalted()
T0698 130:525.032 - 1.704ms returns FALSE
T27BC 130:592.360 JLINK_IsHalted()
T27BC 130:595.928 - 3.570ms returns FALSE
T27BC 130:596.184 JLINK_IsHalted()
T27BC 130:598.032 - 1.834ms returns FALSE
T0698 130:631.512 JLINK_IsHalted()
T0698 130:632.360 - 0.845ms returns FALSE
T0698 130:632.424 JLINK_IsHalted()
T0698 130:634.224 - 1.792ms returns FALSE
T0698 130:743.016 JLINK_IsHalted()
T0698 130:753.360 - 10.341ms returns FALSE
T0698 130:753.432 JLINK_IsHalted()
T0698 130:755.200 - 1.756ms returns FALSE
T0698 130:849.808 JLINK_IsHalted()
T0698 130:851.480 - 1.671ms returns FALSE
T0698 130:851.560 JLINK_IsHalted()
T0698 130:853.328 - 1.755ms returns FALSE
T0698 130:959.472 JLINK_IsHalted()
T0698 130:961.048 - 1.563ms returns FALSE
T0698 130:961.152 JLINK_IsHalted()
T0698 130:962.832 - 1.675ms returns FALSE
T0698 131:068.816 JLINK_IsHalted()
T0698 131:070.928 - 2.116ms returns FALSE
T0698 131:071.024 JLINK_IsHalted()
T0698 131:072.872 - 1.840ms returns FALSE
T0698 131:177.616 JLINK_IsHalted()
T0698 131:179.416 - 1.809ms returns FALSE
T0698 131:179.520 JLINK_IsHalted()
T0698 131:181.080 - 1.551ms returns FALSE
T0698 131:287.000 JLINK_IsHalted()
T0698 131:288.496 - 1.494ms returns FALSE
T0698 131:288.576 JLINK_IsHalted()
T0698 131:290.408 - 1.831ms returns FALSE
T0698 131:396.848 JLINK_IsHalted()
T0698 131:400.744 - 3.889ms returns FALSE
T0698 131:400.960 JLINK_IsHalted()
T0698 131:402.368 - 1.404ms returns FALSE
T0698 131:505.752 JLINK_IsHalted()
T0698 131:507.800 - 2.053ms returns FALSE
T0698 131:507.880 JLINK_IsHalted()
T0698 131:509.480 - 1.593ms returns FALSE
T27BC 131:599.400 JLINK_IsHalted()
T27BC 131:601.240 - 1.842ms returns FALSE
T27BC 131:601.344 JLINK_IsHalted()
T27BC 131:603.176 - 1.826ms returns FALSE
T0698 131:615.152 JLINK_IsHalted()
T0698 131:617.344 - 2.177ms returns FALSE
T0698 131:617.448 JLINK_IsHalted()
T0698 131:619.152 - 1.708ms returns FALSE
T0698 131:725.272 JLINK_IsHalted()
T0698 131:726.936 - 1.659ms returns FALSE
T0698 131:727.144 JLINK_IsHalted()
T0698 131:729.008 - 1.859ms returns FALSE
T0698 131:834.136 JLINK_IsHalted()
T0698 131:836.376 - 2.231ms returns FALSE
T0698 131:836.568 JLINK_IsHalted()
T0698 131:838.232 - 1.653ms returns FALSE
T0698 131:943.656 JLINK_IsHalted()
T0698 131:946.328 - 2.673ms returns FALSE
T0698 131:946.456 JLINK_IsHalted()
T0698 131:948.200 - 1.736ms returns FALSE
T0698 132:052.848 JLINK_IsHalted()
T0698 132:053.760 - 0.904ms returns FALSE
T0698 132:053.840 JLINK_IsHalted()
T0698 132:055.920 - 2.088ms returns FALSE
T0698 132:162.328 JLINK_IsHalted()
T0698 132:163.608 - 1.286ms returns FALSE
T0698 132:163.712 JLINK_IsHalted()
T0698 132:165.488 - 1.780ms returns FALSE
T0698 132:271.728 JLINK_IsHalted()
T0698 132:273.168 - 1.426ms returns FALSE
T0698 132:273.256 JLINK_IsHalted()
T0698 132:274.984 - 1.720ms returns FALSE
T0698 132:381.480 JLINK_IsHalted()
T0698 132:382.544 - 1.060ms returns FALSE
T0698 132:382.640 JLINK_IsHalted()
T0698 132:384.320 - 1.668ms returns FALSE
T0698 132:490.024 JLINK_IsHalted()
T0698 132:492.056 - 2.032ms returns FALSE
T0698 132:492.160 JLINK_IsHalted()
T0698 132:493.904 - 1.746ms returns FALSE
T0698 132:600.256 JLINK_IsHalted()
T0698 132:601.448 - 1.195ms returns FALSE
T0698 132:601.512 JLINK_IsHalted()
T0698 132:603.344 - 1.831ms returns FALSE
T27BC 132:603.544 JLINK_IsHalted()
T27BC 132:605.288 - 1.746ms returns FALSE
T27BC 132:605.360 JLINK_IsHalted()
T27BC 132:607.272 - 1.907ms returns FALSE
T0698 132:709.200 JLINK_IsHalted()
T0698 132:710.480 - 1.281ms returns FALSE
T0698 132:710.544 JLINK_IsHalted()
T0698 132:712.280 - 1.741ms returns FALSE
T0698 132:818.456 JLINK_IsHalted()
T0698 132:826.728 - 8.257ms returns FALSE
T0698 132:826.800 JLINK_IsHalted()
T0698 132:828.608 - 1.803ms returns FALSE
T0698 132:927.720 JLINK_IsHalted()
T0698 132:929.520 - 1.811ms returns FALSE
T0698 132:929.616 JLINK_IsHalted()
T0698 132:931.376 - 1.763ms returns FALSE
T0698 133:036.904 JLINK_IsHalted()
T0698 133:037.760 - 0.859ms returns FALSE
T0698 133:037.824 JLINK_IsHalted()
T0698 133:039.680 - 1.852ms returns FALSE
T0698 133:146.480 JLINK_IsHalted()
T0698 133:149.480 - 2.993ms returns FALSE
T0698 133:149.608 JLINK_IsHalted()
T0698 133:151.312 - 1.698ms returns FALSE
T0698 133:255.720 JLINK_IsHalted()
T0698 133:257.712 - 1.998ms returns FALSE
T0698 133:257.880 JLINK_IsHalted()
T0698 133:259.480 - 1.598ms returns FALSE
T0698 133:365.104 JLINK_IsHalted()
T0698 133:367.128 - 2.021ms returns FALSE
T0698 133:367.384 JLINK_IsHalted()
T0698 133:368.936 - 1.530ms returns FALSE
T0698 133:475.160 JLINK_IsHalted()
T0698 133:475.824 - 0.671ms returns FALSE
T0698 133:475.888 JLINK_IsHalted()
T0698 133:477.760 - 1.876ms returns FALSE
T0698 133:588.544 JLINK_IsHalted()
T0698 133:590.512 - 1.974ms returns FALSE
T0698 133:590.704 JLINK_IsHalted()
T0698 133:592.320 - 1.610ms returns FALSE
T27BC 133:607.984 JLINK_IsHalted()
T27BC 133:609.704 - 1.722ms returns FALSE
T27BC 133:609.776 JLINK_IsHalted()
T27BC 133:611.504 - 1.735ms returns FALSE
T0698 133:693.544 JLINK_IsHalted()
T0698 133:695.696 - 2.139ms returns FALSE
T0698 133:697.000 JLINK_IsHalted()
T0698 133:698.672 - 1.685ms returns FALSE
T0698 133:802.544 JLINK_IsHalted()
T0698 133:803.568 - 1.019ms returns FALSE
T0698 133:803.672 JLINK_IsHalted()
T0698 133:805.392 - 1.713ms returns FALSE
T0698 133:912.344 JLINK_IsHalted()
T0698 133:913.680 - 1.329ms returns FALSE
T0698 133:913.768 JLINK_IsHalted()
T0698 133:915.560 - 1.800ms returns FALSE
T0698 134:022.016 JLINK_IsHalted()
T0698 134:023.784 - 1.770ms returns FALSE
T0698 134:024.016 JLINK_IsHalted()
T0698 134:025.384 - 1.364ms returns FALSE
T0698 134:130.776 JLINK_IsHalted()
T0698 134:132.496 - 1.706ms returns FALSE
T0698 134:132.720 JLINK_IsHalted()
T0698 134:134.512 - 1.781ms returns FALSE
T0698 134:240.640 JLINK_IsHalted()
T0698 134:242.128 - 1.485ms returns FALSE
T0698 134:242.192 JLINK_IsHalted()
T0698 134:243.904 - 1.720ms returns FALSE
T0698 134:350.496 JLINK_IsHalted()
T0698 134:351.968 - 1.461ms returns FALSE
T0698 134:352.032 JLINK_IsHalted()
T0698 134:353.968 - 1.943ms returns FALSE
T0698 134:459.440 JLINK_IsHalted()
T0698 134:461.536 - 2.087ms returns FALSE
T0698 134:461.648 JLINK_IsHalted()
T0698 134:463.200 - 1.557ms returns FALSE
T0698 134:568.512 JLINK_IsHalted()
T0698 134:569.888 - 1.363ms returns FALSE
T0698 134:569.968 JLINK_IsHalted()
T0698 134:571.728 - 1.751ms returns FALSE
T27BC 134:611.216 JLINK_IsHalted()
T27BC 134:612.928 - 1.708ms returns FALSE
T27BC 134:613.056 JLINK_IsHalted()
T27BC 134:614.816 - 1.754ms returns FALSE
T0698 134:677.808 JLINK_IsHalted()
T0698 134:679.424 - 1.610ms returns FALSE
T0698 134:679.504 JLINK_IsHalted()
T0698 134:681.248 - 1.745ms returns FALSE
T0698 134:787.200 JLINK_IsHalted()
T0698 134:789.360 - 2.160ms returns FALSE
T0698 134:789.680 JLINK_IsHalted()
T0698 134:792.496 - 2.801ms returns FALSE
T0698 134:897.232 JLINK_IsHalted()
T0698 134:899.312 - 2.088ms returns FALSE
T0698 134:899.392 JLINK_IsHalted()
T0698 134:900.896 - 1.500ms returns FALSE
T0698 135:006.176 JLINK_IsHalted()
T0698 135:007.664 - 1.478ms returns FALSE
T0698 135:007.728 JLINK_IsHalted()
T0698 135:009.488 - 1.746ms returns FALSE
T0698 135:117.232 JLINK_IsHalted()
T0698 135:132.960 - 15.712ms returns FALSE
T0698 135:133.056 JLINK_IsHalted()
T0698 135:137.072 - 3.989ms returns FALSE
T0698 135:240.672 JLINK_IsHalted()
T0698 135:242.368 - 1.698ms returns FALSE
T0698 135:242.448 JLINK_IsHalted()
T0698 135:244.272 - 1.832ms returns FALSE
