T3C04 000:000.637   SEGGER J-Link V8.74 Log File
T3C04 000:000.812   DLL Compiled: Sep 30 2025 12:11:23
T3C04 000:000.821   Logging started @ 2026-01-08 12:05
T3C04 000:000.828   Process: C:\Users\User\.eclipse\com.renesas.platform_466585854\DebugComp\RA\e2-server-gdb.exe
T3C04 000:000.842 - 0.835ms 
T3C04 000:000.860 JLINK_GetDLLVersion()
T3C04 000:000.868 - 0.009ms returns 87400
T3C04 000:004.145 JLINK_OpenEx(...)
T3C04 000:016.129   Firmware: J-Link OB-S124 compiled Aug 13 2025 10:35:02
T3C04 000:017.898   Firmware: J-Link OB-S124 compiled Aug 13 2025 10:35:02
T3C04 000:044.199   Hardware: V1.00
T3C04 000:044.225   S/N: 831970111
T3C04 000:044.236   OEM: SEGGER
T3C04 000:044.246   Feature(s): None
T3C04 000:046.004   Bootloader: 2019 Oct 15
T3C04 000:047.336   USB speed mode: Full speed (12 MBit/s)
T3C04 000:048.249   TELNET listener socket opened on port 19021
T3C04 000:048.536   WEBSRV WEBSRV_Init(): Starting webserver thread(s)
T3C04 000:048.754   WEBSRV Webserver running on local port 19080
T3C04 000:048.997   Looking for J-Link GUI Server exe at: C:\Users\User\.eclipse\com.renesas.platform_466585854\DebugComp\RA\ARM\Segger_v8.74.0\JLinkGUIServer.exe
T3C04 000:049.204   Looking for J-Link GUI Server exe at: C:\Program Files\SEGGER\JLink_V890\JLinkGUIServer.exe
T3C04 000:049.247   Forking J-Link GUI Server: C:\Program Files\SEGGER\JLink_V890\JLinkGUIServer.exe
T3C04 000:165.285   J-Link GUI Server info: "J-Link GUI server V8.90 "
T3C04 000:192.519 - 188.370ms returns "O.K."
T3C04 000:192.648 JLINK_ExecCommand("ProjectFile=D:\ModularmProject\Modularm_Workspace\CAN_ex1\ex_1/ex_1 Debug_Flat.jlink", ...). 
T3C04 000:229.439 - 36.792ms returns 0x00
T3C04 000:230.101 JLINK_ExecCommand("device=R7FA4M2AD", ...). 
T3C04 000:231.287   Flash bank @ 0x0100A100: SFL: Parsing sectorization info from ELF file
T3C04 000:231.311     FlashDevice.SectorInfo[0]: .SectorSize = 0x00000010, .SectorStartAddr = 0x00000000
T3C04 000:231.321   FlashBank @0x0100A100: Sectorization info from SFL ELF file ignored because sectorization override from DLL / XML file is active.
T3C04 000:231.637   Flash bank @ 0x60000000: SFL: Parsing sectorization info from ELF file
T3C04 000:231.649     FlashDevice.SectorInfo[0]: .SectorSize = 0x00010000, .SectorStartAddr = 0x00000000
T3C04 000:234.901   Device "R7FA4M2AD" selected.
T3C04 000:235.335 - 5.215ms returns 0x00
T3C04 000:235.379 JLINK_TIF_GetAvailable(...)
T3C04 000:235.778 - 0.398ms 
T3C04 000:235.800 JLINK_TIF_Select(JLINKARM_TIF_SWD)
T3C04 000:237.226 - 1.429ms returns 0x00
T3C04 000:237.246 JLINK_SetSpeed(4000)
T3C04 000:237.458 - 0.214ms 
T3C04 000:237.486 JLINK_ReadMem(0xE000EDF0, 0x4 Bytes, ...)
T3C04 000:237.903   ConfigTargetSettings() start
T3C04 000:237.919    J-Link Script File: Executing ConfigTargetSettings()
T3C04 000:237.937   Configuring FlashDLNoRMWThreshold=0x200 in order to make sure that option bytes programming is done via read-modify-write
T3C04 000:245.732   ConfigTargetSettings() end - Took 7.80ms
T3C04 000:245.756   InitTarget() start
T3C04 000:245.767    J-Link Script File: Executing InitTarget()
T3C04 000:245.777   SWD selected. Executing JTAG -> SWD switching sequence.
T3C04 000:249.789   DAP initialized successfully.
T3C04 000:249.815   Determining TrustZone configuration...
T3C04 000:252.693     Secure Debug: Enabled (SSD)
T3C04 000:252.718   Determining currently configured transfer type by reading the AHB-AP CSW register.
T3C04 000:254.915     --> Correct transfer type configured. Done.
T3C04 000:254.941   InitTarget() end - Took 9.17ms
T3C04 000:256.465   Found SW-DP with ID 0x6BA02477
T3C04 000:261.455   DPIDR: 0x6BA02477
T3C04 000:261.473   CoreSight SoC-400 or earlier
T3C04 000:261.483   Scanning AP map to find all available APs
T3C04 000:263.822   AP[2]: Stopped AP scan as end of AP map has been reached
T3C04 000:263.838   AP[0]: AHB-AP (IDR: 0x84770001, ADDR: 0x00000000)
T3C04 000:263.849   AP[1]: APB-AP (IDR: 0x54770002, ADDR: 0x01000000)
T3C04 000:263.859   Iterating through AP map to find AHB-AP to use
T3C04 000:265.856   AP[0]: Core found
T3C04 000:265.926   AP[0]: AHB-AP ROM base: 0xE00FE000
T3C04 000:266.898   CPUID register: 0x410FD214. Implementer code: 0x41 (ARM)
T3C04 000:266.913   Feature set: Mainline
T3C04 000:267.689   Cache: No cache
T3C04 000:267.709   Found Cortex-M33 r0p4, Little endian.
T3C04 000:268.722   -- Max. mem block: 0x00001B78
T3C04 000:270.688   CPU_ReadMem(4 bytes @ 0xE000EDF0)
T3C04 000:271.793   CPU_WriteMem(4 bytes @ 0xE000EDF0)
T3C04 000:272.677   CPU_ReadMem(4 bytes @ 0xE0002000)
T3C04 000:273.257   FPUnit: 8 code (BP) slots and 0 literal slots
T3C04 000:273.273   CPU_ReadMem(4 bytes @ 0xE000EDFC)
T3C04 000:273.878   CPU_WriteMem(4 bytes @ 0xE000EDFC)
T3C04 000:274.707   CPU_ReadMem(4 bytes @ 0xE0001000)
T3C04 000:275.549   CPU_ReadMem(4 bytes @ 0xE0001000)
T3C04 000:276.360   CPU_ReadMem(4 bytes @ 0xE0001028)
T3C04 000:277.187   CPU_ReadMem(4 bytes @ 0xE0001038)
T3C04 000:278.033   CPU_ReadMem(4 bytes @ 0xE0001048)
T3C04 000:278.841   CPU_ReadMem(4 bytes @ 0xE0001058)
T3C04 000:279.677   CPU_WriteMem(4 bytes @ 0xE0001000)
T3C04 000:280.403   CPU_ReadMem(4 bytes @ 0xE000ED88)
T3C04 000:281.187   CPU_WriteMem(4 bytes @ 0xE000ED88)
T3C04 000:281.959   CPU_ReadMem(4 bytes @ 0xE000ED88)
T3C04 000:282.776   CPU_WriteMem(4 bytes @ 0xE000ED88)
T3C04 000:283.622   CPU_ReadMem(4 bytes @ 0xE000EFB8)
T3C04 000:284.396   Security extension: implemented
T3C04 000:284.415   Secure debug: enabled
T3C04 000:284.426   CoreSight components:
T3C04 000:284.436   ROMTbl[0] @ E00FE000
T3C04 000:284.447   CPU_ReadMem(64 bytes @ 0xE00FE000)
T3C04 000:286.038   CPU_ReadMem(32 bytes @ 0xE0044FE0)
T3C04 000:287.201   CPU_ReadMem(4 bytes @ 0xE0044FBC)
T3C04 000:287.912   CPU_ReadMem(4 bytes @ 0xE0044FCC)
T3C04 000:288.512   [0][0]: E0044000 CID B105900D PID 005BB906 DEVARCH 00000000 DEVTYPE 14 CTI (?)
T3C04 000:288.531   CPU_ReadMem(32 bytes @ 0xE0047FE0)
T3C04 000:289.724   CPU_ReadMem(4 bytes @ 0xE0047FBC)
T3C04 000:290.530   CPU_ReadMem(4 bytes @ 0xE0047FCC)
T3C04 000:291.237   [0][1]: E0047000 CID B105900D PID 003BB908 DEVARCH 00000000 DEVTYPE 12 CSTF
T3C04 000:291.255   CPU_ReadMem(32 bytes @ 0xE0048FE0)
T3C04 000:292.173   CPU_ReadMem(4 bytes @ 0xE0048FBC)
T3C04 000:292.817   CPU_ReadMem(4 bytes @ 0xE0048FCC)
T3C04 000:293.676   [0][2]: E0048000 CID B105900D PID 001BB961 DEVARCH 00000000 DEVTYPE 21 TMC
T3C04 000:293.693   CPU_ReadMem(32 bytes @ 0xE0049FE0)
T3C04 000:294.884   [0][3]: E0049000 CID B105F00D PID 001BB101 TSG
T3C04 000:294.900   CPU_ReadMem(32 bytes @ 0xE0040FE0)
T3C04 000:296.037   CPU_ReadMem(4 bytes @ 0xE0040FBC)
T3C04 000:296.862   CPU_ReadMem(4 bytes @ 0xE0040FCC)
T3C04 000:297.657   [0][4]: E0040000 CID B105900D PID 000BBD21 DEVARCH 00000000 DEVTYPE 11 TPIU
T3C04 000:297.674   CPU_ReadMem(32 bytes @ 0xE00FFFE0)
T3C04 000:298.834   [0][5]: E00FF000 CID B105100D PID 000BB4C9 ROM Table
T3C04 000:298.849   ROMTbl[1] @ E00FF000
T3C04 000:298.861   CPU_ReadMem(64 bytes @ 0xE00FF000)
T3C04 000:300.439   CPU_ReadMem(32 bytes @ 0xE000EFE0)
T3C04 000:301.597   CPU_ReadMem(4 bytes @ 0xE000EFBC)
T3C04 000:302.395   CPU_ReadMem(4 bytes @ 0xE000EFCC)
T3C04 000:303.217   [1][0]: E000E000 CID B105900D PID 000BBD21 DEVARCH 47702A04 DEVTYPE 00 Cortex-M33
T3C04 000:303.234   CPU_ReadMem(32 bytes @ 0xE0001FE0)
T3C04 000:304.187   CPU_ReadMem(4 bytes @ 0xE0001FBC)
T3C04 000:304.974   CPU_ReadMem(4 bytes @ 0xE0001FCC)
T3C04 000:305.808   [1][1]: E0001000 CID B105900D PID 000BBD21 DEVARCH 47701A02 DEVTYPE 00 DWT
T3C04 000:305.824   CPU_ReadMem(32 bytes @ 0xE0002FE0)
T3C04 000:306.939   CPU_ReadMem(4 bytes @ 0xE0002FBC)
T3C04 000:307.811   CPU_ReadMem(4 bytes @ 0xE0002FCC)
T3C04 000:308.652   [1][2]: E0002000 CID B105900D PID 000BBD21 DEVARCH 47701A03 DEVTYPE 00 FPB
T3C04 000:308.668   CPU_ReadMem(32 bytes @ 0xE0000FE0)
T3C04 000:309.801   CPU_ReadMem(4 bytes @ 0xE0000FBC)
T3C04 000:310.602   CPU_ReadMem(4 bytes @ 0xE0000FCC)
T3C04 000:311.367   [1][3]: E0000000 CID B105900D PID 000BBD21 DEVARCH 47701A01 DEVTYPE 43 ITM
T3C04 000:311.384   CPU_ReadMem(32 bytes @ 0xE0041FE0)
T3C04 000:312.538   CPU_ReadMem(4 bytes @ 0xE0041FBC)
T3C04 000:313.362   CPU_ReadMem(4 bytes @ 0xE0041FCC)
T3C04 000:314.147   [1][5]: E0041000 CID B105900D PID 002BBD21 DEVARCH 47724A13 DEVTYPE 13 ETM
T3C04 000:314.164   CPU_ReadMem(32 bytes @ 0xE0042FE0)
T3C04 000:315.298   CPU_ReadMem(4 bytes @ 0xE0042FBC)
T3C04 000:316.086   CPU_ReadMem(4 bytes @ 0xE0042FCC)
T3C04 000:316.929   [1][6]: E0042000 CID B105900D PID 000BBD21 DEVARCH 47701A14 DEVTYPE 14 CSS600-CTI
T3C04 000:316.992   CPU_ReadMem(4 bytes @ 0xE000EDF0)
T3C04 000:317.811   Data:  01 00 10 01
T3C04 000:317.826   Debug reg: DHCSR
T3C04 000:317.837 - 80.351ms returns 0
T3C04 000:317.858 JLINK_ReadMem(0x400E002C, 0x4 Bytes, ...)
T3C04 000:317.870   CPU_ReadMem(4 bytes @ 0x400E002C)
T3C04 000:318.625   Data:  02 00 00 00
T3C04 000:318.641 - 0.782ms returns 0
T3C04 000:318.679 JLINK_ReadMem(0xE000EDF0, 0x4 Bytes, ...)
T3C04 000:318.691   CPU_ReadMem(4 bytes @ 0xE000EDF0)
T3C04 000:319.304   Data:  01 00 10 01
T3C04 000:319.325   Debug reg: DHCSR
T3C04 000:319.346 - 0.666ms returns 0
T3C04 000:319.416 JLINK_ReadMem(0xE000EDF0, 0x4 Bytes, ...)
T3C04 000:319.431   CPU_ReadMem(4 bytes @ 0xE000EDF0)
T3C04 000:320.073   Data:  01 00 10 01
T3C04 000:320.088   Debug reg: DHCSR
T3C04 000:320.099 - 0.683ms returns 0
T3C04 000:320.113 JLINK_ReadMem(0x400E001C, 0x4 Bytes, ...)
T3C04 000:320.125   CPU_ReadMem(4 bytes @ 0x400E001C)
T3C04 000:320.931   Data:  00 80 00 00
T3C04 000:320.947 - 0.834ms returns 0
T3C04 000:320.965 JLINK_ReadMem(0xE000EDF0, 0x4 Bytes, ...)
T3C04 000:320.977   CPU_ReadMem(4 bytes @ 0xE000EDF0)
T3C04 000:321.755   Data:  01 00 10 01
T3C04 000:321.770   Debug reg: DHCSR
T3C04 000:321.781 - 0.816ms returns 0
T3C04 000:321.795 JLINK_ReadMem(0x400E0018, 0x4 Bytes, ...)
T3C04 000:321.806   CPU_ReadMem(4 bytes @ 0x400E0018)
T3C04 000:322.652   Data:  00 80 00 00
T3C04 000:322.667 - 0.872ms returns 0
T3C04 000:322.685 JLINK_ReadMem(0xE000EDF0, 0x4 Bytes, ...)
T3C04 000:322.696   CPU_ReadMem(4 bytes @ 0xE000EDF0)
T3C04 000:323.497   Data:  01 00 10 01
T3C04 000:323.512   Debug reg: DHCSR
T3C04 000:323.523 - 0.838ms returns 0
T3C04 000:323.537 JLINK_ReadMem(0x400E0020, 0x4 Bytes, ...)
T3C04 000:323.548   CPU_ReadMem(4 bytes @ 0x400E0020)
T3C04 000:324.150   Data:  00 00 00 00
T3C04 000:324.165 - 0.628ms returns 0
T3C04 000:324.184 JLINK_ReadMem(0xE000EDF0, 0x4 Bytes, ...)
T3C04 000:324.197   CPU_ReadMem(4 bytes @ 0xE000EDF0)
T3C04 000:324.790   Data:  01 00 10 01
T3C04 000:324.806   Debug reg: DHCSR
T3C04 000:324.816 - 0.631ms returns 0
T3C04 000:324.830 JLINK_ReadMem(0x400E0028, 0x4 Bytes, ...)
T3C04 000:324.842   CPU_ReadMem(4 bytes @ 0x400E0028)
T3C04 000:325.559   Data:  00 20 01 00
T3C04 000:325.577 - 0.746ms returns 0
T3C04 000:325.599 JLINK_ReadMem(0xE000EDF0, 0x4 Bytes, ...)
T3C04 000:325.611   CPU_ReadMem(4 bytes @ 0xE000EDF0)
T3C04 000:326.392   Data:  01 00 10 01
T3C04 000:326.410   Debug reg: DHCSR
T3C04 000:326.421 - 0.822ms returns 0
T3C04 000:326.435 JLINK_ReadMem(0x400E0024, 0x4 Bytes, ...)
T3C04 000:326.446   CPU_ReadMem(4 bytes @ 0x400E0024)
T3C04 000:327.225   Data:  00 20 01 00
T3C04 000:327.241 - 0.805ms returns 0
T3C04 000:327.259 JLINK_ReadMem(0xE000EDF0, 0x4 Bytes, ...)
T3C04 000:327.271   CPU_ReadMem(4 bytes @ 0xE000EDF0)
T3C04 000:328.114   Data:  01 00 10 01
T3C04 000:328.129   Debug reg: DHCSR
T3C04 000:328.139 - 0.880ms returns 0
T3C04 000:328.153 JLINK_ReadMem(0x400E002C, 0x4 Bytes, ...)
T3C04 000:328.164   CPU_ReadMem(4 bytes @ 0x400E002C)
T3C04 000:329.003   Data:  02 00 00 00
T3C04 000:329.018 - 0.865ms returns 0
T3C04 000:329.035 JLINK_ReadMem(0xE000EDF0, 0x4 Bytes, ...)
T3C04 000:329.046   CPU_ReadMem(4 bytes @ 0xE000EDF0)
T3C04 000:329.848   Data:  01 00 10 01
T3C04 000:329.863   Debug reg: DHCSR
T3C04 000:329.874 - 0.839ms returns 0
T3C04 000:329.887 JLINK_ReadMem(0x400E002C, 0x4 Bytes, ...)
T3C04 000:329.899   CPU_ReadMem(4 bytes @ 0x400E002C)
T3C04 000:330.706   Data:  02 00 00 00
T3C04 000:330.721 - 0.833ms returns 0
T3C04 000:330.814 JLINK_ReadMem(0xE000EDF0, 0x4 Bytes, ...)
T3C04 000:330.829   CPU_ReadMem(4 bytes @ 0xE000EDF0)
T3C04 000:331.629   Data:  01 00 10 01
T3C04 000:331.644   Debug reg: DHCSR
T3C04 000:331.654 - 0.840ms returns 0
T3C04 000:331.668 JLINK_ReadMem(0x400E002C, 0x4 Bytes, ...)
T3C04 000:331.679   CPU_ReadMem(4 bytes @ 0x400E002C)
T3C04 000:332.464   Data:  02 00 00 00
T3C04 000:332.479 - 0.811ms returns 0
T3C04 000:332.496 JLINK_ReadMem(0xE000EDF0, 0x4 Bytes, ...)
T3C04 000:332.508   CPU_ReadMem(4 bytes @ 0xE000EDF0)
T3C04 000:333.192   Data:  01 00 10 01
T3C04 000:333.212   Debug reg: DHCSR
T3C04 000:333.223 - 0.726ms returns 0
T3C04 000:333.236 JLINK_ReadMem(0x400E001C, 0x4 Bytes, ...)
T3C04 000:333.248   CPU_ReadMem(4 bytes @ 0x400E001C)
T3C04 000:334.030   Data:  00 80 00 00
T3C04 000:334.046 - 0.809ms returns 0
T3C04 000:334.063 JLINK_ReadMem(0xE000EDF0, 0x4 Bytes, ...)
T3C04 000:334.074   CPU_ReadMem(4 bytes @ 0xE000EDF0)
T3C04 000:334.877   Data:  01 00 10 01
T3C04 000:334.893   Debug reg: DHCSR
T3C04 000:334.903 - 0.840ms returns 0
T3C04 000:334.917 JLINK_ReadMem(0x400E0018, 0x4 Bytes, ...)
T3C04 000:334.928   CPU_ReadMem(4 bytes @ 0x400E0018)
T3C04 000:335.815   Data:  00 80 00 00
T3C04 000:335.831 - 0.914ms returns 0
T3C04 000:335.848 JLINK_ReadMem(0xE000EDF0, 0x4 Bytes, ...)
T3C04 000:335.860   CPU_ReadMem(4 bytes @ 0xE000EDF0)
T3C04 000:336.654   Data:  01 00 10 01
T3C04 000:336.669   Debug reg: DHCSR
T3C04 000:336.679 - 0.831ms returns 0
T3C04 000:336.693 JLINK_ReadMem(0x400E0020, 0x4 Bytes, ...)
T3C04 000:336.704   CPU_ReadMem(4 bytes @ 0x400E0020)
T3C04 000:337.492   Data:  00 00 00 00
T3C04 000:337.508 - 0.815ms returns 0
T3C04 000:337.526 JLINK_ReadMem(0xE000EDF0, 0x4 Bytes, ...)
T3C04 000:337.537   CPU_ReadMem(4 bytes @ 0xE000EDF0)
T3C04 000:338.331   Data:  01 00 10 01
T3C04 000:338.346   Debug reg: DHCSR
T3C04 000:338.357 - 0.831ms returns 0
T3C04 000:338.371 JLINK_ReadMem(0x400E0028, 0x4 Bytes, ...)
T3C04 000:338.382   CPU_ReadMem(4 bytes @ 0x400E0028)
T3C04 000:339.159   Data:  00 20 01 00
T3C04 000:339.175 - 0.803ms returns 0
T3C04 000:339.192 JLINK_ReadMem(0xE000EDF0, 0x4 Bytes, ...)
T3C04 000:339.203   CPU_ReadMem(4 bytes @ 0xE000EDF0)
T3C04 000:340.011   Data:  01 00 10 01
T3C04 000:340.026   Debug reg: DHCSR
T3C04 000:340.037 - 0.845ms returns 0
T3C04 000:340.050 JLINK_ReadMem(0x400E0024, 0x4 Bytes, ...)
T3C04 000:340.062   CPU_ReadMem(4 bytes @ 0x400E0024)
T3C04 000:340.863   Data:  00 20 01 00
T3C04 000:340.879 - 0.828ms returns 0
T3C04 000:341.164 JLINK_SetEndian(ARM_ENDIAN_LITTLE)
T3C04 000:341.175 - 0.010ms returns 0
T3C04 000:341.185 JLINK_SetInitRegsOnReset(OFF)
T3C04 000:341.193 - 0.008ms returns 1
T3C04 000:341.203 JLINK_SetResetType(JLINKARM_CM3_RESET_TYPE_CONNECT_UNDER_RESET)
T3C04 000:341.210 - 0.007ms returns JLINKARM_CM3_RESET_TYPE_NORMAL
T3C04 000:341.221 JLINK_ExecCommand("EnableFlashBPs", ...). 
T3C04 000:341.236 - 0.004ms returns 0x00
T3C04 000:341.247 JLINK_ExecCommand("SetAllowFlashCache = 1", ...). 
T3C04 000:341.259 - 0.001ms returns 0x01
T3C04 000:341.269 JLINK_ExecCommand("SetRestartOnClose = 0", ...). 
T3C04 000:341.281 - 0.001ms returns 0x01
T3C04 000:341.292 JLINK_ExecCommand("SetAllowSimulation = 0", ...). 
T3C04 000:341.305 - 0.003ms returns 0x00
T3C04 000:341.314 JLINK_EnableSoftBPs(ON)
T3C04 000:341.321 - 0.006ms 
T3C04 000:341.335 JLINK_Connect()
T3C04 000:341.817   ConfigTargetSettings() start
T3C04 000:341.833    J-Link Script File: Executing ConfigTargetSettings()
T3C04 000:341.842   Configuring FlashDLNoRMWThreshold=0x200 in order to make sure that option bytes programming is done via read-modify-write
T3C04 000:348.605   ConfigTargetSettings() end - Took 6.76ms
T3C04 000:348.630   InitTarget() start
T3C04 000:348.645    J-Link Script File: Executing InitTarget()
T3C04 000:348.661   SWD selected. Executing JTAG -> SWD switching sequence.
T3C04 000:352.639   DAP initialized successfully.
T3C04 000:352.666   Determining TrustZone configuration...
T3C04 000:355.967     Secure Debug: Enabled (SSD)
T3C04 000:356.042   Determining currently configured transfer type by reading the AHB-AP CSW register.
T3C04 000:358.268     --> Correct transfer type configured. Done.
T3C04 000:358.312   InitTarget() end - Took 9.66ms
T3C04 000:359.678   Found SW-DP with ID 0x6BA02477
T3C04 000:364.829   DPIDR: 0x6BA02477
T3C04 000:364.855   CoreSight SoC-400 or earlier
T3C04 000:364.866   AP map detection skipped. Manually configured AP map found.
T3C04 000:364.877   AP[0]: AHB-AP (IDR: Not set, ADDR: 0x00000000)
T3C04 000:366.759   AP[0]: Core found
T3C04 000:366.806   AP[0]: AHB-AP ROM base: 0xE00FE000
T3C04 000:367.818   CPUID register: 0x410FD214. Implementer code: 0x41 (ARM)
T3C04 000:367.842   Feature set: Mainline
T3C04 000:368.851   Cache: No cache
T3C04 000:368.867   Found Cortex-M33 r0p4, Little endian.
T3C04 000:369.318   -- Max. mem block: 0x00001908
T3C04 000:369.339   CPU_ReadMem(4 bytes @ 0xE000EDF0)
T3C04 000:370.154   CPU_ReadMem(4 bytes @ 0xE0002000)
T3C04 000:370.998   FPUnit: 8 code (BP) slots and 0 literal slots
T3C04 000:371.015   CPU_ReadMem(4 bytes @ 0xE000EDFC)
T3C04 000:371.815   CPU_ReadMem(4 bytes @ 0xE0001000)
T3C04 000:372.625   CPU_ReadMem(4 bytes @ 0xE0001000)
T3C04 000:373.419   CPU_ReadMem(4 bytes @ 0xE0001028)
T3C04 000:374.255   CPU_ReadMem(4 bytes @ 0xE0001038)
T3C04 000:374.893   CPU_ReadMem(4 bytes @ 0xE0001048)
T3C04 000:375.650   CPU_ReadMem(4 bytes @ 0xE0001058)
T3C04 000:376.376   CPU_WriteMem(4 bytes @ 0xE0001000)
T3C04 000:377.266   CPU_ReadMem(4 bytes @ 0xE000ED88)
T3C04 000:378.119   CPU_WriteMem(4 bytes @ 0xE000ED88)
T3C04 000:378.957   CPU_ReadMem(4 bytes @ 0xE000ED88)
T3C04 000:379.717   CPU_WriteMem(4 bytes @ 0xE000ED88)
T3C04 000:380.516   CPU_ReadMem(4 bytes @ 0xE000EFB8)
T3C04 000:381.361   Security extension: implemented
T3C04 000:381.376   Secure debug: enabled
T3C04 000:381.386   CoreSight components:
T3C04 000:381.396   ROMTbl[0] @ E00FE000
T3C04 000:381.408   CPU_ReadMem(64 bytes @ 0xE00FE000)
T3C04 000:382.818   CPU_ReadMem(32 bytes @ 0xE0044FE0)
T3C04 000:383.939   CPU_ReadMem(4 bytes @ 0xE0044FBC)
T3C04 000:384.734   CPU_ReadMem(4 bytes @ 0xE0044FCC)
T3C04 000:385.578   [0][0]: E0044000 CID B105900D PID 005BB906 DEVARCH 00000000 DEVTYPE 14 CTI (?)
T3C04 000:385.595   CPU_ReadMem(32 bytes @ 0xE0047FE0)
T3C04 000:386.695   CPU_ReadMem(4 bytes @ 0xE0047FBC)
T3C04 000:387.549   CPU_ReadMem(4 bytes @ 0xE0047FCC)
T3C04 000:388.392   [0][1]: E0047000 CID B105900D PID 003BB908 DEVARCH 00000000 DEVTYPE 12 CSTF
T3C04 000:388.408   CPU_ReadMem(32 bytes @ 0xE0048FE0)
T3C04 000:389.535   CPU_ReadMem(4 bytes @ 0xE0048FBC)
T3C04 000:390.374   CPU_ReadMem(4 bytes @ 0xE0048FCC)
T3C04 000:391.267   [0][2]: E0048000 CID B105900D PID 001BB961 DEVARCH 00000000 DEVTYPE 21 TMC
T3C04 000:391.283   CPU_ReadMem(32 bytes @ 0xE0049FE0)
T3C04 000:392.434   [0][3]: E0049000 CID B105F00D PID 001BB101 TSG
T3C04 000:392.458   CPU_ReadMem(32 bytes @ 0xE0040FE0)
T3C04 000:393.649   CPU_ReadMem(4 bytes @ 0xE0040FBC)
T3C04 000:394.447   CPU_ReadMem(4 bytes @ 0xE0040FCC)
T3C04 000:395.232   [0][4]: E0040000 CID B105900D PID 000BBD21 DEVARCH 00000000 DEVTYPE 11 TPIU
T3C04 000:395.249   CPU_ReadMem(32 bytes @ 0xE00FFFE0)
T3C04 000:396.410   [0][5]: E00FF000 CID B105100D PID 000BB4C9 ROM Table
T3C04 000:396.425   ROMTbl[1] @ E00FF000
T3C04 000:396.437   CPU_ReadMem(64 bytes @ 0xE00FF000)
T3C04 000:398.024   CPU_ReadMem(32 bytes @ 0xE000EFE0)
T3C04 000:399.220   CPU_ReadMem(4 bytes @ 0xE000EFBC)
T3C04 000:400.030   CPU_ReadMem(4 bytes @ 0xE000EFCC)
T3C04 000:400.893   [1][0]: E000E000 CID B105900D PID 000BBD21 DEVARCH 47702A04 DEVTYPE 00 Cortex-M33
T3C04 000:400.910   CPU_ReadMem(32 bytes @ 0xE0001FE0)
T3C04 000:402.080   CPU_ReadMem(4 bytes @ 0xE0001FBC)
T3C04 000:402.879   CPU_ReadMem(4 bytes @ 0xE0001FCC)
T3C04 000:403.664   [1][1]: E0001000 CID B105900D PID 000BBD21 DEVARCH 47701A02 DEVTYPE 00 DWT
T3C04 000:403.682   CPU_ReadMem(32 bytes @ 0xE0002FE0)
T3C04 000:404.820   CPU_ReadMem(4 bytes @ 0xE0002FBC)
T3C04 000:405.616   CPU_ReadMem(4 bytes @ 0xE0002FCC)
T3C04 000:406.403   [1][2]: E0002000 CID B105900D PID 000BBD21 DEVARCH 47701A03 DEVTYPE 00 FPB
T3C04 000:406.422   CPU_ReadMem(32 bytes @ 0xE0000FE0)
T3C04 000:407.595   CPU_ReadMem(4 bytes @ 0xE0000FBC)
T3C04 000:408.369   CPU_ReadMem(4 bytes @ 0xE0000FCC)
T3C04 000:409.166   [1][3]: E0000000 CID B105900D PID 000BBD21 DEVARCH 47701A01 DEVTYPE 43 ITM
T3C04 000:409.186   CPU_ReadMem(32 bytes @ 0xE0041FE0)
T3C04 000:410.360   CPU_ReadMem(4 bytes @ 0xE0041FBC)
T3C04 000:411.132   CPU_ReadMem(4 bytes @ 0xE0041FCC)
T3C04 000:411.912   [1][5]: E0041000 CID B105900D PID 002BBD21 DEVARCH 47724A13 DEVTYPE 13 ETM
T3C04 000:411.935   CPU_ReadMem(32 bytes @ 0xE0042FE0)
T3C04 000:412.889   CPU_ReadMem(4 bytes @ 0xE0042FBC)
T3C04 000:413.538   CPU_ReadMem(4 bytes @ 0xE0042FCC)
T3C04 000:414.330   [1][6]: E0042000 CID B105900D PID 000BBD21 DEVARCH 47701A14 DEVTYPE 14 CSS600-CTI
T3C04 000:414.357 - 73.023ms returns 0x00
T3C04 000:414.387 JLINK_Halt()
T3C04 000:420.889 - 6.500ms returns 0x00
T3C04 000:420.920 JLINK_IsHalted()
T3C04 000:420.934 - 0.013ms returns TRUE
T3C04 000:420.950 JLINK_ResetPullsRESET(ON)
T3C04 000:420.961 - 0.011ms 
T3C04 000:420.979 JLINK_Reset()
T3C04 000:420.996   ResetTarget() start
T3C04 000:421.013    J-Link Script File: Executing ResetTarget()
T3C04 000:421.032   CPU_ReadMem(4 bytes @ 0xE000ED44)
T3C04 000:421.814   CPU_ReadMem(4 bytes @ 0xE000EE08)
T3C04 000:422.853   CPU_WriteMem(4 bytes @ 0xE000EE08)
T3C04 000:423.868   CPU_ReadMem(4 bytes @ 0xE000EE08)
T3C04 000:424.633   Reset: ARMv8M core with Security Extension enabled detected. Switch to secure domain.
T3C04 000:424.669   Reset: Halt core after reset via DEMCR.VC_CORERESET.
T3C04 000:424.715   CPU_WriteMem(4 bytes @ 0xE000EDF0)
T3C04 000:425.414   CPU_WriteMem(4 bytes @ 0xE000EDFC)
T3C04 000:426.669   Reset: Reset device via AIRCR.SYSRESETREQ.
T3C04 000:426.714   CPU_WriteMem(4 bytes @ 0xE000ED0C)
T3C04 000:480.124   CPU_ReadMem(4 bytes @ 0xE000EDF0)
T3C04 000:481.303   CPU_ReadMem(4 bytes @ 0xE000EDF0)
T3C04 000:482.468   CPU_WriteMem(4 bytes @ 0xE000EDFC)
T3C04 000:483.702   ResetTarget() end - Took 62.6ms
T3C04 000:483.777   Device specific reset executed.
T3C04 000:491.522   CPU_WriteMem(4 bytes @ 0xE0002000)
T3C04 000:492.448   CPU_ReadMem(4 bytes @ 0xE000EDFC)
T3C04 000:493.300   CPU_ReadMem(4 bytes @ 0xE0001000)
T3C04 000:494.106   CPU_ReadMem(4 bytes @ 0xE000EE08)
T3C04 000:494.941 - 73.959ms 
T3C04 000:495.258 JLINK_ReadMem(0xE000EDF0, 0x4 Bytes, ...)
T3C04 000:495.328   CPU_ReadMem(4 bytes @ 0xE000EDF0)
T3C04 000:496.128   Data:  03 00 13 00
T3C04 000:496.190   Debug reg: DHCSR
T3C04 000:496.243 - 0.986ms returns 0
T3C04 000:496.336 JLINK_ReadMem(0x010080F0, 0x10 Bytes, ...)
T3C04 000:496.384   CPU_ReadMem(16 bytes @ 0x010080F0)
T3C04 000:497.313   Data:  52 37 46 41 34 4D 32 41 44 33 43 46 50 20 20 20
T3C04 000:497.376 - 1.041ms returns 0
T3C04 000:497.442 JLINK_IsHalted()
T3C04 000:497.476 - 0.032ms returns TRUE
T3C04 000:498.867 JLINK_IsHalted()
T3C04 000:498.912 - 0.044ms returns TRUE
T3C04 000:498.965 JLINK_ReadMem(0xE000EDF0, 0x4 Bytes, ...)
T3C04 000:499.012   CPU_ReadMem(4 bytes @ 0xE000EDF0)
T3C04 000:499.868   Data:  03 00 13 00
T3C04 000:499.929   Debug reg: DHCSR
T3C04 000:499.971 - 1.007ms returns 0
T3C04 000:500.026 JLINK_ReadMem(0x400E002C, 0x4 Bytes, ...)
T3C04 000:500.073   CPU_ReadMem(4 bytes @ 0x400E002C)
T3C04 000:500.897   Data:  02 00 00 00
T3C04 000:500.960 - 0.933ms returns 0
T3C04 000:501.052 JLINK_MeasureCPUSpeed(RAMAddr = 0x20000000)
T3C04 000:501.095   CPU_ReadMem(16 bytes @ 0x20000000)
T3C04 000:502.363   CPU_ReadMem(4 bytes @ 0xE000EDFC)
T3C04 000:503.535   CPU_ReadMem(4 bytes @ 0xE0001000)
T3C04 000:504.831   CPU_ReadMem(6 bytes @ 0x20000000)
T3C04 000:505.886   CPU_ReadMem(4 bytes @ 0xE000ED90)
T3C04 000:506.730   CPU_ReadMem(4 bytes @ 0xE000ED94)
T3C04 000:507.571   CPU_WriteMem(16 bytes @ 0x20000000)
T3C04 000:508.569   CPU_WriteMem(6 bytes @ 0x20000000)
T3C04 000:509.533   CPU_ReadMem(6 bytes @ 0x20000000)
T3C04 000:510.474   CPU_ReadMem(4 bytes @ 0xE000EE08)
T3C04 000:511.472   CPU_WriteMem(4 bytes @ 0xE0002008)
T3C04 000:511.567   CPU_WriteMem(4 bytes @ 0xE000200C)
T3C04 000:511.595   CPU_WriteMem(4 bytes @ 0xE0002010)
T3C04 000:511.621   CPU_WriteMem(4 bytes @ 0xE0002014)
T3C04 000:511.648   CPU_WriteMem(4 bytes @ 0xE0002018)
T3C04 000:511.675   CPU_WriteMem(4 bytes @ 0xE000201C)
T3C04 000:511.701   CPU_WriteMem(4 bytes @ 0xE0002020)
T3C04 000:511.728   CPU_WriteMem(4 bytes @ 0xE0002024)
T3C04 000:516.055   CPU_WriteMem(4 bytes @ 0xE0001004)
T3C04 000:528.911   CPU_ReadMem(4 bytes @ 0xE0001004)
T3C04 000:529.933   CPU_ReadMem(4 bytes @ 0xE000EE08)
T3C04 000:531.035   CPU_WriteMem(4 bytes @ 0xE0002008)
T3C04 000:532.172   CPU_WriteMem(4 bytes @ 0xE000200C)
T3C04 000:533.307   CPU_WriteMem(4 bytes @ 0xE0002010)
T3C04 000:534.411   CPU_WriteMem(4 bytes @ 0xE0002014)
T3C04 000:535.536   CPU_WriteMem(4 bytes @ 0xE0002018)
T3C04 000:536.578   CPU_WriteMem(4 bytes @ 0xE000201C)
T3C04 000:537.661   CPU_WriteMem(4 bytes @ 0xE0002020)
T3C04 000:538.747   CPU_WriteMem(4 bytes @ 0xE0002024)
T3C04 000:539.757   CPU_ReadMem(4 bytes @ 0xE000EE08)
T3C04 000:540.691   CPU_ReadMem(4 bytes @ 0xE000EE08)
T3C04 000:541.795   CPU_WriteMem(4 bytes @ 0xE0001004)
T3C04 000:573.258   CPU_ReadMem(4 bytes @ 0xE0001004)
T3C04 000:573.986   CPU_WriteMem(6 bytes @ 0x20000000)
T3C04 000:574.752   ClockFreq: 2072700 Hz
T3C04 000:574.777 - 73.726ms returns 2072700
T3C04 000:574.884 JLINK_ReadReg(XPSR)
T3C04 000:574.909   CPU_ReadMem(4 bytes @ 0xE000EE08)
T3C04 000:575.539 - 0.647ms returns 0xF9000000
T4CC4 002:904.226 JLINK_ResetPullsRESET(ON)
T4CC4 002:904.271 - 0.045ms 
T4CC4 002:904.285 JLINK_Halt()
T4CC4 002:904.860 - 0.573ms returns 0x00
T4CC4 002:904.891 JLINK_IsHalted()
T4CC4 002:904.904 - 0.013ms returns TRUE
T4CC4 002:904.916 JLINK_Reset()
T4CC4 002:904.934   ResetTarget() start
T4CC4 002:904.955    J-Link Script File: Executing ResetTarget()
T4CC4 002:904.970   CPU_ReadMem(4 bytes @ 0xE000ED44)
T4CC4 002:905.627   CPU_ReadMem(4 bytes @ 0xE000EE08)
T4CC4 002:906.233   CPU_WriteMem(4 bytes @ 0xE000EE08)
T4CC4 002:906.918   CPU_ReadMem(4 bytes @ 0xE000EE08)
T4CC4 002:907.528   Reset: ARMv8M core with Security Extension enabled detected. Switch to secure domain.
T4CC4 002:907.571   Reset: Halt core after reset via DEMCR.VC_CORERESET.
T4CC4 002:907.608   CPU_WriteMem(4 bytes @ 0xE000EDF0)
T4CC4 002:908.256   CPU_WriteMem(4 bytes @ 0xE000EDFC)
T4CC4 002:909.328   Reset: Reset device via AIRCR.SYSRESETREQ.
T4CC4 002:909.419   CPU_WriteMem(4 bytes @ 0xE000ED0C)
T4CC4 002:961.282   CPU_ReadMem(4 bytes @ 0xE000EDF0)
T4CC4 002:961.888   CPU_ReadMem(4 bytes @ 0xE000EDF0)
T4CC4 002:962.463   CPU_WriteMem(4 bytes @ 0xE000EDFC)
T4CC4 002:963.136   ResetTarget() end - Took 58.1ms
T4CC4 002:963.186   Device specific reset executed.
T4CC4 002:969.862   CPU_WriteMem(4 bytes @ 0xE0002000)
T4CC4 002:970.529   CPU_ReadMem(4 bytes @ 0xE000EDFC)
T4CC4 002:971.238   CPU_ReadMem(4 bytes @ 0xE0001000)
T4CC4 002:971.854   CPU_ReadMem(4 bytes @ 0xE000EE08)
T4CC4 002:972.480 - 67.563ms 
T4CC4 002:972.504 JLINK_SetEndian(ARM_ENDIAN_LITTLE)
T4CC4 002:972.516 - 0.011ms returns 0
T4CC4 002:972.770 JLINK_BeginDownload(Flags = 0x00000000)
T4CC4 002:972.784 - 0.015ms 
T4CC4 002:991.752 JLINK_ReadMem(0xE000EDF0, 0x4 Bytes, ...)
T4CC4 002:991.792   CPU_ReadMem(4 bytes @ 0xE000EDF0)
T4CC4 002:992.416   Data:  03 00 13 00
T4CC4 002:992.437   Debug reg: DHCSR
T4CC4 002:992.451 - 0.699ms returns 0
T4CC4 002:993.715 JLINK_WriteMem(0x00000000, 0x6C Bytes, ...)
T4CC4 002:993.740   Data:  F8 09 00 20 19 37 00 00 85 35 00 00 29 37 00 00 ...
T4CC4 002:994.030   completely In flash
T4CC4 002:994.048 - 0.333ms returns 0x6C
T4CC4 002:994.614 JLINK_WriteMem(0x0000006C, 0x18 Bytes, ...)
T4CC4 002:994.633   Data:  10 00 00 00 00 00 00 00 01 7A 52 00 01 7C 0E 01 ...
T4CC4 002:994.652   completely In flash
T4CC4 002:994.672 - 0.058ms returns 0x18
T4CC4 002:995.033 JLINK_WriteMem(0x00000084, 0x5F8 Bytes, ...)
T4CC4 002:995.050   Data:  D0 B5 02 AF 04 46 00 F0 8D F9 00 28 18 BF D0 BD ...
T4CC4 002:995.075   completely In flash
T4CC4 002:995.096 - 0.063ms returns 0x5F8
T4CC4 002:995.882 JLINK_WriteMem(0x0000067C, 0xBD4 Bytes, ...)
T4CC4 002:995.896   Data:  F0 B5 03 AF 2D E9 00 0F 83 B0 40 F6 20 23 00 EB ...
T4CC4 002:995.910   completely In flash
T4CC4 002:995.922 - 0.039ms returns 0xBD4
T4CC4 002:996.688 JLINK_WriteMem(0x00001250, 0xBC0 Bytes, ...)
T4CC4 002:996.707   Data:  43 F6 35 21 C0 F2 00 01 00 20 FF F7 41 FF 28 68 ...
T4CC4 002:996.726   completely In flash
T4CC4 002:996.742 - 0.053ms returns 0xBC0
T4CC4 002:997.439 JLINK_WriteMem(0x00001E10, 0xBC0 Bytes, ...)
T4CC4 002:997.466   Data:  08 BF 42 F0 40 02 F2 26 00 E0 E2 26 03 6A 00 25 ...
T4CC4 002:997.488   completely In flash
T4CC4 002:997.506 - 0.067ms returns 0xBC0
T4CC4 002:998.036 JLINK_WriteMem(0x000029D0, 0xBD0 Bytes, ...)
T4CC4 002:998.069   Data:  BC FF C0 B3 20 46 04 B0 BD E8 B0 40 00 F0 CE BF ...
T4CC4 002:998.113   completely In flash
T4CC4 002:998.130 - 0.093ms returns 0xBD0
T4CC4 002:998.780 JLINK_WriteMem(0x000035A0, 0xB12 Bytes, ...)
T4CC4 002:998.810   Data:  01 EA 00 09 1F FA 89 F6 00 24 C2 F2 01 05 02 E0 ...
T4CC4 002:998.827   completely In flash
T4CC4 002:998.840 - 0.061ms returns 0xB12
T4CC4 002:999.384 JLINK_WriteMem(0x000040B4, 0x6E Bytes, ...)
T4CC4 002:999.407   Data:  D0 B5 02 AF 04 46 41 F2 D0 30 43 F6 1C 61 C2 F2 ...
T4CC4 002:999.424   completely In flash
T4CC4 002:999.435 - 0.052ms returns 0x6E
T4CC4 003:000.162 JLINK_WriteMem(0x0100A100, 0x4 Bytes, ...)
T4CC4 003:000.197   Data:  FF FF FF FF
T4CC4 003:000.590   completely In flash
T4CC4 003:000.613 - 0.452ms returns 0x4
T4CC4 003:001.197 JLINK_WriteMem(0x0100A200, 0x4 Bytes, ...)
T4CC4 003:001.212   Data:  FF FD FF FF
T4CC4 003:001.227   completely In flash
T4CC4 003:001.238 - 0.041ms returns 0x4
T4CC4 003:001.900 JLINK_WriteMem(0x0100A280, 0x4 Bytes, ...)
T4CC4 003:001.913   Data:  F8 F8 FF FF
T4CC4 003:001.926   completely In flash
T4CC4 003:001.937 - 0.038ms returns 0x4
T4CC4 003:023.485 JLINK_EndDownload()
T4CC4 003:023.816   CPU_ReadMem(4 bytes @ 0xE000ED90)
T4CC4 003:024.404   CPU_ReadMem(4 bytes @ 0xE000ED94)
T4CC4 003:025.028    -- --------------------------------------
T4CC4 003:025.056    -- Start of determining flash info (Bank @ 0x0100A100)
T4CC4 003:025.068    -- End of determining flash info
T4CC4 003:025.079    -- Start of determining dirty areas in flash cache
T4CC4 003:025.094    -- Filling invalid ranges in sector buffer (flash cache) for sector @ 0x0100A100 if necessary
T4CC4 003:025.108    -- Filling invalid ranges in sector buffer (flash cache) for sector @ 0x0100A200 if necessary
T4CC4 003:025.120    -- Filling invalid ranges in sector buffer (flash cache) for sector @ 0x0100A280 if necessary
T4CC4 003:025.132    -- End of determining dirty areas
T4CC4 003:025.142    -- Start of preparing flash programming
T4CC4 003:025.155    -- Preparing RAMCode
T4CC4 003:025.166    -- Calculating RAM usage
T4CC4 003:025.180    -- RAM usage = 5112 Bytes
T4CC4 003:025.190    -- Preserving CPU registers
T4CC4 003:025.827    -- Preparing memory
T4CC4 003:025.841    -- Determining CPU clock frequency
T4CC4 003:082.718    -- CPU frequency = 2071 kHz
T4CC4 003:082.750    -- Preparing target
T4CC4 003:082.761    -- Preserving target RAM temporarily used for programming
T4CC4 003:142.782    -- Downloading RAMCode
T4CC4 003:223.570    -- Initializing RAMCode (InitType: 3 = Verify)
T4CC4 003:223.604    -- Executing Init(3)
T4CC4 003:248.351    -- End of preparing flash programming
T4CC4 003:296.702   
  ***** Warning: 
T4CC4 003:296.735   CPU is running at low speed (2071 kHz).
T4CC4 003:296.749    -- CPU is running at 2071 kHz.
T4CC4 003:296.765    -- Start of comparing flash
T4CC4 003:296.780    -- Flash algorithm supports a native verify function which is used to compare the flash content.
T4CC4 003:366.691    -- Comparing range 0x100A100 - 0x100A10F (1 Sector, 16 Bytes), using verify function of the RAMCode
T4CC4 003:369.138    -- Data matches for sector 0
T4CC4 003:376.377    -- Comparing range 0x100A200 - 0x100A20F (1 Sector, 16 Bytes), using verify function of the RAMCode
T4CC4 003:379.106    -- Data matches for sector 16
T4CC4 003:379.717    -- Comparing range 0x100A280 - 0x100A28F (1 Sector, 16 Bytes), using verify function of the RAMCode
T4CC4 003:382.240    -- Data matches for sector 24
T4CC4 003:382.267    -- End of comparing flash
T4CC4 003:382.280    -- Start of erasing sectors
T4CC4 003:382.292    -- End of erasing sectors
T4CC4 003:382.302    -- Start of flash programming
T4CC4 003:382.312    -- End of flash programming
T4CC4 003:382.323    -- Start of verifying flash
T4CC4 003:382.333    -- End of verifying flash
T4CC4 003:382.343    -- Start of restoring
T4CC4 003:382.355    -- Executing UnInit()
T4CC4 003:392.284    -- Restoring target memory
T4CC4 003:445.051    -- Restoring CPU registers
T4CC4 003:446.495    -- End of restoring
T4CC4 003:446.581    -- Bank 0 @ 0x0100A100: Skipped. Contents already match
T4CC4 003:446.654    -- Bank 0 @ 0x0100A100: Skipped. Contents already match
T4CC4 003:469.064    -- --------------------------------------
T4CC4 003:469.179    -- Flash bank @ 0x00000000: Default: L2 verify disabled because algorithm performs L1 verify
T4CC4 003:469.229    -- Start of determining dirty areas in flash cache
T4CC4 003:469.274    -- Filling invalid ranges in sector buffer (flash cache) for sector @ 0x00000000 if necessary
T4CC4 003:469.327    -- Filling invalid ranges in sector buffer (flash cache) for sector @ 0x00002000 if necessary
T4CC4 003:469.366    -- Filling invalid ranges in sector buffer (flash cache) for sector @ 0x00004000 if necessary
T4CC4 003:469.710    -- End of determining dirty areas
T4CC4 003:469.754    -- Start of preparing flash programming
T4CC4 003:469.788    -- Calculating RAM usage
T4CC4 003:470.198    -- RAM usage = 4500 Bytes
T4CC4 003:470.239    -- Preserving CPU registers
T4CC4 003:470.454    -- Determining CPU clock frequency
T4CC4 003:531.165    -- Preparing target
T4CC4 003:531.275    -- Preserving target RAM temporarily used for programming
T4CC4 003:584.456    -- Downloading RAMCode
T4CC4 003:632.316    -- Preparing RAMCode
T4CC4 003:654.469    -- CPU frequency = 100000 kHz
T4CC4 003:654.527    -- End of preparing flash programming
T4CC4 003:658.732    -- CPU is running at 100000 kHz.
T4CC4 003:658.776    -- Start of comparing flash
T4CC4 003:658.801    -- CRC check was estimated as fastest method
T4CC4 003:689.208    -- Comparing range 0x0000 - 0x5FFF (3 Sectors, 24 KB), using multi-block CRC calculation
T4CC4 003:709.527    -- All CRCs match
T4CC4 003:710.053    -- Comparing range 0x0000 - 0x5FFF (3 Sectors, 24 KB), using alternative multi-block CRC calculation
T4CC4 003:720.661    -- All CRCs match
T4CC4 003:720.691    -- End of comparing flash
T4CC4 003:720.705    -- Start of erasing sectors
T4CC4 003:720.716    -- End of erasing sectors
T4CC4 003:720.727    -- Start of flash programming
T4CC4 003:720.737    -- End of flash programming
T4CC4 003:720.748    -- Start of restoring
T4CC4 003:720.759    -- Restoring RAMCode
T4CC4 003:729.391    -- Restoring target memory
T4CC4 003:775.948    -- Restore target
T4CC4 003:776.044    -- Restoring CPU registers
T4CC4 003:777.276    -- End of restoring
T4CC4 003:777.378    -- Bank 1 @ 0x00000000: Skipped. Contents already match
T4CC4 003:777.430    -- Bank 1 @ 0x00000000: Skipped. Contents already match
T4CC4 003:827.670 - 804.183ms returns 0 (0x0)
T4CC4 003:829.171 JLINK_WriteReg(R15 (PC), 0x00003718)
T4CC4 003:829.203 - 0.032ms returns 0
T4CC4 003:829.220 JLINK_WriteReg(XPSR, 0x01000000)
T4CC4 003:829.234 - 0.013ms returns 0
T4CC4 003:841.826 JLINK_ResetPullsRESET(ON)
T4CC4 003:841.850 - 0.024ms 
T4CC4 003:841.864 JLINK_Halt()
T4CC4 003:841.876 - 0.012ms returns 0x00
T4CC4 003:841.893 JLINK_IsHalted()
T4CC4 003:841.907 - 0.013ms returns TRUE
T4CC4 003:841.922 JLINK_Reset()
T4CC4 003:842.037   ResetTarget() start
T4CC4 003:842.056    J-Link Script File: Executing ResetTarget()
T4CC4 003:842.082   CPU_ReadMem(4 bytes @ 0xE000ED44)
T4CC4 003:842.969   CPU_ReadMem(4 bytes @ 0xE000EE08)
T4CC4 003:843.616   CPU_WriteMem(4 bytes @ 0xE000EE08)
T4CC4 003:844.724   CPU_ReadMem(4 bytes @ 0xE000EE08)
T4CC4 003:845.352   Reset: ARMv8M core with Security Extension enabled detected. Switch to secure domain.
T4CC4 003:845.376   Reset: Halt core after reset via DEMCR.VC_CORERESET.
T4CC4 003:845.398   CPU_WriteMem(4 bytes @ 0xE000EDF0)
T4CC4 003:846.048   CPU_WriteMem(4 bytes @ 0xE000EDFC)
T4CC4 003:847.176   Reset: Reset device via AIRCR.SYSRESETREQ.
T4CC4 003:847.208   CPU_WriteMem(4 bytes @ 0xE000ED0C)
T4CC4 003:900.577   CPU_ReadMem(4 bytes @ 0xE000EDF0)
T4CC4 003:901.338   CPU_ReadMem(4 bytes @ 0xE000EDF0)
T4CC4 003:901.986   CPU_WriteMem(4 bytes @ 0xE000EDFC)
T4CC4 003:902.753   ResetTarget() end - Took 60.6ms
T4CC4 003:902.795   Device specific reset executed.
T4CC4 003:909.769   CPU_WriteMem(4 bytes @ 0xE0002000)
T4CC4 003:910.591   CPU_ReadMem(4 bytes @ 0xE000EDFC)
T4CC4 003:911.467   CPU_ReadMem(4 bytes @ 0xE0001000)
T4CC4 003:912.342   CPU_ReadMem(4 bytes @ 0xE000EE08)
T4CC4 003:913.220 - 71.295ms 
T4CC4 003:913.304 JLINK_SetEndian(ARM_ENDIAN_LITTLE)
T4CC4 003:913.336 - 0.031ms returns 0
T4CC4 003:945.370 JLINK_ReadMem(0x00003718, 0x4 Bytes, ...)
T4CC4 003:945.408    -- Read from flash cache (4 bytes @ 0x00003718)
T4CC4 003:945.429   Data:  80 B5 6F 46
T4CC4 003:945.449 - 0.080ms returns 0
T4CC4 003:959.379 JLINK_ReadMem(0x00003718, 0x4 Bytes, ...)
T4CC4 003:959.430    -- Read from flash cache (4 bytes @ 0x00003718)
T4CC4 003:959.456   Data:  80 B5 6F 46
T4CC4 003:959.485 - 0.107ms returns 0
T4CC4 004:335.737 JLINK_GetNumBPUnits(Type = 0xFFFFFF00)
T4CC4 004:335.780 - 0.043ms returns 0x08
T4CC4 004:335.795 JLINK_GetNumWPUnits()
T4CC4 004:335.806 - 0.010ms returns 4
T4CC4 004:335.829 JLINK_GetNumBPUnits(Type = 0xFFFFFF00)
T4CC4 004:335.839 - 0.010ms returns 0x08
T4CC4 004:335.851 JLINK_GetNumWPUnits()
T4CC4 004:335.860 - 0.009ms returns 4
T4CC4 004:335.878 JLINK_GetNumBPUnits(Type = 0xFFFFFF00)
T4CC4 004:335.889 - 0.010ms returns 0x08
T4CC4 004:335.902 JLINK_GetNumWPUnits()
T4CC4 004:335.911 - 0.009ms returns 4
T4CC4 004:335.972 JLINK_SetBPEx(Addr = 0x00001C20, Type = 0xFFFFFF00)
T4CC4 004:335.993 - 0.022ms returns 0x00000001
T4CC4 004:336.010 JLINK_ClrBPEx(BPHandle = 0x00000001)
T4CC4 004:336.021 - 0.010ms returns 0x00
T4CC4 004:351.449 JLINK_ReadMem(0x00001C24, 0x2 Bytes, ...)
T4CC4 004:351.485    -- Read from flash cache (2 bytes @ 0x00001C24)
T4CC4 004:351.503   Data:  FF F7
T4CC4 004:351.517 - 0.069ms returns 0
T4CC4 004:351.987 JLINK_SetBPEx(Addr = 0x00001C24, Type = 0xFFFFFF00)
T4CC4 004:352.030 - 0.043ms returns 0x00000002
T4CC4 004:390.492 JLINK_ReadRegs(NumRegs = 22)
T4CC4 004:390.563   CPU_ReadMem(4 bytes @ 0xE000EE08)
T4CC4 004:391.415   
  R0 (0)        = 0x00                 R1 (1)        = 0x00                 R2 (2)        = 0x00                 R3 (3)        = 0x00              
  R4 (4)        = 0x00                 R5 (5)        = 0x00                 R6 (6)        = 0x00                 R7 (7)        = 0x00              
  R8 (8)        = 0x200012D8           R9 (9)        = 0x10000              R10 (10)      = 0xDFFDFFFF           R11 (11)      = 0x3D6B            
  R12 (12)      = 0x2000D888           R13 (SP) (13) = 0x200009F8           R14 (14)      = 0xFFFFFFFF           R15 (PC) (15) = 0x3718            
  XPSR (16)     = 0xF9000000           MSP (17)      = 0x200009F8           PSP (18)      = 0x00                 MSPLIM (86)   = 0x00              
  PSPLIM (87)   = 0x00                 CFBP (20)     = 0x00              
T4CC4 004:391.447 - 0.956ms returns 0x00
T4CC4 004:393.294 JLINK_ReadMem(0x00003718, 0x4 Bytes, ...)
T4CC4 004:393.330    -- Read from flash cache (4 bytes @ 0x00003718)
T4CC4 004:393.345   Data:  80 B5 6F 46
T4CC4 004:393.361 - 0.067ms returns 0
T5114 004:485.812 JLINK_GetNumBPUnits(Type = 0xFFFFFF00)
T5114 004:485.839 - 0.027ms returns 0x08
T5114 004:485.853 JLINK_GetNumWPUnits()
T5114 004:485.869 - 0.015ms returns 4
T5114 004:486.123 JLINK_GetNumBPUnits(Type = 0xFFFFFF00)
T5114 004:486.145 - 0.022ms returns 0x08
T5114 004:486.158 JLINK_GetNumWPUnits()
T5114 004:486.167 - 0.009ms returns 4
T5114 004:486.503 JLINK_GetNumBPUnits(Type = 0xFFFFFF00)
T5114 004:486.529 - 0.026ms returns 0x08
T5114 004:486.565 JLINK_GetNumWPUnits()
T5114 004:486.627 - 0.061ms returns 4
T5114 004:487.001 JLINK_GetNumBPUnits(Type = 0xFFFFFF00)
T5114 004:487.141 - 0.140ms returns 0x08
T5114 004:487.159 JLINK_GetNumWPUnits()
T5114 004:487.169 - 0.009ms returns 4
T5114 004:488.151 JLINK_GetNumBPUnits(Type = 0xFFFFFF00)
T5114 004:488.178 - 0.028ms returns 0x08
T5114 004:488.191 JLINK_GetNumWPUnits()
T5114 004:488.201 - 0.009ms returns 4
T5114 004:489.057 JLINK_ReadReg(XPSR)
T5114 004:489.909 - 0.850ms returns 0xF9000000
T5114 004:489.940 JLINK_ReadReg(R15 (PC))
T5114 004:489.955 - 0.015ms returns 0x00003718
T5114 004:490.193 JLINK_GetNumBPUnits(Type = 0xFFFFFF00)
T5114 004:490.210 - 0.016ms returns 0x08
T5114 004:490.226 JLINK_GetNumWPUnits()
T5114 004:490.237 - 0.010ms returns 4
T5114 004:490.555 JLINK_GetNumBPUnits(Type = 0xFFFFFF00)
T5114 004:490.573 - 0.017ms returns 0x08
T5114 004:490.589 JLINK_GetNumWPUnits()
T5114 004:490.598 - 0.009ms returns 4
T5114 004:525.394 JLINK_GetNumBPUnits(Type = 0xFFFFFF00)
T5114 004:525.429 - 0.034ms returns 0x08
T5114 004:525.466 JLINK_GetNumWPUnits()
T5114 004:525.477 - 0.011ms returns 4
T4CC4 004:990.590 JLINK_ReadMem(0x00003718, 0x4 Bytes, ...)
T4CC4 004:990.651    -- Read from flash cache (4 bytes @ 0x00003718)
T4CC4 004:990.668   Data:  80 B5 6F 46
T4CC4 004:990.684 - 0.096ms returns 0
T4CC4 007:094.311 JLINK_STRACE_Read(..., NumItems = 0x10000)
T4CC4 007:094.362   Initializing trace type buffer with configured Coresight trace components (* indicates set/detected address):
T4CC4 007:094.378    *TF:   0xE0047000
T4CC4 007:094.389    *TMC:  0xE0048000
T4CC4 007:094.400     ETB:  0x00000000
T4CC4 007:094.409     MTB:  0x00000000
T4CC4 007:094.421    *TPIU: 0xE0040000
T4CC4 007:094.432    *ETM:  0xE0041000
T4CC4 007:094.441     STM:  0x00000000
T4CC4 007:094.452     PTM:  0x00000000
T4CC4 007:095.607 - 1.295ms NumItemsRead = 0x00
T4CC4 007:095.654 JLINK_IsHalted()
T4CC4 007:099.201 - 3.546ms returns TRUE
T4CC4 007:099.246 JLINK_STRACE_Read(..., NumItems = 0x10000)
T4CC4 007:099.260 - 0.014ms NumItemsRead = 0x00
T4CC4 007:099.279 JLINK_GoEx(MaxEmulInsts = 0, Flags = 0x01)
T4CC4 007:099.302   CPU_WriteMem(4 bytes @ 0xE0002000)
T4CC4 007:099.960   CPU_ReadMem(4 bytes @ 0xE0001000)
T4CC4 007:100.695   CPU_WriteMem(4 bytes @ 0xE0002008)
T4CC4 007:100.717   CPU_WriteMem(4 bytes @ 0xE000200C)
T4CC4 007:100.728   CPU_WriteMem(4 bytes @ 0xE0002010)
T4CC4 007:100.738   CPU_WriteMem(4 bytes @ 0xE0002014)
T4CC4 007:100.749   CPU_WriteMem(4 bytes @ 0xE0002018)
T4CC4 007:100.759   CPU_WriteMem(4 bytes @ 0xE000201C)
T4CC4 007:100.769   CPU_WriteMem(4 bytes @ 0xE0002020)
T4CC4 007:100.779   CPU_WriteMem(4 bytes @ 0xE0002024)
T4CC4 007:104.657   CPU_WriteMem(4 bytes @ 0xE0001004)
T4CC4 007:106.419   Memory map 'after startup completion point' is active
T4CC4 007:106.449 - 7.169ms 
T4CC4 007:206.720 JLINK_IsHalted()
T4CC4 007:212.957 - 6.237ms returns TRUE
T4CC4 007:212.999 JLINK_ReadReg(XPSR)
T4CC4 007:213.017   CPU_ReadMem(4 bytes @ 0xE000EE08)
T4CC4 007:213.607 - 0.607ms returns 0x69000000
T4CC4 007:213.645 JLINK_ReadReg(R15 (PC))
T4CC4 007:213.674 - 0.028ms returns 0x00001C24
T4CC4 007:213.698 JLINK_ReadReg(XPSR)
T4CC4 007:213.712 - 0.013ms returns 0x69000000
T4CC4 007:213.726 JLINK_ReadReg(XPSR)
T4CC4 007:213.737 - 0.011ms returns 0x69000000
T4CC4 007:213.798 JLINK_ReadReg(R15 (PC))
T4CC4 007:213.821 - 0.022ms returns 0x00001C24
T4CC4 007:213.838 JLINK_ReadReg(XPSR)
T4CC4 007:213.851 - 0.012ms returns 0x69000000
T4CC4 007:213.865 JLINK_ReadReg(XPSR)
T4CC4 007:213.877 - 0.011ms returns 0x69000000
T4CC4 007:213.893 JLINK_ReadMem(0x00001C24, 0x1 Bytes, ...)
T4CC4 007:213.908    -- Read from flash cache (1 bytes @ 0x00001C24)
T4CC4 007:213.923   Data:  FF
T4CC4 007:213.944 - 0.050ms returns 0
T4CC4 007:213.957 JLINK_IsHalted()
T4CC4 007:213.977 - 0.018ms returns TRUE
T4CC4 007:213.996 JLINK_ReadReg(XPSR)
T4CC4 007:214.010 - 0.014ms returns 0x69000000
T4CC4 007:214.029 JLINK_ReadReg(XPSR)
T4CC4 007:214.042 - 0.013ms returns 0x69000000
T4CC4 007:214.060 JLINK_ReadReg(R15 (PC))
T4CC4 007:214.073 - 0.012ms returns 0x00001C24
T4CC4 007:214.089 JLINK_ReadReg(XPSR)
T4CC4 007:214.121 - 0.030ms returns 0x69000000
T4CC4 007:214.140 JLINK_ReadReg(XPSR)
T4CC4 007:214.169 - 0.029ms returns 0x69000000
T4CC4 007:214.193 JLINK_ReadMem(0x00001C24, 0x1 Bytes, ...)
T4CC4 007:214.206    -- Read from flash cache (1 bytes @ 0x00001C24)
T4CC4 007:214.221   Data:  FF
T4CC4 007:214.253 - 0.059ms returns 0
T4CC4 007:214.356 JLINK_IsHalted()
T4CC4 007:214.373 - 0.016ms returns TRUE
T4CC4 007:214.391 JLINK_ReadReg(XPSR)
T4CC4 007:214.406 - 0.014ms returns 0x69000000
T4CC4 007:214.424 JLINK_ReadReg(R15 (PC))
T4CC4 007:214.436 - 0.012ms returns 0x00001C24
T4CC4 007:214.453 JLINK_ReadReg(XPSR)
T4CC4 007:214.465 - 0.011ms returns 0x69000000
T4CC4 007:214.513 JLINK_ReadReg(XPSR)
T4CC4 007:214.544 - 0.030ms returns 0x69000000
T4CC4 007:214.560 JLINK_ReadReg(R15 (PC))
T4CC4 007:214.573 - 0.012ms returns 0x00001C24
T4CC4 007:214.618 JLINK_ReadReg(XPSR)
T4CC4 007:214.629 - 0.011ms returns 0x69000000
T4CC4 007:214.664 JLINK_ReadReg(XPSR)
T4CC4 007:214.677 - 0.012ms returns 0x69000000
T4CC4 007:214.693 JLINK_ReadMem(0x00001C24, 0x1 Bytes, ...)
T4CC4 007:214.707    -- Read from flash cache (1 bytes @ 0x00001C24)
T4CC4 007:214.741   Data:  FF
T4CC4 007:214.755 - 0.061ms returns 0
T4CC4 007:214.770 JLINK_IsHalted()
T4CC4 007:214.781 - 0.010ms returns TRUE
T4CC4 007:214.795 JLINK_ReadReg(XPSR)
T4CC4 007:214.826 - 0.031ms returns 0x69000000
T4CC4 007:214.862 JLINK_ReadReg(XPSR)
T4CC4 007:214.875 - 0.012ms returns 0x69000000
T4CC4 007:214.891 JLINK_ReadReg(R15 (PC))
T4CC4 007:214.902 - 0.011ms returns 0x00001C24
T4CC4 007:214.916 JLINK_ReadReg(XPSR)
T4CC4 007:214.928 - 0.011ms returns 0x69000000
T4CC4 007:214.941 JLINK_ReadReg(XPSR)
T4CC4 007:214.955 - 0.013ms returns 0x69000000
T4CC4 007:214.972 JLINK_ReadMem(0x00001C24, 0x1 Bytes, ...)
T4CC4 007:214.983    -- Read from flash cache (1 bytes @ 0x00001C24)
T4CC4 007:214.997   Data:  FF
T4CC4 007:215.012 - 0.040ms returns 0
T4CC4 007:215.738 JLINK_ReadRegs(NumRegs = 22)
T4CC4 007:215.813   
  R0 (0)        = 0x00                 R1 (1)        = 0x40006300           R2 (2)        = 0x183                R3 (3)        = 0x10              
  R4 (4)        = 0x00                 R5 (5)        = 0x00                 R6 (6)        = 0x00                 R7 (7)        = 0x200009E8        
  R8 (8)        = 0x200012D8           R9 (9)        = 0x10000              R10 (10)      = 0xDFFDFFFF           R11 (11)      = 0x3D6B            
  R12 (12)      = 0x4001E3FE           R13 (SP) (13) = 0x200009E8           R14 (14)      = 0x3725               R15 (PC) (15) = 0x1C24            
  XPSR (16)     = 0x69000000           MSP (17)      = 0x200009E8           PSP (18)      = 0x00                 MSPLIM (86)   = 0x200005F8        
  PSPLIM (87)   = 0x00                 CFBP (20)     = 0x00              
T4CC4 007:215.829 - 0.091ms returns 0x00
T4CC4 007:217.510 JLINK_ReadMem(0x00001C24, 0x4 Bytes, ...)
T4CC4 007:217.547    -- Read from flash cache (4 bytes @ 0x00001C24)
T4CC4 007:217.581   Data:  FF F7 2A FF
T4CC4 007:217.600 - 0.090ms returns 0
T4CC4 007:218.769 JLINK_ClrBPEx(BPHandle = 0x00000002)
T4CC4 007:218.806 - 0.038ms returns 0x00
T4CC4 007:249.033 JLINK_ReadMem(0x00001C24, 0x4 Bytes, ...)
T4CC4 007:249.075    -- Read from flash cache (4 bytes @ 0x00001C24)
T4CC4 007:249.088   Data:  FF F7 2A FF
T4CC4 007:249.103 - 0.069ms returns 0
T4CC4 007:998.957 JLINK_STRACE_Read(..., NumItems = 0x10000)
T4CC4 007:998.992 - 0.033ms NumItemsRead = 0x00
T4CC4 007:999.009 JLINK_IsHalted()
T4CC4 008:000.065 - 1.055ms returns TRUE
T4CC4 008:000.109 JLINK_STRACE_Read(..., NumItems = 0x10000)
T4CC4 008:000.125 - 0.015ms NumItemsRead = 0x00
T4CC4 008:000.151 JLINK_GoEx(MaxEmulInsts = 0, Flags = 0x01)
T4CC4 008:000.181   CPU_ReadMem(4 bytes @ 0xE0001000)
T4CC4 008:000.828   CPU_WriteMem(4 bytes @ 0xE0002008)
T4CC4 008:002.662 - 2.511ms 
T4CC4 008:096.776 JLINK_IsHalted()
T4CC4 008:097.473 - 0.697ms returns FALSE
T4CC4 008:097.500 JLINK_IsHalted()
T4CC4 008:098.057 - 0.555ms returns FALSE
T4CC4 008:206.887 JLINK_IsHalted()
T4CC4 008:207.493 - 0.605ms returns FALSE
T4CC4 008:207.514 JLINK_IsHalted()
T4CC4 008:208.057 - 0.541ms returns FALSE
T5114 008:220.885 JLINK_ReadReg(XPSR)
T5114 008:221.616   CPU is running
T5114 008:221.640   
  ***** Error: 
T5114 008:221.649   Cannot read register 16 (XPSR) while CPU is running
T5114 008:221.661 - 0.775ms returns 0x00000000
T5114 008:221.674 JLINK_ReadReg(R15 (PC))
T5114 008:222.232   CPU is running
T5114 008:222.248   
  ***** Error: 
T5114 008:222.271   Cannot read register 15 (R15) while CPU is running
T5114 008:222.282 - 0.607ms returns 0x00000000
T4CC4 008:316.481 JLINK_IsHalted()
T4CC4 008:317.502 - 1.020ms returns FALSE
T4CC4 008:317.533 JLINK_IsHalted()
T4CC4 008:318.467 - 0.933ms returns FALSE
T4CC4 008:424.691 JLINK_IsHalted()
T4CC4 008:425.643 - 0.951ms returns FALSE
T4CC4 008:425.677 JLINK_IsHalted()
T4CC4 008:426.510 - 0.831ms returns FALSE
T4CC4 008:534.437 JLINK_IsHalted()
T4CC4 008:535.051 - 0.613ms returns FALSE
T4CC4 008:535.088 JLINK_IsHalted()
T4CC4 008:535.675 - 0.587ms returns FALSE
T4CC4 008:644.011 JLINK_IsHalted()
T4CC4 008:644.949 - 0.937ms returns FALSE
T4CC4 008:644.986 JLINK_IsHalted()
T4CC4 008:645.885 - 0.897ms returns FALSE
T4CC4 008:753.323 JLINK_IsHalted()
T4CC4 008:754.311 - 0.986ms returns FALSE
T4CC4 008:754.376 JLINK_IsHalted()
T4CC4 008:755.321 - 0.942ms returns FALSE
T4CC4 008:862.382 JLINK_IsHalted()
T4CC4 008:863.357 - 0.973ms returns FALSE
T4CC4 008:863.410 JLINK_IsHalted()
T4CC4 008:864.287 - 0.875ms returns FALSE
T4CC4 008:971.638 JLINK_IsHalted()
T4CC4 008:972.238 - 0.598ms returns FALSE
T4CC4 008:972.272 JLINK_IsHalted()
T4CC4 008:972.894 - 0.622ms returns FALSE
T4CC4 009:081.165 JLINK_IsHalted()
T4CC4 009:081.774 - 0.609ms returns FALSE
T4CC4 009:081.811 JLINK_IsHalted()
T4CC4 009:082.330 - 0.518ms returns FALSE
T4CC4 009:190.642 JLINK_IsHalted()
T4CC4 009:191.558 - 0.914ms returns FALSE
T4CC4 009:191.606 JLINK_IsHalted()
T4CC4 009:192.426 - 0.818ms returns FALSE
T5114 009:222.834 JLINK_IsHalted()
T5114 009:223.802 - 0.968ms returns FALSE
T5114 009:223.869 JLINK_IsHalted()
T5114 009:224.823 - 0.953ms returns FALSE
T5114 009:225.217 JLINK_IsHalted()
T5114 009:226.059 - 0.841ms returns FALSE
T5114 009:226.106 JLINK_IsHalted()
T5114 009:226.986 - 0.878ms returns FALSE
T4CC4 009:300.733 JLINK_IsHalted()
T4CC4 009:301.610 - 0.876ms returns FALSE
T4CC4 009:301.642 JLINK_IsHalted()
T4CC4 009:302.543 - 0.898ms returns FALSE
T4CC4 009:410.060 JLINK_IsHalted()
T4CC4 009:411.011 - 0.949ms returns FALSE
T4CC4 009:411.058 JLINK_IsHalted()
T4CC4 009:411.998 - 0.938ms returns FALSE
T4CC4 009:518.811 JLINK_IsHalted()
T4CC4 009:519.826 - 1.013ms returns FALSE
T4CC4 009:519.880 JLINK_IsHalted()
T4CC4 009:520.882 - 0.999ms returns FALSE
T4CC4 009:629.030 JLINK_IsHalted()
T4CC4 009:629.922 - 0.890ms returns FALSE
T4CC4 009:629.971 JLINK_IsHalted()
T4CC4 009:630.889 - 0.916ms returns FALSE
T4CC4 009:737.246 JLINK_IsHalted()
T4CC4 009:738.194 - 0.946ms returns FALSE
T4CC4 009:738.245 JLINK_IsHalted()
T4CC4 009:739.201 - 0.954ms returns FALSE
T4CC4 009:847.308 JLINK_IsHalted()
T4CC4 009:848.301 - 0.991ms returns FALSE
T4CC4 009:848.350 JLINK_IsHalted()
T4CC4 009:849.217 - 0.863ms returns FALSE
T4CC4 009:956.742 JLINK_IsHalted()
T4CC4 009:957.655 - 0.912ms returns FALSE
T4CC4 009:957.706 JLINK_IsHalted()
T4CC4 009:958.642 - 0.934ms returns FALSE
T4CC4 010:066.055 JLINK_IsHalted()
T4CC4 010:066.709 - 0.653ms returns FALSE
T4CC4 010:066.754 JLINK_IsHalted()
T4CC4 010:067.550 - 0.794ms returns FALSE
T4CC4 010:175.620 JLINK_IsHalted()
T4CC4 010:176.508 - 0.886ms returns FALSE
T4CC4 010:176.561 JLINK_IsHalted()
T4CC4 010:177.166 - 0.604ms returns FALSE
T5114 010:225.694 JLINK_IsHalted()
T5114 010:226.470 - 0.775ms returns FALSE
T5114 010:226.503 JLINK_IsHalted()
T5114 010:227.441 - 0.936ms returns FALSE
T4CC4 010:284.706 JLINK_IsHalted()
T4CC4 010:285.685 - 0.979ms returns FALSE
T4CC4 010:285.727 JLINK_IsHalted()
T4CC4 010:286.653 - 0.924ms returns FALSE
T4CC4 010:393.605 JLINK_IsHalted()
T4CC4 010:394.583 - 0.977ms returns FALSE
T4CC4 010:394.625 JLINK_IsHalted()
T4CC4 010:395.490 - 0.864ms returns FALSE
T4CC4 010:503.228 JLINK_IsHalted()
T4CC4 010:504.264 - 1.034ms returns FALSE
T4CC4 010:504.331 JLINK_IsHalted()
T4CC4 010:505.177 - 0.843ms returns FALSE
T4CC4 010:612.875 JLINK_IsHalted()
T4CC4 010:613.905 - 1.028ms returns FALSE
T4CC4 010:613.956 JLINK_IsHalted()
T4CC4 010:614.862 - 0.903ms returns FALSE
T4CC4 010:721.738 JLINK_IsHalted()
T4CC4 010:722.664 - 0.925ms returns FALSE
T4CC4 010:722.716 JLINK_IsHalted()
T4CC4 010:723.661 - 0.943ms returns FALSE
T4CC4 010:831.635 JLINK_IsHalted()
T4CC4 010:832.614 - 0.977ms returns FALSE
T4CC4 010:832.665 JLINK_IsHalted()
T4CC4 010:833.570 - 0.903ms returns FALSE
T4CC4 010:941.204 JLINK_IsHalted()
T4CC4 010:942.138 - 0.932ms returns FALSE
T4CC4 010:942.292 JLINK_IsHalted()
T4CC4 010:942.974 - 0.682ms returns FALSE
T4CC4 011:049.854 JLINK_IsHalted()
T4CC4 011:050.799 - 0.944ms returns FALSE
T4CC4 011:050.859 JLINK_IsHalted()
T4CC4 011:051.702 - 0.840ms returns FALSE
T4CC4 011:159.539 JLINK_IsHalted()
T4CC4 011:160.518 - 0.977ms returns FALSE
T4CC4 011:160.569 JLINK_IsHalted()
T4CC4 011:161.495 - 0.924ms returns FALSE
T5114 011:228.574 JLINK_IsHalted()
T5114 011:229.630 - 1.053ms returns FALSE
T5114 011:229.693 JLINK_IsHalted()
T5114 011:230.654 - 0.958ms returns FALSE
T4CC4 011:269.212 JLINK_IsHalted()
T4CC4 011:270.197 - 0.984ms returns FALSE
T4CC4 011:270.249 JLINK_IsHalted()
T4CC4 011:271.145 - 0.894ms returns FALSE
T4CC4 011:378.059 JLINK_IsHalted()
T4CC4 011:379.048 - 0.987ms returns FALSE
T4CC4 011:379.099 JLINK_IsHalted()
T4CC4 011:379.946 - 0.843ms returns FALSE
T4CC4 011:487.614 JLINK_IsHalted()
T4CC4 011:488.225 - 0.610ms returns FALSE
T4CC4 011:488.258 JLINK_IsHalted()
T4CC4 011:488.806 - 0.547ms returns FALSE
T4CC4 011:597.279 JLINK_IsHalted()
T4CC4 011:597.882 - 0.602ms returns FALSE
T4CC4 011:597.901 JLINK_IsHalted()
T4CC4 011:598.461 - 0.559ms returns FALSE
T4CC4 011:706.073 JLINK_IsHalted()
T4CC4 011:707.027 - 0.953ms returns FALSE
T4CC4 011:707.058 JLINK_IsHalted()
T4CC4 011:707.819 - 0.761ms returns FALSE
T4CC4 011:816.475 JLINK_IsHalted()
T4CC4 011:817.306 - 0.828ms returns FALSE
T4CC4 011:817.343 JLINK_IsHalted()
T4CC4 011:818.250 - 0.905ms returns FALSE
T4CC4 011:924.718 JLINK_IsHalted()
T4CC4 011:925.335 - 0.617ms returns FALSE
T4CC4 011:925.360 JLINK_IsHalted()
T4CC4 011:925.959 - 0.598ms returns FALSE
T4CC4 012:034.368 JLINK_IsHalted()
T4CC4 012:035.314 - 0.945ms returns FALSE
T4CC4 012:035.361 JLINK_IsHalted()
T4CC4 012:036.245 - 0.883ms returns FALSE
T4CC4 012:143.417 JLINK_IsHalted()
T4CC4 012:144.002 - 0.584ms returns FALSE
T4CC4 012:144.022 JLINK_IsHalted()
T4CC4 012:144.587 - 0.564ms returns FALSE
T5114 012:231.203 JLINK_IsHalted()
T5114 012:231.840 - 0.635ms returns FALSE
T5114 012:231.883 JLINK_IsHalted()
T5114 012:232.802 - 0.918ms returns FALSE
T4CC4 012:253.266 JLINK_IsHalted()
T4CC4 012:254.082 - 0.815ms returns FALSE
T4CC4 012:254.112 JLINK_IsHalted()
T4CC4 012:255.022 - 0.909ms returns FALSE
T4CC4 012:362.350 JLINK_IsHalted()
T4CC4 012:362.976 - 0.625ms returns FALSE
T4CC4 012:362.998 JLINK_IsHalted()
T4CC4 012:363.587 - 0.588ms returns FALSE
T4CC4 012:471.638 JLINK_IsHalted()
T4CC4 012:472.526 - 0.886ms returns FALSE
T4CC4 012:472.674 JLINK_IsHalted()
T4CC4 012:473.401 - 0.725ms returns FALSE
T4CC4 012:581.602 JLINK_IsHalted()
T4CC4 012:582.238 - 0.636ms returns FALSE
T4CC4 012:582.264 JLINK_IsHalted()
T4CC4 012:582.835 - 0.569ms returns FALSE
T4CC4 012:691.520 JLINK_IsHalted()
T4CC4 012:692.442 - 0.921ms returns FALSE
T4CC4 012:692.490 JLINK_IsHalted()
T4CC4 012:693.470 - 0.978ms returns FALSE
T4CC4 012:800.595 JLINK_IsHalted()
T4CC4 012:801.542 - 0.947ms returns FALSE
T4CC4 012:801.580 JLINK_IsHalted()
T4CC4 012:802.499 - 0.917ms returns FALSE
T4CC4 012:909.392 JLINK_IsHalted()
T4CC4 012:910.279 - 0.887ms returns FALSE
T4CC4 012:910.317 JLINK_IsHalted()
T4CC4 012:910.981 - 0.662ms returns FALSE
T4CC4 013:018.718 JLINK_IsHalted()
T4CC4 013:019.634 - 0.914ms returns FALSE
T4CC4 013:019.686 JLINK_IsHalted()
T4CC4 013:020.594 - 0.908ms returns FALSE
T4CC4 013:127.934 JLINK_IsHalted()
T4CC4 013:128.842 - 0.906ms returns FALSE
T4CC4 013:128.895 JLINK_IsHalted()
T4CC4 013:129.624 - 0.728ms returns FALSE
T5114 013:233.738 JLINK_IsHalted()
T5114 013:234.654 - 0.916ms returns FALSE
T5114 013:234.688 JLINK_IsHalted()
T5114 013:235.526 - 0.837ms returns FALSE
T4CC4 013:237.563 JLINK_IsHalted()
T4CC4 013:238.518 - 0.954ms returns FALSE
T4CC4 013:238.558 JLINK_IsHalted()
T4CC4 013:239.520 - 0.960ms returns FALSE
T4CC4 013:347.401 JLINK_IsHalted()
T4CC4 013:348.238 - 0.837ms returns FALSE
T4CC4 013:348.260 JLINK_IsHalted()
T4CC4 013:348.932 - 0.670ms returns FALSE
T4CC4 013:456.389 JLINK_IsHalted()
T4CC4 013:457.302 - 0.912ms returns FALSE
T4CC4 013:457.371 JLINK_IsHalted()
T4CC4 013:458.293 - 0.920ms returns FALSE
T4CC4 013:565.771 JLINK_IsHalted()
T4CC4 013:566.643 - 0.869ms returns FALSE
T4CC4 013:566.698 JLINK_IsHalted()
T4CC4 013:567.562 - 0.862ms returns FALSE
T4CC4 013:675.069 JLINK_IsHalted()
T4CC4 013:676.006 - 0.903ms returns FALSE
T4CC4 013:676.069 JLINK_IsHalted()
T4CC4 013:677.022 - 0.953ms returns FALSE
T4CC4 013:784.261 JLINK_IsHalted()
T4CC4 013:784.888 - 0.627ms returns FALSE
T4CC4 013:784.923 JLINK_IsHalted()
T4CC4 013:785.456 - 0.531ms returns FALSE
T4CC4 013:893.554 JLINK_IsHalted()
T4CC4 013:894.525 - 0.971ms returns FALSE
T4CC4 013:894.555 JLINK_IsHalted()
T4CC4 013:895.387 - 0.830ms returns FALSE
T4CC4 014:002.914 JLINK_IsHalted()
T4CC4 014:003.906 - 0.991ms returns FALSE
T4CC4 014:003.939 JLINK_IsHalted()
T4CC4 014:004.848 - 0.906ms returns FALSE
T4CC4 014:112.240 JLINK_IsHalted()
T4CC4 014:112.952 - 0.710ms returns FALSE
T4CC4 014:112.997 JLINK_IsHalted()
T4CC4 014:113.610 - 0.612ms returns FALSE
T4CC4 014:221.630 JLINK_IsHalted()
T4CC4 014:222.534 - 0.899ms returns FALSE
T4CC4 014:222.570 JLINK_IsHalted()
T4CC4 014:223.493 - 0.922ms returns FALSE
T5114 014:235.786 JLINK_IsHalted()
T5114 014:236.566 - 0.779ms returns FALSE
T5114 014:236.598 JLINK_IsHalted()
T5114 014:237.475 - 0.874ms returns FALSE
T4CC4 014:331.229 JLINK_IsHalted()
T4CC4 014:332.117 - 0.887ms returns FALSE
T4CC4 014:332.166 JLINK_IsHalted()
T4CC4 014:333.104 - 0.936ms returns FALSE
T4CC4 014:440.405 JLINK_IsHalted()
T4CC4 014:441.235 - 0.828ms returns FALSE
T4CC4 014:441.344 JLINK_IsHalted()
T4CC4 014:442.128 - 0.781ms returns FALSE
T4CC4 014:550.002 JLINK_IsHalted()
T4CC4 014:550.910 - 0.907ms returns FALSE
T4CC4 014:550.944 JLINK_IsHalted()
T4CC4 014:551.850 - 0.904ms returns FALSE
T4CC4 014:659.714 JLINK_IsHalted()
T4CC4 014:660.806 - 1.090ms returns FALSE
T4CC4 014:660.899 JLINK_IsHalted()
T4CC4 014:661.715 - 0.811ms returns FALSE
T4CC4 014:769.205 JLINK_IsHalted()
T4CC4 014:770.413 - 1.205ms returns FALSE
T4CC4 014:770.510 JLINK_IsHalted()
T4CC4 014:771.382 - 0.867ms returns FALSE
T4CC4 014:878.842 JLINK_IsHalted()
T4CC4 014:879.797 - 0.953ms returns FALSE
T4CC4 014:879.866 JLINK_IsHalted()
T4CC4 014:880.752 - 0.883ms returns FALSE
T4CC4 014:987.587 JLINK_IsHalted()
T4CC4 014:988.429 - 0.844ms returns FALSE
T4CC4 014:988.538 JLINK_IsHalted()
T4CC4 014:989.166 - 0.627ms returns FALSE
T4CC4 015:097.582 JLINK_IsHalted()
T4CC4 015:098.230 - 0.649ms returns FALSE
T4CC4 015:098.266 JLINK_IsHalted()
T4CC4 015:098.870 - 0.602ms returns FALSE
T4CC4 015:206.907 JLINK_IsHalted()
T4CC4 015:207.906 - 0.998ms returns FALSE
T4CC4 015:207.942 JLINK_IsHalted()
T4CC4 015:208.882 - 0.937ms returns FALSE
T5114 015:238.072 JLINK_IsHalted()
T5114 015:238.763 - 0.690ms returns FALSE
T5114 015:238.794 JLINK_IsHalted()
T5114 015:239.787 - 0.991ms returns FALSE
T4CC4 015:315.758 JLINK_IsHalted()
T4CC4 015:316.666 - 0.903ms returns FALSE
T4CC4 015:316.805 JLINK_IsHalted()
T4CC4 015:317.853 - 1.047ms returns FALSE
T4CC4 015:424.947 JLINK_IsHalted()
T4CC4 015:425.968 - 1.020ms returns FALSE
T4CC4 015:426.043 JLINK_IsHalted()
T4CC4 015:427.059 - 1.012ms returns FALSE
T4CC4 015:534.200 JLINK_IsHalted()
T4CC4 015:535.134 - 0.932ms returns FALSE
T4CC4 015:535.202 JLINK_IsHalted()
T4CC4 015:536.109 - 0.905ms returns FALSE
T4CC4 015:643.821 JLINK_IsHalted()
T4CC4 015:644.742 - 0.918ms returns FALSE
T4CC4 015:644.867 JLINK_IsHalted()
T4CC4 015:646.285 - 1.413ms returns FALSE
T4CC4 015:753.619 JLINK_IsHalted()
T4CC4 015:754.862 - 1.241ms returns FALSE
T4CC4 015:754.960 JLINK_IsHalted()
T4CC4 015:755.934 - 0.968ms returns FALSE
T4CC4 015:863.174 JLINK_IsHalted()
T4CC4 015:863.846 - 0.671ms returns FALSE
T4CC4 015:863.877 JLINK_IsHalted()
T4CC4 015:864.475 - 0.597ms returns FALSE
T4CC4 015:971.803 JLINK_IsHalted()
T4CC4 015:972.806 - 1.003ms returns FALSE
T4CC4 015:972.837 JLINK_IsHalted()
T4CC4 015:973.776 - 0.937ms returns FALSE
T4CC4 016:080.984 JLINK_IsHalted()
T4CC4 016:081.976 - 0.990ms returns FALSE
T4CC4 016:082.030 JLINK_IsHalted()
T4CC4 016:082.968 - 0.933ms returns FALSE
T4CC4 016:190.752 JLINK_IsHalted()
T4CC4 016:191.717 - 0.963ms returns FALSE
T4CC4 016:191.771 JLINK_IsHalted()
T4CC4 016:192.738 - 0.964ms returns FALSE
T5114 016:241.002 JLINK_IsHalted()
T5114 016:241.882 - 0.879ms returns FALSE
T5114 016:241.936 JLINK_IsHalted()
T5114 016:242.776 - 0.837ms returns FALSE
T4CC4 016:299.874 JLINK_IsHalted()
T4CC4 016:300.762 - 0.887ms returns FALSE
T4CC4 016:300.797 JLINK_IsHalted()
T4CC4 016:301.707 - 0.908ms returns FALSE
T4CC4 016:409.451 JLINK_IsHalted()
T4CC4 016:410.472 - 1.019ms returns FALSE
T4CC4 016:410.514 JLINK_IsHalted()
T4CC4 016:411.459 - 0.943ms returns FALSE
T4CC4 016:518.822 JLINK_IsHalted()
T4CC4 016:519.805 - 0.981ms returns FALSE
T4CC4 016:519.851 JLINK_IsHalted()
T4CC4 016:520.714 - 0.856ms returns FALSE
T4CC4 016:628.154 JLINK_IsHalted()
T4CC4 016:629.114 - 0.959ms returns FALSE
T4CC4 016:629.149 JLINK_IsHalted()
T4CC4 016:630.122 - 0.971ms returns FALSE
T4CC4 016:738.229 JLINK_IsHalted()
T4CC4 016:739.147 - 0.916ms returns FALSE
T4CC4 016:739.208 JLINK_IsHalted()
T4CC4 016:740.163 - 0.953ms returns FALSE
T4CC4 016:847.384 JLINK_IsHalted()
T4CC4 016:848.490 - 1.103ms returns FALSE
T4CC4 016:848.556 JLINK_IsHalted()
T4CC4 016:849.556 - 0.996ms returns FALSE
T4CC4 016:956.596 JLINK_IsHalted()
T4CC4 016:957.454 - 0.856ms returns FALSE
T4CC4 016:957.492 JLINK_IsHalted()
T4CC4 016:958.388 - 0.893ms returns FALSE
T4CC4 017:065.660 JLINK_IsHalted()
T4CC4 017:066.692 - 1.031ms returns FALSE
T4CC4 017:066.762 JLINK_IsHalted()
T4CC4 017:067.664 - 0.899ms returns FALSE
T4CC4 017:175.478 JLINK_IsHalted()
T4CC4 017:176.500 - 1.019ms returns FALSE
T4CC4 017:176.564 JLINK_IsHalted()
T4CC4 017:177.478 - 0.913ms returns FALSE
T5114 017:242.940 JLINK_IsHalted()
T5114 017:243.994 - 1.053ms returns FALSE
T5114 017:244.056 JLINK_IsHalted()
T5114 017:245.050 - 0.991ms returns FALSE
T4CC4 017:284.540 JLINK_IsHalted()
T4CC4 017:285.488 - 0.946ms returns FALSE
T4CC4 017:285.552 JLINK_IsHalted()
T4CC4 017:286.548 - 0.994ms returns FALSE
T4CC4 017:394.308 JLINK_IsHalted()
T4CC4 017:395.356 - 1.047ms returns FALSE
T4CC4 017:395.418 JLINK_IsHalted()
T4CC4 017:396.276 - 0.855ms returns FALSE
T4CC4 017:503.112 JLINK_IsHalted()
T4CC4 017:504.068 - 0.954ms returns FALSE
T4CC4 017:504.128 JLINK_IsHalted()
T4CC4 017:505.060 - 0.931ms returns FALSE
T4CC4 017:612.746 JLINK_IsHalted()
T4CC4 017:613.358 - 0.612ms returns FALSE
T4CC4 017:613.380 JLINK_IsHalted()
T4CC4 017:613.932 - 0.553ms returns FALSE
T4CC4 017:722.420 JLINK_IsHalted()
T4CC4 017:723.026 - 0.604ms returns FALSE
T4CC4 017:723.050 JLINK_IsHalted()
T4CC4 017:723.630 - 0.579ms returns FALSE
T4CC4 017:831.728 JLINK_IsHalted()
T4CC4 017:832.380 - 0.653ms returns FALSE
T4CC4 017:832.412 JLINK_IsHalted()
T4CC4 017:832.964 - 0.549ms returns FALSE
T4CC4 017:941.180 JLINK_IsHalted()
T4CC4 017:941.970 - 0.788ms returns FALSE
T4CC4 017:942.040 JLINK_IsHalted()
T4CC4 017:942.990 - 0.946ms returns FALSE
T4CC4 018:050.658 JLINK_IsHalted()
T4CC4 018:051.596 - 0.937ms returns FALSE
T4CC4 018:051.626 JLINK_IsHalted()
T4CC4 018:052.508 - 0.881ms returns FALSE
T4CC4 018:159.938 JLINK_IsHalted()
T4CC4 018:160.900 - 0.962ms returns FALSE
T4CC4 018:160.932 JLINK_IsHalted()
T4CC4 018:161.588 - 0.655ms returns FALSE
T5114 018:246.294 JLINK_IsHalted()
T5114 018:246.916 - 0.621ms returns FALSE
T5114 018:246.958 JLINK_IsHalted()
T5114 018:247.774 - 0.816ms returns FALSE
T4CC4 018:269.062 JLINK_IsHalted()
T4CC4 018:269.636 - 0.572ms returns FALSE
T4CC4 018:269.652 JLINK_IsHalted()
T4CC4 018:270.248 - 0.595ms returns FALSE
T4CC4 018:378.446 JLINK_IsHalted()
T4CC4 018:379.226 - 0.780ms returns FALSE
T4CC4 018:379.270 JLINK_IsHalted()
T4CC4 018:380.206 - 0.936ms returns FALSE
T4CC4 018:487.620 JLINK_IsHalted()
T4CC4 018:488.590 - 0.970ms returns FALSE
T4CC4 018:488.640 JLINK_IsHalted()
T4CC4 018:489.564 - 0.921ms returns FALSE
T4CC4 018:597.414 JLINK_IsHalted()
T4CC4 018:598.094 - 0.679ms returns FALSE
T4CC4 018:598.130 JLINK_IsHalted()
T4CC4 018:598.750 - 0.619ms returns FALSE
T4CC4 018:706.596 JLINK_IsHalted()
T4CC4 018:707.512 - 0.916ms returns FALSE
T4CC4 018:707.546 JLINK_IsHalted()
T4CC4 018:708.484 - 0.936ms returns FALSE
T4CC4 018:815.766 JLINK_IsHalted()
T4CC4 018:816.854 - 1.084ms returns FALSE
T4CC4 018:816.964 JLINK_IsHalted()
T4CC4 018:817.868 - 0.899ms returns FALSE
T4CC4 018:925.248 JLINK_IsHalted()
T4CC4 018:926.426 - 1.176ms returns FALSE
T4CC4 018:926.524 JLINK_IsHalted()
T4CC4 018:927.526 - 0.999ms returns FALSE
T4CC4 019:034.212 JLINK_IsHalted()
T4CC4 019:035.252 - 1.037ms returns FALSE
T4CC4 019:035.332 JLINK_IsHalted()
T4CC4 019:036.092 - 0.752ms returns FALSE
T4CC4 019:143.806 JLINK_IsHalted()
T4CC4 019:144.824 - 1.016ms returns FALSE
T4CC4 019:144.870 JLINK_IsHalted()
T4CC4 019:145.484 - 0.613ms returns FALSE
T5114 019:249.264 JLINK_IsHalted()
T5114 019:250.272 - 1.007ms returns FALSE
T5114 019:250.328 JLINK_IsHalted()
T5114 019:251.302 - 0.972ms returns FALSE
T4CC4 019:252.996 JLINK_IsHalted()
T4CC4 019:253.804 - 0.810ms returns FALSE
T4CC4 019:253.864 JLINK_IsHalted()
T4CC4 019:254.780 - 0.914ms returns FALSE
T4CC4 019:362.800 JLINK_IsHalted()
T4CC4 019:363.932 - 1.129ms returns FALSE
T4CC4 019:363.988 JLINK_IsHalted()
T4CC4 019:364.852 - 0.863ms returns FALSE
T4CC4 019:472.574 JLINK_IsHalted()
T4CC4 019:473.478 - 0.900ms returns FALSE
T4CC4 019:473.540 JLINK_IsHalted()
T4CC4 019:474.420 - 0.877ms returns FALSE
T4CC4 019:581.884 JLINK_IsHalted()
T4CC4 019:582.796 - 0.909ms returns FALSE
T4CC4 019:582.904 JLINK_IsHalted()
T4CC4 019:583.820 - 0.915ms returns FALSE
T4CC4 019:691.004 JLINK_IsHalted()
T4CC4 019:692.032 - 1.026ms returns FALSE
T4CC4 019:692.114 JLINK_IsHalted()
T4CC4 019:693.008 - 0.889ms returns FALSE
T4CC4 019:800.396 JLINK_IsHalted()
T4CC4 019:801.102 - 0.707ms returns FALSE
T4CC4 019:801.140 JLINK_IsHalted()
T4CC4 019:801.680 - 0.538ms returns FALSE
T4CC4 019:909.552 JLINK_IsHalted()
T4CC4 019:910.284 - 0.730ms returns FALSE
T4CC4 019:910.318 JLINK_IsHalted()
T4CC4 019:911.162 - 0.843ms returns FALSE
T4CC4 020:019.548 JLINK_IsHalted()
T4CC4 020:020.436 - 0.888ms returns FALSE
T4CC4 020:020.486 JLINK_IsHalted()
T4CC4 020:021.234 - 0.745ms returns FALSE
T4CC4 020:128.452 JLINK_IsHalted()
T4CC4 020:129.068 - 0.616ms returns FALSE
T4CC4 020:129.092 JLINK_IsHalted()
T4CC4 020:129.654 - 0.559ms returns FALSE
T4CC4 020:237.836 JLINK_IsHalted()
T4CC4 020:238.658 - 0.821ms returns FALSE
T4CC4 020:238.688 JLINK_IsHalted()
T4CC4 020:239.484 - 0.794ms returns FALSE
T5114 020:251.900 JLINK_IsHalted()
T5114 020:252.772 - 0.869ms returns FALSE
T5114 020:252.800 JLINK_IsHalted()
T5114 020:253.690 - 0.888ms returns FALSE
T4CC4 020:346.944 JLINK_IsHalted()
T4CC4 020:347.686 - 0.742ms returns FALSE
T4CC4 020:347.732 JLINK_IsHalted()
T4CC4 020:348.516 - 0.784ms returns FALSE
T4CC4 020:456.286 JLINK_IsHalted()
T4CC4 020:457.284 - 0.995ms returns FALSE
T4CC4 020:457.340 JLINK_IsHalted()
T4CC4 020:458.244 - 0.903ms returns FALSE
T4CC4 020:565.724 JLINK_IsHalted()
T4CC4 020:566.654 - 0.930ms returns FALSE
T4CC4 020:566.710 JLINK_IsHalted()
T4CC4 020:567.686 - 0.974ms returns FALSE
T4CC4 020:675.510 JLINK_IsHalted()
T4CC4 020:676.260 - 0.749ms returns FALSE
T4CC4 020:676.302 JLINK_IsHalted()
T4CC4 020:677.020 - 0.716ms returns FALSE
T4CC4 020:784.848 JLINK_IsHalted()
T4CC4 020:785.826 - 0.976ms returns FALSE
T4CC4 020:785.880 JLINK_IsHalted()
T4CC4 020:786.746 - 0.863ms returns FALSE
T4CC4 020:893.620 JLINK_IsHalted()
T4CC4 020:894.404 - 0.783ms returns FALSE
T4CC4 020:894.452 JLINK_IsHalted()
T4CC4 020:895.460 - 1.005ms returns FALSE
T4CC4 021:003.644 JLINK_IsHalted()
T4CC4 021:004.618 - 0.974ms returns FALSE
T4CC4 021:004.668 JLINK_IsHalted()
T4CC4 021:005.618 - 0.948ms returns FALSE
T4CC4 021:112.300 JLINK_IsHalted()
T4CC4 021:113.300 - 0.996ms returns FALSE
T4CC4 021:113.356 JLINK_IsHalted()
T4CC4 021:114.334 - 0.974ms returns FALSE
T4CC4 021:222.446 JLINK_IsHalted()
T4CC4 021:223.462 - 1.013ms returns FALSE
T4CC4 021:223.524 JLINK_IsHalted()
T4CC4 021:224.296 - 0.771ms returns FALSE
T5114 021:254.242 JLINK_IsHalted()
T5114 021:255.138 - 0.895ms returns FALSE
T5114 021:255.194 JLINK_IsHalted()
T5114 021:255.940 - 0.743ms returns FALSE
T4CC4 021:331.390 JLINK_IsHalted()
T4CC4 021:332.470 - 1.079ms returns FALSE
T4CC4 021:332.530 JLINK_IsHalted()
T4CC4 021:333.518 - 0.986ms returns FALSE
T4CC4 021:440.654 JLINK_IsHalted()
T4CC4 021:441.676 - 1.020ms returns FALSE
T4CC4 021:441.734 JLINK_IsHalted()
T4CC4 021:442.720 - 0.983ms returns FALSE
T4CC4 021:551.754 JLINK_IsHalted()
T4CC4 021:552.640 - 0.886ms returns FALSE
T4CC4 021:552.662 JLINK_IsHalted()
T4CC4 021:553.238 - 0.574ms returns FALSE
T4BE4 021:728.612   JLINK_RTTERMINAL_Control(Cmd = JLINKARM_RTTERMINAL_CMD_START, CtrlBlockAddr = 0x20000A20)
T4BE4 021:728.650   - 0.038ms returns 0x00
T4BE4 021:730.810   JLINK_RTTERMINAL_Read(BufferIndex = 0, BufferSize = 0x00010000)
T4BE4 021:730.840   - 0.032ms returns 0
T4848 021:730.934   CPU_ReadMem(24 bytes @ 0x20000A20)
T4848 021:732.600   Periodic RTT: RTT CB auto-detected @ 0x20000A20
T4848 021:742.210   Periodic RTT: RTT CB verified. Started data handling
T4CC4 021:743.222 JLINK_IsHalted()
T4CC4 021:744.212 - 0.988ms returns FALSE
T4CC4 021:744.246 JLINK_IsHalted()
T4CC4 021:751.082 - 6.832ms returns FALSE
T4848 021:760.492   CPU_ReadMem(32 bytes @ 0x00003C8F)
T4BE4 021:781.636   JLINK_RTTERMINAL_Read(BufferIndex = 0, BufferSize = 0x00010000)
T4BE4 021:781.730   - 0.096ms returns 91
T4BE4 021:782.474   JLINK_RTTERMINAL_Read(BufferIndex = 0, BufferSize = 0x00010000)
T4BE4 021:782.656   - 0.182ms returns 0
T4BE4 021:833.656   JLINK_RTTERMINAL_Read(BufferIndex = 0, BufferSize = 0x00010000)
T4BE4 021:833.692   - 0.036ms returns 0
T4CC4 021:847.606 JLINK_IsHalted()
T4CC4 021:851.374 - 3.768ms returns FALSE
T4CC4 021:851.440 JLINK_IsHalted()
T4CC4 021:855.114 - 3.672ms returns FALSE
T4BE4 021:885.092   JLINK_RTTERMINAL_Read(BufferIndex = 0, BufferSize = 0x00010000)
T4BE4 021:885.132   - 0.040ms returns 0
T4BE4 021:935.938   JLINK_RTTERMINAL_Read(BufferIndex = 0, BufferSize = 0x00010000)
T4BE4 021:935.978   - 0.044ms returns 0
T4CC4 021:956.828 JLINK_IsHalted()
T4CC4 021:959.526 - 2.697ms returns FALSE
T4CC4 021:959.560 JLINK_IsHalted()
T4CC4 021:963.270 - 3.709ms returns FALSE
T4BE4 021:987.082   JLINK_RTTERMINAL_Read(BufferIndex = 0, BufferSize = 0x00010000)
T4BE4 021:987.120   - 0.037ms returns 0
T4BE4 022:038.004   JLINK_RTTERMINAL_Read(BufferIndex = 0, BufferSize = 0x00010000)
T4BE4 022:038.052   - 0.048ms returns 0
T4CC4 022:065.960 JLINK_IsHalted()
T4CC4 022:069.854 - 3.892ms returns FALSE
T4CC4 022:069.906 JLINK_IsHalted()
T4CC4 022:073.312 - 3.403ms returns FALSE
T4BE4 022:088.778   JLINK_RTTERMINAL_Read(BufferIndex = 0, BufferSize = 0x00010000)
T4BE4 022:088.848   - 0.070ms returns 0
T4BE4 022:139.788   JLINK_RTTERMINAL_Read(BufferIndex = 0, BufferSize = 0x00010000)
T4BE4 022:139.832   - 0.044ms returns 0
T4CC4 022:175.508 JLINK_IsHalted()
T4CC4 022:179.476 - 3.967ms returns FALSE
T4CC4 022:179.584 JLINK_IsHalted()
T4CC4 022:183.206 - 3.622ms returns FALSE
T4BE4 022:190.448   JLINK_RTTERMINAL_Read(BufferIndex = 0, BufferSize = 0x00010000)
T4BE4 022:190.516   - 0.073ms returns 0
T4BE4 022:241.148   JLINK_RTTERMINAL_Read(BufferIndex = 0, BufferSize = 0x00010000)
T4BE4 022:241.190   - 0.043ms returns 0
T5114 022:257.044 JLINK_IsHalted()
T5114 022:260.902 - 3.856ms returns FALSE
T5114 022:260.958 JLINK_IsHalted()
T5114 022:264.476 - 3.517ms returns FALSE
T4CC4 022:284.940 JLINK_IsHalted()
T4CC4 022:286.220 - 1.279ms returns FALSE
T4CC4 022:286.276 JLINK_IsHalted()
T4CC4 022:290.256 - 3.977ms returns FALSE
T4BE4 022:291.586   JLINK_RTTERMINAL_Read(BufferIndex = 0, BufferSize = 0x00010000)
T4BE4 022:291.628   - 0.042ms returns 0
T4BE4 022:343.208   JLINK_RTTERMINAL_Read(BufferIndex = 0, BufferSize = 0x00010000)
T4BE4 022:343.244   - 0.038ms returns 0
T4BE4 022:395.792   JLINK_RTTERMINAL_Read(BufferIndex = 0, BufferSize = 0x00010000)
T4BE4 022:395.836   - 0.046ms returns 0
T4CC4 022:395.940 JLINK_IsHalted()
T4CC4 022:399.836 - 3.895ms returns FALSE
T4CC4 022:399.890 JLINK_IsHalted()
T4CC4 022:403.530 - 3.638ms returns FALSE
T4BE4 022:446.944   JLINK_RTTERMINAL_Read(BufferIndex = 0, BufferSize = 0x00010000)
T4BE4 022:446.994   - 0.050ms returns 0
T4BE4 022:497.534   JLINK_RTTERMINAL_Read(BufferIndex = 0, BufferSize = 0x00010000)
T4BE4 022:497.576   - 0.046ms returns 0
T4CC4 022:503.642 JLINK_IsHalted()
T4CC4 022:507.268 - 3.627ms returns FALSE
T4CC4 022:507.330 JLINK_IsHalted()
T4CC4 022:511.006 - 3.673ms returns FALSE
T4BE4 022:549.724   JLINK_RTTERMINAL_Read(BufferIndex = 0, BufferSize = 0x00010000)
T4BE4 022:549.762   - 0.038ms returns 0
T4BE4 022:600.292   JLINK_RTTERMINAL_Read(BufferIndex = 0, BufferSize = 0x00010000)
T4BE4 022:600.332   - 0.038ms returns 0
T4CC4 022:612.234 JLINK_IsHalted()
T4CC4 022:615.810 - 3.575ms returns FALSE
T4CC4 022:615.848 JLINK_IsHalted()
T4CC4 022:619.812 - 3.962ms returns FALSE
T4BE4 022:651.220   JLINK_RTTERMINAL_Read(BufferIndex = 0, BufferSize = 0x00010000)
T4BE4 022:651.266   - 0.045ms returns 0
T4BE4 022:702.044   JLINK_RTTERMINAL_Read(BufferIndex = 0, BufferSize = 0x00010000)
T4BE4 022:702.084   - 0.041ms returns 0
T4CC4 022:721.882 JLINK_IsHalted()
T4CC4 022:723.838 - 1.954ms returns FALSE
T4CC4 022:723.890 JLINK_IsHalted()
T4CC4 022:727.488 - 3.596ms returns FALSE
T4BE4 022:752.816   JLINK_RTTERMINAL_Read(BufferIndex = 0, BufferSize = 0x00010000)
T4BE4 022:752.844   - 0.028ms returns 0
T4BE4 022:803.748   JLINK_RTTERMINAL_Read(BufferIndex = 0, BufferSize = 0x00010000)
T4BE4 022:803.790   - 0.045ms returns 0
T4CC4 022:831.468 JLINK_IsHalted()
T4CC4 022:834.804 - 3.337ms returns FALSE
T4CC4 022:834.860 JLINK_IsHalted()
T4CC4 022:838.482 - 3.620ms returns FALSE
T4BE4 022:856.258   JLINK_RTTERMINAL_Read(BufferIndex = 0, BufferSize = 0x00010000)
T4BE4 022:856.298   - 0.041ms returns 0
T4BE4 022:907.570   JLINK_RTTERMINAL_Read(BufferIndex = 0, BufferSize = 0x00010000)
T4BE4 022:907.628   - 0.060ms returns 0
T4CC4 022:941.476 JLINK_IsHalted()
T4CC4 022:945.180 - 3.700ms returns FALSE
T4CC4 022:945.266 JLINK_IsHalted()
T4CC4 022:948.930 - 3.663ms returns FALSE
T4BE4 022:958.792   JLINK_RTTERMINAL_Read(BufferIndex = 0, BufferSize = 0x00010000)
T4BE4 022:958.844   - 0.053ms returns 0
T4BE4 023:009.652   JLINK_RTTERMINAL_Read(BufferIndex = 0, BufferSize = 0x00010000)
T4BE4 023:009.696   - 0.045ms returns 0
T4CC4 023:050.324 JLINK_IsHalted()
T4CC4 023:053.378 - 3.052ms returns FALSE
T4CC4 023:053.434 JLINK_IsHalted()
T4CC4 023:057.126 - 3.691ms returns FALSE
T4BE4 023:060.408   JLINK_RTTERMINAL_Read(BufferIndex = 0, BufferSize = 0x00010000)
T4BE4 023:060.450   - 0.044ms returns 0
T4BE4 023:111.060   JLINK_RTTERMINAL_Read(BufferIndex = 0, BufferSize = 0x00010000)
T4BE4 023:111.106   - 0.047ms returns 0
T4CC4 023:159.996 JLINK_IsHalted()
T4CC4 023:163.610 - 3.613ms returns FALSE
T4BE4 023:163.680   JLINK_RTTERMINAL_Read(BufferIndex = 0, BufferSize = 0x00010000)
T4BE4 023:163.712   - 0.033ms returns 0
T4CC4 023:163.848 JLINK_IsHalted()
T4CC4 023:167.344 - 3.493ms returns FALSE
T4BE4 023:214.860   JLINK_RTTERMINAL_Read(BufferIndex = 0, BufferSize = 0x00010000)
T4BE4 023:214.922   - 0.064ms returns 0
T5114 023:265.356 JLINK_IsHalted()
T5114 023:267.982 - 2.626ms returns FALSE
T4BE4 023:268.058   JLINK_RTTERMINAL_Read(BufferIndex = 0, BufferSize = 0x00010000)
T4BE4 023:268.090   - 0.033ms returns 0
T5114 023:268.194 JLINK_IsHalted()
T5114 023:272.044 - 3.848ms returns FALSE
T4CC4 023:275.494 JLINK_IsHalted()
T4CC4 023:278.972 - 3.475ms returns FALSE
T4CC4 023:279.026 JLINK_IsHalted()
T4CC4 023:282.820 - 3.793ms returns FALSE
T4BE4 023:319.068   JLINK_RTTERMINAL_Read(BufferIndex = 0, BufferSize = 0x00010000)
T4BE4 023:319.116   - 0.048ms returns 0
T4BE4 023:370.148   JLINK_RTTERMINAL_Read(BufferIndex = 0, BufferSize = 0x00010000)
T4BE4 023:370.212   - 0.064ms returns 0
T4CC4 023:377.898 JLINK_IsHalted()
T4CC4 023:380.650 - 2.750ms returns FALSE
T4CC4 023:380.704 JLINK_IsHalted()
T4CC4 023:384.372 - 3.665ms returns FALSE
T4BE4 023:422.824   JLINK_RTTERMINAL_Read(BufferIndex = 0, BufferSize = 0x00010000)
T4BE4 023:422.864   - 0.041ms returns 0
T4BE4 023:474.070   JLINK_RTTERMINAL_Read(BufferIndex = 0, BufferSize = 0x00010000)
T4BE4 023:474.114   - 0.044ms returns 0
T4CC4 023:487.946 JLINK_IsHalted()
T4CC4 023:491.190 - 3.242ms returns FALSE
T4CC4 023:491.244 JLINK_IsHalted()
T4CC4 023:494.902 - 3.656ms returns FALSE
T4BE4 023:524.534   JLINK_RTTERMINAL_Read(BufferIndex = 0, BufferSize = 0x00010000)
T4BE4 023:524.576   - 0.043ms returns 0
T4BE4 023:575.338   JLINK_RTTERMINAL_Read(BufferIndex = 0, BufferSize = 0x00010000)
T4BE4 023:575.380   - 0.044ms returns 0
T4CC4 023:598.268 JLINK_IsHalted()
T4CC4 023:602.144 - 3.874ms returns FALSE
T4CC4 023:602.202 JLINK_IsHalted()
T4CC4 023:605.836 - 3.632ms returns FALSE
T4BE4 023:626.604   JLINK_RTTERMINAL_Read(BufferIndex = 0, BufferSize = 0x00010000)
T4BE4 023:626.658   - 0.055ms returns 0
T4BE4 023:677.444   JLINK_RTTERMINAL_Read(BufferIndex = 0, BufferSize = 0x00010000)
T4BE4 023:677.486   - 0.042ms returns 0
T4CC4 023:706.226 JLINK_IsHalted()
T4CC4 023:709.072 - 2.844ms returns FALSE
T4CC4 023:709.146 JLINK_IsHalted()
T4CC4 023:712.794 - 3.646ms returns FALSE
T4BE4 023:730.566   JLINK_RTTERMINAL_Read(BufferIndex = 0, BufferSize = 0x00010000)
T4BE4 023:730.606   - 0.042ms returns 0
T4BE4 023:781.696   JLINK_RTTERMINAL_Read(BufferIndex = 0, BufferSize = 0x00010000)
T4BE4 023:781.758   - 0.067ms returns 0
T4CC4 023:816.480 JLINK_IsHalted()
T4CC4 023:820.140 - 3.659ms returns FALSE
T4CC4 023:820.196 JLINK_IsHalted()
T4CC4 023:823.852 - 3.655ms returns FALSE
T4BE4 023:832.126   JLINK_RTTERMINAL_Read(BufferIndex = 0, BufferSize = 0x00010000)
T4BE4 023:832.170   - 0.045ms returns 0
T4BE4 023:882.986   JLINK_RTTERMINAL_Read(BufferIndex = 0, BufferSize = 0x00010000)
T4BE4 023:883.028   - 0.045ms returns 0
T4CC4 023:924.964 JLINK_IsHalted()
T4CC4 023:927.632 - 2.667ms returns FALSE
T4CC4 023:927.702 JLINK_IsHalted()
T4CC4 023:931.412 - 3.705ms returns FALSE
T4BE4 023:934.764   JLINK_RTTERMINAL_Read(BufferIndex = 0, BufferSize = 0x00010000)
T4BE4 023:934.816   - 0.053ms returns 0
T4BE4 023:985.982   JLINK_RTTERMINAL_Read(BufferIndex = 0, BufferSize = 0x00010000)
T4BE4 023:986.026   - 0.044ms returns 0
T4CC4 024:034.342 JLINK_IsHalted()
T4CC4 024:038.076 - 3.730ms returns FALSE
T4BE4 024:038.144   JLINK_RTTERMINAL_Read(BufferIndex = 0, BufferSize = 0x00010000)
T4BE4 024:038.176   - 0.032ms returns 0
T4CC4 024:038.304 JLINK_IsHalted()
T4CC4 024:041.954 - 3.648ms returns FALSE
T4BE4 024:089.358   JLINK_RTTERMINAL_Read(BufferIndex = 0, BufferSize = 0x00010000)
T4BE4 024:089.424   - 0.067ms returns 0
T4BE4 024:141.996   JLINK_RTTERMINAL_Read(BufferIndex = 0, BufferSize = 0x00010000)
T4BE4 024:142.044   - 0.046ms returns 0
T4CC4 024:144.624 JLINK_IsHalted()
T4CC4 024:146.066 - 1.441ms returns FALSE
T4CC4 024:146.122 JLINK_IsHalted()
T4CC4 024:149.598 - 3.475ms returns FALSE
T4BE4 024:193.034   JLINK_RTTERMINAL_Read(BufferIndex = 0, BufferSize = 0x00010000)
T4BE4 024:193.076   - 0.043ms returns 0
T4BE4 024:244.018   JLINK_RTTERMINAL_Read(BufferIndex = 0, BufferSize = 0x00010000)
T4BE4 024:244.060   - 0.043ms returns 0
T4CC4 024:253.856 JLINK_IsHalted()
T4CC4 024:256.580 - 2.722ms returns FALSE
T4CC4 024:256.636 JLINK_IsHalted()
T4CC4 024:260.146 - 3.508ms returns FALSE
T5114 024:273.092 JLINK_IsHalted()
T5114 024:275.658 - 2.564ms returns FALSE
T5114 024:275.714 JLINK_IsHalted()
T5114 024:279.582 - 3.867ms returns FALSE
T4BE4 024:294.776   JLINK_RTTERMINAL_Read(BufferIndex = 0, BufferSize = 0x00010000)
T4BE4 024:294.820   - 0.044ms returns 0
T4BE4 024:345.324   JLINK_RTTERMINAL_Read(BufferIndex = 0, BufferSize = 0x00010000)
T4BE4 024:345.372   - 0.049ms returns 0
T4CC4 024:362.316 JLINK_IsHalted()
T4CC4 024:365.318 - 3.001ms returns FALSE
T4CC4 024:365.348 JLINK_IsHalted()
T4CC4 024:369.100 - 3.748ms returns FALSE
T4BE4 024:398.690   JLINK_RTTERMINAL_Read(BufferIndex = 0, BufferSize = 0x00010000)
T4BE4 024:398.710   - 0.021ms returns 0
T4BE4 024:449.490   JLINK_RTTERMINAL_Read(BufferIndex = 0, BufferSize = 0x00010000)
T4BE4 024:449.520   - 0.031ms returns 0
T4CC4 024:471.598 JLINK_IsHalted()
T4CC4 024:473.338 - 1.738ms returns FALSE
T4CC4 024:473.382 JLINK_IsHalted()
T4CC4 024:477.106 - 3.721ms returns FALSE
T4BE4 024:499.940   JLINK_RTTERMINAL_Read(BufferIndex = 0, BufferSize = 0x00010000)
T4BE4 024:499.982   - 0.042ms returns 0
T4BE4 024:550.542   JLINK_RTTERMINAL_Read(BufferIndex = 0, BufferSize = 0x00010000)
T4BE4 024:550.586   - 0.043ms returns 0
T4CC4 024:581.500 JLINK_IsHalted()
T4CC4 024:583.698 - 2.198ms returns FALSE
T4CC4 024:583.748 JLINK_IsHalted()
T4CC4 024:587.420 - 3.669ms returns FALSE
T4BE4 024:602.564   JLINK_RTTERMINAL_Read(BufferIndex = 0, BufferSize = 0x00010000)
T4BE4 024:602.602   - 0.038ms returns 0
T4BE4 024:653.614   JLINK_RTTERMINAL_Read(BufferIndex = 0, BufferSize = 0x00010000)
T4BE4 024:653.650   - 0.036ms returns 0
T4CC4 024:691.886 JLINK_IsHalted()
T4CC4 024:695.536 - 3.647ms returns FALSE
T4CC4 024:695.582 JLINK_IsHalted()
T4CC4 024:699.208 - 3.624ms returns FALSE
T4BE4 024:705.222   JLINK_RTTERMINAL_Read(BufferIndex = 0, BufferSize = 0x00010000)
T4BE4 024:705.258   - 0.035ms returns 0
T4BE4 024:756.180   JLINK_RTTERMINAL_Read(BufferIndex = 0, BufferSize = 0x00010000)
T4BE4 024:756.224   - 0.044ms returns 0
T4CC4 024:800.006 JLINK_IsHalted()
T4CC4 024:802.742 - 2.734ms returns FALSE
T4CC4 024:802.802 JLINK_IsHalted()
T4CC4 024:806.218 - 3.413ms returns FALSE
T4BE4 024:809.596   JLINK_RTTERMINAL_Read(BufferIndex = 0, BufferSize = 0x00010000)
T4BE4 024:809.648   - 0.054ms returns 0
T4BE4 024:860.416   JLINK_RTTERMINAL_Read(BufferIndex = 0, BufferSize = 0x00010000)
T4BE4 024:860.444   - 0.028ms returns 0
T4CC4 024:909.204 JLINK_IsHalted()
T4CC4 024:911.260 - 2.055ms returns FALSE
T4BE4 024:911.324   JLINK_RTTERMINAL_Read(BufferIndex = 0, BufferSize = 0x00010000)
T4BE4 024:911.350   - 0.028ms returns 0
T4CC4 024:911.476 JLINK_IsHalted()
T4CC4 024:915.238 - 3.761ms returns FALSE
T4BE4 024:961.926   JLINK_RTTERMINAL_Read(BufferIndex = 0, BufferSize = 0x00010000)
T4BE4 024:961.964   - 0.037ms returns 0
T4BE4 025:012.732   JLINK_RTTERMINAL_Read(BufferIndex = 0, BufferSize = 0x00010000)
T4BE4 025:012.770   - 0.038ms returns 0
T4CC4 025:018.756 JLINK_IsHalted()
T4CC4 025:022.142 - 3.383ms returns FALSE
T4CC4 025:022.196 JLINK_IsHalted()
T4CC4 025:025.684 - 3.485ms returns FALSE
T4BE4 025:067.118   JLINK_RTTERMINAL_Read(BufferIndex = 0, BufferSize = 0x00010000)
T4BE4 025:067.154   - 0.035ms returns 0
T4BE4 025:117.704   JLINK_RTTERMINAL_Read(BufferIndex = 0, BufferSize = 0x00010000)
T4BE4 025:117.740   - 0.037ms returns 0
T4CC4 025:128.748 JLINK_IsHalted()
T4CC4 025:132.692 - 3.942ms returns FALSE
T4CC4 025:132.740 JLINK_IsHalted()
T4CC4 025:136.212 - 3.470ms returns FALSE
T4BE4 025:168.180   JLINK_RTTERMINAL_Read(BufferIndex = 0, BufferSize = 0x00010000)
T4BE4 025:168.250   - 0.069ms returns 0
T4BE4 025:219.296   JLINK_RTTERMINAL_Read(BufferIndex = 0, BufferSize = 0x00010000)
T4BE4 025:219.340   - 0.043ms returns 0
T4CC4 025:238.014 JLINK_IsHalted()
T4CC4 025:240.458 - 2.442ms returns FALSE
T4CC4 025:240.518 JLINK_IsHalted()
T4CC4 025:243.956 - 3.435ms returns FALSE
T4BE4 025:270.884   JLINK_RTTERMINAL_Read(BufferIndex = 0, BufferSize = 0x00010000)
T4BE4 025:270.936   - 0.053ms returns 0
T5114 025:280.238 JLINK_IsHalted()
T5114 025:283.020 - 2.779ms returns FALSE
T5114 025:283.090 JLINK_IsHalted()
T5114 025:286.912 - 3.821ms returns FALSE
T4BE4 025:321.524   JLINK_RTTERMINAL_Read(BufferIndex = 0, BufferSize = 0x00010000)
T4BE4 025:321.568   - 0.044ms returns 0
T4CC4 025:347.236 JLINK_IsHalted()
T4CC4 025:349.644 - 2.409ms returns FALSE
T4CC4 025:349.716 JLINK_IsHalted()
T4CC4 025:353.280 - 3.561ms returns FALSE
T4BE4 025:372.090   JLINK_RTTERMINAL_Read(BufferIndex = 0, BufferSize = 0x00010000)
T4BE4 025:372.148   - 0.059ms returns 0
T4BE4 025:423.382   JLINK_RTTERMINAL_Read(BufferIndex = 0, BufferSize = 0x00010000)
T4BE4 025:423.424   - 0.043ms returns 0
T4CC4 025:457.046 JLINK_IsHalted()
T4CC4 025:460.032 - 2.985ms returns FALSE
T4CC4 025:460.090 JLINK_IsHalted()
T4CC4 025:463.820 - 3.728ms returns FALSE
T4BE4 025:474.554   JLINK_RTTERMINAL_Read(BufferIndex = 0, BufferSize = 0x00010000)
T4BE4 025:474.600   - 0.046ms returns 0
T4BE4 025:525.588   JLINK_RTTERMINAL_Read(BufferIndex = 0, BufferSize = 0x00010000)
T4BE4 025:525.632   - 0.044ms returns 0
T4CC4 025:566.144 JLINK_IsHalted()
T4CC4 025:569.724 - 3.580ms returns FALSE
T4CC4 025:569.788 JLINK_IsHalted()
T4CC4 025:573.442 - 3.651ms returns FALSE
T4BE4 025:576.652   JLINK_RTTERMINAL_Read(BufferIndex = 0, BufferSize = 0x00010000)
T4BE4 025:576.694   - 0.045ms returns 0
T4BE4 025:627.610   JLINK_RTTERMINAL_Read(BufferIndex = 0, BufferSize = 0x00010000)
T4BE4 025:627.652   - 0.042ms returns 0
T4CC4 025:677.028 JLINK_IsHalted()
T4CC4 025:680.396 - 3.366ms returns FALSE
T4BE4 025:680.490   JLINK_RTTERMINAL_Read(BufferIndex = 0, BufferSize = 0x00010000)
T4BE4 025:680.528   - 0.039ms returns 0
T4CC4 025:680.662 JLINK_IsHalted()
T4CC4 025:684.356 - 3.690ms returns FALSE
T4BE4 025:731.174   JLINK_RTTERMINAL_Read(BufferIndex = 0, BufferSize = 0x00010000)
T4BE4 025:731.228   - 0.061ms returns 0
T4BE4 025:781.782   JLINK_RTTERMINAL_Read(BufferIndex = 0, BufferSize = 0x00010000)
T4BE4 025:781.826   - 0.044ms returns 0
T4CC4 025:784.668 JLINK_IsHalted()
T4CC4 025:787.680 - 3.010ms returns FALSE
T4CC4 025:787.814 JLINK_IsHalted()
T4CC4 025:791.654 - 3.838ms returns FALSE
T4BE4 025:833.150   JLINK_RTTERMINAL_Read(BufferIndex = 0, BufferSize = 0x00010000)
T4BE4 025:833.192   - 0.043ms returns 0
T4BE4 025:883.904   JLINK_RTTERMINAL_Read(BufferIndex = 0, BufferSize = 0x00010000)
T4BE4 025:883.968   - 0.065ms returns 0
T4CC4 025:893.730 JLINK_IsHalted()
T4CC4 025:896.004 - 2.272ms returns FALSE
T4CC4 025:896.068 JLINK_IsHalted()
T4CC4 025:899.704 - 3.634ms returns FALSE
T4BE4 025:934.798   JLINK_RTTERMINAL_Read(BufferIndex = 0, BufferSize = 0x00010000)
T4BE4 025:934.866   - 0.067ms returns 0
T4BE4 025:985.302   JLINK_RTTERMINAL_Read(BufferIndex = 0, BufferSize = 0x00010000)
T4BE4 025:985.346   - 0.045ms returns 0
T4CC4 026:003.036 JLINK_IsHalted()
T4CC4 026:006.396 - 3.361ms returns FALSE
T4CC4 026:006.460 JLINK_IsHalted()
T4CC4 026:010.350 - 3.889ms returns FALSE
T4BE4 026:036.012   JLINK_RTTERMINAL_Read(BufferIndex = 0, BufferSize = 0x00010000)
T4BE4 026:036.060   - 0.049ms returns 0
T4BE4 026:087.270   JLINK_RTTERMINAL_Read(BufferIndex = 0, BufferSize = 0x00010000)
T4BE4 026:087.340   - 0.069ms returns 0
T4CC4 026:113.212 JLINK_IsHalted()
T4CC4 026:117.108 - 3.895ms returns FALSE
T4CC4 026:117.164 JLINK_IsHalted()
T4CC4 026:120.622 - 3.457ms returns FALSE
T4BE4 026:138.516   JLINK_RTTERMINAL_Read(BufferIndex = 0, BufferSize = 0x00010000)
T4BE4 026:138.556   - 0.042ms returns 0
T4BE4 026:189.360   JLINK_RTTERMINAL_Read(BufferIndex = 0, BufferSize = 0x00010000)
T4BE4 026:189.400   - 0.043ms returns 0
T4CC4 026:222.318 JLINK_IsHalted()
T4CC4 026:224.152 - 1.831ms returns FALSE
T4CC4 026:224.214 JLINK_IsHalted()
T4CC4 026:227.990 - 3.774ms returns FALSE
T4BE4 026:239.986   JLINK_RTTERMINAL_Read(BufferIndex = 0, BufferSize = 0x00010000)
T4BE4 026:240.028   - 0.044ms returns 0
T5114 026:287.956 JLINK_IsHalted()
T5114 026:290.772 - 2.813ms returns FALSE
T4BE4 026:290.872   JLINK_RTTERMINAL_Read(BufferIndex = 0, BufferSize = 0x00010000)
T4BE4 026:290.918   - 0.049ms returns 0
T5114 026:291.084 JLINK_IsHalted()
T5114 026:294.494 - 3.410ms returns FALSE
T4CC4 026:331.798 JLINK_IsHalted()
T4CC4 026:333.276 - 1.476ms returns FALSE
T4CC4 026:333.340 JLINK_IsHalted()
T4CC4 026:337.298 - 3.956ms returns FALSE
T4BE4 026:342.046   JLINK_RTTERMINAL_Read(BufferIndex = 0, BufferSize = 0x00010000)
T4BE4 026:342.090   - 0.045ms returns 0
T4BE4 026:392.898   JLINK_RTTERMINAL_Read(BufferIndex = 0, BufferSize = 0x00010000)
T4BE4 026:392.940   - 0.043ms returns 0
T4CC4 026:440.564 JLINK_IsHalted()
T4CC4 026:443.782 - 3.216ms returns FALSE
T4BE4 026:443.868   JLINK_RTTERMINAL_Read(BufferIndex = 0, BufferSize = 0x00010000)
T4BE4 026:443.900   - 0.033ms returns 0
T4CC4 026:444.044 JLINK_IsHalted()
T4CC4 026:447.878 - 3.834ms returns FALSE
T4BE4 026:495.134   JLINK_RTTERMINAL_Read(BufferIndex = 0, BufferSize = 0x00010000)
T4BE4 026:495.198   - 0.065ms returns 0
T4BE4 026:546.332   JLINK_RTTERMINAL_Read(BufferIndex = 0, BufferSize = 0x00010000)
T4BE4 026:546.404   - 0.073ms returns 0
T4CC4 026:550.928 JLINK_IsHalted()
T4CC4 026:554.448 - 3.518ms returns FALSE
T4CC4 026:554.504 JLINK_IsHalted()
T4CC4 026:558.276 - 3.770ms returns FALSE
T4BE4 026:597.200   JLINK_RTTERMINAL_Read(BufferIndex = 0, BufferSize = 0x00010000)
T4BE4 026:597.244   - 0.044ms returns 0
T4BE4 026:649.988   JLINK_RTTERMINAL_Read(BufferIndex = 0, BufferSize = 0x00010000)
T4BE4 026:650.020   - 0.033ms returns 0
T4CC4 026:661.958 JLINK_IsHalted()
T4CC4 026:665.482 - 3.523ms returns FALSE
T4CC4 026:665.526 JLINK_IsHalted()
T4CC4 026:669.460 - 3.931ms returns FALSE
T4BE4 026:701.522   JLINK_RTTERMINAL_Read(BufferIndex = 0, BufferSize = 0x00010000)
T4BE4 026:701.548   - 0.026ms returns 0
T4BE4 026:752.202   JLINK_RTTERMINAL_Read(BufferIndex = 0, BufferSize = 0x00010000)
T4BE4 026:752.228   - 0.028ms returns 0
T4CC4 026:768.886 JLINK_IsHalted()
T4CC4 026:772.644 - 3.757ms returns FALSE
T4CC4 026:772.682 JLINK_IsHalted()
T4CC4 026:776.228 - 3.545ms returns FALSE
T4BE4 026:805.772   JLINK_RTTERMINAL_Read(BufferIndex = 0, BufferSize = 0x00010000)
T4BE4 026:805.796   - 0.024ms returns 0
T4BE4 026:856.400   JLINK_RTTERMINAL_Read(BufferIndex = 0, BufferSize = 0x00010000)
T4BE4 026:856.438   - 0.038ms returns 0
T4CC4 026:881.828 JLINK_IsHalted()
T4CC4 026:885.764 - 3.934ms returns FALSE
T4CC4 026:885.812 JLINK_IsHalted()
T4CC4 026:889.286 - 3.475ms returns FALSE
T4BE4 026:907.236   JLINK_RTTERMINAL_Read(BufferIndex = 0, BufferSize = 0x00010000)
T4BE4 026:907.260   - 0.025ms returns 0
T4BE4 026:957.780   JLINK_RTTERMINAL_Read(BufferIndex = 0, BufferSize = 0x00010000)
T4BE4 026:957.808   - 0.029ms returns 0
T4CC4 026:987.724 JLINK_IsHalted()
T4CC4 026:990.554 - 2.830ms returns FALSE
T4CC4 026:990.596 JLINK_IsHalted()
T4CC4 026:994.218 - 3.620ms returns FALSE
T4BE4 027:009.238   JLINK_RTTERMINAL_Read(BufferIndex = 0, BufferSize = 0x00010000)
T4BE4 027:009.264   - 0.027ms returns 0
T4BE4 027:060.150   JLINK_RTTERMINAL_Read(BufferIndex = 0, BufferSize = 0x00010000)
T4BE4 027:060.192   - 0.041ms returns 0
T4CC4 027:096.950 JLINK_IsHalted()
T4CC4 027:098.156 - 1.206ms returns FALSE
T4CC4 027:098.204 JLINK_IsHalted()
T4CC4 027:101.924 - 3.714ms returns FALSE
T4BE4 027:111.068   JLINK_RTTERMINAL_Read(BufferIndex = 0, BufferSize = 0x00010000)
T4BE4 027:111.108   - 0.037ms returns 0
T4BE4 027:162.054   JLINK_RTTERMINAL_Read(BufferIndex = 0, BufferSize = 0x00010000)
T4BE4 027:162.086   - 0.030ms returns 0
T4CC4 027:206.694 JLINK_IsHalted()
T4CC4 027:208.988 - 2.293ms returns FALSE
T4CC4 027:209.046 JLINK_IsHalted()
T4CC4 027:212.804 - 3.753ms returns FALSE
T4BE4 027:213.030   JLINK_RTTERMINAL_Read(BufferIndex = 0, BufferSize = 0x00010000)
T4BE4 027:213.076   - 0.045ms returns 0
T4BE4 027:263.844   JLINK_RTTERMINAL_Read(BufferIndex = 0, BufferSize = 0x00010000)
T4BE4 027:263.884   - 0.043ms returns 0
T5114 027:295.974 JLINK_IsHalted()
T5114 027:298.560 - 2.589ms returns FALSE
T5114 027:298.620 JLINK_IsHalted()
T5114 027:302.384 - 3.762ms returns FALSE
T4BE4 027:314.692   JLINK_RTTERMINAL_Read(BufferIndex = 0, BufferSize = 0x00010000)
T4BE4 027:314.732   - 0.043ms returns 0
T4CC4 027:315.552 JLINK_IsHalted()
T4CC4 027:317.910 - 2.357ms returns FALSE
T4CC4 027:317.972 JLINK_IsHalted()
T4CC4 027:321.718 - 3.743ms returns FALSE
T4BE4 027:365.676   JLINK_RTTERMINAL_Read(BufferIndex = 0, BufferSize = 0x00010000)
T4BE4 027:365.734   - 0.061ms returns 0
T4BE4 027:416.266   JLINK_RTTERMINAL_Read(BufferIndex = 0, BufferSize = 0x00010000)
T4BE4 027:416.308   - 0.043ms returns 0
T4CC4 027:425.108 JLINK_IsHalted()
T4CC4 027:428.420 - 3.308ms returns FALSE
T4CC4 027:428.496 JLINK_IsHalted()
T4CC4 027:432.116 - 3.619ms returns FALSE
T4BE4 027:467.220   JLINK_RTTERMINAL_Read(BufferIndex = 0, BufferSize = 0x00010000)
T4BE4 027:467.260   - 0.047ms returns 0
T4BE4 027:518.108   JLINK_RTTERMINAL_Read(BufferIndex = 0, BufferSize = 0x00010000)
T4BE4 027:518.154   - 0.044ms returns 0
T4CC4 027:535.174 JLINK_IsHalted()
T4CC4 027:538.992 - 3.816ms returns FALSE
T4CC4 027:539.046 JLINK_IsHalted()
T4CC4 027:542.484 - 3.432ms returns FALSE
T4BE4 027:572.096   JLINK_RTTERMINAL_Read(BufferIndex = 0, BufferSize = 0x00010000)
T4BE4 027:572.134   - 0.040ms returns 0
T4BE4 027:622.564   JLINK_RTTERMINAL_Read(BufferIndex = 0, BufferSize = 0x00010000)
T4BE4 027:622.604   - 0.043ms returns 0
T4CC4 027:644.604 JLINK_IsHalted()
T4CC4 027:647.258 - 2.651ms returns FALSE
T4CC4 027:647.312 JLINK_IsHalted()
T4CC4 027:650.788 - 3.473ms returns FALSE
T4BE4 027:673.684   JLINK_RTTERMINAL_Read(BufferIndex = 0, BufferSize = 0x00010000)
T4BE4 027:673.722   - 0.040ms returns 0
T4BE4 027:723.968   JLINK_RTTERMINAL_Read(BufferIndex = 0, BufferSize = 0x00010000)
T4BE4 027:723.994   - 0.026ms returns 0
T4CC4 027:753.760 JLINK_IsHalted()
T4CC4 027:757.568 - 3.807ms returns FALSE
T4CC4 027:757.600 JLINK_IsHalted()
T4CC4 027:761.004 - 3.402ms returns FALSE
T4BE4 027:774.668   JLINK_RTTERMINAL_Read(BufferIndex = 0, BufferSize = 0x00010000)
T4BE4 027:774.694   - 0.025ms returns 0
T4BE4 027:825.820   JLINK_RTTERMINAL_Read(BufferIndex = 0, BufferSize = 0x00010000)
T4BE4 027:825.844   - 0.023ms returns 0
T4CC4 027:863.030 JLINK_IsHalted()
T4CC4 027:865.130 - 2.100ms returns FALSE
T4CC4 027:865.168 JLINK_IsHalted()
T4CC4 027:868.950 - 3.782ms returns FALSE
T4BE4 027:878.160   JLINK_RTTERMINAL_Read(BufferIndex = 0, BufferSize = 0x00010000)
T4BE4 027:878.188   - 0.029ms returns 0
T4BE4 027:929.642   JLINK_RTTERMINAL_Read(BufferIndex = 0, BufferSize = 0x00010000)
T4BE4 027:929.686   - 0.048ms returns 0
T4CC4 027:971.548 JLINK_IsHalted()
T4CC4 027:972.716 - 1.167ms returns FALSE
T4CC4 027:976.640 JLINK_IsHalted()
T4CC4 027:980.144 - 3.502ms returns FALSE
T4BE4 027:980.208   JLINK_RTTERMINAL_Read(BufferIndex = 0, BufferSize = 0x00010000)
T4BE4 027:980.244   - 0.035ms returns 0
T4BE4 028:031.148   JLINK_RTTERMINAL_Read(BufferIndex = 0, BufferSize = 0x00010000)
T4BE4 028:031.174   - 0.026ms returns 0
T4BE4 028:082.780   JLINK_RTTERMINAL_Read(BufferIndex = 0, BufferSize = 0x00010000)
T4BE4 028:082.806   - 0.026ms returns 0
T4CC4 028:082.892 JLINK_IsHalted()
T4CC4 028:086.832 - 3.938ms returns FALSE
T4CC4 028:086.874 JLINK_IsHalted()
T4CC4 028:090.628 - 3.753ms returns FALSE
T4BE4 028:133.926   JLINK_RTTERMINAL_Read(BufferIndex = 0, BufferSize = 0x00010000)
T4BE4 028:133.956   - 0.027ms returns 0
T4BE4 028:184.662   JLINK_RTTERMINAL_Read(BufferIndex = 0, BufferSize = 0x00010000)
T4BE4 028:184.692   - 0.026ms returns 0
T4CC4 028:190.396 JLINK_IsHalted()
T4CC4 028:192.058 - 1.661ms returns FALSE
T4CC4 028:192.092 JLINK_IsHalted()
T4CC4 028:195.220 - 3.122ms returns FALSE
T4BE4 028:236.560   JLINK_RTTERMINAL_Read(BufferIndex = 0, BufferSize = 0x00010000)
T4BE4 028:236.586   - 0.025ms returns 0
T4BE4 028:287.504   JLINK_RTTERMINAL_Read(BufferIndex = 0, BufferSize = 0x00010000)
T4BE4 028:287.532   - 0.027ms returns 0
T4CC4 028:300.576 JLINK_IsHalted()
T4CC4 028:302.122 - 1.544ms returns FALSE
T4CC4 028:302.154 JLINK_IsHalted()
T4CC4 028:305.724 - 3.569ms returns FALSE
T5114 028:309.270 JLINK_IsHalted()
T5114 028:312.784 - 3.510ms returns FALSE
T5114 028:312.832 JLINK_IsHalted()
T5114 028:316.576 - 3.743ms returns FALSE
T4BE4 028:338.346   JLINK_RTTERMINAL_Read(BufferIndex = 0, BufferSize = 0x00010000)
T4BE4 028:338.378   - 0.031ms returns 0
T4BE4 028:389.226   JLINK_RTTERMINAL_Read(BufferIndex = 0, BufferSize = 0x00010000)
T4BE4 028:389.254   - 0.027ms returns 0
T4CC4 028:409.104 JLINK_IsHalted()
T4CC4 028:411.930 - 2.821ms returns FALSE
T4CC4 028:411.974 JLINK_IsHalted()
T4CC4 028:415.508 - 3.529ms returns FALSE
T4BE4 028:440.420   JLINK_RTTERMINAL_Read(BufferIndex = 0, BufferSize = 0x00010000)
T4BE4 028:440.458   - 0.038ms returns 0
T4BE4 028:492.250   JLINK_RTTERMINAL_Read(BufferIndex = 0, BufferSize = 0x00010000)
T4BE4 028:492.300   - 0.048ms returns 0
T4CC4 028:519.372 JLINK_IsHalted()
T4CC4 028:522.522 - 3.147ms returns FALSE
T4CC4 028:522.580 JLINK_IsHalted()
T4CC4 028:526.080 - 3.499ms returns FALSE
T4BE4 028:542.848   JLINK_RTTERMINAL_Read(BufferIndex = 0, BufferSize = 0x00010000)
T4BE4 028:542.892   - 0.046ms returns 0
T4BE4 028:593.658   JLINK_RTTERMINAL_Read(BufferIndex = 0, BufferSize = 0x00010000)
T4BE4 028:593.700   - 0.041ms returns 0
T4CC4 028:628.636 JLINK_IsHalted()
T4CC4 028:630.460 - 1.822ms returns FALSE
T4CC4 028:630.502 JLINK_IsHalted()
T4CC4 028:634.250 - 3.746ms returns FALSE
T4BE4 028:644.804   JLINK_RTTERMINAL_Read(BufferIndex = 0, BufferSize = 0x00010000)
T4BE4 028:644.836   - 0.033ms returns 0
T4BE4 028:695.424   JLINK_RTTERMINAL_Read(BufferIndex = 0, BufferSize = 0x00010000)
T4BE4 028:695.460   - 0.035ms returns 0
T4CC4 028:737.466 JLINK_IsHalted()
T4CC4 028:738.806 - 1.340ms returns FALSE
T4CC4 028:738.852 JLINK_IsHalted()
T4CC4 028:742.412 - 3.562ms returns FALSE
T4BE4 028:745.958   JLINK_RTTERMINAL_Read(BufferIndex = 0, BufferSize = 0x00010000)
T4BE4 028:746.000   - 0.044ms returns 0
T4BE4 028:797.076   JLINK_RTTERMINAL_Read(BufferIndex = 0, BufferSize = 0x00010000)
T4BE4 028:797.110   - 0.040ms returns 0
T4CC4 028:847.068 JLINK_IsHalted()
T4CC4 028:849.108 - 2.036ms returns FALSE
T4BE4 028:849.172   JLINK_RTTERMINAL_Read(BufferIndex = 0, BufferSize = 0x00010000)
T4BE4 028:849.196   - 0.026ms returns 0
T4CC4 028:849.300 JLINK_IsHalted()
T4CC4 028:853.098 - 3.795ms returns FALSE
T4BE4 028:899.766   JLINK_RTTERMINAL_Read(BufferIndex = 0, BufferSize = 0x00010000)
T4BE4 028:899.808   - 0.043ms returns 0
T4BE4 028:961.708   JLINK_RTTERMINAL_Read(BufferIndex = 0, BufferSize = 0x00010000)
T4BE4 028:961.770   - 0.058ms returns 0
T4CC4 028:961.904 JLINK_IsHalted()
T4CC4 028:965.242 - 3.337ms returns FALSE
T4CC4 028:965.270 JLINK_IsHalted()
T4CC4 028:969.020 - 3.751ms returns FALSE
T4BE4 029:012.732   JLINK_RTTERMINAL_Read(BufferIndex = 0, BufferSize = 0x00010000)
T4BE4 029:012.772   - 0.038ms returns 0
T4BE4 029:069.676   JLINK_RTTERMINAL_Read(BufferIndex = 0, BufferSize = 0x00010000)
T4BE4 029:069.712   - 0.032ms returns 0
T4CC4 029:069.786 JLINK_IsHalted()
T4CC4 029:073.156 - 3.370ms returns FALSE
T4CC4 029:073.194 JLINK_IsHalted()
T4CC4 029:077.748 - 4.549ms returns FALSE
T4BE4 029:120.454   JLINK_RTTERMINAL_Read(BufferIndex = 0, BufferSize = 0x00010000)
T4BE4 029:120.480   - 0.028ms returns 0
T4BE4 029:170.870   JLINK_RTTERMINAL_Read(BufferIndex = 0, BufferSize = 0x00010000)
T4BE4 029:170.906   - 0.033ms returns 0
T4CC4 029:174.796 JLINK_IsHalted()
T4CC4 029:177.146 - 2.348ms returns FALSE
T4CC4 029:177.188 JLINK_IsHalted()
T4CC4 029:180.848 - 3.657ms returns FALSE
T4BE4 029:221.722   JLINK_RTTERMINAL_Read(BufferIndex = 0, BufferSize = 0x00010000)
T4BE4 029:221.754   - 0.032ms returns 0
T4BE4 029:272.134   JLINK_RTTERMINAL_Read(BufferIndex = 0, BufferSize = 0x00010000)
T4BE4 029:272.160   - 0.028ms returns 0
T4CC4 029:285.168 JLINK_IsHalted()
T4CC4 029:287.584 - 2.414ms returns FALSE
T4CC4 029:287.616 JLINK_IsHalted()
T4CC4 029:291.404 - 3.786ms returns FALSE
T5114 029:318.412 JLINK_IsHalted()
T5114 029:322.076 - 3.663ms returns FALSE
T5114 029:322.150 JLINK_IsHalted()
T5114 029:325.792 - 3.638ms returns FALSE
T4BE4 029:325.852   JLINK_RTTERMINAL_Read(BufferIndex = 0, BufferSize = 0x00010000)
T4BE4 029:325.910   - 0.057ms returns 0
T4BE4 029:376.308   JLINK_RTTERMINAL_Read(BufferIndex = 0, BufferSize = 0x00010000)
T4BE4 029:376.384   - 0.080ms returns 0
T4CC4 029:394.236 JLINK_IsHalted()
T4CC4 029:397.482 - 3.249ms returns FALSE
T4CC4 029:397.594 JLINK_IsHalted()
T4CC4 029:401.344 - 3.747ms returns FALSE
T4BE4 029:427.876   JLINK_RTTERMINAL_Read(BufferIndex = 0, BufferSize = 0x00010000)
T4BE4 029:427.990   - 0.115ms returns 0
T4BE4 029:478.732   JLINK_RTTERMINAL_Read(BufferIndex = 0, BufferSize = 0x00010000)
T4BE4 029:478.826   - 0.095ms returns 0
T4CC4 029:503.750 JLINK_IsHalted()
T4CC4 029:507.456 - 3.701ms returns FALSE
T4CC4 029:507.610 JLINK_IsHalted()
T4CC4 029:510.956 - 3.345ms returns FALSE
T4BE4 029:530.224   JLINK_RTTERMINAL_Read(BufferIndex = 0, BufferSize = 0x00010000)
T4BE4 029:530.308   - 0.087ms returns 0
T4BE4 029:581.066   JLINK_RTTERMINAL_Read(BufferIndex = 0, BufferSize = 0x00010000)
T4BE4 029:581.148   - 0.086ms returns 0
T4CC4 029:613.092 JLINK_IsHalted()
T4CC4 029:616.980 - 3.887ms returns FALSE
T4CC4 029:617.236 JLINK_IsHalted()
T4CC4 029:620.982 - 3.746ms returns FALSE
T4BE4 029:632.570   JLINK_RTTERMINAL_Read(BufferIndex = 0, BufferSize = 0x00010000)
T4BE4 029:632.672   - 0.105ms returns 0
T4BE4 029:683.856   JLINK_RTTERMINAL_Read(BufferIndex = 0, BufferSize = 0x00010000)
T4BE4 029:683.946   - 0.089ms returns 0
T4CC4 029:721.644 JLINK_IsHalted()
T4CC4 029:724.692 - 3.046ms returns FALSE
T4CC4 029:724.746 JLINK_IsHalted()
T4CC4 029:728.340 - 3.590ms returns FALSE
T4BE4 029:734.704   JLINK_RTTERMINAL_Read(BufferIndex = 0, BufferSize = 0x00010000)
T4BE4 029:734.740   - 0.036ms returns 0
T4BE4 029:786.028   JLINK_RTTERMINAL_Read(BufferIndex = 0, BufferSize = 0x00010000)
T4BE4 029:786.102   - 0.074ms returns 0
T4CC4 029:831.580 JLINK_IsHalted()
T4CC4 029:834.976 - 3.392ms returns FALSE
T4CC4 029:835.002 JLINK_IsHalted()
T4CC4 029:838.772 - 3.769ms returns FALSE
T4BE4 029:838.812   JLINK_RTTERMINAL_Read(BufferIndex = 0, BufferSize = 0x00010000)
T4BE4 029:838.828   - 0.018ms returns 0
T4BE4 029:889.318   JLINK_RTTERMINAL_Read(BufferIndex = 0, BufferSize = 0x00010000)
T4BE4 029:889.344   - 0.026ms returns 0
T4CC4 029:940.340 JLINK_IsHalted()
T4CC4 029:942.870 - 2.529ms returns FALSE
T4BE4 029:942.938   JLINK_RTTERMINAL_Read(BufferIndex = 0, BufferSize = 0x00010000)
T4BE4 029:942.960   - 0.025ms returns 0
T4CC4 029:943.076 JLINK_IsHalted()
T4CC4 029:946.736 - 3.656ms returns FALSE
T4BE4 029:994.150   JLINK_RTTERMINAL_Read(BufferIndex = 0, BufferSize = 0x00010000)
T4BE4 029:994.220   - 0.072ms returns 0
T4BE4 030:045.500   JLINK_RTTERMINAL_Read(BufferIndex = 0, BufferSize = 0x00010000)
T4BE4 030:045.532   - 0.031ms returns 0
T4CC4 030:050.428 JLINK_IsHalted()
T4CC4 030:054.060 - 3.631ms returns FALSE
T4CC4 030:054.086 JLINK_IsHalted()
T4CC4 030:057.700 - 3.611ms returns FALSE
T4BE4 030:096.076   JLINK_RTTERMINAL_Read(BufferIndex = 0, BufferSize = 0x00010000)
T4BE4 030:096.100   - 0.024ms returns 0
T4BE4 030:147.100   JLINK_RTTERMINAL_Read(BufferIndex = 0, BufferSize = 0x00010000)
T4BE4 030:147.168   - 0.069ms returns 0
T4CC4 030:159.180 JLINK_IsHalted()
T4CC4 030:161.814 - 2.633ms returns FALSE
T4CC4 030:161.866 JLINK_IsHalted()
T4CC4 030:165.450 - 3.583ms returns FALSE
T4BE4 030:197.578   JLINK_RTTERMINAL_Read(BufferIndex = 0, BufferSize = 0x00010000)
T4BE4 030:197.606   - 0.030ms returns 0
T4BE4 030:248.036   JLINK_RTTERMINAL_Read(BufferIndex = 0, BufferSize = 0x00010000)
T4BE4 030:248.070   - 0.036ms returns 0
T4CC4 030:269.136 JLINK_IsHalted()
T4CC4 030:272.150 - 3.012ms returns FALSE
T4CC4 030:272.182 JLINK_IsHalted()
T4CC4 030:276.080 - 3.897ms returns FALSE
T4BE4 030:298.668   JLINK_RTTERMINAL_Read(BufferIndex = 0, BufferSize = 0x00010000)
T4BE4 030:298.716   - 0.051ms returns 0
T5114 030:326.230 JLINK_IsHalted()
T5114 030:329.412 - 3.179ms returns FALSE
T5114 030:329.466 JLINK_IsHalted()
T5114 030:332.940 - 3.473ms returns FALSE
T4BE4 030:349.828   JLINK_RTTERMINAL_Read(BufferIndex = 0, BufferSize = 0x00010000)
T4BE4 030:349.860   - 0.033ms returns 0
T4CC4 030:378.342 JLINK_IsHalted()
T4CC4 030:381.290 - 2.947ms returns FALSE
T4CC4 030:381.332 JLINK_IsHalted()
T4CC4 030:384.870 - 3.537ms returns FALSE
T4BE4 030:400.388   JLINK_RTTERMINAL_Read(BufferIndex = 0, BufferSize = 0x00010000)
T4BE4 030:400.412   - 0.025ms returns 0
T4BE4 030:452.428   JLINK_RTTERMINAL_Read(BufferIndex = 0, BufferSize = 0x00010000)
T4BE4 030:452.454   - 0.025ms returns 0
T4CC4 030:490.560 JLINK_IsHalted()
T4CC4 030:494.340 - 3.780ms returns FALSE
T4CC4 030:494.388 JLINK_IsHalted()
T4CC4 030:498.230 - 3.841ms returns FALSE
T4BE4 030:504.086   JLINK_RTTERMINAL_Read(BufferIndex = 0, BufferSize = 0x00010000)
T4BE4 030:504.118   - 0.035ms returns 0
T4BE4 030:554.634   JLINK_RTTERMINAL_Read(BufferIndex = 0, BufferSize = 0x00010000)
T4BE4 030:554.668   - 0.038ms returns 0
T4CC4 030:598.496 JLINK_IsHalted()
T4CC4 030:602.346 - 3.852ms returns FALSE
T4CC4 030:602.394 JLINK_IsHalted()
T4CC4 030:605.856 - 3.460ms returns FALSE
T4BE4 030:605.926   JLINK_RTTERMINAL_Read(BufferIndex = 0, BufferSize = 0x00010000)
T4BE4 030:605.956   - 0.029ms returns 0
T4BE4 030:656.842   JLINK_RTTERMINAL_Read(BufferIndex = 0, BufferSize = 0x00010000)
T4BE4 030:656.886   - 0.045ms returns 0
T4CC4 030:706.854 JLINK_IsHalted()
T4CC4 030:709.684 - 2.828ms returns FALSE
T4BE4 030:709.750   JLINK_RTTERMINAL_Read(BufferIndex = 0, BufferSize = 0x00010000)
T4BE4 030:709.776   - 0.028ms returns 0
T4CC4 030:709.904 JLINK_IsHalted()
T4CC4 030:713.562 - 3.655ms returns FALSE
T4BE4 030:760.668   JLINK_RTTERMINAL_Read(BufferIndex = 0, BufferSize = 0x00010000)
T4BE4 030:760.708   - 0.038ms returns 0
T4BE4 030:811.590   JLINK_RTTERMINAL_Read(BufferIndex = 0, BufferSize = 0x00010000)
T4BE4 030:811.626   - 0.037ms returns 0
T4CC4 030:817.354 JLINK_IsHalted()
T4CC4 030:820.726 - 3.373ms returns FALSE
T4CC4 030:820.780 JLINK_IsHalted()
T4CC4 030:824.636 - 3.856ms returns FALSE
T4BE4 030:862.044   JLINK_RTTERMINAL_Read(BufferIndex = 0, BufferSize = 0x00010000)
T4BE4 030:862.086   - 0.041ms returns 0
T4BE4 030:912.812   JLINK_RTTERMINAL_Read(BufferIndex = 0, BufferSize = 0x00010000)
T4BE4 030:912.848   - 0.038ms returns 0
T4CC4 030:925.772 JLINK_IsHalted()
T4CC4 030:928.692 - 2.918ms returns FALSE
T4CC4 030:928.740 JLINK_IsHalted()
T4CC4 030:932.496 - 3.755ms returns FALSE
T4BE4 030:963.900   JLINK_RTTERMINAL_Read(BufferIndex = 0, BufferSize = 0x00010000)
T4BE4 030:963.942   - 0.044ms returns 0
T4BE4 031:014.724   JLINK_RTTERMINAL_Read(BufferIndex = 0, BufferSize = 0x00010000)
T4BE4 031:014.768   - 0.045ms returns 0
T4CC4 031:034.860 JLINK_IsHalted()
T4CC4 031:036.304 - 1.441ms returns FALSE
T4CC4 031:036.346 JLINK_IsHalted()
T4CC4 031:040.240 - 3.892ms returns FALSE
T4BE4 031:065.802   JLINK_RTTERMINAL_Read(BufferIndex = 0, BufferSize = 0x00010000)
T4BE4 031:065.836   - 0.037ms returns 0
T4BE4 031:116.624   JLINK_RTTERMINAL_Read(BufferIndex = 0, BufferSize = 0x00010000)
T4BE4 031:116.662   - 0.038ms returns 0
T4CC4 031:146.492 JLINK_IsHalted()
T4CC4 031:150.180 - 3.685ms returns FALSE
T4CC4 031:150.234 JLINK_IsHalted()
T4CC4 031:153.642 - 3.405ms returns FALSE
T4BE4 031:167.846   JLINK_RTTERMINAL_Read(BufferIndex = 0, BufferSize = 0x00010000)
T4BE4 031:167.888   - 0.042ms returns 0
T4BE4 031:218.442   JLINK_RTTERMINAL_Read(BufferIndex = 0, BufferSize = 0x00010000)
T4BE4 031:218.474   - 0.032ms returns 0
T4CC4 031:254.012 JLINK_IsHalted()
T4CC4 031:257.270 - 3.257ms returns FALSE
T4CC4 031:257.316 JLINK_IsHalted()
T4CC4 031:260.812 - 3.494ms returns FALSE
T4BE4 031:268.720   JLINK_RTTERMINAL_Read(BufferIndex = 0, BufferSize = 0x00010000)
T4BE4 031:268.764   - 0.049ms returns 0
T4BE4 031:319.238   JLINK_RTTERMINAL_Read(BufferIndex = 0, BufferSize = 0x00010000)
T4BE4 031:319.264   - 0.026ms returns 0
T5114 031:333.732 JLINK_IsHalted()
T5114 031:335.382 - 1.651ms returns FALSE
T5114 031:335.420 JLINK_IsHalted()
T5114 031:338.848 - 3.427ms returns FALSE
T4CC4 031:362.896 JLINK_IsHalted()
T4CC4 031:366.214 - 3.315ms returns FALSE
T4CC4 031:366.252 JLINK_IsHalted()
T4CC4 031:369.862 - 3.609ms returns FALSE
T4BE4 031:369.904   JLINK_RTTERMINAL_Read(BufferIndex = 0, BufferSize = 0x00010000)
T4BE4 031:369.924   - 0.019ms returns 0
T4BE4 031:423.036   JLINK_RTTERMINAL_Read(BufferIndex = 0, BufferSize = 0x00010000)
T4BE4 031:423.060   - 0.023ms returns 0
T4CC4 031:471.962 JLINK_IsHalted()
T4CC4 031:473.856 - 1.892ms returns FALSE
T4CC4 031:473.920 JLINK_IsHalted()
T4CC4 031:477.670 - 3.751ms returns FALSE
T4BE4 031:477.724   JLINK_RTTERMINAL_Read(BufferIndex = 0, BufferSize = 0x00010000)
T4BE4 031:477.744   - 0.021ms returns 0
T4BE4 031:528.156   JLINK_RTTERMINAL_Read(BufferIndex = 0, BufferSize = 0x00010000)
T4BE4 031:528.182   - 0.026ms returns 0
T4BE4 031:579.328   JLINK_RTTERMINAL_Read(BufferIndex = 0, BufferSize = 0x00010000)
T4BE4 031:579.380   - 0.051ms returns 0
T4CC4 031:581.040 JLINK_IsHalted()
T4CC4 031:584.544 - 3.501ms returns FALSE
T4CC4 031:584.572 JLINK_IsHalted()
T4CC4 031:588.516 - 3.940ms returns FALSE
T4BE4 031:630.300   JLINK_RTTERMINAL_Read(BufferIndex = 0, BufferSize = 0x00010000)
T4BE4 031:630.326   - 0.029ms returns 0
T4BE4 031:681.658   JLINK_RTTERMINAL_Read(BufferIndex = 0, BufferSize = 0x00010000)
T4BE4 031:681.684   - 0.026ms returns 0
T4CC4 031:691.564 JLINK_IsHalted()
T4CC4 031:694.954 - 3.385ms returns FALSE
T4CC4 031:694.992 JLINK_IsHalted()
T4CC4 031:698.716 - 3.723ms returns FALSE
T4BE4 031:732.740   JLINK_RTTERMINAL_Read(BufferIndex = 0, BufferSize = 0x00010000)
T4BE4 031:732.762   - 0.024ms returns 0
T4BE4 031:783.052   JLINK_RTTERMINAL_Read(BufferIndex = 0, BufferSize = 0x00010000)
T4BE4 031:783.098   - 0.042ms returns 0
T4CC4 031:800.902 JLINK_IsHalted()
T4CC4 031:803.116 - 2.215ms returns FALSE
T4CC4 031:803.162 JLINK_IsHalted()
T4CC4 031:806.916 - 3.751ms returns FALSE
T4BE4 031:833.756   JLINK_RTTERMINAL_Read(BufferIndex = 0, BufferSize = 0x00010000)
T4BE4 031:833.792   - 0.034ms returns 0
T4BE4 031:884.572   JLINK_RTTERMINAL_Read(BufferIndex = 0, BufferSize = 0x00010000)
T4BE4 031:884.604   - 0.031ms returns 0
T4CC4 031:909.434 JLINK_IsHalted()
T4CC4 031:910.646 - 1.213ms returns FALSE
T4CC4 031:910.684 JLINK_IsHalted()
T4CC4 031:914.550 - 3.862ms returns FALSE
T4BE4 031:935.126   JLINK_RTTERMINAL_Read(BufferIndex = 0, BufferSize = 0x00010000)
T4BE4 031:935.148   - 0.025ms returns 0
T4BE4 031:986.314   JLINK_RTTERMINAL_Read(BufferIndex = 0, BufferSize = 0x00010000)
T4BE4 031:986.340   - 0.026ms returns 0
T4CC4 032:019.158 JLINK_IsHalted()
T4CC4 032:021.258 - 2.098ms returns FALSE
T4CC4 032:021.296 JLINK_IsHalted()
T4CC4 032:025.322 - 4.023ms returns FALSE
T4BE4 032:036.688   JLINK_RTTERMINAL_Read(BufferIndex = 0, BufferSize = 0x00010000)
T4BE4 032:036.716   - 0.028ms returns 0
T4BE4 032:089.750   JLINK_RTTERMINAL_Read(BufferIndex = 0, BufferSize = 0x00010000)
T4BE4 032:089.772   - 0.022ms returns 0
T4CC4 032:127.820 JLINK_IsHalted()
T4CC4 032:129.404 - 1.584ms returns FALSE
T4CC4 032:129.436 JLINK_IsHalted()
T4CC4 032:133.516 - 4.076ms returns FALSE
T4BE4 032:140.828   JLINK_RTTERMINAL_Read(BufferIndex = 0, BufferSize = 0x00010000)
T4BE4 032:140.854   - 0.025ms returns 0
T4BE4 032:191.612   JLINK_RTTERMINAL_Read(BufferIndex = 0, BufferSize = 0x00010000)
T4BE4 032:191.648   - 0.034ms returns 0
T4CC4 032:237.436 JLINK_IsHalted()
T4CC4 032:240.054 - 2.616ms returns FALSE
T4CC4 032:240.090 JLINK_IsHalted()
T4CC4 032:243.652 - 3.560ms returns FALSE
T4BE4 032:243.702   JLINK_RTTERMINAL_Read(BufferIndex = 0, BufferSize = 0x00010000)
T4BE4 032:243.722   - 0.019ms returns 0
T4BE4 032:294.800   JLINK_RTTERMINAL_Read(BufferIndex = 0, BufferSize = 0x00010000)
T4BE4 032:294.828   - 0.030ms returns 0
T5114 032:339.110 JLINK_IsHalted()
T5114 032:341.366 - 2.253ms returns FALSE
T5114 032:341.392 JLINK_IsHalted()
T5114 032:345.146 - 3.751ms returns FALSE
T4BE4 032:345.200   JLINK_RTTERMINAL_Read(BufferIndex = 0, BufferSize = 0x00010000)
T4BE4 032:345.220   - 0.021ms returns 0
T4CC4 032:348.538 JLINK_IsHalted()
T4CC4 032:352.298 - 3.757ms returns FALSE
T4CC4 032:352.326 JLINK_IsHalted()
T4CC4 032:356.260 - 3.931ms returns FALSE
T4BE4 032:395.414   JLINK_RTTERMINAL_Read(BufferIndex = 0, BufferSize = 0x00010000)
T4BE4 032:395.444   - 0.030ms returns 0
T4BE4 032:446.684   JLINK_RTTERMINAL_Read(BufferIndex = 0, BufferSize = 0x00010000)
T4BE4 032:446.708   - 0.023ms returns 0
T4CC4 032:456.550 JLINK_IsHalted()
T4CC4 032:459.948 - 3.396ms returns FALSE
T4CC4 032:459.978 JLINK_IsHalted()
T4CC4 032:463.740 - 3.762ms returns FALSE
T4BE4 032:497.428   JLINK_RTTERMINAL_Read(BufferIndex = 0, BufferSize = 0x00010000)
T4BE4 032:497.452   - 0.025ms returns 0
T4BE4 032:547.812   JLINK_RTTERMINAL_Read(BufferIndex = 0, BufferSize = 0x00010000)
T4BE4 032:547.840   - 0.027ms returns 0
T4CC4 032:565.686 JLINK_IsHalted()
T4CC4 032:567.466 - 1.779ms returns FALSE
T4CC4 032:567.510 JLINK_IsHalted()
T4CC4 032:571.292 - 3.780ms returns FALSE
T4BE4 032:598.912   JLINK_RTTERMINAL_Read(BufferIndex = 0, BufferSize = 0x00010000)
T4BE4 032:598.944   - 0.034ms returns 0
T4BE4 032:649.414   JLINK_RTTERMINAL_Read(BufferIndex = 0, BufferSize = 0x00010000)
T4BE4 032:649.436   - 0.024ms returns 0
T4CC4 032:675.164 JLINK_IsHalted()
T4CC4 032:677.734 - 2.569ms returns FALSE
T4CC4 032:677.776 JLINK_IsHalted()
T4CC4 032:681.796 - 4.017ms returns FALSE
T4BE4 032:699.888   JLINK_RTTERMINAL_Read(BufferIndex = 0, BufferSize = 0x00010000)
T4BE4 032:699.924   - 0.036ms returns 0
T4BE4 032:750.156   JLINK_RTTERMINAL_Read(BufferIndex = 0, BufferSize = 0x00010000)
T4BE4 032:750.186   - 0.028ms returns 0
T4CC4 032:785.044 JLINK_IsHalted()
T4CC4 032:788.762 - 3.716ms returns FALSE
T4CC4 032:788.800 JLINK_IsHalted()
T4CC4 032:792.676 - 3.874ms returns FALSE
T4BE4 032:801.430   JLINK_RTTERMINAL_Read(BufferIndex = 0, BufferSize = 0x00010000)
T4BE4 032:801.462   - 0.032ms returns 0
T4BE4 032:852.410   JLINK_RTTERMINAL_Read(BufferIndex = 0, BufferSize = 0x00010000)
T4BE4 032:852.438   - 0.028ms returns 0
T4CC4 032:893.968 JLINK_IsHalted()
T4CC4 032:896.906 - 2.937ms returns FALSE
T4CC4 032:896.948 JLINK_IsHalted()
T4CC4 032:900.470 - 3.521ms returns FALSE
T4BE4 032:903.766   JLINK_RTTERMINAL_Read(BufferIndex = 0, BufferSize = 0x00010000)
T4BE4 032:903.792   - 0.025ms returns 0
T4BE4 032:954.196   JLINK_RTTERMINAL_Read(BufferIndex = 0, BufferSize = 0x00010000)
T4BE4 032:954.250   - 0.056ms returns 0
T4CC4 033:003.764 JLINK_IsHalted()
T4CC4 033:007.108 - 3.341ms returns FALSE
T4BE4 033:007.174   JLINK_RTTERMINAL_Read(BufferIndex = 0, BufferSize = 0x00010000)
T4BE4 033:007.206   - 0.035ms returns 0
T4CC4 033:007.354 JLINK_IsHalted()
T4CC4 033:010.852 - 3.497ms returns FALSE
T4BE4 033:057.686   JLINK_RTTERMINAL_Read(BufferIndex = 0, BufferSize = 0x00010000)
T4BE4 033:057.716   - 0.031ms returns 0
T4BE4 033:108.566   JLINK_RTTERMINAL_Read(BufferIndex = 0, BufferSize = 0x00010000)
T4BE4 033:108.598   - 0.032ms returns 0
T4CC4 033:112.294 JLINK_IsHalted()
T4CC4 033:114.416 - 2.120ms returns FALSE
T4CC4 033:114.460 JLINK_IsHalted()
T4CC4 033:118.180 - 3.716ms returns FALSE
T4BE4 033:158.954   JLINK_RTTERMINAL_Read(BufferIndex = 0, BufferSize = 0x00010000)
T4BE4 033:158.986   - 0.031ms returns 0
T4BE4 033:209.658   JLINK_RTTERMINAL_Read(BufferIndex = 0, BufferSize = 0x00010000)
T4BE4 033:209.702   - 0.044ms returns 0
T4CC4 033:221.766 JLINK_IsHalted()
T4CC4 033:225.706 - 3.936ms returns FALSE
T4CC4 033:225.748 JLINK_IsHalted()
T4CC4 033:229.450 - 3.699ms returns FALSE
T4BE4 033:260.246   JLINK_RTTERMINAL_Read(BufferIndex = 0, BufferSize = 0x00010000)
T4BE4 033:260.278   - 0.032ms returns 0
T4BE4 033:311.260   JLINK_RTTERMINAL_Read(BufferIndex = 0, BufferSize = 0x00010000)
T4BE4 033:311.296   - 0.037ms returns 0
T4CC4 033:331.040 JLINK_IsHalted()
T4CC4 033:333.318 - 2.279ms returns FALSE
T4CC4 033:333.360 JLINK_IsHalted()
T4CC4 033:337.210 - 3.848ms returns FALSE
T5114 033:346.436 JLINK_IsHalted()
T5114 033:349.980 - 3.545ms returns FALSE
T5114 033:350.020 JLINK_IsHalted()
T5114 033:353.620 - 3.594ms returns FALSE
T4BE4 033:361.596   JLINK_RTTERMINAL_Read(BufferIndex = 0, BufferSize = 0x00010000)
T4BE4 033:361.654   - 0.058ms returns 0
T4BE4 033:412.612   JLINK_RTTERMINAL_Read(BufferIndex = 0, BufferSize = 0x00010000)
T4BE4 033:412.640   - 0.031ms returns 0
T4CC4 033:440.620 JLINK_IsHalted()
T4CC4 033:442.986 - 2.364ms returns FALSE
T4CC4 033:443.034 JLINK_IsHalted()
T4CC4 033:446.940 - 3.905ms returns FALSE
T4BE4 033:463.174   JLINK_RTTERMINAL_Read(BufferIndex = 0, BufferSize = 0x00010000)
T4BE4 033:463.206   - 0.031ms returns 0
T4BE4 033:513.990   JLINK_RTTERMINAL_Read(BufferIndex = 0, BufferSize = 0x00010000)
T4BE4 033:514.022   - 0.031ms returns 0
T4CC4 033:549.872 JLINK_IsHalted()
T4CC4 033:553.860 - 3.987ms returns FALSE
T4CC4 033:553.904 JLINK_IsHalted()
T4CC4 033:557.556 - 3.649ms returns FALSE
T4BE4 033:565.128   JLINK_RTTERMINAL_Read(BufferIndex = 0, BufferSize = 0x00010000)
T4BE4 033:565.160   - 0.033ms returns 0
T4BE4 033:616.328   JLINK_RTTERMINAL_Read(BufferIndex = 0, BufferSize = 0x00010000)
T4BE4 033:616.360   - 0.031ms returns 0
T4CC4 033:659.312 JLINK_IsHalted()
T4CC4 033:661.160 - 1.845ms returns FALSE
T4CC4 033:665.112 JLINK_IsHalted()
T4CC4 033:668.276 - 3.160ms returns FALSE
T4BE4 033:668.336   JLINK_RTTERMINAL_Read(BufferIndex = 0, BufferSize = 0x00010000)
T4BE4 033:668.364   - 0.028ms returns 0
T4BE4 033:719.288   JLINK_RTTERMINAL_Read(BufferIndex = 0, BufferSize = 0x00010000)
T4BE4 033:719.344   - 0.057ms returns 0
T4CC4 033:769.012 JLINK_IsHalted()
T4CC4 033:771.580 - 2.564ms returns FALSE
T4BE4 033:771.700   JLINK_RTTERMINAL_Read(BufferIndex = 0, BufferSize = 0x00010000)
T4BE4 033:771.744   - 0.044ms returns 0
T4CC4 033:771.896 JLINK_IsHalted()
T4CC4 033:775.576 - 3.675ms returns FALSE
T4BE4 033:825.484   JLINK_RTTERMINAL_Read(BufferIndex = 0, BufferSize = 0x00010000)
T4BE4 033:825.540   - 0.054ms returns 0
T4BE4 033:876.028   JLINK_RTTERMINAL_Read(BufferIndex = 0, BufferSize = 0x00010000)
T4BE4 033:876.088   - 0.058ms returns 0
T4CC4 033:877.912 JLINK_IsHalted()
T4CC4 033:881.832 - 3.918ms returns FALSE
T4CC4 033:881.944 JLINK_IsHalted()
T4CC4 033:885.544 - 3.592ms returns FALSE
T4BE4 033:927.508   JLINK_RTTERMINAL_Read(BufferIndex = 0, BufferSize = 0x00010000)
T4BE4 033:927.592   - 0.085ms returns 0
T4BE4 033:978.376   JLINK_RTTERMINAL_Read(BufferIndex = 0, BufferSize = 0x00010000)
T4BE4 033:978.404   - 0.027ms returns 0
T4CC4 033:989.388 JLINK_IsHalted()
T4CC4 033:993.080 - 3.689ms returns FALSE
T4CC4 033:993.120 JLINK_IsHalted()
T4CC4 033:996.808 - 3.686ms returns FALSE
T4BE4 034:029.064   JLINK_RTTERMINAL_Read(BufferIndex = 0, BufferSize = 0x00010000)
T4BE4 034:029.108   - 0.043ms returns 0
T4BE4 034:080.288   JLINK_RTTERMINAL_Read(BufferIndex = 0, BufferSize = 0x00010000)
T4BE4 034:080.328   - 0.040ms returns 0
T4CC4 034:097.012 JLINK_IsHalted()
T4CC4 034:100.732 - 3.722ms returns FALSE
T4CC4 034:100.772 JLINK_IsHalted()
T4CC4 034:104.288 - 3.516ms returns FALSE
T4BE4 034:130.936   JLINK_RTTERMINAL_Read(BufferIndex = 0, BufferSize = 0x00010000)
T4BE4 034:130.972   - 0.035ms returns 0
T4BE4 034:183.720   JLINK_RTTERMINAL_Read(BufferIndex = 0, BufferSize = 0x00010000)
T4BE4 034:183.752   - 0.028ms returns 0
T4CC4 034:207.888 JLINK_IsHalted()
T4CC4 034:211.868 - 3.981ms returns FALSE
T4CC4 034:211.908 JLINK_IsHalted()
T4CC4 034:215.464 - 3.554ms returns FALSE
T4BE4 034:236.044   JLINK_RTTERMINAL_Read(BufferIndex = 0, BufferSize = 0x00010000)
T4BE4 034:236.072   - 0.028ms returns 0
T4BE4 034:286.568   JLINK_RTTERMINAL_Read(BufferIndex = 0, BufferSize = 0x00010000)
T4BE4 034:286.604   - 0.040ms returns 0
T4CC4 034:315.684 JLINK_IsHalted()
T4CC4 034:318.908 - 3.223ms returns FALSE
T4CC4 034:318.968 JLINK_IsHalted()
T4CC4 034:322.816 - 3.846ms returns FALSE
T4BE4 034:337.624   JLINK_RTTERMINAL_Read(BufferIndex = 0, BufferSize = 0x00010000)
T4BE4 034:337.652   - 0.031ms returns 0
T5114 034:353.980 JLINK_IsHalted()
T5114 034:355.976 - 1.997ms returns FALSE
T5114 034:356.020 JLINK_IsHalted()
T5114 034:359.888 - 3.868ms returns FALSE
T4BE4 034:389.196   JLINK_RTTERMINAL_Read(BufferIndex = 0, BufferSize = 0x00010000)
T4BE4 034:389.224   - 0.028ms returns 0
T4CC4 034:425.832 JLINK_IsHalted()
T4CC4 034:428.412 - 2.581ms returns FALSE
T4CC4 034:428.452 JLINK_IsHalted()
T4CC4 034:432.008 - 3.557ms returns FALSE
T4BE4 034:439.520   JLINK_RTTERMINAL_Read(BufferIndex = 0, BufferSize = 0x00010000)
T4BE4 034:439.552   - 0.033ms returns 0
T4BE4 034:490.244   JLINK_RTTERMINAL_Read(BufferIndex = 0, BufferSize = 0x00010000)
T4BE4 034:490.280   - 0.039ms returns 0
T4CC4 034:534.860 JLINK_IsHalted()
T4CC4 034:536.344 - 1.480ms returns FALSE
T4CC4 034:536.388 JLINK_IsHalted()
T4CC4 034:540.108 - 3.721ms returns FALSE
T4BE4 034:541.628   JLINK_RTTERMINAL_Read(BufferIndex = 0, BufferSize = 0x00010000)
T4BE4 034:541.660   - 0.035ms returns 0
T4BE4 034:595.656   JLINK_RTTERMINAL_Read(BufferIndex = 0, BufferSize = 0x00010000)
T4BE4 034:595.684   - 0.027ms returns 0
T4CC4 034:644.416 JLINK_IsHalted()
T4CC4 034:646.432 - 2.017ms returns FALSE
T4BE4 034:646.496   JLINK_RTTERMINAL_Read(BufferIndex = 0, BufferSize = 0x00010000)
T4BE4 034:646.516   - 0.020ms returns 0
T4CC4 034:646.612 JLINK_IsHalted()
T4CC4 034:650.508 - 3.894ms returns FALSE
T4BE4 034:697.048   JLINK_RTTERMINAL_Read(BufferIndex = 0, BufferSize = 0x00010000)
T4BE4 034:697.100   - 0.051ms returns 0
T4BE4 034:747.708   JLINK_RTTERMINAL_Read(BufferIndex = 0, BufferSize = 0x00010000)
T4BE4 034:747.760   - 0.053ms returns 0
T4CC4 034:753.512 JLINK_IsHalted()
T4CC4 034:757.324 - 3.810ms returns FALSE
T4CC4 034:757.420 JLINK_IsHalted()
T4CC4 034:761.048 - 3.625ms returns FALSE
T4BE4 034:798.472   JLINK_RTTERMINAL_Read(BufferIndex = 0, BufferSize = 0x00010000)
T4BE4 034:798.532   - 0.059ms returns 0
T4BE4 034:849.268   JLINK_RTTERMINAL_Read(BufferIndex = 0, BufferSize = 0x00010000)
T4BE4 034:849.320   - 0.056ms returns 0
T4CC4 034:862.248 JLINK_IsHalted()
T4CC4 034:864.904 - 2.653ms returns FALSE
T4CC4 034:864.980 JLINK_IsHalted()
T4CC4 034:868.700 - 3.720ms returns FALSE
T4BE4 034:900.480   JLINK_RTTERMINAL_Read(BufferIndex = 0, BufferSize = 0x00010000)
T4BE4 034:900.536   - 0.054ms returns 0
T4BE4 034:951.128   JLINK_RTTERMINAL_Read(BufferIndex = 0, BufferSize = 0x00010000)
T4BE4 034:951.192   - 0.066ms returns 0
T4CC4 034:972.116 JLINK_IsHalted()
T4CC4 034:974.960 - 2.842ms returns FALSE
T4CC4 034:975.032 JLINK_IsHalted()
T4CC4 034:978.856 - 3.826ms returns FALSE
T4BE4 035:002.160   JLINK_RTTERMINAL_Read(BufferIndex = 0, BufferSize = 0x00010000)
T4BE4 035:002.212   - 0.052ms returns 0
T4BE4 035:053.552   JLINK_RTTERMINAL_Read(BufferIndex = 0, BufferSize = 0x00010000)
T4BE4 035:053.596   - 0.046ms returns 0
T4CC4 035:081.904 JLINK_IsHalted()
T4CC4 035:085.352 - 3.447ms returns FALSE
T4CC4 035:085.396 JLINK_IsHalted()
T4CC4 035:089.496 - 4.100ms returns FALSE
T4BE4 035:104.516   JLINK_RTTERMINAL_Read(BufferIndex = 0, BufferSize = 0x00010000)
T4BE4 035:104.544   - 0.030ms returns 0
T4BE4 035:155.508   JLINK_RTTERMINAL_Read(BufferIndex = 0, BufferSize = 0x00010000)
T4BE4 035:155.544   - 0.037ms returns 0
T4CC4 035:191.256 JLINK_IsHalted()
T4CC4 035:193.472 - 2.217ms returns FALSE
T4CC4 035:193.528 JLINK_IsHalted()
T4CC4 035:197.152 - 3.625ms returns FALSE
T4BE4 035:206.792   JLINK_RTTERMINAL_Read(BufferIndex = 0, BufferSize = 0x00010000)
T4BE4 035:206.832   - 0.043ms returns 0
T4BE4 035:257.464   JLINK_RTTERMINAL_Read(BufferIndex = 0, BufferSize = 0x00010000)
T4BE4 035:257.524   - 0.061ms returns 0
T4CC4 035:300.488 JLINK_IsHalted()
T4CC4 035:301.912 - 1.420ms returns FALSE
T4CC4 035:301.960 JLINK_IsHalted()
T4CC4 035:305.672 - 3.709ms returns FALSE
T4BE4 035:308.832   JLINK_RTTERMINAL_Read(BufferIndex = 0, BufferSize = 0x00010000)
T4BE4 035:308.884   - 0.053ms returns 0
T4BE4 035:359.436   JLINK_RTTERMINAL_Read(BufferIndex = 0, BufferSize = 0x00010000)
T4BE4 035:359.480   - 0.041ms returns 0
T5114 035:360.568 JLINK_IsHalted()
T5114 035:362.596 - 2.028ms returns FALSE
T5114 035:362.648 JLINK_IsHalted()
T5114 035:366.276 - 3.625ms returns FALSE
T4CC4 035:409.304 JLINK_IsHalted()
T4CC4 035:411.316 - 2.011ms returns FALSE
T4BE4 035:411.396   JLINK_RTTERMINAL_Read(BufferIndex = 0, BufferSize = 0x00010000)
T4BE4 035:411.428   - 0.032ms returns 0
T4CC4 035:411.576 JLINK_IsHalted()
T4CC4 035:415.348 - 3.768ms returns FALSE
T4BE4 035:462.536   JLINK_RTTERMINAL_Read(BufferIndex = 0, BufferSize = 0x00010000)
T4BE4 035:462.572   - 0.038ms returns 0
T4BE4 035:513.180   JLINK_RTTERMINAL_Read(BufferIndex = 0, BufferSize = 0x00010000)
T4BE4 035:513.220   - 0.038ms returns 0
T4CC4 035:519.344 JLINK_IsHalted()
T4CC4 035:522.116 - 2.769ms returns FALSE
T4CC4 035:522.172 JLINK_IsHalted()
T4CC4 035:525.640 - 3.468ms returns FALSE
T4BE4 035:564.276   JLINK_RTTERMINAL_Read(BufferIndex = 0, BufferSize = 0x00010000)
T4BE4 035:564.316   - 0.043ms returns 0
T4BE4 035:615.568   JLINK_RTTERMINAL_Read(BufferIndex = 0, BufferSize = 0x00010000)
T4BE4 035:615.604   - 0.036ms returns 0
T4CC4 035:628.672 JLINK_IsHalted()
T4CC4 035:632.440 - 3.770ms returns FALSE
T4CC4 035:632.488 JLINK_IsHalted()
T4CC4 035:636.088 - 3.594ms returns FALSE
T4BE4 035:666.308   JLINK_RTTERMINAL_Read(BufferIndex = 0, BufferSize = 0x00010000)
T4BE4 035:666.348   - 0.044ms returns 0
T4BE4 035:717.196   JLINK_RTTERMINAL_Read(BufferIndex = 0, BufferSize = 0x00010000)
T4BE4 035:717.240   - 0.043ms returns 0
T4CC4 035:738.200 JLINK_IsHalted()
T4CC4 035:740.180 - 1.974ms returns FALSE
T4CC4 035:740.236 JLINK_IsHalted()
T4CC4 035:744.052 - 3.813ms returns FALSE
T4BE4 035:768.168   JLINK_RTTERMINAL_Read(BufferIndex = 0, BufferSize = 0x00010000)
T4BE4 035:768.208   - 0.043ms returns 0
T4BE4 035:818.908   JLINK_RTTERMINAL_Read(BufferIndex = 0, BufferSize = 0x00010000)
T4BE4 035:818.952   - 0.043ms returns 0
T4CC4 035:846.908 JLINK_IsHalted()
T4CC4 035:850.708 - 3.796ms returns FALSE
T4CC4 035:850.772 JLINK_IsHalted()
T4CC4 035:854.504 - 3.734ms returns FALSE
T4BE4 035:871.972   JLINK_RTTERMINAL_Read(BufferIndex = 0, BufferSize = 0x00010000)
T4BE4 035:872.008   - 0.036ms returns 0
T4BE4 035:922.608   JLINK_RTTERMINAL_Read(BufferIndex = 0, BufferSize = 0x00010000)
T4BE4 035:922.644   - 0.036ms returns 0
T4CC4 035:957.336 JLINK_IsHalted()
T4CC4 035:961.044 - 3.707ms returns FALSE
T4CC4 035:961.108 JLINK_IsHalted()
T4CC4 035:964.756 - 3.647ms returns FALSE
T4BE4 035:973.740   JLINK_RTTERMINAL_Read(BufferIndex = 0, BufferSize = 0x00010000)
T4BE4 035:973.800   - 0.061ms returns 0
T4BE4 036:024.844   JLINK_RTTERMINAL_Read(BufferIndex = 0, BufferSize = 0x00010000)
T4BE4 036:024.904   - 0.057ms returns 0
T4CC4 036:066.312 JLINK_IsHalted()
T4CC4 036:068.684 - 2.370ms returns FALSE
T4CC4 036:068.756 JLINK_IsHalted()
T4CC4 036:072.600 - 3.842ms returns FALSE
T4BE4 036:078.548   JLINK_RTTERMINAL_Read(BufferIndex = 0, BufferSize = 0x00010000)
T4BE4 036:078.592   - 0.046ms returns 0
T4BE4 036:129.952   JLINK_RTTERMINAL_Read(BufferIndex = 0, BufferSize = 0x00010000)
T4BE4 036:129.988   - 0.039ms returns 0
T4CC4 036:174.880 JLINK_IsHalted()
T4CC4 036:176.712 - 1.830ms returns FALSE
T4CC4 036:176.752 JLINK_IsHalted()
T4CC4 036:180.184 - 3.433ms returns FALSE
T4BE4 036:181.396   JLINK_RTTERMINAL_Read(BufferIndex = 0, BufferSize = 0x00010000)
T4BE4 036:181.436   - 0.041ms returns 0
T4BE4 036:232.328   JLINK_RTTERMINAL_Read(BufferIndex = 0, BufferSize = 0x00010000)
T4BE4 036:232.360   - 0.035ms returns 0
T4CC4 036:287.016 JLINK_IsHalted()
T4CC4 036:290.224 - 3.204ms returns FALSE
T4BE4 036:290.280   JLINK_RTTERMINAL_Read(BufferIndex = 0, BufferSize = 0x00010000)
T4BE4 036:290.304   - 0.023ms returns 0
T4CC4 036:290.432 JLINK_IsHalted()
T4CC4 036:294.244 - 3.810ms returns FALSE
T4BE4 036:340.940   JLINK_RTTERMINAL_Read(BufferIndex = 0, BufferSize = 0x00010000)
T4BE4 036:340.988   - 0.050ms returns 0
T5114 036:368.328 JLINK_IsHalted()
T5114 036:371.768 - 3.432ms returns FALSE
T5114 036:371.828 JLINK_IsHalted()
T5114 036:375.660 - 3.831ms returns FALSE
T4BE4 036:391.788   JLINK_RTTERMINAL_Read(BufferIndex = 0, BufferSize = 0x00010000)
T4BE4 036:391.832   - 0.046ms returns 0
T4CC4 036:393.616 JLINK_IsHalted()
T4CC4 036:397.388 - 3.772ms returns FALSE
T4CC4 036:397.448 JLINK_IsHalted()
T4CC4 036:401.144 - 3.690ms returns FALSE
T4BE4 036:442.624   JLINK_RTTERMINAL_Read(BufferIndex = 0, BufferSize = 0x00010000)
T4BE4 036:442.672   - 0.047ms returns 0
T4BE4 036:493.100   JLINK_RTTERMINAL_Read(BufferIndex = 0, BufferSize = 0x00010000)
T4BE4 036:493.144   - 0.046ms returns 0
T4CC4 036:502.952 JLINK_IsHalted()
T4CC4 036:505.040 - 2.088ms returns FALSE
T4CC4 036:505.096 JLINK_IsHalted()
T4CC4 036:508.904 - 3.801ms returns FALSE
T4BE4 036:544.216   JLINK_RTTERMINAL_Read(BufferIndex = 0, BufferSize = 0x00010000)
T4BE4 036:544.260   - 0.046ms returns 0
T4BE4 036:597.272   JLINK_RTTERMINAL_Read(BufferIndex = 0, BufferSize = 0x00010000)
T4BE4 036:597.292   - 0.022ms returns 0
T4CC4 036:612.924 JLINK_IsHalted()
T4CC4 036:615.952 - 3.025ms returns FALSE
T4CC4 036:615.992 JLINK_IsHalted()
T4CC4 036:619.780 - 3.788ms returns FALSE
T4BE4 036:648.580   JLINK_RTTERMINAL_Read(BufferIndex = 0, BufferSize = 0x00010000)
T4BE4 036:648.632   - 0.053ms returns 0
T4BE4 036:699.456   JLINK_RTTERMINAL_Read(BufferIndex = 0, BufferSize = 0x00010000)
T4BE4 036:699.528   - 0.076ms returns 0
T4CC4 036:721.996 JLINK_IsHalted()
T4CC4 036:723.384 - 1.390ms returns FALSE
T4CC4 036:723.448 JLINK_IsHalted()
T4CC4 036:727.032 - 3.584ms returns FALSE
T4BE4 036:749.944   JLINK_RTTERMINAL_Read(BufferIndex = 0, BufferSize = 0x00010000)
T4BE4 036:749.984   - 0.039ms returns 0
T4BE4 036:800.968   JLINK_RTTERMINAL_Read(BufferIndex = 0, BufferSize = 0x00010000)
T4BE4 036:801.032   - 0.063ms returns 0
T4CC4 036:831.200 JLINK_IsHalted()
T4CC4 036:833.856 - 2.655ms returns FALSE
T4CC4 036:833.884 JLINK_IsHalted()
T4CC4 036:837.528 - 3.640ms returns FALSE
T4BE4 036:852.792   JLINK_RTTERMINAL_Read(BufferIndex = 0, BufferSize = 0x00010000)
T4BE4 036:852.824   - 0.033ms returns 0
T4BE4 036:903.860   JLINK_RTTERMINAL_Read(BufferIndex = 0, BufferSize = 0x00010000)
T4BE4 036:903.884   - 0.025ms returns 0
T4CC4 036:942.008 JLINK_IsHalted()
T4CC4 036:945.912 - 3.897ms returns FALSE
T4CC4 036:945.948 JLINK_IsHalted()
T4CC4 036:949.188 - 3.224ms returns FALSE
T4BE4 036:955.292   JLINK_RTTERMINAL_Read(BufferIndex = 0, BufferSize = 0x00010000)
T4BE4 036:955.316   - 0.022ms returns 0
T4BE4 037:006.276   JLINK_RTTERMINAL_Read(BufferIndex = 0, BufferSize = 0x00010000)
T4BE4 037:006.300   - 0.025ms returns 0
T4CC4 037:050.372 JLINK_IsHalted()
T4CC4 037:053.144 - 2.770ms returns FALSE
T4CC4 037:053.176 JLINK_IsHalted()
T4CC4 037:057.128 - 3.947ms returns FALSE
T4BE4 037:057.832   JLINK_RTTERMINAL_Read(BufferIndex = 0, BufferSize = 0x00010000)
T4BE4 037:057.864   - 0.033ms returns 0
T4BE4 037:108.300   JLINK_RTTERMINAL_Read(BufferIndex = 0, BufferSize = 0x00010000)
T4BE4 037:108.328   - 0.025ms returns 0
T4BE4 037:159.152   JLINK_RTTERMINAL_Read(BufferIndex = 0, BufferSize = 0x00010000)
T4BE4 037:159.220   - 0.069ms returns 0
T4CC4 037:159.752 JLINK_IsHalted()
T4CC4 037:163.784 - 4.029ms returns FALSE
T4CC4 037:163.876 JLINK_IsHalted()
T4CC4 037:167.736 - 3.855ms returns FALSE
T4BE4 037:210.792   JLINK_RTTERMINAL_Read(BufferIndex = 0, BufferSize = 0x00010000)
T4BE4 037:210.856   - 0.069ms returns 0
T4BE4 037:261.592   JLINK_RTTERMINAL_Read(BufferIndex = 0, BufferSize = 0x00010000)
T4BE4 037:261.672   - 0.085ms returns 0
T4CC4 037:270.504 JLINK_IsHalted()
T4CC4 037:274.500 - 3.994ms returns FALSE
T4CC4 037:274.560 JLINK_IsHalted()
T4CC4 037:278.236 - 3.673ms returns FALSE
T4BE4 037:312.860   JLINK_RTTERMINAL_Read(BufferIndex = 0, BufferSize = 0x00010000)
T4BE4 037:312.920   - 0.056ms returns 0
T4BE4 037:363.960   JLINK_RTTERMINAL_Read(BufferIndex = 0, BufferSize = 0x00010000)
T4BE4 037:364.004   - 0.043ms returns 0
T5114 037:375.912 JLINK_IsHalted()
T5114 037:379.448 - 3.532ms returns FALSE
T5114 037:379.496 JLINK_IsHalted()
T5114 037:383.236 - 3.737ms returns FALSE
T4CC4 037:386.512 JLINK_IsHalted()
T4CC4 037:390.336 - 3.824ms returns FALSE
T4CC4 037:390.384 JLINK_IsHalted()
T4CC4 037:394.100 - 3.710ms returns FALSE
T4BE4 037:415.316   JLINK_RTTERMINAL_Read(BufferIndex = 0, BufferSize = 0x00010000)
T4BE4 037:415.364   - 0.048ms returns 0
T4BE4 037:466.216   JLINK_RTTERMINAL_Read(BufferIndex = 0, BufferSize = 0x00010000)
T4BE4 037:466.256   - 0.039ms returns 0
T4CC4 037:503.836 JLINK_IsHalted()
T4CC4 037:506.504 - 2.665ms returns FALSE
T4CC4 037:506.552 JLINK_IsHalted()
T4CC4 037:510.212 - 3.658ms returns FALSE
T4BE4 037:517.444   JLINK_RTTERMINAL_Read(BufferIndex = 0, BufferSize = 0x00010000)
T4BE4 037:517.484   - 0.040ms returns 0
T4BE4 037:568.280   JLINK_RTTERMINAL_Read(BufferIndex = 0, BufferSize = 0x00010000)
T4BE4 037:568.320   - 0.040ms returns 0
T4CC4 037:612.784 JLINK_IsHalted()
T4CC4 037:613.964 - 1.180ms returns FALSE
T4CC4 037:613.988 JLINK_IsHalted()
T4CC4 037:618.024 - 4.037ms returns FALSE
T4BE4 037:621.112   JLINK_RTTERMINAL_Read(BufferIndex = 0, BufferSize = 0x00010000)
T4BE4 037:621.132   - 0.022ms returns 0
T4BE4 037:672.232   JLINK_RTTERMINAL_Read(BufferIndex = 0, BufferSize = 0x00010000)
T4BE4 037:672.256   - 0.029ms returns 0
T4CC4 037:722.248 JLINK_IsHalted()
T4CC4 037:724.608 - 2.358ms returns FALSE
T4BE4 037:724.656   JLINK_RTTERMINAL_Read(BufferIndex = 0, BufferSize = 0x00010000)
T4BE4 037:724.680   - 0.022ms returns 0
T4CC4 037:724.760 JLINK_IsHalted()
T4CC4 037:728.464 - 3.700ms returns FALSE
T4BE4 037:775.680   JLINK_RTTERMINAL_Read(BufferIndex = 0, BufferSize = 0x00010000)
T4BE4 037:775.708   - 0.028ms returns 0
T4BE4 037:826.524   JLINK_RTTERMINAL_Read(BufferIndex = 0, BufferSize = 0x00010000)
T4BE4 037:826.552   - 0.030ms returns 0
T4CC4 037:831.448 JLINK_IsHalted()
T4CC4 037:835.312 - 3.863ms returns FALSE
T4CC4 037:835.360 JLINK_IsHalted()
T4CC4 037:838.856 - 3.496ms returns FALSE
T4BE4 037:877.112   JLINK_RTTERMINAL_Read(BufferIndex = 0, BufferSize = 0x00010000)
T4BE4 037:877.144   - 0.029ms returns 0
T4BE4 037:928.012   JLINK_RTTERMINAL_Read(BufferIndex = 0, BufferSize = 0x00010000)
T4BE4 037:928.040   - 0.025ms returns 0
T4CC4 037:940.400 JLINK_IsHalted()
T4CC4 037:942.776 - 2.374ms returns FALSE
T4CC4 037:942.808 JLINK_IsHalted()
T4CC4 037:946.684 - 3.874ms returns FALSE
T4BE4 037:978.704   JLINK_RTTERMINAL_Read(BufferIndex = 0, BufferSize = 0x00010000)
T4BE4 037:978.740   - 0.036ms returns 0
T4BE4 038:029.880   JLINK_RTTERMINAL_Read(BufferIndex = 0, BufferSize = 0x00010000)
T4BE4 038:029.928   - 0.047ms returns 0
T4CC4 038:049.856 JLINK_IsHalted()
T4CC4 038:053.624 - 3.767ms returns FALSE
T4CC4 038:053.684 JLINK_IsHalted()
T4CC4 038:057.120 - 3.431ms returns FALSE
T4BE4 038:080.688   JLINK_RTTERMINAL_Read(BufferIndex = 0, BufferSize = 0x00010000)
T4BE4 038:080.732   - 0.046ms returns 0
T4BE4 038:133.772   JLINK_RTTERMINAL_Read(BufferIndex = 0, BufferSize = 0x00010000)
T4BE4 038:133.816   - 0.043ms returns 0
T4CC4 038:159.452 JLINK_IsHalted()
T4CC4 038:161.376 - 1.922ms returns FALSE
T4CC4 038:161.436 JLINK_IsHalted()
T4CC4 038:164.860 - 3.421ms returns FALSE
T4BE4 038:184.872   JLINK_RTTERMINAL_Read(BufferIndex = 0, BufferSize = 0x00010000)
T4BE4 038:184.920   - 0.047ms returns 0
T4BE4 038:235.768   JLINK_RTTERMINAL_Read(BufferIndex = 0, BufferSize = 0x00010000)
T4BE4 038:235.816   - 0.047ms returns 0
T4CC4 038:270.564 JLINK_IsHalted()
T4CC4 038:274.380 - 3.818ms returns FALSE
T4CC4 038:274.440 JLINK_IsHalted()
T4CC4 038:277.952 - 3.511ms returns FALSE
T4BE4 038:286.252   JLINK_RTTERMINAL_Read(BufferIndex = 0, BufferSize = 0x00010000)
T4BE4 038:286.280   - 0.030ms returns 0
T4BE4 038:336.720   JLINK_RTTERMINAL_Read(BufferIndex = 0, BufferSize = 0x00010000)
T4BE4 038:336.748   - 0.031ms returns 0
T4CC4 038:377.864 JLINK_IsHalted()
T4CC4 038:379.800 - 1.935ms returns FALSE
T4CC4 038:379.828 JLINK_IsHalted()
T4CC4 038:383.496 - 3.666ms returns FALSE
T5114 038:383.624 JLINK_IsHalted()
T5114 038:387.528 - 3.903ms returns FALSE
T4BE4 038:387.592   JLINK_RTTERMINAL_Read(BufferIndex = 0, BufferSize = 0x00010000)
T4BE4 038:387.616   - 0.023ms returns 0
T5114 038:387.704 JLINK_IsHalted()
T5114 038:391.320 - 3.613ms returns FALSE
T4BE4 038:438.688   JLINK_RTTERMINAL_Read(BufferIndex = 0, BufferSize = 0x00010000)
T4BE4 038:438.712   - 0.025ms returns 0
T4CC4 038:488.888 JLINK_IsHalted()
T4CC4 038:492.264 - 3.375ms returns FALSE
T4BE4 038:492.312   JLINK_RTTERMINAL_Read(BufferIndex = 0, BufferSize = 0x00010000)
T4BE4 038:492.332   - 0.019ms returns 0
T4CC4 038:492.404 JLINK_IsHalted()
T4CC4 038:496.088 - 3.682ms returns FALSE
T4BE4 038:543.136   JLINK_RTTERMINAL_Read(BufferIndex = 0, BufferSize = 0x00010000)
T4BE4 038:543.164   - 0.028ms returns 0
T4BE4 038:594.272   JLINK_RTTERMINAL_Read(BufferIndex = 0, BufferSize = 0x00010000)
T4BE4 038:594.308   - 0.035ms returns 0
T4CC4 038:599.276 JLINK_IsHalted()
T4CC4 038:603.076 - 3.795ms returns FALSE
T4CC4 038:603.108 JLINK_IsHalted()
T4CC4 038:606.724 - 3.616ms returns FALSE
T4BE4 038:644.996   JLINK_RTTERMINAL_Read(BufferIndex = 0, BufferSize = 0x00010000)
T4BE4 038:645.044   - 0.052ms returns 0
T4BE4 038:697.768   JLINK_RTTERMINAL_Read(BufferIndex = 0, BufferSize = 0x00010000)
T4BE4 038:697.808   - 0.040ms returns 0
T4CC4 038:706.440 JLINK_IsHalted()
T4CC4 038:709.908 - 3.466ms returns FALSE
T4CC4 038:709.972 JLINK_IsHalted()
T4CC4 038:713.920 - 3.947ms returns FALSE
T4BE4 038:748.976   JLINK_RTTERMINAL_Read(BufferIndex = 0, BufferSize = 0x00010000)
T4BE4 038:749.016   - 0.043ms returns 0
T4BE4 038:801.996   JLINK_RTTERMINAL_Read(BufferIndex = 0, BufferSize = 0x00010000)
T4BE4 038:802.040   - 0.047ms returns 0
T4CC4 038:815.956 JLINK_IsHalted()
T4CC4 038:817.840 - 1.881ms returns FALSE
T4CC4 038:817.896 JLINK_IsHalted()
T4CC4 038:821.656 - 3.761ms returns FALSE
T4BE4 038:853.236   JLINK_RTTERMINAL_Read(BufferIndex = 0, BufferSize = 0x00010000)
T4BE4 038:853.296   - 0.063ms returns 0
T4BE4 038:904.372   JLINK_RTTERMINAL_Read(BufferIndex = 0, BufferSize = 0x00010000)
T4BE4 038:904.440   - 0.069ms returns 0
T4CC4 038:925.920 JLINK_IsHalted()
T4CC4 038:928.488 - 2.562ms returns FALSE
T4CC4 038:928.552 JLINK_IsHalted()
T4CC4 038:932.080 - 3.529ms returns FALSE
T4BE4 038:955.352   JLINK_RTTERMINAL_Read(BufferIndex = 0, BufferSize = 0x00010000)
T4BE4 038:955.400   - 0.049ms returns 0
T4BE4 039:006.164   JLINK_RTTERMINAL_Read(BufferIndex = 0, BufferSize = 0x00010000)
T4BE4 039:006.212   - 0.050ms returns 0
T4CC4 039:034.280 JLINK_IsHalted()
T4CC4 039:036.112 - 1.830ms returns FALSE
T4CC4 039:036.168 JLINK_IsHalted()
T4CC4 039:039.984 - 3.811ms returns FALSE
T4BE4 039:057.672   JLINK_RTTERMINAL_Read(BufferIndex = 0, BufferSize = 0x00010000)
T4BE4 039:057.712   - 0.043ms returns 0
T4BE4 039:108.744   JLINK_RTTERMINAL_Read(BufferIndex = 0, BufferSize = 0x00010000)
T4BE4 039:108.788   - 0.042ms returns 0
T4CC4 039:143.924 JLINK_IsHalted()
T4CC4 039:146.864 - 2.939ms returns FALSE
T4CC4 039:146.920 JLINK_IsHalted()
T4CC4 039:150.680 - 3.762ms returns FALSE
T4BE4 039:159.892   JLINK_RTTERMINAL_Read(BufferIndex = 0, BufferSize = 0x00010000)
T4BE4 039:159.932   - 0.043ms returns 0
T4BE4 039:210.792   JLINK_RTTERMINAL_Read(BufferIndex = 0, BufferSize = 0x00010000)
T4BE4 039:210.840   - 0.044ms returns 0
T4CC4 039:253.676 JLINK_IsHalted()
T4CC4 039:257.416 - 3.738ms returns FALSE
T4CC4 039:257.472 JLINK_IsHalted()
T4CC4 039:261.024 - 3.550ms returns FALSE
T4BE4 039:264.268   JLINK_RTTERMINAL_Read(BufferIndex = 0, BufferSize = 0x00010000)
T4BE4 039:264.316   - 0.048ms returns 0
T4BE4 039:315.056   JLINK_RTTERMINAL_Read(BufferIndex = 0, BufferSize = 0x00010000)
T4BE4 039:315.096   - 0.044ms returns 0
T4CC4 039:362.520 JLINK_IsHalted()
T4CC4 039:365.080 - 2.558ms returns FALSE
T4CC4 039:365.120 JLINK_IsHalted()
T4CC4 039:368.812 - 3.691ms returns FALSE
T4BE4 039:368.872   JLINK_RTTERMINAL_Read(BufferIndex = 0, BufferSize = 0x00010000)
T4BE4 039:368.904   - 0.031ms returns 0
T5114 039:391.820 JLINK_IsHalted()
T5114 039:393.564 - 1.743ms returns FALSE
T5114 039:393.640 JLINK_IsHalted()
T5114 039:397.360 - 3.715ms returns FALSE
T4BE4 039:419.580   JLINK_RTTERMINAL_Read(BufferIndex = 0, BufferSize = 0x00010000)
T4BE4 039:419.640   - 0.059ms returns 0
T4BE4 039:470.380   JLINK_RTTERMINAL_Read(BufferIndex = 0, BufferSize = 0x00010000)
T4BE4 039:470.416   - 0.035ms returns 0
T4CC4 039:472.248 JLINK_IsHalted()
T4CC4 039:474.828 - 2.578ms returns FALSE
T4CC4 039:474.876 JLINK_IsHalted()
T4CC4 039:478.504 - 3.622ms returns FALSE
T4BE4 039:521.720   JLINK_RTTERMINAL_Read(BufferIndex = 0, BufferSize = 0x00010000)
T4BE4 039:521.756   - 0.035ms returns 0
T4BE4 039:572.504   JLINK_RTTERMINAL_Read(BufferIndex = 0, BufferSize = 0x00010000)
T4BE4 039:572.544   - 0.037ms returns 0
T4CC4 039:581.408 JLINK_IsHalted()
T4CC4 039:585.004 - 3.597ms returns FALSE
T4CC4 039:585.068 JLINK_IsHalted()
T4CC4 039:589.112 - 4.028ms returns FALSE
T4BE4 039:622.880   JLINK_RTTERMINAL_Read(BufferIndex = 0, BufferSize = 0x00010000)
T4BE4 039:622.912   - 0.032ms returns 0
T4BE4 039:674.428   JLINK_RTTERMINAL_Read(BufferIndex = 0, BufferSize = 0x00010000)
T4BE4 039:674.488   - 0.062ms returns 0
T4CC4 039:690.736 JLINK_IsHalted()
T4CC4 039:693.548 - 2.809ms returns FALSE
T4CC4 039:693.628 JLINK_IsHalted()
T4CC4 039:697.320 - 3.686ms returns FALSE
T4BE4 039:725.764   JLINK_RTTERMINAL_Read(BufferIndex = 0, BufferSize = 0x00010000)
T4BE4 039:725.816   - 0.058ms returns 0
T4BE4 039:776.520   JLINK_RTTERMINAL_Read(BufferIndex = 0, BufferSize = 0x00010000)
T4BE4 039:776.580   - 0.060ms returns 0
T4CC4 039:800.484 JLINK_IsHalted()
T4CC4 039:803.944 - 3.463ms returns FALSE
T4CC4 039:804.024 JLINK_IsHalted()
T4CC4 039:807.840 - 3.815ms returns FALSE
T4BE4 039:827.128   JLINK_RTTERMINAL_Read(BufferIndex = 0, BufferSize = 0x00010000)
T4BE4 039:827.184   - 0.058ms returns 0
T4BE4 039:878.024   JLINK_RTTERMINAL_Read(BufferIndex = 0, BufferSize = 0x00010000)
T4BE4 039:878.068   - 0.044ms returns 0
T4CC4 039:914.980 JLINK_IsHalted()
T4CC4 039:918.484 - 3.504ms returns FALSE
T4CC4 039:918.540 JLINK_IsHalted()
T4CC4 039:922.168 - 3.624ms returns FALSE
T4BE4 039:928.416   JLINK_RTTERMINAL_Read(BufferIndex = 0, BufferSize = 0x00010000)
T4BE4 039:928.460   - 0.044ms returns 0
T4BE4 039:979.452   JLINK_RTTERMINAL_Read(BufferIndex = 0, BufferSize = 0x00010000)
T4BE4 039:979.496   - 0.043ms returns 0
T4CC4 040:019.220 JLINK_IsHalted()
T4CC4 040:022.840 - 3.621ms returns FALSE
T4CC4 040:022.940 JLINK_IsHalted()
T4CC4 040:026.636 - 3.691ms returns FALSE
T4BE4 040:030.020   JLINK_RTTERMINAL_Read(BufferIndex = 0, BufferSize = 0x00010000)
T4BE4 040:030.060   - 0.043ms returns 0
T4BE4 040:081.092   JLINK_RTTERMINAL_Read(BufferIndex = 0, BufferSize = 0x00010000)
T4BE4 040:081.152   - 0.062ms returns 0
T4CC4 040:129.752 JLINK_IsHalted()
T4CC4 040:133.144 - 3.385ms returns FALSE
T4BE4 040:133.256   JLINK_RTTERMINAL_Read(BufferIndex = 0, BufferSize = 0x00010000)
T4BE4 040:133.312   - 0.054ms returns 0
T4CC4 040:133.504 JLINK_IsHalted()
T4CC4 040:137.024 - 3.517ms returns FALSE
T4BE4 040:184.424   JLINK_RTTERMINAL_Read(BufferIndex = 0, BufferSize = 0x00010000)
T4BE4 040:184.492   - 0.071ms returns 0
T4BE4 040:235.364   JLINK_RTTERMINAL_Read(BufferIndex = 0, BufferSize = 0x00010000)
T4BE4 040:235.432   - 0.069ms returns 0
T4CC4 040:238.156 JLINK_IsHalted()
T4CC4 040:240.512 - 2.353ms returns FALSE
T4CC4 040:240.616 JLINK_IsHalted()
T4CC4 040:244.228 - 3.608ms returns FALSE
T4BE4 040:286.488   JLINK_RTTERMINAL_Read(BufferIndex = 0, BufferSize = 0x00010000)
T4BE4 040:286.552   - 0.067ms returns 0
T4BE4 040:337.472   JLINK_RTTERMINAL_Read(BufferIndex = 0, BufferSize = 0x00010000)
T4BE4 040:337.544   - 0.071ms returns 0
T4CC4 040:347.376 JLINK_IsHalted()
T4CC4 040:350.972 - 3.593ms returns FALSE
T4CC4 040:351.060 JLINK_IsHalted()
T4CC4 040:354.504 - 3.440ms returns FALSE
T4BE4 040:388.660   JLINK_RTTERMINAL_Read(BufferIndex = 0, BufferSize = 0x00010000)
T4BE4 040:388.728   - 0.070ms returns 0
T5114 040:398.848 JLINK_IsHalted()
T5114 040:402.440 - 3.592ms returns FALSE
T5114 040:402.540 JLINK_IsHalted()
T5114 040:406.384 - 3.839ms returns FALSE
T4BE4 040:439.524   JLINK_RTTERMINAL_Read(BufferIndex = 0, BufferSize = 0x00010000)
T4BE4 040:439.592   - 0.071ms returns 0
T4CC4 040:456.636 JLINK_IsHalted()
T4CC4 040:459.748 - 3.111ms returns FALSE
T4CC4 040:459.852 JLINK_IsHalted()
T4CC4 040:463.780 - 3.922ms returns FALSE
T4BE4 040:490.888   JLINK_RTTERMINAL_Read(BufferIndex = 0, BufferSize = 0x00010000)
T4BE4 040:490.952   - 0.066ms returns 0
T4BE4 040:542.024   JLINK_RTTERMINAL_Read(BufferIndex = 0, BufferSize = 0x00010000)
T4BE4 040:542.088   - 0.068ms returns 0
T4CC4 040:565.992 JLINK_IsHalted()
T4CC4 040:568.192 - 2.200ms returns FALSE
T4CC4 040:568.280 JLINK_IsHalted()
T4CC4 040:571.876 - 3.594ms returns FALSE
T4BE4 040:593.064   JLINK_RTTERMINAL_Read(BufferIndex = 0, BufferSize = 0x00010000)
T4BE4 040:593.136   - 0.076ms returns 0
T4BE4 040:643.956   JLINK_RTTERMINAL_Read(BufferIndex = 0, BufferSize = 0x00010000)
T4BE4 040:644.024   - 0.067ms returns 0
T4CC4 040:675.464 JLINK_IsHalted()
T4CC4 040:678.780 - 3.319ms returns FALSE
T4CC4 040:678.832 JLINK_IsHalted()
T4CC4 040:682.640 - 3.804ms returns FALSE
T4BE4 040:695.360   JLINK_RTTERMINAL_Read(BufferIndex = 0, BufferSize = 0x00010000)
T4BE4 040:695.436   - 0.079ms returns 0
T4BE4 040:747.472   JLINK_RTTERMINAL_Read(BufferIndex = 0, BufferSize = 0x00010000)
T4BE4 040:747.544   - 0.074ms returns 0
T4CC4 040:784.784 JLINK_IsHalted()
T4CC4 040:786.728 - 1.940ms returns FALSE
T4CC4 040:786.872 JLINK_IsHalted()
T4CC4 040:790.552 - 3.676ms returns FALSE
T4BE4 040:798.884   JLINK_RTTERMINAL_Read(BufferIndex = 0, BufferSize = 0x00010000)
T4BE4 040:798.960   - 0.079ms returns 0
T4BE4 040:850.128   JLINK_RTTERMINAL_Read(BufferIndex = 0, BufferSize = 0x00010000)
T4BE4 040:850.248   - 0.123ms returns 0
T4CC4 040:894.192 JLINK_IsHalted()
T4CC4 040:896.496 - 2.298ms returns FALSE
T4CC4 040:896.600 JLINK_IsHalted()
T4CC4 040:900.532 - 3.931ms returns FALSE
T4BE4 040:900.776   JLINK_RTTERMINAL_Read(BufferIndex = 0, BufferSize = 0x00010000)
T4BE4 040:900.824   - 0.049ms returns 0
T4BE4 040:951.980   JLINK_RTTERMINAL_Read(BufferIndex = 0, BufferSize = 0x00010000)
T4BE4 040:952.032   - 0.052ms returns 0
T4BE4 041:003.676   JLINK_RTTERMINAL_Read(BufferIndex = 0, BufferSize = 0x00010000)
T4BE4 041:003.724   - 0.050ms returns 0
T4CC4 041:003.880 JLINK_IsHalted()
T4CC4 041:007.600 - 3.718ms returns FALSE
T4CC4 041:007.668 JLINK_IsHalted()
T4CC4 041:011.480 - 3.809ms returns FALSE
T4BE4 041:055.060   JLINK_RTTERMINAL_Read(BufferIndex = 0, BufferSize = 0x00010000)
T4BE4 041:055.128   - 0.071ms returns 0
T4BE4 041:105.852   JLINK_RTTERMINAL_Read(BufferIndex = 0, BufferSize = 0x00010000)
T4BE4 041:105.904   - 0.054ms returns 0
T4CC4 041:114.464 JLINK_IsHalted()
T4CC4 041:118.160 - 3.693ms returns FALSE
T4CC4 041:118.228 JLINK_IsHalted()
T4CC4 041:121.940 - 3.709ms returns FALSE
T4BE4 041:156.488   JLINK_RTTERMINAL_Read(BufferIndex = 0, BufferSize = 0x00010000)
T4BE4 041:156.536   - 0.053ms returns 0
T4BE4 041:207.068   JLINK_RTTERMINAL_Read(BufferIndex = 0, BufferSize = 0x00010000)
T4BE4 041:207.128   - 0.055ms returns 0
T4CC4 041:221.884 JLINK_IsHalted()
T4CC4 041:225.176 - 3.290ms returns FALSE
T4CC4 041:225.256 JLINK_IsHalted()
T4CC4 041:229.000 - 3.743ms returns FALSE
T4BE4 041:258.460   JLINK_RTTERMINAL_Read(BufferIndex = 0, BufferSize = 0x00010000)
T4BE4 041:258.516   - 0.053ms returns 0
T4BE4 041:309.244   JLINK_RTTERMINAL_Read(BufferIndex = 0, BufferSize = 0x00010000)
T4BE4 041:309.292   - 0.052ms returns 0
T4CC4 041:332.200 JLINK_IsHalted()
T4CC4 041:335.856 - 3.655ms returns FALSE
T4CC4 041:335.924 JLINK_IsHalted()
T4CC4 041:339.592 - 3.666ms returns FALSE
T4BE4 041:360.304   JLINK_RTTERMINAL_Read(BufferIndex = 0, BufferSize = 0x00010000)
T4BE4 041:360.356   - 0.053ms returns 0
T5114 041:407.248 JLINK_IsHalted()
T5114 041:410.892 - 3.641ms returns FALSE
T5114 041:410.980 JLINK_IsHalted()
T5114 041:414.640 - 3.657ms returns FALSE
T4BE4 041:414.744   JLINK_RTTERMINAL_Read(BufferIndex = 0, BufferSize = 0x00010000)
T4BE4 041:414.792   - 0.052ms returns 0
T4CC4 041:441.832 JLINK_IsHalted()
T4CC4 041:445.536 - 3.699ms returns FALSE
T4CC4 041:445.608 JLINK_IsHalted()
T4CC4 041:449.044 - 3.436ms returns FALSE
T4BE4 041:466.952   JLINK_RTTERMINAL_Read(BufferIndex = 0, BufferSize = 0x00010000)
T4BE4 041:467.000   - 0.049ms returns 0
T4BE4 041:518.008   JLINK_RTTERMINAL_Read(BufferIndex = 0, BufferSize = 0x00010000)
T4BE4 041:518.056   - 0.053ms returns 0
T4CC4 041:550.576 JLINK_IsHalted()
T4CC4 041:553.524 - 2.947ms returns FALSE
T4CC4 041:553.560 JLINK_IsHalted()
T4CC4 041:557.608 - 4.042ms returns FALSE
T4BE4 041:568.976   JLINK_RTTERMINAL_Read(BufferIndex = 0, BufferSize = 0x00010000)
T4BE4 041:569.016   - 0.040ms returns 0
T4BE4 041:619.556   JLINK_RTTERMINAL_Read(BufferIndex = 0, BufferSize = 0x00010000)
T4BE4 041:619.580   - 0.024ms returns 0
T4CC4 041:659.588 JLINK_IsHalted()
T4CC4 041:663.140 - 3.550ms returns FALSE
T4CC4 041:663.184 JLINK_IsHalted()
T4CC4 041:667.208 - 4.024ms returns FALSE
T4BE4 041:670.536   JLINK_RTTERMINAL_Read(BufferIndex = 0, BufferSize = 0x00010000)
T4BE4 041:670.560   - 0.027ms returns 0
T4BE4 041:721.476   JLINK_RTTERMINAL_Read(BufferIndex = 0, BufferSize = 0x00010000)
T4BE4 041:721.508   - 0.033ms returns 0
T4BE4 041:772.560   JLINK_RTTERMINAL_Read(BufferIndex = 0, BufferSize = 0x00010000)
T4BE4 041:772.616   - 0.056ms returns 0
T4CC4 041:772.764 JLINK_IsHalted()
T4CC4 041:776.540 - 3.775ms returns FALSE
T4CC4 041:776.596 JLINK_IsHalted()
T4CC4 041:780.336 - 3.738ms returns FALSE
T4BE4 041:823.160   JLINK_RTTERMINAL_Read(BufferIndex = 0, BufferSize = 0x00010000)
T4BE4 041:823.180   - 0.020ms returns 0
T4BE4 041:873.644   JLINK_RTTERMINAL_Read(BufferIndex = 0, BufferSize = 0x00010000)
T4BE4 041:873.672   - 0.025ms returns 0
T4CC4 041:878.588 JLINK_IsHalted()
T4CC4 041:881.224 - 2.635ms returns FALSE
T4CC4 041:881.260 JLINK_IsHalted()
T4CC4 041:885.128 - 3.865ms returns FALSE
T4BE4 041:924.136   JLINK_RTTERMINAL_Read(BufferIndex = 0, BufferSize = 0x00010000)
T4BE4 041:924.156   - 0.025ms returns 0
T4BE4 041:975.296   JLINK_RTTERMINAL_Read(BufferIndex = 0, BufferSize = 0x00010000)
T4BE4 041:975.364   - 0.068ms returns 0
T4CC4 041:988.140 JLINK_IsHalted()
T4CC4 041:991.552 - 3.410ms returns FALSE
T4CC4 041:991.608 JLINK_IsHalted()
T4CC4 041:995.432 - 3.828ms returns FALSE
T4BE4 042:026.308   JLINK_RTTERMINAL_Read(BufferIndex = 0, BufferSize = 0x00010000)
T4BE4 042:026.348   - 0.041ms returns 0
T4BE4 042:077.348   JLINK_RTTERMINAL_Read(BufferIndex = 0, BufferSize = 0x00010000)
T4BE4 042:077.388   - 0.042ms returns 0
T4CC4 042:097.124 JLINK_IsHalted()
T4CC4 042:099.248 - 2.123ms returns FALSE
T4CC4 042:099.296 JLINK_IsHalted()
T4CC4 042:103.284 - 3.986ms returns FALSE
T4BE4 042:129.984   JLINK_RTTERMINAL_Read(BufferIndex = 0, BufferSize = 0x00010000)
T4BE4 042:130.028   - 0.045ms returns 0
T4BE4 042:181.500   JLINK_RTTERMINAL_Read(BufferIndex = 0, BufferSize = 0x00010000)
T4BE4 042:181.548   - 0.051ms returns 0
T4CC4 042:206.512 JLINK_IsHalted()
T4CC4 042:210.004 - 3.488ms returns FALSE
T4CC4 042:210.056 JLINK_IsHalted()
T4CC4 042:213.632 - 3.571ms returns FALSE
T4BE4 042:232.084   JLINK_RTTERMINAL_Read(BufferIndex = 0, BufferSize = 0x00010000)
T4BE4 042:232.152   - 0.070ms returns 0
T4BE4 042:283.184   JLINK_RTTERMINAL_Read(BufferIndex = 0, BufferSize = 0x00010000)
T4BE4 042:283.252   - 0.070ms returns 0
T4CC4 042:316.080 JLINK_IsHalted()
T4CC4 042:319.816 - 3.738ms returns FALSE
T4CC4 042:319.912 JLINK_IsHalted()
T4CC4 042:323.424 - 3.508ms returns FALSE
T4BE4 042:334.448   JLINK_RTTERMINAL_Read(BufferIndex = 0, BufferSize = 0x00010000)
T4BE4 042:334.508   - 0.063ms returns 0
T4BE4 042:385.448   JLINK_RTTERMINAL_Read(BufferIndex = 0, BufferSize = 0x00010000)
T4BE4 042:385.512   - 0.069ms returns 0
T5114 042:415.612 JLINK_IsHalted()
T5114 042:417.752 - 2.136ms returns FALSE
T5114 042:417.832 JLINK_IsHalted()
T5114 042:421.224 - 3.384ms returns FALSE
T4CC4 042:425.104 JLINK_IsHalted()
T4CC4 042:428.468 - 3.362ms returns FALSE
T4CC4 042:428.548 JLINK_IsHalted()
T4CC4 042:432.404 - 3.854ms returns FALSE
T4BE4 042:438.344   JLINK_RTTERMINAL_Read(BufferIndex = 0, BufferSize = 0x00010000)
T4BE4 042:438.424   - 0.086ms returns 0
T4BE4 042:489.748   JLINK_RTTERMINAL_Read(BufferIndex = 0, BufferSize = 0x00010000)
T4BE4 042:489.816   - 0.069ms returns 0
T4CC4 042:534.476 JLINK_IsHalted()
T4CC4 042:536.404 - 1.927ms returns FALSE
T4CC4 042:536.480 JLINK_IsHalted()
T4CC4 042:540.172 - 3.690ms returns FALSE
T4BE4 042:541.000   JLINK_RTTERMINAL_Read(BufferIndex = 0, BufferSize = 0x00010000)
T4BE4 042:541.060   - 0.063ms returns 0
T4BE4 042:591.668   JLINK_RTTERMINAL_Read(BufferIndex = 0, BufferSize = 0x00010000)
T4BE4 042:591.704   - 0.038ms returns 0
T4BE4 042:642.732   JLINK_RTTERMINAL_Read(BufferIndex = 0, BufferSize = 0x00010000)
T4BE4 042:642.764   - 0.032ms returns 0
T4CC4 042:643.648 JLINK_IsHalted()
T4CC4 042:646.696 - 3.045ms returns FALSE
T4CC4 042:646.740 JLINK_IsHalted()
T4CC4 042:650.632 - 3.889ms returns FALSE
T4BE4 042:693.328   JLINK_RTTERMINAL_Read(BufferIndex = 0, BufferSize = 0x00010000)
T4BE4 042:693.368   - 0.041ms returns 0
T4BE4 042:744.252   JLINK_RTTERMINAL_Read(BufferIndex = 0, BufferSize = 0x00010000)
T4BE4 042:744.304   - 0.054ms returns 0
T4CC4 042:753.372 JLINK_IsHalted()
T4CC4 042:755.064 - 1.688ms returns FALSE
T4CC4 042:755.128 JLINK_IsHalted()
T4CC4 042:758.792 - 3.666ms returns FALSE
T4BE4 042:794.952   JLINK_RTTERMINAL_Read(BufferIndex = 0, BufferSize = 0x00010000)
T4BE4 042:795.008   - 0.057ms returns 0
T4BE4 042:847.080   JLINK_RTTERMINAL_Read(BufferIndex = 0, BufferSize = 0x00010000)
T4BE4 042:847.128   - 0.046ms returns 0
T4CC4 042:862.828 JLINK_IsHalted()
T4CC4 042:865.532 - 2.703ms returns FALSE
T4CC4 042:865.596 JLINK_IsHalted()
T4CC4 042:869.448 - 3.851ms returns FALSE
T4BE4 042:898.384   JLINK_RTTERMINAL_Read(BufferIndex = 0, BufferSize = 0x00010000)
T4BE4 042:898.408   - 0.024ms returns 0
T4BE4 042:949.132   JLINK_RTTERMINAL_Read(BufferIndex = 0, BufferSize = 0x00010000)
T4BE4 042:949.168   - 0.035ms returns 0
T4CC4 042:979.240 JLINK_IsHalted()
T4CC4 042:982.796 - 3.555ms returns FALSE
T4CC4 042:982.956 JLINK_IsHalted()
T4CC4 042:986.480 - 3.520ms returns FALSE
T4BE4 043:000.024   JLINK_RTTERMINAL_Read(BufferIndex = 0, BufferSize = 0x00010000)
T4BE4 043:000.112   - 0.088ms returns 0
T4BE4 043:053.784   JLINK_RTTERMINAL_Read(BufferIndex = 0, BufferSize = 0x00010000)
T4BE4 043:053.812   - 0.028ms returns 0
T4CC4 043:081.248 JLINK_IsHalted()
T4CC4 043:084.016 - 2.768ms returns FALSE
T4CC4 043:084.060 JLINK_IsHalted()
T4CC4 043:087.672 - 3.609ms returns FALSE
T4BE4 043:104.980   JLINK_RTTERMINAL_Read(BufferIndex = 0, BufferSize = 0x00010000)
T4BE4 043:105.016   - 0.041ms returns 0
T4BE4 043:155.448   JLINK_RTTERMINAL_Read(BufferIndex = 0, BufferSize = 0x00010000)
T4BE4 043:155.508   - 0.057ms returns 0
T4CC4 043:191.064 JLINK_IsHalted()
T4CC4 043:194.796 - 3.728ms returns FALSE
T4CC4 043:194.872 JLINK_IsHalted()
T4CC4 043:198.296 - 3.422ms returns FALSE
T4BE4 043:206.936   JLINK_RTTERMINAL_Read(BufferIndex = 0, BufferSize = 0x00010000)
T4BE4 043:206.996   - 0.057ms returns 0
T4BE4 043:257.888   JLINK_RTTERMINAL_Read(BufferIndex = 0, BufferSize = 0x00010000)
T4BE4 043:257.944   - 0.058ms returns 0
T4CC4 043:300.420 JLINK_IsHalted()
T4CC4 043:302.296 - 1.874ms returns FALSE
T4CC4 043:302.340 JLINK_IsHalted()
T4CC4 043:306.336 - 3.992ms returns FALSE
T4BE4 043:312.188   JLINK_RTTERMINAL_Read(BufferIndex = 0, BufferSize = 0x00010000)
T4BE4 043:312.220   - 0.032ms returns 0
T4BE4 043:363.240   JLINK_RTTERMINAL_Read(BufferIndex = 0, BufferSize = 0x00010000)
T4BE4 043:363.276   - 0.037ms returns 0
T4CC4 043:409.860 JLINK_IsHalted()
T4CC4 043:412.980 - 3.118ms returns FALSE
T4CC4 043:413.024 JLINK_IsHalted()
T4CC4 043:416.584 - 3.556ms returns FALSE
T4BE4 043:416.636   JLINK_RTTERMINAL_Read(BufferIndex = 0, BufferSize = 0x00010000)
T4BE4 043:416.664   - 0.025ms returns 0
T5114 043:422.004 JLINK_IsHalted()
T5114 043:423.788 - 1.783ms returns FALSE
T5114 043:423.836 JLINK_IsHalted()
T5114 043:427.692 - 3.857ms returns FALSE
T4BE4 043:468.972   JLINK_RTTERMINAL_Read(BufferIndex = 0, BufferSize = 0x00010000)
T4BE4 043:469.016   - 0.045ms returns 0
T4CC4 043:518.712 JLINK_IsHalted()
T4CC4 043:522.552 - 3.840ms returns FALSE
T4BE4 043:522.632   JLINK_RTTERMINAL_Read(BufferIndex = 0, BufferSize = 0x00010000)
T4BE4 043:522.656   - 0.028ms returns 0
T4CC4 043:522.776 JLINK_IsHalted()
T4CC4 043:526.536 - 3.753ms returns FALSE
T4BE4 043:573.576   JLINK_RTTERMINAL_Read(BufferIndex = 0, BufferSize = 0x00010000)
T4BE4 043:573.620   - 0.048ms returns 0
T4BE4 043:624.452   JLINK_RTTERMINAL_Read(BufferIndex = 0, BufferSize = 0x00010000)
T4BE4 043:624.500   - 0.049ms returns 0
T4CC4 043:628.280 JLINK_IsHalted()
T4CC4 043:630.232 - 1.955ms returns FALSE
T4CC4 043:630.316 JLINK_IsHalted()
T4CC4 043:634.120 - 3.801ms returns FALSE
T4BE4 043:675.884   JLINK_RTTERMINAL_Read(BufferIndex = 0, BufferSize = 0x00010000)
T4BE4 043:675.960   - 0.075ms returns 0
T4BE4 043:726.644   JLINK_RTTERMINAL_Read(BufferIndex = 0, BufferSize = 0x00010000)
T4BE4 043:726.692   - 0.051ms returns 0
T4CC4 043:737.540 JLINK_IsHalted()
T4CC4 043:740.948 - 3.406ms returns FALSE
T4CC4 043:741.016 JLINK_IsHalted()
T4CC4 043:744.536 - 3.523ms returns FALSE
T4BE4 043:777.600   JLINK_RTTERMINAL_Read(BufferIndex = 0, BufferSize = 0x00010000)
T4BE4 043:777.656   - 0.058ms returns 0
T4BE4 043:828.444   JLINK_RTTERMINAL_Read(BufferIndex = 0, BufferSize = 0x00010000)
T4BE4 043:828.492   - 0.049ms returns 0
T4CC4 043:847.356 JLINK_IsHalted()
T4CC4 043:851.484 - 4.127ms returns FALSE
T4CC4 043:851.548 JLINK_IsHalted()
T4CC4 043:855.252 - 3.699ms returns FALSE
T4BE4 043:879.704   JLINK_RTTERMINAL_Read(BufferIndex = 0, BufferSize = 0x00010000)
T4BE4 043:879.760   - 0.062ms returns 0
T4BE4 043:930.724   JLINK_RTTERMINAL_Read(BufferIndex = 0, BufferSize = 0x00010000)
T4BE4 043:930.776   - 0.056ms returns 0
T4CC4 043:956.528 JLINK_IsHalted()
T4CC4 043:959.208 - 2.678ms returns FALSE
T4CC4 043:959.272 JLINK_IsHalted()
T4CC4 043:962.872 - 3.602ms returns FALSE
T4BE4 043:981.972   JLINK_RTTERMINAL_Read(BufferIndex = 0, BufferSize = 0x00010000)
T4BE4 043:982.016   - 0.048ms returns 0
T4BE4 044:032.792   JLINK_RTTERMINAL_Read(BufferIndex = 0, BufferSize = 0x00010000)
T4BE4 044:032.840   - 0.048ms returns 0
T4CC4 044:065.864 JLINK_IsHalted()
T4CC4 044:069.512 - 3.646ms returns FALSE
T4CC4 044:069.588 JLINK_IsHalted()
T4CC4 044:073.088 - 3.498ms returns FALSE
T4BE4 044:083.352   JLINK_RTTERMINAL_Read(BufferIndex = 0, BufferSize = 0x00010000)
T4BE4 044:083.400   - 0.049ms returns 0
T4BE4 044:134.116   JLINK_RTTERMINAL_Read(BufferIndex = 0, BufferSize = 0x00010000)
T4BE4 044:134.168   - 0.050ms returns 0
T4CC4 044:176.376 JLINK_IsHalted()
T4CC4 044:179.992 - 3.615ms returns FALSE
T4CC4 044:180.056 JLINK_IsHalted()
T4CC4 044:183.784 - 3.728ms returns FALSE
T4BE4 044:185.164   JLINK_RTTERMINAL_Read(BufferIndex = 0, BufferSize = 0x00010000)
T4BE4 044:185.212   - 0.051ms returns 0
T4BE4 044:236.768   JLINK_RTTERMINAL_Read(BufferIndex = 0, BufferSize = 0x00010000)
T4BE4 044:236.824   - 0.057ms returns 0
T4CC4 044:284.880 JLINK_IsHalted()
T4CC4 044:287.536 - 2.652ms returns FALSE
T4CC4 044:287.644 JLINK_IsHalted()
T4CC4 044:291.316 - 3.666ms returns FALSE
T4BE4 044:291.388   JLINK_RTTERMINAL_Read(BufferIndex = 0, BufferSize = 0x00010000)
T4BE4 044:291.428   - 0.042ms returns 0
T4BE4 044:341.868   JLINK_RTTERMINAL_Read(BufferIndex = 0, BufferSize = 0x00010000)
T4BE4 044:341.916   - 0.049ms returns 0
T4BE4 044:394.280   JLINK_RTTERMINAL_Read(BufferIndex = 0, BufferSize = 0x00010000)
T4BE4 044:394.376   - 0.097ms returns 0
T4CC4 044:394.528 JLINK_IsHalted()
T4CC4 044:398.288 - 3.756ms returns FALSE
T4CC4 044:398.360 JLINK_IsHalted()
T4CC4 044:402.076 - 3.714ms returns FALSE
T5114 044:428.812 JLINK_IsHalted()
T5114 044:432.164 - 3.350ms returns FALSE
T5114 044:432.260 JLINK_IsHalted()
T5114 044:435.820 - 3.560ms returns FALSE
T4BE4 044:445.608   JLINK_RTTERMINAL_Read(BufferIndex = 0, BufferSize = 0x00010000)
T4BE4 044:445.656   - 0.050ms returns 0
T4BE4 044:497.812   JLINK_RTTERMINAL_Read(BufferIndex = 0, BufferSize = 0x00010000)
T4BE4 044:497.864   - 0.051ms returns 0
T4CC4 044:503.472 JLINK_IsHalted()
T4CC4 044:507.284 - 3.811ms returns FALSE
T4CC4 044:507.364 JLINK_IsHalted()
T4CC4 044:511.148 - 3.785ms returns FALSE
T4BE4 044:548.416   JLINK_RTTERMINAL_Read(BufferIndex = 0, BufferSize = 0x00010000)
T4BE4 044:548.472   - 0.056ms returns 0
T4BE4 044:599.192   JLINK_RTTERMINAL_Read(BufferIndex = 0, BufferSize = 0x00010000)
T4BE4 044:599.216   - 0.024ms returns 0
T4CC4 044:612.684 JLINK_IsHalted()
T4CC4 044:615.040 - 2.356ms returns FALSE
T4CC4 044:615.068 JLINK_IsHalted()
T4CC4 044:618.792 - 3.722ms returns FALSE
T4BE4 044:650.084   JLINK_RTTERMINAL_Read(BufferIndex = 0, BufferSize = 0x00010000)
T4BE4 044:650.120   - 0.038ms returns 0
T4BE4 044:700.488   JLINK_RTTERMINAL_Read(BufferIndex = 0, BufferSize = 0x00010000)
T4BE4 044:700.508   - 0.022ms returns 0
T4CC4 044:721.640 JLINK_IsHalted()
T4CC4 044:725.492 - 3.851ms returns FALSE
T4CC4 044:725.520 JLINK_IsHalted()
T4CC4 044:729.288 - 3.769ms returns FALSE
T4BE4 044:750.788   JLINK_RTTERMINAL_Read(BufferIndex = 0, BufferSize = 0x00010000)
T4BE4 044:750.808   - 0.025ms returns 0
T4BE4 044:801.324   JLINK_RTTERMINAL_Read(BufferIndex = 0, BufferSize = 0x00010000)
T4BE4 044:801.356   - 0.034ms returns 0
T4CC4 044:831.736 JLINK_IsHalted()
T4CC4 044:835.532 - 3.793ms returns FALSE
T4CC4 044:835.576 JLINK_IsHalted()
T4CC4 044:839.412 - 3.834ms returns FALSE
T4BE4 044:851.752   JLINK_RTTERMINAL_Read(BufferIndex = 0, BufferSize = 0x00010000)
T4BE4 044:851.784   - 0.037ms returns 0
T4BE4 044:902.684   JLINK_RTTERMINAL_Read(BufferIndex = 0, BufferSize = 0x00010000)
T4BE4 044:902.728   - 0.045ms returns 0
T4CC4 044:940.776 JLINK_IsHalted()
T4CC4 044:943.480 - 2.704ms returns FALSE
T4CC4 044:943.524 JLINK_IsHalted()
T4CC4 044:947.428 - 3.902ms returns FALSE
T4BE4 044:953.224   JLINK_RTTERMINAL_Read(BufferIndex = 0, BufferSize = 0x00010000)
T4BE4 044:953.264   - 0.039ms returns 0
T4BE4 045:004.028   JLINK_RTTERMINAL_Read(BufferIndex = 0, BufferSize = 0x00010000)
T4BE4 045:004.064   - 0.037ms returns 0
T4CC4 045:049.876 JLINK_IsHalted()
T4CC4 045:051.752 - 1.877ms returns FALSE
T4CC4 045:051.792 JLINK_IsHalted()
T4CC4 045:055.324 - 3.534ms returns FALSE
T4BE4 045:055.368   JLINK_RTTERMINAL_Read(BufferIndex = 0, BufferSize = 0x00010000)
T4BE4 045:055.384   - 0.017ms returns 0
T4BE4 045:106.232   JLINK_RTTERMINAL_Read(BufferIndex = 0, BufferSize = 0x00010000)
T4BE4 045:106.260   - 0.030ms returns 0
T4BE4 045:157.144   JLINK_RTTERMINAL_Read(BufferIndex = 0, BufferSize = 0x00010000)
T4BE4 045:157.176   - 0.030ms returns 0
T4CC4 045:160.068 JLINK_IsHalted()
T4CC4 045:162.200 - 2.131ms returns FALSE
T4CC4 045:162.244 JLINK_IsHalted()
T4CC4 045:166.040 - 3.794ms returns FALSE
T4BE4 045:208.216   JLINK_RTTERMINAL_Read(BufferIndex = 0, BufferSize = 0x00010000)
T4BE4 045:208.276   - 0.059ms returns 0
T4BE4 045:259.208   JLINK_RTTERMINAL_Read(BufferIndex = 0, BufferSize = 0x00010000)
T4BE4 045:259.260   - 0.057ms returns 0
T4CC4 045:268.748 JLINK_IsHalted()
T4CC4 045:272.624 - 3.872ms returns FALSE
T4CC4 045:272.696 JLINK_IsHalted()
T4CC4 045:276.328 - 3.633ms returns FALSE
T4BE4 045:309.676   JLINK_RTTERMINAL_Read(BufferIndex = 0, BufferSize = 0x00010000)
T4BE4 045:309.720   - 0.046ms returns 0
T4BE4 045:361.964   JLINK_RTTERMINAL_Read(BufferIndex = 0, BufferSize = 0x00010000)
T4BE4 045:362.008   - 0.041ms returns 0
T4CC4 045:378.404 JLINK_IsHalted()
T4CC4 045:380.292 - 1.889ms returns FALSE
T4CC4 045:380.324 JLINK_IsHalted()
T4CC4 045:384.040 - 3.718ms returns FALSE
T4BE4 045:412.308   JLINK_RTTERMINAL_Read(BufferIndex = 0, BufferSize = 0x00010000)
T4BE4 045:412.340   - 0.030ms returns 0
T5114 045:437.404 JLINK_IsHalted()
T5114 045:441.220 - 3.811ms returns FALSE
T5114 045:441.260 JLINK_IsHalted()
T5114 045:444.800 - 3.541ms returns FALSE
T4BE4 045:462.792   JLINK_RTTERMINAL_Read(BufferIndex = 0, BufferSize = 0x00010000)
T4BE4 045:462.820   - 0.024ms returns 0
T4CC4 045:487.820 JLINK_IsHalted()
T4CC4 045:489.932 - 2.111ms returns FALSE
T4CC4 045:489.964 JLINK_IsHalted()
T4CC4 045:493.664 - 3.700ms returns FALSE
T4BE4 045:513.696   JLINK_RTTERMINAL_Read(BufferIndex = 0, BufferSize = 0x00010000)
T4BE4 045:513.720   - 0.023ms returns 0
T4BE4 045:564.284   JLINK_RTTERMINAL_Read(BufferIndex = 0, BufferSize = 0x00010000)
T4BE4 045:564.312   - 0.025ms returns 0
T4CC4 045:596.948 JLINK_IsHalted()
T4CC4 045:600.624 - 3.675ms returns FALSE
T4CC4 045:600.660 JLINK_IsHalted()
T4CC4 045:604.200 - 3.539ms returns FALSE
T4BE4 045:615.228   JLINK_RTTERMINAL_Read(BufferIndex = 0, BufferSize = 0x00010000)
T4BE4 045:615.256   - 0.025ms returns 0
T4BE4 045:666.184   JLINK_RTTERMINAL_Read(BufferIndex = 0, BufferSize = 0x00010000)
T4BE4 045:666.228   - 0.044ms returns 0
T4CC4 045:706.820 JLINK_IsHalted()
T4CC4 045:709.324 - 2.504ms returns FALSE
T4CC4 045:709.364 JLINK_IsHalted()
T4CC4 045:712.948 - 3.582ms returns FALSE
T4BE4 045:717.076   JLINK_RTTERMINAL_Read(BufferIndex = 0, BufferSize = 0x00010000)
T4BE4 045:717.108   - 0.032ms returns 0
T4BE4 045:768.340   JLINK_RTTERMINAL_Read(BufferIndex = 0, BufferSize = 0x00010000)
T4BE4 045:768.360   - 0.023ms returns 0
T4CC4 045:815.756 JLINK_IsHalted()
T4CC4 045:819.512 - 3.757ms returns FALSE
T4BE4 045:819.564   JLINK_RTTERMINAL_Read(BufferIndex = 0, BufferSize = 0x00010000)
T4BE4 045:819.580   - 0.017ms returns 0
T4CC4 045:819.656 JLINK_IsHalted()
T4CC4 045:823.544 - 3.884ms returns FALSE
T4BE4 045:869.984   JLINK_RTTERMINAL_Read(BufferIndex = 0, BufferSize = 0x00010000)
T4BE4 045:870.008   - 0.025ms returns 0
T4BE4 045:920.936   JLINK_RTTERMINAL_Read(BufferIndex = 0, BufferSize = 0x00010000)
T4BE4 045:920.956   - 0.023ms returns 0
T4CC4 045:924.824 JLINK_IsHalted()
T4CC4 045:927.528 - 2.697ms returns FALSE
T4CC4 045:927.560 JLINK_IsHalted()
T4CC4 045:931.128 - 3.571ms returns FALSE
T4BE4 045:971.932   JLINK_RTTERMINAL_Read(BufferIndex = 0, BufferSize = 0x00010000)
T4BE4 045:971.964   - 0.034ms returns 0
T4BE4 046:022.304   JLINK_RTTERMINAL_Read(BufferIndex = 0, BufferSize = 0x00010000)
T4BE4 046:022.332   - 0.031ms returns 0
T4CC4 046:034.168 JLINK_IsHalted()
T4CC4 046:035.740 - 1.569ms returns FALSE
T4CC4 046:035.792 JLINK_IsHalted()
T4CC4 046:039.624 - 3.832ms returns FALSE
T4BE4 046:072.740   JLINK_RTTERMINAL_Read(BufferIndex = 0, BufferSize = 0x00010000)
T4BE4 046:072.776   - 0.034ms returns 0
T4BE4 046:123.528   JLINK_RTTERMINAL_Read(BufferIndex = 0, BufferSize = 0x00010000)
T4BE4 046:123.560   - 0.027ms returns 0
T4CC4 046:143.468 JLINK_IsHalted()
T4CC4 046:146.296 - 2.830ms returns FALSE
T4CC4 046:146.324 JLINK_IsHalted()
T4CC4 046:150.100 - 3.774ms returns FALSE
T4BE4 046:174.136   JLINK_RTTERMINAL_Read(BufferIndex = 0, BufferSize = 0x00010000)
T4BE4 046:174.164   - 0.024ms returns 0
T4BE4 046:224.644   JLINK_RTTERMINAL_Read(BufferIndex = 0, BufferSize = 0x00010000)
T4BE4 046:224.676   - 0.032ms returns 0
T4CC4 046:253.724 JLINK_IsHalted()
T4CC4 046:256.968 - 3.245ms returns FALSE
T4CC4 046:257.016 JLINK_IsHalted()
T4CC4 046:260.864 - 3.847ms returns FALSE
T4BE4 046:275.864   JLINK_RTTERMINAL_Read(BufferIndex = 0, BufferSize = 0x00010000)
T4BE4 046:275.892   - 0.024ms returns 0
T4BE4 046:326.112   JLINK_RTTERMINAL_Read(BufferIndex = 0, BufferSize = 0x00010000)
T4BE4 046:326.152   - 0.043ms returns 0
T4CC4 046:362.480 JLINK_IsHalted()
T4CC4 046:364.744 - 2.265ms returns FALSE
T4CC4 046:364.776 JLINK_IsHalted()
T4CC4 046:368.472 - 3.693ms returns FALSE
T4BE4 046:377.304   JLINK_RTTERMINAL_Read(BufferIndex = 0, BufferSize = 0x00010000)
T4BE4 046:377.332   - 0.026ms returns 0
T4BE4 046:428.148   JLINK_RTTERMINAL_Read(BufferIndex = 0, BufferSize = 0x00010000)
T4BE4 046:428.172   - 0.026ms returns 0
T5114 046:445.312 JLINK_IsHalted()
T5114 046:448.176 - 2.862ms returns FALSE
T5114 046:448.232 JLINK_IsHalted()
T5114 046:452.016 - 3.785ms returns FALSE
T4CC4 046:471.988 JLINK_IsHalted()
T4CC4 046:473.576 - 1.586ms returns FALSE
T4CC4 046:473.608 JLINK_IsHalted()
T4CC4 046:477.356 - 3.750ms returns FALSE
T4BE4 046:480.604   JLINK_RTTERMINAL_Read(BufferIndex = 0, BufferSize = 0x00010000)
T4BE4 046:480.628   - 0.023ms returns 0
T4BE4 046:531.700   JLINK_RTTERMINAL_Read(BufferIndex = 0, BufferSize = 0x00010000)
T4BE4 046:531.728   - 0.026ms returns 0
T4CC4 046:581.736 JLINK_IsHalted()
T4CC4 046:584.168 - 2.434ms returns FALSE
T4BE4 046:584.216   JLINK_RTTERMINAL_Read(BufferIndex = 0, BufferSize = 0x00010000)
T4BE4 046:584.240   - 0.023ms returns 0
T4CC4 046:584.328 JLINK_IsHalted()
T4CC4 046:587.876 - 3.545ms returns FALSE
T4BE4 046:634.652   JLINK_RTTERMINAL_Read(BufferIndex = 0, BufferSize = 0x00010000)
T4BE4 046:634.692   - 0.042ms returns 0
T4BE4 046:685.016   JLINK_RTTERMINAL_Read(BufferIndex = 0, BufferSize = 0x00010000)
T4BE4 046:685.068   - 0.055ms returns 0
T4CC4 046:690.968 JLINK_IsHalted()
T4CC4 046:692.016 - 1.046ms returns FALSE
T4CC4 046:692.048 JLINK_IsHalted()
T4CC4 046:695.772 - 3.723ms returns FALSE
T4BE4 046:736.136   JLINK_RTTERMINAL_Read(BufferIndex = 0, BufferSize = 0x00010000)
T4BE4 046:736.160   - 0.025ms returns 0
T4BE4 046:786.580   JLINK_RTTERMINAL_Read(BufferIndex = 0, BufferSize = 0x00010000)
T4BE4 046:786.616   - 0.040ms returns 0
T4CC4 046:799.756 JLINK_IsHalted()
T4CC4 046:803.508 - 3.751ms returns FALSE
T4CC4 046:803.544 JLINK_IsHalted()
T4CC4 046:807.292 - 3.747ms returns FALSE
T4BE4 046:837.140   JLINK_RTTERMINAL_Read(BufferIndex = 0, BufferSize = 0x00010000)
T4BE4 046:837.164   - 0.025ms returns 0
T4BE4 046:888.464   JLINK_RTTERMINAL_Read(BufferIndex = 0, BufferSize = 0x00010000)
T4BE4 046:888.492   - 0.028ms returns 0
T4CC4 046:909.080 JLINK_IsHalted()
T4CC4 046:911.208 - 2.124ms returns FALSE
T4CC4 046:911.240 JLINK_IsHalted()
T4CC4 046:915.032 - 3.788ms returns FALSE
T4BE4 046:938.756   JLINK_RTTERMINAL_Read(BufferIndex = 0, BufferSize = 0x00010000)
T4BE4 046:938.780   - 0.028ms returns 0
T4BE4 046:991.844   JLINK_RTTERMINAL_Read(BufferIndex = 0, BufferSize = 0x00010000)
T4BE4 046:991.876   - 0.032ms returns 0
T4CC4 047:019.164 JLINK_IsHalted()
T4CC4 047:021.636 - 2.471ms returns FALSE
T4CC4 047:021.664 JLINK_IsHalted()
T4CC4 047:025.372 - 3.707ms returns FALSE
T4BE4 047:042.136   JLINK_RTTERMINAL_Read(BufferIndex = 0, BufferSize = 0x00010000)
T4BE4 047:042.168   - 0.031ms returns 0
T4BE4 047:093.192   JLINK_RTTERMINAL_Read(BufferIndex = 0, BufferSize = 0x00010000)
T4BE4 047:093.220   - 0.026ms returns 0
T4CC4 047:128.028 JLINK_IsHalted()
T4CC4 047:130.100 - 2.067ms returns FALSE
T4CC4 047:130.140 JLINK_IsHalted()
T4CC4 047:133.656 - 3.511ms returns FALSE
T4BE4 047:143.620   JLINK_RTTERMINAL_Read(BufferIndex = 0, BufferSize = 0x00010000)
T4BE4 047:143.640   - 0.024ms returns 0
T4BE4 047:194.332   JLINK_RTTERMINAL_Read(BufferIndex = 0, BufferSize = 0x00010000)
T4BE4 047:194.364   - 0.033ms returns 0
T4CC4 047:238.168 JLINK_IsHalted()
T4CC4 047:240.704 - 2.536ms returns FALSE
T4CC4 047:240.764 JLINK_IsHalted()
T4CC4 047:244.344 - 3.576ms returns FALSE
T4BE4 047:247.552   JLINK_RTTERMINAL_Read(BufferIndex = 0, BufferSize = 0x00010000)
T4BE4 047:247.592   - 0.042ms returns 0
T4BE4 047:298.744   JLINK_RTTERMINAL_Read(BufferIndex = 0, BufferSize = 0x00010000)
T4BE4 047:298.780   - 0.036ms returns 0
T4CC4 047:346.568 JLINK_IsHalted()
T4CC4 047:348.444 - 1.877ms returns FALSE
T4CC4 047:348.484 JLINK_IsHalted()
T4CC4 047:352.008 - 3.522ms returns FALSE
T4BE4 047:352.048   JLINK_RTTERMINAL_Read(BufferIndex = 0, BufferSize = 0x00010000)
T4BE4 047:352.068   - 0.018ms returns 0
T4BE4 047:402.520   JLINK_RTTERMINAL_Read(BufferIndex = 0, BufferSize = 0x00010000)
T4BE4 047:402.548   - 0.031ms returns 0
T5114 047:452.440 JLINK_IsHalted()
T5114 047:455.796 - 3.357ms returns FALSE
T4BE4 047:455.840   JLINK_RTTERMINAL_Read(BufferIndex = 0, BufferSize = 0x00010000)
T4BE4 047:455.860   - 0.020ms returns 0
T5114 047:455.928 JLINK_IsHalted()
T5114 047:459.844 - 3.910ms returns FALSE
T4CC4 047:459.984 JLINK_IsHalted()
T4CC4 047:463.660 - 3.675ms returns FALSE
T4CC4 047:463.704 JLINK_IsHalted()
T4CC4 047:467.448 - 3.738ms returns FALSE
T4BE4 047:506.632   JLINK_RTTERMINAL_Read(BufferIndex = 0, BufferSize = 0x00010000)
T4BE4 047:506.664   - 0.033ms returns 0
T4BE4 047:557.784   JLINK_RTTERMINAL_Read(BufferIndex = 0, BufferSize = 0x00010000)
T4BE4 047:557.828   - 0.046ms returns 0
T4CC4 047:565.580 JLINK_IsHalted()
T4CC4 047:568.640 - 3.059ms returns FALSE
T4CC4 047:568.680 JLINK_IsHalted()
T4CC4 047:572.428 - 3.749ms returns FALSE
T4BE4 047:608.088   JLINK_RTTERMINAL_Read(BufferIndex = 0, BufferSize = 0x00010000)
T4BE4 047:608.120   - 0.034ms returns 0
T4BE4 047:659.264   JLINK_RTTERMINAL_Read(BufferIndex = 0, BufferSize = 0x00010000)
T4BE4 047:659.292   - 0.030ms returns 0
T4CC4 047:675.104 JLINK_IsHalted()
T4CC4 047:679.128 - 4.019ms returns FALSE
T4CC4 047:679.172 JLINK_IsHalted()
T4CC4 047:682.644 - 3.472ms returns FALSE
T4BE4 047:709.744   JLINK_RTTERMINAL_Read(BufferIndex = 0, BufferSize = 0x00010000)
T4BE4 047:709.784   - 0.044ms returns 0
T4BE4 047:760.420   JLINK_RTTERMINAL_Read(BufferIndex = 0, BufferSize = 0x00010000)
T4BE4 047:760.452   - 0.031ms returns 0
T4CC4 047:785.000 JLINK_IsHalted()
T4CC4 047:787.432 - 2.431ms returns FALSE
T4CC4 047:787.472 JLINK_IsHalted()
T4CC4 047:790.920 - 3.445ms returns FALSE
T4BE4 047:810.888   JLINK_RTTERMINAL_Read(BufferIndex = 0, BufferSize = 0x00010000)
T4BE4 047:810.912   - 0.027ms returns 0
T4BE4 047:861.612   JLINK_RTTERMINAL_Read(BufferIndex = 0, BufferSize = 0x00010000)
T4BE4 047:861.644   - 0.034ms returns 0
T4CC4 047:893.912 JLINK_IsHalted()
T4CC4 047:897.852 - 3.940ms returns FALSE
T4CC4 047:897.888 JLINK_IsHalted()
T4CC4 047:901.412 - 3.521ms returns FALSE
T4BE4 047:912.532   JLINK_RTTERMINAL_Read(BufferIndex = 0, BufferSize = 0x00010000)
T4BE4 047:912.556   - 0.026ms returns 0
T4BE4 047:963.384   JLINK_RTTERMINAL_Read(BufferIndex = 0, BufferSize = 0x00010000)
T4BE4 047:963.412   - 0.026ms returns 0
T4CC4 048:004.616 JLINK_IsHalted()
T4CC4 048:008.008 - 3.395ms returns FALSE
T4CC4 048:008.044 JLINK_IsHalted()
T4CC4 048:011.976 - 3.930ms returns FALSE
T4BE4 048:014.232   JLINK_RTTERMINAL_Read(BufferIndex = 0, BufferSize = 0x00010000)
T4BE4 048:014.260   - 0.027ms returns 0
T4BE4 048:065.452   JLINK_RTTERMINAL_Read(BufferIndex = 0, BufferSize = 0x00010000)
T4BE4 048:065.480   - 0.026ms returns 0
T4CC4 048:112.732 JLINK_IsHalted()
T4CC4 048:116.344 - 3.609ms returns FALSE
T4BE4 048:116.388   JLINK_RTTERMINAL_Read(BufferIndex = 0, BufferSize = 0x00010000)
T4BE4 048:116.408   - 0.018ms returns 0
T4CC4 048:116.496 JLINK_IsHalted()
T4CC4 048:120.468 - 3.970ms returns FALSE
T4BE4 048:166.728   JLINK_RTTERMINAL_Read(BufferIndex = 0, BufferSize = 0x00010000)
T4BE4 048:166.768   - 0.043ms returns 0
T4BE4 048:217.628   JLINK_RTTERMINAL_Read(BufferIndex = 0, BufferSize = 0x00010000)
T4BE4 048:217.660   - 0.031ms returns 0
T4CC4 048:222.408 JLINK_IsHalted()
T4CC4 048:224.328 - 1.917ms returns FALSE
T4CC4 048:224.392 JLINK_IsHalted()
T4CC4 048:228.116 - 3.724ms returns FALSE
T4BE4 048:268.400   JLINK_RTTERMINAL_Read(BufferIndex = 0, BufferSize = 0x00010000)
T4BE4 048:268.432   - 0.032ms returns 0
T4BE4 048:318.968   JLINK_RTTERMINAL_Read(BufferIndex = 0, BufferSize = 0x00010000)
T4BE4 048:319.000   - 0.032ms returns 0
T4CC4 048:331.920 JLINK_IsHalted()
T4CC4 048:334.872 - 2.950ms returns FALSE
T4CC4 048:334.920 JLINK_IsHalted()
T4CC4 048:338.560 - 3.639ms returns FALSE
T4BE4 048:369.416   JLINK_RTTERMINAL_Read(BufferIndex = 0, BufferSize = 0x00010000)
T4BE4 048:369.448   - 0.032ms returns 0
T4BE4 048:419.968   JLINK_RTTERMINAL_Read(BufferIndex = 0, BufferSize = 0x00010000)
T4BE4 048:420.008   - 0.042ms returns 0
T4CC4 048:440.856 JLINK_IsHalted()
T4CC4 048:442.556 - 1.700ms returns FALSE
T4CC4 048:442.600 JLINK_IsHalted()
T4CC4 048:446.280 - 3.680ms returns FALSE
T5114 048:461.700 JLINK_IsHalted()
T5114 048:465.428 - 3.728ms returns FALSE
T5114 048:465.480 JLINK_IsHalted()
T5114 048:469.064 - 3.578ms returns FALSE
T4BE4 048:470.860   JLINK_RTTERMINAL_Read(BufferIndex = 0, BufferSize = 0x00010000)
T4BE4 048:470.892   - 0.031ms returns 0
T4BE4 048:522.016   JLINK_RTTERMINAL_Read(BufferIndex = 0, BufferSize = 0x00010000)
T4BE4 048:522.052   - 0.035ms returns 0
T4CC4 048:550.624 JLINK_IsHalted()
T4CC4 048:552.456 - 1.829ms returns FALSE
T4CC4 048:552.504 JLINK_IsHalted()
T4CC4 048:556.228 - 3.720ms returns FALSE
T4BE4 048:572.904   JLINK_RTTERMINAL_Read(BufferIndex = 0, BufferSize = 0x00010000)
T4BE4 048:572.968   - 0.064ms returns 0
T4BE4 048:623.540   JLINK_RTTERMINAL_Read(BufferIndex = 0, BufferSize = 0x00010000)
T4BE4 048:623.572   - 0.032ms returns 0
T4CC4 048:660.288 JLINK_IsHalted()
T4CC4 048:663.060 - 2.769ms returns FALSE
T4CC4 048:663.112 JLINK_IsHalted()
T4CC4 048:666.848 - 3.737ms returns FALSE
T4BE4 048:674.356   JLINK_RTTERMINAL_Read(BufferIndex = 0, BufferSize = 0x00010000)
T4BE4 048:674.392   - 0.037ms returns 0
T4BE4 048:725.268   JLINK_RTTERMINAL_Read(BufferIndex = 0, BufferSize = 0x00010000)
T4BE4 048:725.288   - 0.027ms returns 0
T4CC4 048:769.376 JLINK_IsHalted()
T4CC4 048:771.328 - 1.952ms returns FALSE
T4CC4 048:771.356 JLINK_IsHalted()
T4CC4 048:774.856 - 3.498ms returns FALSE
T4BE4 048:778.208   JLINK_RTTERMINAL_Read(BufferIndex = 0, BufferSize = 0x00010000)
T4BE4 048:778.232   - 0.028ms returns 0
T4BE4 048:828.564   JLINK_RTTERMINAL_Read(BufferIndex = 0, BufferSize = 0x00010000)
T4BE4 048:828.584   - 0.025ms returns 0
T4CC4 048:878.732 JLINK_IsHalted()
T4CC4 048:881.912 - 3.180ms returns FALSE
T4BE4 048:881.948   JLINK_RTTERMINAL_Read(BufferIndex = 0, BufferSize = 0x00010000)
T4BE4 048:881.960   - 0.013ms returns 0
T4CC4 048:882.024 JLINK_IsHalted()
T4CC4 048:885.640 - 3.612ms returns FALSE
T4BE4 048:932.572   JLINK_RTTERMINAL_Read(BufferIndex = 0, BufferSize = 0x00010000)
T4BE4 048:932.596   - 0.024ms returns 0
T4BE4 048:983.752   JLINK_RTTERMINAL_Read(BufferIndex = 0, BufferSize = 0x00010000)
T4BE4 048:983.776   - 0.027ms returns 0
T4CC4 048:987.720 JLINK_IsHalted()
T4CC4 048:990.296 - 2.571ms returns FALSE
T4CC4 048:990.328 JLINK_IsHalted()
T4CC4 048:993.748 - 3.416ms returns FALSE
T4BE4 049:035.176   JLINK_RTTERMINAL_Read(BufferIndex = 0, BufferSize = 0x00010000)
T4BE4 049:035.204   - 0.031ms returns 0
T4BE4 049:085.480   JLINK_RTTERMINAL_Read(BufferIndex = 0, BufferSize = 0x00010000)
T4BE4 049:085.536   - 0.055ms returns 0
T4CC4 049:097.368 JLINK_IsHalted()
T4CC4 049:101.024 - 3.655ms returns FALSE
T4CC4 049:101.056 JLINK_IsHalted()
T4CC4 049:104.800 - 3.743ms returns FALSE
T4BE4 049:136.652   JLINK_RTTERMINAL_Read(BufferIndex = 0, BufferSize = 0x00010000)
T4BE4 049:136.676   - 0.023ms returns 0
T4BE4 049:187.036   JLINK_RTTERMINAL_Read(BufferIndex = 0, BufferSize = 0x00010000)
T4BE4 049:187.064   - 0.024ms returns 0
T4CC4 049:207.788 JLINK_IsHalted()
T4CC4 049:211.784 - 3.998ms returns FALSE
T4CC4 049:211.816 JLINK_IsHalted()
T4CC4 049:215.336 - 3.518ms returns FALSE
T4BE4 049:237.640   JLINK_RTTERMINAL_Read(BufferIndex = 0, BufferSize = 0x00010000)
T4BE4 049:237.672   - 0.032ms returns 0
T4BE4 049:288.264   JLINK_RTTERMINAL_Read(BufferIndex = 0, BufferSize = 0x00010000)
T4BE4 049:288.292   - 0.030ms returns 0
T4CC4 049:315.864 JLINK_IsHalted()
T4CC4 049:319.564 - 3.698ms returns FALSE
T4CC4 049:319.600 JLINK_IsHalted()
T4CC4 049:323.252 - 3.648ms returns FALSE
T4BE4 049:339.452   JLINK_RTTERMINAL_Read(BufferIndex = 0, BufferSize = 0x00010000)
T4BE4 049:339.484   - 0.033ms returns 0
T4BE4 049:390.728   JLINK_RTTERMINAL_Read(BufferIndex = 0, BufferSize = 0x00010000)
T4BE4 049:390.792   - 0.065ms returns 0
T4CC4 049:428.792 JLINK_IsHalted()
T4CC4 049:432.660 - 3.867ms returns FALSE
T4CC4 049:432.732 JLINK_IsHalted()
T4CC4 049:436.436 - 3.700ms returns FALSE
T4BE4 049:441.592   JLINK_RTTERMINAL_Read(BufferIndex = 0, BufferSize = 0x00010000)
T4BE4 049:441.640   - 0.046ms returns 0
T5114 049:469.984 JLINK_IsHalted()
T5114 049:472.660 - 2.675ms returns FALSE
T5114 049:472.724 JLINK_IsHalted()
T5114 049:476.200 - 3.472ms returns FALSE
T4BE4 049:492.056   JLINK_RTTERMINAL_Read(BufferIndex = 0, BufferSize = 0x00010000)
T4BE4 049:492.100   - 0.045ms returns 0
T4CC4 049:535.060 JLINK_IsHalted()
T4CC4 049:538.908 - 3.847ms returns FALSE
T4CC4 049:538.964 JLINK_IsHalted()
T4CC4 049:542.440 - 3.477ms returns FALSE
T4BE4 049:545.776   JLINK_RTTERMINAL_Read(BufferIndex = 0, BufferSize = 0x00010000)
T4BE4 049:545.812   - 0.036ms returns 0
T4BE4 049:596.920   JLINK_RTTERMINAL_Read(BufferIndex = 0, BufferSize = 0x00010000)
T4BE4 049:596.964   - 0.043ms returns 0
T4CC4 049:643.644 JLINK_IsHalted()
T4CC4 049:646.644 - 2.998ms returns FALSE
T4CC4 049:646.696 JLINK_IsHalted()
T4CC4 049:650.212 - 3.509ms returns FALSE
T4BE4 049:650.288   JLINK_RTTERMINAL_Read(BufferIndex = 0, BufferSize = 0x00010000)
T4BE4 049:650.320   - 0.032ms returns 0
T4BE4 049:703.380   JLINK_RTTERMINAL_Read(BufferIndex = 0, BufferSize = 0x00010000)
T4BE4 049:703.412   - 0.033ms returns 0
T4CC4 049:752.924 JLINK_IsHalted()
T4CC4 049:754.296 - 1.372ms returns FALSE
T4BE4 049:754.360   JLINK_RTTERMINAL_Read(BufferIndex = 0, BufferSize = 0x00010000)
T4BE4 049:754.392   - 0.031ms returns 0
T4CC4 049:754.504 JLINK_IsHalted()
T4CC4 049:758.084 - 3.582ms returns FALSE
T4BE4 049:805.308   JLINK_RTTERMINAL_Read(BufferIndex = 0, BufferSize = 0x00010000)
T4BE4 049:805.348   - 0.037ms returns 0
T4BE4 049:858.264   JLINK_RTTERMINAL_Read(BufferIndex = 0, BufferSize = 0x00010000)
T4BE4 049:858.296   - 0.031ms returns 0
T4CC4 049:863.172 JLINK_IsHalted()
T4CC4 049:865.736 - 2.564ms returns FALSE
T4CC4 049:865.780 JLINK_IsHalted()
T4CC4 049:869.160 - 3.379ms returns FALSE
T4BE4 049:908.528   JLINK_RTTERMINAL_Read(BufferIndex = 0, BufferSize = 0x00010000)
T4BE4 049:908.564   - 0.034ms returns 0
T4BE4 049:959.376   JLINK_RTTERMINAL_Read(BufferIndex = 0, BufferSize = 0x00010000)
T4BE4 049:959.400   - 0.024ms returns 0
T4CC4 049:972.648 JLINK_IsHalted()
T4CC4 049:975.688 - 3.040ms returns FALSE
T4CC4 049:975.720 JLINK_IsHalted()
T4CC4 049:979.656 - 3.935ms returns FALSE
T4BE4 050:010.040   JLINK_RTTERMINAL_Read(BufferIndex = 0, BufferSize = 0x00010000)
T4BE4 050:010.068   - 0.028ms returns 0
T4BE4 050:060.664   JLINK_RTTERMINAL_Read(BufferIndex = 0, BufferSize = 0x00010000)
T4BE4 050:060.684   - 0.023ms returns 0
T4CC4 050:081.524 JLINK_IsHalted()
T4CC4 050:083.808 - 2.284ms returns FALSE
T4CC4 050:083.836 JLINK_IsHalted()
T4CC4 050:087.592 - 3.752ms returns FALSE
T4BE4 050:111.856   JLINK_RTTERMINAL_Read(BufferIndex = 0, BufferSize = 0x00010000)
T4BE4 050:111.880   - 0.025ms returns 0
T4BE4 050:162.956   JLINK_RTTERMINAL_Read(BufferIndex = 0, BufferSize = 0x00010000)
T4BE4 050:163.000   - 0.044ms returns 0
T4CC4 050:193.560 JLINK_IsHalted()
T4CC4 050:197.256 - 3.695ms returns FALSE
T4CC4 050:197.340 JLINK_IsHalted()
T4CC4 050:201.012 - 3.667ms returns FALSE
T4BE4 050:214.088   JLINK_RTTERMINAL_Read(BufferIndex = 0, BufferSize = 0x00010000)
T4BE4 050:214.120   - 0.029ms returns 0
T4BE4 050:265.940   JLINK_RTTERMINAL_Read(BufferIndex = 0, BufferSize = 0x00010000)
T4BE4 050:265.964   - 0.023ms returns 0
T4CC4 050:301.600 JLINK_IsHalted()
T4CC4 050:305.308 - 3.707ms returns FALSE
T4CC4 050:305.340 JLINK_IsHalted()
T4CC4 050:308.720 - 3.380ms returns FALSE
T4BE4 050:316.796   JLINK_RTTERMINAL_Read(BufferIndex = 0, BufferSize = 0x00010000)
T4BE4 050:316.824   - 0.028ms returns 0
T4BE4 050:367.912   JLINK_RTTERMINAL_Read(BufferIndex = 0, BufferSize = 0x00010000)
T4BE4 050:367.936   - 0.025ms returns 0
T4CC4 050:410.160 JLINK_IsHalted()
T4CC4 050:412.248 - 2.088ms returns FALSE
T4CC4 050:412.280 JLINK_IsHalted()
T4CC4 050:416.256 - 3.974ms returns FALSE
T4BE4 050:419.284   JLINK_RTTERMINAL_Read(BufferIndex = 0, BufferSize = 0x00010000)
T4BE4 050:419.308   - 0.024ms returns 0
T4BE4 050:469.992   JLINK_RTTERMINAL_Read(BufferIndex = 0, BufferSize = 0x00010000)
T4BE4 050:470.020   - 0.025ms returns 0
T5114 050:476.556 JLINK_IsHalted()
T5114 050:478.636 - 2.079ms returns FALSE
T5114 050:478.680 JLINK_IsHalted()
T5114 050:482.432 - 3.750ms returns FALSE
T4CC4 050:518.888 JLINK_IsHalted()
T4CC4 050:521.220 - 2.331ms returns FALSE
T4BE4 050:521.252   JLINK_RTTERMINAL_Read(BufferIndex = 0, BufferSize = 0x00010000)
T4BE4 050:521.276   - 0.027ms returns 0
T4CC4 050:521.352 JLINK_IsHalted()
T4CC4 050:525.028 - 3.672ms returns FALSE
T4BE4 050:572.168   JLINK_RTTERMINAL_Read(BufferIndex = 0, BufferSize = 0x00010000)
T4BE4 050:572.192   - 0.025ms returns 0
T4BE4 050:622.504   JLINK_RTTERMINAL_Read(BufferIndex = 0, BufferSize = 0x00010000)
T4BE4 050:622.532   - 0.024ms returns 0
T4CC4 050:628.308 JLINK_IsHalted()
T4CC4 050:632.064 - 3.755ms returns FALSE
T4CC4 050:632.092 JLINK_IsHalted()
T4CC4 050:635.808 - 3.714ms returns FALSE
T4BE4 050:673.352   JLINK_RTTERMINAL_Read(BufferIndex = 0, BufferSize = 0x00010000)
T4BE4 050:673.372   - 0.025ms returns 0
T4BE4 050:723.936   JLINK_RTTERMINAL_Read(BufferIndex = 0, BufferSize = 0x00010000)
T4BE4 050:723.976   - 0.041ms returns 0
T4CC4 050:738.780 JLINK_IsHalted()
T4CC4 050:742.632 - 3.845ms returns FALSE
T4CC4 050:742.668 JLINK_IsHalted()
T4CC4 050:746.460 - 3.791ms returns FALSE
T4BE4 050:774.388   JLINK_RTTERMINAL_Read(BufferIndex = 0, BufferSize = 0x00010000)
T4BE4 050:774.428   - 0.044ms returns 0
T4BE4 050:825.572   JLINK_RTTERMINAL_Read(BufferIndex = 0, BufferSize = 0x00010000)
T4BE4 050:825.616   - 0.045ms returns 0
T4CC4 050:846.784 JLINK_IsHalted()
T4CC4 050:849.832 - 3.047ms returns FALSE
T4CC4 050:849.912 JLINK_IsHalted()
T4CC4 050:853.572 - 3.661ms returns FALSE
T4BE4 050:876.636   JLINK_RTTERMINAL_Read(BufferIndex = 0, BufferSize = 0x00010000)
T4BE4 050:876.672   - 0.037ms returns 0
T4BE4 050:928.004   JLINK_RTTERMINAL_Read(BufferIndex = 0, BufferSize = 0x00010000)
T4BE4 050:928.052   - 0.050ms returns 0
T4CC4 050:956.912 JLINK_IsHalted()
T4CC4 050:960.780 - 3.865ms returns FALSE
T4CC4 050:960.824 JLINK_IsHalted()
T4CC4 050:964.568 - 3.741ms returns FALSE
T4BE4 050:979.408   JLINK_RTTERMINAL_Read(BufferIndex = 0, BufferSize = 0x00010000)
T4BE4 050:979.440   - 0.032ms returns 0
T4BE4 051:029.888   JLINK_RTTERMINAL_Read(BufferIndex = 0, BufferSize = 0x00010000)
T4BE4 051:029.924   - 0.034ms returns 0
T4CC4 051:065.912 JLINK_IsHalted()
T4CC4 051:068.600 - 2.685ms returns FALSE
T4CC4 051:068.640 JLINK_IsHalted()
T4CC4 051:072.428 - 3.787ms returns FALSE
T4BE4 051:081.036   JLINK_RTTERMINAL_Read(BufferIndex = 0, BufferSize = 0x00010000)
T4BE4 051:081.072   - 0.033ms returns 0
T4BE4 051:131.848   JLINK_RTTERMINAL_Read(BufferIndex = 0, BufferSize = 0x00010000)
T4BE4 051:131.880   - 0.033ms returns 0
T4CC4 051:175.456 JLINK_IsHalted()
T4CC4 051:178.968 - 3.510ms returns FALSE
T4CC4 051:179.008 JLINK_IsHalted()
T4CC4 051:182.512 - 3.504ms returns FALSE
T4BE4 051:182.552   JLINK_RTTERMINAL_Read(BufferIndex = 0, BufferSize = 0x00010000)
T4BE4 051:182.580   - 0.025ms returns 0
T4BE4 051:233.104   JLINK_RTTERMINAL_Read(BufferIndex = 0, BufferSize = 0x00010000)
T4BE4 051:233.132   - 0.026ms returns 0
T4BE4 051:283.688   JLINK_RTTERMINAL_Read(BufferIndex = 0, BufferSize = 0x00010000)
T4BE4 051:283.728   - 0.039ms returns 0
T4CC4 051:284.376 JLINK_IsHalted()
T4CC4 051:286.748 - 2.374ms returns FALSE
T4CC4 051:286.784 JLINK_IsHalted()
T4CC4 051:290.492 - 3.707ms returns FALSE
T4BE4 051:334.144   JLINK_RTTERMINAL_Read(BufferIndex = 0, BufferSize = 0x00010000)
T4BE4 051:334.184   - 0.045ms returns 0
T4BE4 051:385.192   JLINK_RTTERMINAL_Read(BufferIndex = 0, BufferSize = 0x00010000)
T4BE4 051:385.240   - 0.052ms returns 0
T4CC4 051:393.848 JLINK_IsHalted()
T4CC4 051:397.016 - 3.167ms returns FALSE
T4CC4 051:397.072 JLINK_IsHalted()
T4CC4 051:400.904 - 3.830ms returns FALSE
T4BE4 051:436.192   JLINK_RTTERMINAL_Read(BufferIndex = 0, BufferSize = 0x00010000)
T4BE4 051:436.248   - 0.056ms returns 0
T5114 051:483.268 JLINK_IsHalted()
T5114 051:486.860 - 3.594ms returns FALSE
T5114 051:486.912 JLINK_IsHalted()
T5114 051:490.312 - 3.401ms returns FALSE
T4BE4 051:490.376   JLINK_RTTERMINAL_Read(BufferIndex = 0, BufferSize = 0x00010000)
T4BE4 051:490.388   - 0.014ms returns 0
T4CC4 051:503.364 JLINK_IsHalted()
T4CC4 051:506.240 - 2.875ms returns FALSE
T4CC4 051:506.276 JLINK_IsHalted()
T4CC4 051:509.976 - 3.702ms returns FALSE
T4BE4 051:540.948   JLINK_RTTERMINAL_Read(BufferIndex = 0, BufferSize = 0x00010000)
T4BE4 051:540.972   - 0.023ms returns 0
T4BE4 051:592.344   JLINK_RTTERMINAL_Read(BufferIndex = 0, BufferSize = 0x00010000)
T4BE4 051:592.376   - 0.037ms returns 0
T4CC4 051:612.216 JLINK_IsHalted()
T4CC4 051:613.864 - 1.649ms returns FALSE
T4CC4 051:613.920 JLINK_IsHalted()
T4CC4 051:617.500 - 3.579ms returns FALSE
T4BE4 051:643.052   JLINK_RTTERMINAL_Read(BufferIndex = 0, BufferSize = 0x00010000)
T4BE4 051:643.096   - 0.045ms returns 0
T4BE4 051:694.160   JLINK_RTTERMINAL_Read(BufferIndex = 0, BufferSize = 0x00010000)
T4BE4 051:694.204   - 0.045ms returns 0
T4CC4 051:723.672 JLINK_IsHalted()
T4CC4 051:727.244 - 3.573ms returns FALSE
T4CC4 051:727.300 JLINK_IsHalted()
T4CC4 051:731.080 - 3.775ms returns FALSE
T4BE4 051:745.460   JLINK_RTTERMINAL_Read(BufferIndex = 0, BufferSize = 0x00010000)
T4BE4 051:745.508   - 0.050ms returns 0
T4BE4 051:796.200   JLINK_RTTERMINAL_Read(BufferIndex = 0, BufferSize = 0x00010000)
T4BE4 051:796.240   - 0.043ms returns 0
T4CC4 051:831.352 JLINK_IsHalted()
T4CC4 051:834.972 - 3.615ms returns FALSE
T4CC4 051:835.032 JLINK_IsHalted()
T4CC4 051:838.672 - 3.636ms returns FALSE
T4BE4 051:846.900   JLINK_RTTERMINAL_Read(BufferIndex = 0, BufferSize = 0x00010000)
T4BE4 051:846.952   - 0.053ms returns 0
T4BE4 051:898.040   JLINK_RTTERMINAL_Read(BufferIndex = 0, BufferSize = 0x00010000)
T4BE4 051:898.096   - 0.060ms returns 0
T4CC4 051:942.364 JLINK_IsHalted()
T4CC4 051:945.984 - 3.616ms returns FALSE
T4CC4 051:946.072 JLINK_IsHalted()
T4CC4 051:949.572 - 3.495ms returns FALSE
T4BE4 051:949.696   JLINK_RTTERMINAL_Read(BufferIndex = 0, BufferSize = 0x00010000)
T4BE4 051:949.768   - 0.071ms returns 0
T4BE4 052:000.792   JLINK_RTTERMINAL_Read(BufferIndex = 0, BufferSize = 0x00010000)
T4BE4 052:000.836   - 0.042ms returns 0
T4CC4 052:050.524 JLINK_IsHalted()
T4CC4 052:053.392 - 2.866ms returns FALSE
T4BE4 052:053.432   JLINK_RTTERMINAL_Read(BufferIndex = 0, BufferSize = 0x00010000)
T4BE4 052:053.448   - 0.014ms returns 0
T4CC4 052:053.496 JLINK_IsHalted()
T4CC4 052:057.172 - 3.672ms returns FALSE
T4BE4 052:103.840   JLINK_RTTERMINAL_Read(BufferIndex = 0, BufferSize = 0x00010000)
T4BE4 052:103.864   - 0.025ms returns 0
T4BE4 052:157.964   JLINK_RTTERMINAL_Read(BufferIndex = 0, BufferSize = 0x00010000)
T4BE4 052:158.020   - 0.056ms returns 0
T4CC4 052:159.388 JLINK_IsHalted()
T4CC4 052:161.568 - 2.176ms returns FALSE
T4CC4 052:161.608 JLINK_IsHalted()
T4CC4 052:165.480 - 3.873ms returns FALSE
T4BE4 052:209.232   JLINK_RTTERMINAL_Read(BufferIndex = 0, BufferSize = 0x00010000)
T4BE4 052:209.256   - 0.024ms returns 0
T4BE4 052:260.124   JLINK_RTTERMINAL_Read(BufferIndex = 0, BufferSize = 0x00010000)
T4BE4 052:260.148   - 0.025ms returns 0
T4CC4 052:269.384 JLINK_IsHalted()
T4CC4 052:272.284 - 2.898ms returns FALSE
T4CC4 052:272.312 JLINK_IsHalted()
T4CC4 052:275.736 - 3.420ms returns FALSE
T4BE4 052:311.112   JLINK_RTTERMINAL_Read(BufferIndex = 0, BufferSize = 0x00010000)
T4BE4 052:311.132   - 0.024ms returns 0
T4BE4 052:361.888   JLINK_RTTERMINAL_Read(BufferIndex = 0, BufferSize = 0x00010000)
T4BE4 052:361.932   - 0.045ms returns 0
T4CC4 052:377.844 JLINK_IsHalted()
T4CC4 052:380.160 - 2.316ms returns FALSE
T4CC4 052:380.192 JLINK_IsHalted()
T4CC4 052:383.656 - 3.462ms returns FALSE
T4BE4 052:412.712   JLINK_RTTERMINAL_Read(BufferIndex = 0, BufferSize = 0x00010000)
T4BE4 052:412.748   - 0.037ms returns 0
T4BE4 052:463.556   JLINK_RTTERMINAL_Read(BufferIndex = 0, BufferSize = 0x00010000)
T4BE4 052:463.608   - 0.054ms returns 0
T4CC4 052:487.548 JLINK_IsHalted()
T4CC4 052:490.452 - 2.899ms returns FALSE
T4CC4 052:490.552 JLINK_IsHalted()
T4CC4 052:494.344 - 3.791ms returns FALSE
T5114 052:497.584 JLINK_IsHalted()
T5114 052:501.384 - 3.795ms returns FALSE
T5114 052:501.452 JLINK_IsHalted()
T5114 052:505.028 - 3.572ms returns FALSE
T4BE4 052:514.480   JLINK_RTTERMINAL_Read(BufferIndex = 0, BufferSize = 0x00010000)
T4BE4 052:514.532   - 0.054ms returns 0
T4BE4 052:565.048   JLINK_RTTERMINAL_Read(BufferIndex = 0, BufferSize = 0x00010000)
T4BE4 052:565.076   - 0.029ms returns 0
T4CC4 052:596.952 JLINK_IsHalted()
T4CC4 052:600.348 - 3.399ms returns FALSE
T4CC4 052:600.376 JLINK_IsHalted()
T4CC4 052:603.876 - 3.496ms returns FALSE
T4BE4 052:616.136   JLINK_RTTERMINAL_Read(BufferIndex = 0, BufferSize = 0x00010000)
T4BE4 052:616.168   - 0.034ms returns 0
T4BE4 052:668.656   JLINK_RTTERMINAL_Read(BufferIndex = 0, BufferSize = 0x00010000)
T4BE4 052:668.680   - 0.023ms returns 0
T4CC4 052:706.832 JLINK_IsHalted()
T4CC4 052:710.796 - 3.965ms returns FALSE
T4CC4 052:710.828 JLINK_IsHalted()
T4CC4 052:714.612 - 3.780ms returns FALSE
T4BE4 052:719.764   JLINK_RTTERMINAL_Read(BufferIndex = 0, BufferSize = 0x00010000)
T4BE4 052:719.788   - 0.025ms returns 0
T4BE4 052:770.824   JLINK_RTTERMINAL_Read(BufferIndex = 0, BufferSize = 0x00010000)
T4BE4 052:770.860   - 0.034ms returns 0
T4CC4 052:815.604 JLINK_IsHalted()
T4CC4 052:818.376 - 2.772ms returns FALSE
T4CC4 052:818.420 JLINK_IsHalted()
T4CC4 052:821.972 - 3.549ms returns FALSE
T4BE4 052:822.024   JLINK_RTTERMINAL_Read(BufferIndex = 0, BufferSize = 0x00010000)
T4BE4 052:822.052   - 0.026ms returns 0
T4BE4 052:872.776   JLINK_RTTERMINAL_Read(BufferIndex = 0, BufferSize = 0x00010000)
T4BE4 052:872.824   - 0.049ms returns 0
T4BE4 052:923.096   JLINK_RTTERMINAL_Read(BufferIndex = 0, BufferSize = 0x00010000)
T4BE4 052:923.156   - 0.041ms returns 0
T4CC4 052:924.864 JLINK_IsHalted()
T4CC4 052:927.968 - 3.102ms returns FALSE
T4CC4 052:928.008 JLINK_IsHalted()
T4CC4 052:931.768 - 3.760ms returns FALSE
T4BE4 052:973.824   JLINK_RTTERMINAL_Read(BufferIndex = 0, BufferSize = 0x00010000)
T4BE4 052:973.868   - 0.043ms returns 0
T4BE4 053:025.036   JLINK_RTTERMINAL_Read(BufferIndex = 0, BufferSize = 0x00010000)
T4BE4 053:025.116   - 0.083ms returns 0
T4CC4 053:034.816 JLINK_IsHalted()
T4CC4 053:036.464 - 1.645ms returns FALSE
T4CC4 053:036.528 JLINK_IsHalted()
T4CC4 053:040.292 - 3.757ms returns FALSE
T4BE4 053:075.496   JLINK_RTTERMINAL_Read(BufferIndex = 0, BufferSize = 0x00010000)
T4BE4 053:075.520   - 0.024ms returns 0
T4BE4 053:126.160   JLINK_RTTERMINAL_Read(BufferIndex = 0, BufferSize = 0x00010000)
T4BE4 053:126.208   - 0.048ms returns 0
T4CC4 053:144.072 JLINK_IsHalted()
T4CC4 053:146.840 - 2.767ms returns FALSE
T4CC4 053:146.872 JLINK_IsHalted()
T4CC4 053:150.608 - 3.737ms returns FALSE
T4BE4 053:177.352   JLINK_RTTERMINAL_Read(BufferIndex = 0, BufferSize = 0x00010000)
T4BE4 053:177.376   - 0.024ms returns 0
T4BE4 053:230.468   JLINK_RTTERMINAL_Read(BufferIndex = 0, BufferSize = 0x00010000)
T4BE4 053:230.488   - 0.022ms returns 0
T4CC4 053:254.372 JLINK_IsHalted()
T4CC4 053:257.736 - 3.366ms returns FALSE
T4CC4 053:257.768 JLINK_IsHalted()
T4CC4 053:261.784 - 4.015ms returns FALSE
T4BE4 053:281.300   JLINK_RTTERMINAL_Read(BufferIndex = 0, BufferSize = 0x00010000)
T4BE4 053:281.324   - 0.025ms returns 0
T4BE4 053:331.736   JLINK_RTTERMINAL_Read(BufferIndex = 0, BufferSize = 0x00010000)
T4BE4 053:331.764   - 0.025ms returns 0
T4CC4 053:362.552 JLINK_IsHalted()
T4CC4 053:365.632 - 3.080ms returns FALSE
T4CC4 053:365.692 JLINK_IsHalted()
T4CC4 053:369.440 - 3.744ms returns FALSE
T4BE4 053:382.320   JLINK_RTTERMINAL_Read(BufferIndex = 0, BufferSize = 0x00010000)
T4BE4 053:382.360   - 0.037ms returns 0
T4BE4 053:432.800   JLINK_RTTERMINAL_Read(BufferIndex = 0, BufferSize = 0x00010000)
T4BE4 053:432.852   - 0.053ms returns 0
T4CC4 053:472.532 JLINK_IsHalted()
T4CC4 053:476.420 - 3.886ms returns FALSE
T4CC4 053:476.496 JLINK_IsHalted()
T4CC4 053:480.128 - 3.629ms returns FALSE
T4BE4 053:484.132   JLINK_RTTERMINAL_Read(BufferIndex = 0, BufferSize = 0x00010000)
T4BE4 053:484.184   - 0.053ms returns 0
T5114 053:510.128 JLINK_IsHalted()
T5114 053:513.624 - 3.498ms returns FALSE
T5114 053:513.692 JLINK_IsHalted()
T5114 053:517.068 - 3.372ms returns FALSE
T4BE4 053:535.040   JLINK_RTTERMINAL_Read(BufferIndex = 0, BufferSize = 0x00010000)
T4BE4 053:535.076   - 0.035ms returns 0
T4CC4 053:584.712 JLINK_IsHalted()
T4CC4 053:588.404 - 3.687ms returns FALSE
T4BE4 053:588.440   JLINK_RTTERMINAL_Read(BufferIndex = 0, BufferSize = 0x00010000)
T4BE4 053:588.460   - 0.018ms returns 0
T4CC4 053:588.524 JLINK_IsHalted()
T4CC4 053:592.376 - 3.851ms returns FALSE
T4BE4 053:639.660   JLINK_RTTERMINAL_Read(BufferIndex = 0, BufferSize = 0x00010000)
T4BE4 053:639.736   - 0.075ms returns 0
T4CC4 053:690.508 JLINK_IsHalted()
T4CC4 053:692.968 - 2.456ms returns FALSE
T4BE4 053:693.064   JLINK_RTTERMINAL_Read(BufferIndex = 0, BufferSize = 0x00010000)
T4BE4 053:693.112   - 0.053ms returns 0
T4CC4 053:693.324 JLINK_IsHalted()
T4CC4 053:697.036 - 3.711ms returns FALSE
T4BE4 053:743.564   JLINK_RTTERMINAL_Read(BufferIndex = 0, BufferSize = 0x00010000)
T4BE4 053:743.628   - 0.068ms returns 0
T4BE4 053:796.844   JLINK_RTTERMINAL_Read(BufferIndex = 0, BufferSize = 0x00010000)
T4BE4 053:796.936   - 0.091ms returns 0
T4CC4 053:800.192 JLINK_IsHalted()
T4CC4 053:803.340 - 3.145ms returns FALSE
T4CC4 053:803.432 JLINK_IsHalted()
T4CC4 053:807.136 - 3.707ms returns FALSE
T4BE4 053:847.976   JLINK_RTTERMINAL_Read(BufferIndex = 0, BufferSize = 0x00010000)
T4BE4 053:847.992   - 0.021ms returns 0
T4BE4 053:898.452   JLINK_RTTERMINAL_Read(BufferIndex = 0, BufferSize = 0x00010000)
T4BE4 053:898.476   - 0.026ms returns 0
T4CC4 053:909.396 JLINK_IsHalted()
T4CC4 053:911.384 - 1.991ms returns FALSE
T4CC4 053:911.416 JLINK_IsHalted()
T4CC4 053:915.192 - 3.773ms returns FALSE
T4BE4 053:949.612   JLINK_RTTERMINAL_Read(BufferIndex = 0, BufferSize = 0x00010000)
T4BE4 053:949.652   - 0.037ms returns 0
T4BE4 054:000.276   JLINK_RTTERMINAL_Read(BufferIndex = 0, BufferSize = 0x00010000)
T4BE4 054:000.312   - 0.038ms returns 0
T4CC4 054:019.080 JLINK_IsHalted()
T4CC4 054:021.780 - 2.699ms returns FALSE
T4CC4 054:021.836 JLINK_IsHalted()
T4CC4 054:025.420 - 3.586ms returns FALSE
T4BE4 054:052.712   JLINK_RTTERMINAL_Read(BufferIndex = 0, BufferSize = 0x00010000)
T4BE4 054:052.744   - 0.035ms returns 0
T4BE4 054:103.316   JLINK_RTTERMINAL_Read(BufferIndex = 0, BufferSize = 0x00010000)
T4BE4 054:103.360   - 0.045ms returns 0
T4CC4 054:128.184 JLINK_IsHalted()
T4CC4 054:130.056 - 1.866ms returns FALSE
T4CC4 054:130.104 JLINK_IsHalted()
T4CC4 054:133.620 - 3.515ms returns FALSE
T4BE4 054:154.072   JLINK_RTTERMINAL_Read(BufferIndex = 0, BufferSize = 0x00010000)
T4BE4 054:154.144   - 0.068ms returns 0
T4BE4 054:204.840   JLINK_RTTERMINAL_Read(BufferIndex = 0, BufferSize = 0x00010000)
T4BE4 054:204.896   - 0.061ms returns 0
T4CC4 054:237.592 JLINK_IsHalted()
T4CC4 054:241.192 - 3.597ms returns FALSE
T4CC4 054:241.280 JLINK_IsHalted()
T4CC4 054:244.948 - 3.664ms returns FALSE
T4BE4 054:255.424   JLINK_RTTERMINAL_Read(BufferIndex = 0, BufferSize = 0x00010000)
T4BE4 054:255.500   - 0.077ms returns 0
T4BE4 054:306.164   JLINK_RTTERMINAL_Read(BufferIndex = 0, BufferSize = 0x00010000)
T4BE4 054:306.240   - 0.076ms returns 0
T4CC4 054:346.824 JLINK_IsHalted()
T4CC4 054:348.872 - 2.041ms returns FALSE
T4CC4 054:348.960 JLINK_IsHalted()
T4CC4 054:352.652 - 3.689ms returns FALSE
T4BE4 054:358.616   JLINK_RTTERMINAL_Read(BufferIndex = 0, BufferSize = 0x00010000)
T4BE4 054:358.696   - 0.079ms returns 0
T4BE4 054:409.920   JLINK_RTTERMINAL_Read(BufferIndex = 0, BufferSize = 0x00010000)
T4BE4 054:409.952   - 0.030ms returns 0
T4CC4 054:456.728 JLINK_IsHalted()
T4CC4 054:459.496 - 2.767ms returns FALSE
T4CC4 054:459.544 JLINK_IsHalted()
T4CC4 054:463.124 - 3.571ms returns FALSE
T4BE4 054:463.188   JLINK_RTTERMINAL_Read(BufferIndex = 0, BufferSize = 0x00010000)
T4BE4 054:463.220   - 0.030ms returns 0
T4BE4 054:513.780   JLINK_RTTERMINAL_Read(BufferIndex = 0, BufferSize = 0x00010000)
T4BE4 054:513.816   - 0.044ms returns 0
T5114 054:517.944 JLINK_IsHalted()
T5114 054:520.456 - 2.503ms returns FALSE
T5114 054:520.504 JLINK_IsHalted()
T5114 054:524.072 - 3.561ms returns FALSE
T4BE4 054:564.628   JLINK_RTTERMINAL_Read(BufferIndex = 0, BufferSize = 0x00010000)
T4BE4 054:564.672   - 0.049ms returns 0
T4CC4 054:565.624 JLINK_IsHalted()
T4CC4 054:569.400 - 3.776ms returns FALSE
T4CC4 054:569.460 JLINK_IsHalted()
T4CC4 054:573.196 - 3.736ms returns FALSE
T4BE4 054:615.528   JLINK_RTTERMINAL_Read(BufferIndex = 0, BufferSize = 0x00010000)
T4BE4 054:615.572   - 0.043ms returns 0
T4BE4 054:666.420   JLINK_RTTERMINAL_Read(BufferIndex = 0, BufferSize = 0x00010000)
T4BE4 054:666.456   - 0.042ms returns 0
T4CC4 054:675.328 JLINK_IsHalted()
T4CC4 054:676.928 - 1.600ms returns FALSE
T4CC4 054:676.968 JLINK_IsHalted()
T4CC4 054:680.856 - 3.889ms returns FALSE
T4BE4 054:717.676   JLINK_RTTERMINAL_Read(BufferIndex = 0, BufferSize = 0x00010000)
T4BE4 054:717.728   - 0.049ms returns 0
T4BE4 054:769.720   JLINK_RTTERMINAL_Read(BufferIndex = 0, BufferSize = 0x00010000)
T4BE4 054:769.768   - 0.047ms returns 0
T4CC4 054:784.884 JLINK_IsHalted()
T4CC4 054:788.352 - 3.468ms returns FALSE
T4CC4 054:788.416 JLINK_IsHalted()
T4CC4 054:792.072 - 3.651ms returns FALSE
T4BE4 054:820.840   JLINK_RTTERMINAL_Read(BufferIndex = 0, BufferSize = 0x00010000)
T4BE4 054:820.884   - 0.050ms returns 0
T4BE4 054:871.916   JLINK_RTTERMINAL_Read(BufferIndex = 0, BufferSize = 0x00010000)
T4BE4 054:871.968   - 0.050ms returns 0
T4CC4 054:893.848 JLINK_IsHalted()
T4CC4 054:896.108 - 2.257ms returns FALSE
T4CC4 054:896.136 JLINK_IsHalted()
T4CC4 054:899.648 - 3.508ms returns FALSE
T4BE4 054:922.484   JLINK_RTTERMINAL_Read(BufferIndex = 0, BufferSize = 0x00010000)
T4BE4 054:922.508   - 0.031ms returns 0
T4BE4 054:973.612   JLINK_RTTERMINAL_Read(BufferIndex = 0, BufferSize = 0x00010000)
T4BE4 054:973.672   - 0.057ms returns 0
T4CC4 055:003.532 JLINK_IsHalted()
T4CC4 055:007.092 - 3.559ms returns FALSE
T4CC4 055:007.160 JLINK_IsHalted()
T4CC4 055:010.920 - 3.752ms returns FALSE
T4BE4 055:024.344   JLINK_RTTERMINAL_Read(BufferIndex = 0, BufferSize = 0x00010000)
T4BE4 055:024.408   - 0.063ms returns 0
T4BE4 055:076.248   JLINK_RTTERMINAL_Read(BufferIndex = 0, BufferSize = 0x00010000)
T4BE4 055:076.320   - 0.067ms returns 0
T4CC4 055:112.416 JLINK_IsHalted()
T4CC4 055:114.936 - 2.522ms returns FALSE
T4CC4 055:115.032 JLINK_IsHalted()
T4CC4 055:118.592 - 3.557ms returns FALSE
T4BE4 055:126.988   JLINK_RTTERMINAL_Read(BufferIndex = 0, BufferSize = 0x00010000)
T4BE4 055:127.048   - 0.058ms returns 0
T4BE4 055:178.024   JLINK_RTTERMINAL_Read(BufferIndex = 0, BufferSize = 0x00010000)
T4BE4 055:178.080   - 0.061ms returns 0
T4CC4 055:222.440 JLINK_IsHalted()
T4CC4 055:225.928 - 3.484ms returns FALSE
T4CC4 055:225.996 JLINK_IsHalted()
T4CC4 055:229.440 - 3.439ms returns FALSE
T4BE4 055:229.536   JLINK_RTTERMINAL_Read(BufferIndex = 0, BufferSize = 0x00010000)
T4BE4 055:229.600   - 0.061ms returns 0
T4BE4 055:280.108   JLINK_RTTERMINAL_Read(BufferIndex = 0, BufferSize = 0x00010000)
T4BE4 055:280.172   - 0.067ms returns 0
T4CC4 055:331.508 JLINK_IsHalted()
T4CC4 055:333.408 - 1.895ms returns FALSE
T4BE4 055:333.516   JLINK_RTTERMINAL_Read(BufferIndex = 0, BufferSize = 0x00010000)
T4BE4 055:333.580   - 0.063ms returns 0
T4CC4 055:333.780 JLINK_IsHalted()
T4CC4 055:337.504 - 3.720ms returns FALSE
T4BE4 055:384.940   JLINK_RTTERMINAL_Read(BufferIndex = 0, BufferSize = 0x00010000)
T4BE4 055:385.012   - 0.076ms returns 0
T4BE4 055:435.880   JLINK_RTTERMINAL_Read(BufferIndex = 0, BufferSize = 0x00010000)
T4BE4 055:435.936   - 0.057ms returns 0
T4CC4 055:440.856 JLINK_IsHalted()
T4CC4 055:444.364 - 3.508ms returns FALSE
T4CC4 055:444.460 JLINK_IsHalted()
T4CC4 055:448.152 - 3.694ms returns FALSE
T4BE4 055:486.912   JLINK_RTTERMINAL_Read(BufferIndex = 0, BufferSize = 0x00010000)
T4BE4 055:486.968   - 0.063ms returns 0
T5114 055:525.152 JLINK_IsHalted()
T5114 055:528.440 - 3.289ms returns FALSE
T5114 055:528.520 JLINK_IsHalted()
T5114 055:532.044 - 3.524ms returns FALSE
T4BE4 055:538.136   JLINK_RTTERMINAL_Read(BufferIndex = 0, BufferSize = 0x00010000)
T4BE4 055:538.196   - 0.056ms returns 0
T4CC4 055:550.808 JLINK_IsHalted()
T4CC4 055:553.748 - 2.939ms returns FALSE
T4CC4 055:553.824 JLINK_IsHalted()
T4CC4 055:557.664 - 3.828ms returns FALSE
T4BE4 055:588.800   JLINK_RTTERMINAL_Read(BufferIndex = 0, BufferSize = 0x00010000)
T4BE4 055:588.844   - 0.051ms returns 0
T4BE4 055:639.880   JLINK_RTTERMINAL_Read(BufferIndex = 0, BufferSize = 0x00010000)
T4BE4 055:639.916   - 0.036ms returns 0
T4CC4 055:659.732 JLINK_IsHalted()
T4CC4 055:661.620 - 1.890ms returns FALSE
T4CC4 055:661.676 JLINK_IsHalted()
T4CC4 055:665.464 - 3.787ms returns FALSE
T4BE4 055:692.088   JLINK_RTTERMINAL_Read(BufferIndex = 0, BufferSize = 0x00010000)
T4BE4 055:692.136   - 0.041ms returns 0
T4BE4 055:742.484   JLINK_RTTERMINAL_Read(BufferIndex = 0, BufferSize = 0x00010000)
T4BE4 055:742.536   - 0.053ms returns 0
T4CC4 055:768.520 JLINK_IsHalted()
T4CC4 055:771.992 - 3.473ms returns FALSE
T4CC4 055:772.044 JLINK_IsHalted()
T4CC4 055:775.724 - 3.677ms returns FALSE
T4BE4 055:793.688   JLINK_RTTERMINAL_Read(BufferIndex = 0, BufferSize = 0x00010000)
T4BE4 055:793.752   - 0.061ms returns 0
T4BE4 055:844.556   JLINK_RTTERMINAL_Read(BufferIndex = 0, BufferSize = 0x00010000)
T4BE4 055:844.608   - 0.054ms returns 0
T4CC4 055:878.484 JLINK_IsHalted()
T4CC4 055:880.096 - 1.606ms returns FALSE
T4CC4 055:880.160 JLINK_IsHalted()
T4CC4 055:883.576 - 3.416ms returns FALSE
T4BE4 055:895.936   JLINK_RTTERMINAL_Read(BufferIndex = 0, BufferSize = 0x00010000)
T4BE4 055:895.988   - 0.052ms returns 0
T4BE4 055:946.604   JLINK_RTTERMINAL_Read(BufferIndex = 0, BufferSize = 0x00010000)
T4BE4 055:946.648   - 0.048ms returns 0
T4CC4 055:987.928 JLINK_IsHalted()
T4CC4 055:990.440 - 2.505ms returns FALSE
T4CC4 055:990.508 JLINK_IsHalted()
T4CC4 055:994.216 - 3.703ms returns FALSE
T4BE4 055:997.612   JLINK_RTTERMINAL_Read(BufferIndex = 0, BufferSize = 0x00010000)
T4BE4 055:997.664   - 0.049ms returns 0
T4BE4 056:048.404   JLINK_RTTERMINAL_Read(BufferIndex = 0, BufferSize = 0x00010000)
T4BE4 056:048.456   - 0.050ms returns 0
T4CC4 056:097.484 JLINK_IsHalted()
T4CC4 056:100.888 - 3.402ms returns FALSE
T4BE4 056:100.972   JLINK_RTTERMINAL_Read(BufferIndex = 0, BufferSize = 0x00010000)
T4BE4 056:101.004   - 0.036ms returns 0
T4CC4 056:101.152 JLINK_IsHalted()
T4CC4 056:104.908 - 3.757ms returns FALSE
T4BE4 056:152.328   JLINK_RTTERMINAL_Read(BufferIndex = 0, BufferSize = 0x00010000)
T4BE4 056:152.376   - 0.049ms returns 0
T4BE4 056:203.240   JLINK_RTTERMINAL_Read(BufferIndex = 0, BufferSize = 0x00010000)
T4BE4 056:203.288   - 0.051ms returns 0
T4CC4 056:206.124 JLINK_IsHalted()
T4CC4 056:209.208 - 3.083ms returns FALSE
T4CC4 056:209.272 JLINK_IsHalted()
T4CC4 056:213.100 - 3.825ms returns FALSE
T4BE4 056:254.068   JLINK_RTTERMINAL_Read(BufferIndex = 0, BufferSize = 0x00010000)
T4BE4 056:254.088   - 0.024ms returns 0
T4BE4 056:305.128   JLINK_RTTERMINAL_Read(BufferIndex = 0, BufferSize = 0x00010000)
T4BE4 056:305.216   - 0.092ms returns 0
T4CC4 056:315.976 JLINK_IsHalted()
T4CC4 056:319.604 - 3.624ms returns FALSE
T4CC4 056:319.660 JLINK_IsHalted()
T4CC4 056:323.240 - 3.575ms returns FALSE
T4BE4 056:355.916   JLINK_RTTERMINAL_Read(BufferIndex = 0, BufferSize = 0x00010000)
T4BE4 056:355.968   - 0.054ms returns 0
T4BE4 056:406.840   JLINK_RTTERMINAL_Read(BufferIndex = 0, BufferSize = 0x00010000)
T4BE4 056:406.892   - 0.056ms returns 0
T4CC4 056:425.740 JLINK_IsHalted()
T4CC4 056:427.488 - 1.748ms returns FALSE
T4CC4 056:427.564 JLINK_IsHalted()
T4CC4 056:431.072 - 3.507ms returns FALSE
T4BE4 056:457.996   JLINK_RTTERMINAL_Read(BufferIndex = 0, BufferSize = 0x00010000)
T4BE4 056:458.040   - 0.045ms returns 0
T4BE4 056:508.844   JLINK_RTTERMINAL_Read(BufferIndex = 0, BufferSize = 0x00010000)
T4BE4 056:508.888   - 0.046ms returns 0
T5114 056:532.948 JLINK_IsHalted()
T5114 056:535.160 - 2.213ms returns FALSE
T5114 056:535.224 JLINK_IsHalted()
T5114 056:538.824 - 3.595ms returns FALSE
T4CC4 056:542.368 JLINK_IsHalted()
T4CC4 056:545.876 - 3.507ms returns FALSE
T4CC4 056:545.932 JLINK_IsHalted()
T4CC4 056:549.784 - 3.850ms returns FALSE
T4BE4 056:559.464   JLINK_RTTERMINAL_Read(BufferIndex = 0, BufferSize = 0x00010000)
T4BE4 056:559.508   - 0.048ms returns 0
T4BE4 056:610.456   JLINK_RTTERMINAL_Read(BufferIndex = 0, BufferSize = 0x00010000)
T4BE4 056:610.484   - 0.025ms returns 0
T4CC4 056:659.200 JLINK_IsHalted()
T4CC4 056:661.856 - 2.657ms returns FALSE
T4BE4 056:661.928   JLINK_RTTERMINAL_Read(BufferIndex = 0, BufferSize = 0x00010000)
T4BE4 056:661.952   - 0.025ms returns 0
T4CC4 056:662.068 JLINK_IsHalted()
T4CC4 056:665.912 - 3.849ms returns FALSE
T4BE4 056:713.332   JLINK_RTTERMINAL_Read(BufferIndex = 0, BufferSize = 0x00010000)
T4BE4 056:713.400   - 0.069ms returns 0
T4BE4 056:764.204   JLINK_RTTERMINAL_Read(BufferIndex = 0, BufferSize = 0x00010000)
T4BE4 056:764.268   - 0.069ms returns 0
T4CC4 056:769.048 JLINK_IsHalted()
T4CC4 056:772.660 - 3.606ms returns FALSE
T4CC4 056:772.760 JLINK_IsHalted()
T4CC4 056:776.488 - 3.721ms returns FALSE
T4BE4 056:817.580   JLINK_RTTERMINAL_Read(BufferIndex = 0, BufferSize = 0x00010000)
T4BE4 056:817.652   - 0.072ms returns 0
T4BE4 056:869.140   JLINK_RTTERMINAL_Read(BufferIndex = 0, BufferSize = 0x00010000)
T4BE4 056:869.208   - 0.069ms returns 0
T4CC4 056:879.084 JLINK_IsHalted()
T4CC4 056:882.804 - 3.716ms returns FALSE
T4CC4 056:882.888 JLINK_IsHalted()
T4CC4 056:886.580 - 3.687ms returns FALSE
T4BE4 056:920.088   JLINK_RTTERMINAL_Read(BufferIndex = 0, BufferSize = 0x00010000)
T4BE4 056:920.116   - 0.025ms returns 0
T4BE4 056:970.348   JLINK_RTTERMINAL_Read(BufferIndex = 0, BufferSize = 0x00010000)
T4BE4 056:970.376   - 0.025ms returns 0
T4CC4 056:989.640 JLINK_IsHalted()
T4CC4 056:993.536 - 3.901ms returns FALSE
T4CC4 056:993.580 JLINK_IsHalted()
T4CC4 056:997.004 - 3.423ms returns FALSE
T4BE4 057:021.524   JLINK_RTTERMINAL_Read(BufferIndex = 0, BufferSize = 0x00010000)
T4BE4 057:021.556   - 0.033ms returns 0
T4BE4 057:072.520   JLINK_RTTERMINAL_Read(BufferIndex = 0, BufferSize = 0x00010000)
T4BE4 057:072.600   - 0.081ms returns 0
T4CC4 057:097.396 JLINK_IsHalted()
T4CC4 057:100.544 - 3.142ms returns FALSE
T4CC4 057:100.652 JLINK_IsHalted()
T4CC4 057:104.544 - 3.888ms returns FALSE
T4BE4 057:123.736   JLINK_RTTERMINAL_Read(BufferIndex = 0, BufferSize = 0x00010000)
T4BE4 057:123.816   - 0.074ms returns 0
T4BE4 057:174.772   JLINK_RTTERMINAL_Read(BufferIndex = 0, BufferSize = 0x00010000)
T4BE4 057:174.848   - 0.077ms returns 0
T4CC4 057:206.444 JLINK_IsHalted()
T4CC4 057:209.080 - 2.636ms returns FALSE
T4CC4 057:209.176 JLINK_IsHalted()
T4CC4 057:212.632 - 3.454ms returns FALSE
T4BE4 057:225.780   JLINK_RTTERMINAL_Read(BufferIndex = 0, BufferSize = 0x00010000)
T4BE4 057:225.848   - 0.075ms returns 0
T4BE4 057:276.808   JLINK_RTTERMINAL_Read(BufferIndex = 0, BufferSize = 0x00010000)
T4BE4 057:276.876   - 0.073ms returns 0
T4CC4 057:315.476 JLINK_IsHalted()
T4CC4 057:319.444 - 3.963ms returns FALSE
T4CC4 057:319.544 JLINK_IsHalted()
T4CC4 057:323.224 - 3.674ms returns FALSE
T4BE4 057:327.980   JLINK_RTTERMINAL_Read(BufferIndex = 0, BufferSize = 0x00010000)
T4BE4 057:328.044   - 0.069ms returns 0
T4BE4 057:378.744   JLINK_RTTERMINAL_Read(BufferIndex = 0, BufferSize = 0x00010000)
T4BE4 057:378.772   - 0.026ms returns 0
T4CC4 057:425.064 JLINK_IsHalted()
T4CC4 057:427.188 - 2.126ms returns FALSE
T4CC4 057:427.220 JLINK_IsHalted()
T4CC4 057:430.656 - 3.434ms returns FALSE
T4BE4 057:430.696   JLINK_RTTERMINAL_Read(BufferIndex = 0, BufferSize = 0x00010000)
T4BE4 057:430.708   - 0.015ms returns 0
T4BE4 057:481.432   JLINK_RTTERMINAL_Read(BufferIndex = 0, BufferSize = 0x00010000)
T4BE4 057:481.484   - 0.055ms returns 0
T4BE4 057:532.244   JLINK_RTTERMINAL_Read(BufferIndex = 0, BufferSize = 0x00010000)
T4BE4 057:532.296   - 0.055ms returns 0
T4CC4 057:535.096 JLINK_IsHalted()
T4CC4 057:537.556 - 2.461ms returns FALSE
T4CC4 057:537.624 JLINK_IsHalted()
T4CC4 057:541.460 - 3.834ms returns FALSE
T5114 057:544.840 JLINK_IsHalted()
T5114 057:548.552 - 3.708ms returns FALSE
T5114 057:548.628 JLINK_IsHalted()
T5114 057:552.232 - 3.604ms returns FALSE
T4BE4 057:583.104   JLINK_RTTERMINAL_Read(BufferIndex = 0, BufferSize = 0x00010000)
T4BE4 057:583.156   - 0.054ms returns 0
T4BE4 057:634.260   JLINK_RTTERMINAL_Read(BufferIndex = 0, BufferSize = 0x00010000)
T4BE4 057:634.312   - 0.052ms returns 0
T4CC4 057:643.712 JLINK_IsHalted()
T4CC4 057:646.720 - 3.005ms returns FALSE
T4CC4 057:646.808 JLINK_IsHalted()
T4CC4 057:650.360 - 3.548ms returns FALSE
T4BE4 057:685.416   JLINK_RTTERMINAL_Read(BufferIndex = 0, BufferSize = 0x00010000)
T4BE4 057:685.464   - 0.056ms returns 0
T4BE4 057:736.616   JLINK_RTTERMINAL_Read(BufferIndex = 0, BufferSize = 0x00010000)
T4BE4 057:736.664   - 0.051ms returns 0
T4CC4 057:753.568 JLINK_IsHalted()
T4CC4 057:757.580 - 4.011ms returns FALSE
T4CC4 057:757.644 JLINK_IsHalted()
T4CC4 057:761.460 - 3.812ms returns FALSE
T4BE4 057:787.948   JLINK_RTTERMINAL_Read(BufferIndex = 0, BufferSize = 0x00010000)
T4BE4 057:788.000   - 0.053ms returns 0
T4BE4 057:838.712   JLINK_RTTERMINAL_Read(BufferIndex = 0, BufferSize = 0x00010000)
T4BE4 057:838.776   - 0.062ms returns 0
T4CC4 057:862.632 JLINK_IsHalted()
T4CC4 057:864.632 - 2.004ms returns FALSE
T4CC4 057:864.712 JLINK_IsHalted()
T4CC4 057:868.500 - 3.785ms returns FALSE
T4BE4 057:890.872   JLINK_RTTERMINAL_Read(BufferIndex = 0, BufferSize = 0x00010000)
T4BE4 057:890.924   - 0.053ms returns 0
T4BE4 057:942.260   JLINK_RTTERMINAL_Read(BufferIndex = 0, BufferSize = 0x00010000)
T4BE4 057:942.312   - 0.053ms returns 0
T4CC4 057:971.916 JLINK_IsHalted()
T4CC4 057:975.640 - 3.725ms returns FALSE
T4CC4 057:975.712 JLINK_IsHalted()
T4CC4 057:979.480 - 3.766ms returns FALSE
T4BE4 057:993.408   JLINK_RTTERMINAL_Read(BufferIndex = 0, BufferSize = 0x00010000)
T4BE4 057:993.472   - 0.059ms returns 0
T4BE4 058:044.184   JLINK_RTTERMINAL_Read(BufferIndex = 0, BufferSize = 0x00010000)
T4BE4 058:044.236   - 0.049ms returns 0
T4CC4 058:081.260 JLINK_IsHalted()
T4CC4 058:083.436 - 2.175ms returns FALSE
T4CC4 058:083.500 JLINK_IsHalted()
T4CC4 058:087.244 - 3.741ms returns FALSE
T4BE4 058:094.856   JLINK_RTTERMINAL_Read(BufferIndex = 0, BufferSize = 0x00010000)
T4BE4 058:094.904   - 0.054ms returns 0
T4BE4 058:145.664   JLINK_RTTERMINAL_Read(BufferIndex = 0, BufferSize = 0x00010000)
T4BE4 058:145.716   - 0.054ms returns 0
T4CC4 058:190.632 JLINK_IsHalted()
T4CC4 058:193.912 - 3.279ms returns FALSE
T4CC4 058:197.848 JLINK_IsHalted()
T4CC4 058:200.952 - 3.107ms returns FALSE
T4BE4 058:201.036   JLINK_RTTERMINAL_Read(BufferIndex = 0, BufferSize = 0x00010000)
T4BE4 058:201.076   - 0.040ms returns 0
T4BE4 058:251.700   JLINK_RTTERMINAL_Read(BufferIndex = 0, BufferSize = 0x00010000)
T4BE4 058:251.752   - 0.054ms returns 0
T4CC4 058:302.088 JLINK_IsHalted()
T4CC4 058:305.516 - 3.430ms returns FALSE
T4BE4 058:305.600   JLINK_RTTERMINAL_Read(BufferIndex = 0, BufferSize = 0x00010000)
T4BE4 058:305.640   - 0.039ms returns 0
T4CC4 058:305.772 JLINK_IsHalted()
T4CC4 058:309.524 - 3.744ms returns FALSE
T4BE4 058:356.748   JLINK_RTTERMINAL_Read(BufferIndex = 0, BufferSize = 0x00010000)
T4BE4 058:356.808   - 0.054ms returns 0
T4BE4 058:408.044   JLINK_RTTERMINAL_Read(BufferIndex = 0, BufferSize = 0x00010000)
T4BE4 058:408.096   - 0.052ms returns 0
T4CC4 058:412.552 JLINK_IsHalted()
T4CC4 058:416.296 - 3.746ms returns FALSE
T4CC4 058:416.364 JLINK_IsHalted()
T4CC4 058:420.052 - 3.686ms returns FALSE
T4BE4 058:459.304   JLINK_RTTERMINAL_Read(BufferIndex = 0, BufferSize = 0x00010000)
T4BE4 058:459.368   - 0.061ms returns 0
T4BE4 058:510.368   JLINK_RTTERMINAL_Read(BufferIndex = 0, BufferSize = 0x00010000)
T4BE4 058:510.420   - 0.053ms returns 0
T4CC4 058:520.308 JLINK_IsHalted()
T4CC4 058:523.960 - 3.650ms returns FALSE
T4CC4 058:524.032 JLINK_IsHalted()
T4CC4 058:527.608 - 3.573ms returns FALSE
T5114 058:553.248 JLINK_IsHalted()
T5114 058:554.776 - 1.531ms returns FALSE
T5114 058:554.848 JLINK_IsHalted()
T5114 058:558.664 - 3.811ms returns FALSE
T4BE4 058:561.880   JLINK_RTTERMINAL_Read(BufferIndex = 0, BufferSize = 0x00010000)
T4BE4 058:561.932   - 0.051ms returns 0
T4BE4 058:612.840   JLINK_RTTERMINAL_Read(BufferIndex = 0, BufferSize = 0x00010000)
T4BE4 058:612.864   - 0.025ms returns 0
T4CC4 058:628.696 JLINK_IsHalted()
T4CC4 058:630.388 - 1.692ms returns FALSE
T4CC4 058:630.424 JLINK_IsHalted()
T4CC4 058:633.964 - 3.534ms returns FALSE
T4BE4 058:663.732   JLINK_RTTERMINAL_Read(BufferIndex = 0, BufferSize = 0x00010000)
T4BE4 058:663.784   - 0.057ms returns 0
T4BE4 058:714.656   JLINK_RTTERMINAL_Read(BufferIndex = 0, BufferSize = 0x00010000)
T4BE4 058:714.712   - 0.057ms returns 0
T4CC4 058:737.364 JLINK_IsHalted()
T4CC4 058:740.936 - 3.571ms returns FALSE
T4CC4 058:741.012 JLINK_IsHalted()
T4CC4 058:744.648 - 3.630ms returns FALSE
T4BE4 058:766.016   JLINK_RTTERMINAL_Read(BufferIndex = 0, BufferSize = 0x00010000)
T4BE4 058:766.104   - 0.090ms returns 0
T4BE4 058:816.640   JLINK_RTTERMINAL_Read(BufferIndex = 0, BufferSize = 0x00010000)
T4BE4 058:816.692   - 0.058ms returns 0
T4CC4 058:847.416 JLINK_IsHalted()
T4CC4 058:851.384 - 3.968ms returns FALSE
T4CC4 058:851.456 JLINK_IsHalted()
T4CC4 058:854.912 - 3.448ms returns FALSE
T4BE4 058:867.980   JLINK_RTTERMINAL_Read(BufferIndex = 0, BufferSize = 0x00010000)
T4BE4 058:868.032   - 0.056ms returns 0
T4BE4 058:919.776   JLINK_RTTERMINAL_Read(BufferIndex = 0, BufferSize = 0x00010000)
T4BE4 058:919.828   - 0.054ms returns 0
T4CC4 058:956.328 JLINK_IsHalted()
T4CC4 058:959.028 - 2.701ms returns FALSE
T4CC4 058:959.104 JLINK_IsHalted()
T4CC4 058:962.720 - 3.619ms returns FALSE
T4BE4 058:970.612   JLINK_RTTERMINAL_Read(BufferIndex = 0, BufferSize = 0x00010000)
T4BE4 058:970.676   - 0.062ms returns 0
T4BE4 059:021.708   JLINK_RTTERMINAL_Read(BufferIndex = 0, BufferSize = 0x00010000)
T4BE4 059:021.768   - 0.058ms returns 0
T4CC4 059:065.464 JLINK_IsHalted()
T4CC4 059:069.408 - 3.940ms returns FALSE
T4CC4 059:069.492 JLINK_IsHalted()
T4CC4 059:073.096 - 3.601ms returns FALSE
T4BE4 059:073.196   JLINK_RTTERMINAL_Read(BufferIndex = 0, BufferSize = 0x00010000)
T4BE4 059:073.240   - 0.049ms returns 0
T4BE4 059:124.236   JLINK_RTTERMINAL_Read(BufferIndex = 0, BufferSize = 0x00010000)
T4BE4 059:124.296   - 0.062ms returns 0
T4BE4 059:175.864   JLINK_RTTERMINAL_Read(BufferIndex = 0, BufferSize = 0x00010000)
T4BE4 059:175.924   - 0.055ms returns 0
T4CC4 059:176.076 JLINK_IsHalted()
T4CC4 059:179.796 - 3.719ms returns FALSE
T4CC4 059:179.880 JLINK_IsHalted()
T4CC4 059:183.656 - 3.779ms returns FALSE
T4BE4 059:227.112   JLINK_RTTERMINAL_Read(BufferIndex = 0, BufferSize = 0x00010000)
T4BE4 059:227.160   - 0.057ms returns 0
T4BE4 059:277.928   JLINK_RTTERMINAL_Read(BufferIndex = 0, BufferSize = 0x00010000)
T4BE4 059:277.984   - 0.057ms returns 0
T4CC4 059:284.952 JLINK_IsHalted()
T4CC4 059:287.348 - 2.386ms returns FALSE
T4CC4 059:287.416 JLINK_IsHalted()
T4CC4 059:290.952 - 3.529ms returns FALSE
T4BE4 059:328.800   JLINK_RTTERMINAL_Read(BufferIndex = 0, BufferSize = 0x00010000)
T4BE4 059:328.888   - 0.088ms returns 0
T4BE4 059:379.604   JLINK_RTTERMINAL_Read(BufferIndex = 0, BufferSize = 0x00010000)
T4BE4 059:379.660   - 0.057ms returns 0
T4CC4 059:394.792 JLINK_IsHalted()
T4CC4 059:398.520 - 3.731ms returns FALSE
T4CC4 059:398.600 JLINK_IsHalted()
T4CC4 059:402.312 - 3.711ms returns FALSE
T4BE4 059:430.284   JLINK_RTTERMINAL_Read(BufferIndex = 0, BufferSize = 0x00010000)
T4BE4 059:430.344   - 0.061ms returns 0
T4BE4 059:481.268   JLINK_RTTERMINAL_Read(BufferIndex = 0, BufferSize = 0x00010000)
T4BE4 059:481.320   - 0.058ms returns 0
T4CC4 059:503.968 JLINK_IsHalted()
T4CC4 059:506.392 - 2.427ms returns FALSE
T4CC4 059:506.472 JLINK_IsHalted()
T4CC4 059:510.132 - 3.658ms returns FALSE
T4BE4 059:532.596   JLINK_RTTERMINAL_Read(BufferIndex = 0, BufferSize = 0x00010000)
T4BE4 059:532.684   - 0.092ms returns 0
T5114 059:559.700 JLINK_IsHalted()
T5114 059:563.412 - 3.709ms returns FALSE
T5114 059:563.500 JLINK_IsHalted()
T5114 059:567.232 - 3.735ms returns FALSE
T4BE4 059:583.552   JLINK_RTTERMINAL_Read(BufferIndex = 0, BufferSize = 0x00010000)
T4BE4 059:583.608   - 0.063ms returns 0
T4CC4 059:613.036 JLINK_IsHalted()
T4CC4 059:615.272 - 2.232ms returns FALSE
T4CC4 059:615.348 JLINK_IsHalted()
T4CC4 059:619.144 - 3.796ms returns FALSE
T4BE4 059:634.964   JLINK_RTTERMINAL_Read(BufferIndex = 0, BufferSize = 0x00010000)
T4BE4 059:635.020   - 0.057ms returns 0
T4BE4 059:686.092   JLINK_RTTERMINAL_Read(BufferIndex = 0, BufferSize = 0x00010000)
T4BE4 059:686.152   - 0.057ms returns 0
T4CC4 059:721.688 JLINK_IsHalted()
T4CC4 059:723.052 - 1.362ms returns FALSE
T4CC4 059:723.156 JLINK_IsHalted()
T4CC4 059:727.084 - 3.926ms returns FALSE
T4BE4 059:736.768   JLINK_RTTERMINAL_Read(BufferIndex = 0, BufferSize = 0x00010000)
T4BE4 059:736.824   - 0.060ms returns 0
T4BE4 059:787.640   JLINK_RTTERMINAL_Read(BufferIndex = 0, BufferSize = 0x00010000)
T4BE4 059:787.720   - 0.075ms returns 0
T4CC4 059:831.308 JLINK_IsHalted()
T4CC4 059:833.472 - 2.163ms returns FALSE
T4CC4 059:833.576 JLINK_IsHalted()
T4CC4 059:837.492 - 3.908ms returns FALSE
T4BE4 059:838.824   JLINK_RTTERMINAL_Read(BufferIndex = 0, BufferSize = 0x00010000)
T4BE4 059:838.880   - 0.062ms returns 0
T4BE4 059:889.900   JLINK_RTTERMINAL_Read(BufferIndex = 0, BufferSize = 0x00010000)
T4BE4 059:889.960   - 0.057ms returns 0
T4CC4 059:941.160 JLINK_IsHalted()
T4CC4 059:943.992 - 2.835ms returns FALSE
T4BE4 059:944.084   JLINK_RTTERMINAL_Read(BufferIndex = 0, BufferSize = 0x00010000)
T4BE4 059:944.120   - 0.043ms returns 0
T4CC4 059:944.288 JLINK_IsHalted()
T4CC4 059:947.924 - 3.634ms returns FALSE
T4BE4 059:995.136   JLINK_RTTERMINAL_Read(BufferIndex = 0, BufferSize = 0x00010000)
T4BE4 059:995.192   - 0.062ms returns 0
T4BE4 060:045.772   JLINK_RTTERMINAL_Read(BufferIndex = 0, BufferSize = 0x00010000)
T4BE4 060:045.832   - 0.058ms returns 0
T4CC4 060:050.572 JLINK_IsHalted()
T4CC4 060:054.616 - 4.045ms returns FALSE
T4CC4 060:054.696 JLINK_IsHalted()
T4CC4 060:058.376 - 3.676ms returns FALSE
T4BE4 060:099.500   JLINK_RTTERMINAL_Read(BufferIndex = 0, BufferSize = 0x00010000)
T4BE4 060:099.552   - 0.055ms returns 0
T4BE4 060:151.944   JLINK_RTTERMINAL_Read(BufferIndex = 0, BufferSize = 0x00010000)
T4BE4 060:152.000   - 0.054ms returns 0
T4CC4 060:159.552 JLINK_IsHalted()
T4CC4 060:161.496 - 1.936ms returns FALSE
T4CC4 060:161.588 JLINK_IsHalted()
T4CC4 060:165.368 - 3.779ms returns FALSE
T4BE4 060:202.776   JLINK_RTTERMINAL_Read(BufferIndex = 0, BufferSize = 0x00010000)
T4BE4 060:202.836   - 0.057ms returns 0
T4BE4 060:253.600   JLINK_RTTERMINAL_Read(BufferIndex = 0, BufferSize = 0x00010000)
T4BE4 060:253.656   - 0.056ms returns 0
T4CC4 060:269.448 JLINK_IsHalted()
T4CC4 060:272.000 - 2.551ms returns FALSE
T4CC4 060:272.072 JLINK_IsHalted()
T4CC4 060:275.648 - 3.569ms returns FALSE
T4BE4 060:305.076   JLINK_RTTERMINAL_Read(BufferIndex = 0, BufferSize = 0x00010000)
T4BE4 060:305.164   - 0.089ms returns 0
T4BE4 060:355.948   JLINK_RTTERMINAL_Read(BufferIndex = 0, BufferSize = 0x00010000)
T4BE4 060:356.008   - 0.058ms returns 0
T4CC4 060:378.752 JLINK_IsHalted()
T4CC4 060:382.828 - 4.073ms returns FALSE
T4CC4 060:382.904 JLINK_IsHalted()
T4CC4 060:386.644 - 3.740ms returns FALSE
T4BE4 060:406.932   JLINK_RTTERMINAL_Read(BufferIndex = 0, BufferSize = 0x00010000)
T4BE4 060:406.988   - 0.069ms returns 0
T4BE4 060:457.752   JLINK_RTTERMINAL_Read(BufferIndex = 0, BufferSize = 0x00010000)
T4BE4 060:457.812   - 0.056ms returns 0
T4CC4 060:487.744 JLINK_IsHalted()
T4CC4 060:490.700 - 2.955ms returns FALSE
T4CC4 060:490.784 JLINK_IsHalted()
T4CC4 060:494.292 - 3.506ms returns FALSE
T4BE4 060:509.332   JLINK_RTTERMINAL_Read(BufferIndex = 0, BufferSize = 0x00010000)
T4BE4 060:509.460   - 0.131ms returns 0
T4BE4 060:560.728   JLINK_RTTERMINAL_Read(BufferIndex = 0, BufferSize = 0x00010000)
T4BE4 060:560.788   - 0.058ms returns 0
T5114 060:567.880 JLINK_IsHalted()
T5114 060:571.400 - 3.518ms returns FALSE
T5114 060:571.520 JLINK_IsHalted()
T5114 060:575.220 - 3.696ms returns FALSE
T4CC4 060:597.440 JLINK_IsHalted()
T4CC4 060:599.456 - 2.014ms returns FALSE
T4CC4 060:599.520 JLINK_IsHalted()
T4CC4 060:603.160 - 3.637ms returns FALSE
T4BE4 060:611.604   JLINK_RTTERMINAL_Read(BufferIndex = 0, BufferSize = 0x00010000)
T4BE4 060:611.628   - 0.025ms returns 0
T4BE4 060:662.184   JLINK_RTTERMINAL_Read(BufferIndex = 0, BufferSize = 0x00010000)
T4BE4 060:662.264   - 0.081ms returns 0
T4CC4 060:706.092 JLINK_IsHalted()
T4CC4 060:710.228 - 4.131ms returns FALSE
T4CC4 060:710.316 JLINK_IsHalted()
T4CC4 060:713.772 - 3.449ms returns FALSE
T4BE4 060:713.932   JLINK_RTTERMINAL_Read(BufferIndex = 0, BufferSize = 0x00010000)
T4BE4 060:714.004   - 0.076ms returns 0
T4BE4 060:765.304   JLINK_RTTERMINAL_Read(BufferIndex = 0, BufferSize = 0x00010000)
T4BE4 060:765.376   - 0.072ms returns 0
T4CC4 060:816.184 JLINK_IsHalted()
T4CC4 060:817.600 - 1.418ms returns FALSE
T4BE4 060:817.708   JLINK_RTTERMINAL_Read(BufferIndex = 0, BufferSize = 0x00010000)
T4BE4 060:817.760   - 0.055ms returns 0
T4CC4 060:817.960 JLINK_IsHalted()
T4CC4 060:821.656 - 3.695ms returns FALSE
T4BE4 060:869.172   JLINK_RTTERMINAL_Read(BufferIndex = 0, BufferSize = 0x00010000)
T4BE4 060:869.240   - 0.077ms returns 0
T4BE4 060:921.512   JLINK_RTTERMINAL_Read(BufferIndex = 0, BufferSize = 0x00010000)
T4BE4 060:921.576   - 0.064ms returns 0
T4CC4 060:925.600 JLINK_IsHalted()
T4CC4 060:928.384 - 2.786ms returns FALSE
T4CC4 060:928.480 JLINK_IsHalted()
T4CC4 060:931.892 - 3.411ms returns FALSE
T4BE4 060:973.772   JLINK_RTTERMINAL_Read(BufferIndex = 0, BufferSize = 0x00010000)
T4BE4 060:973.836   - 0.066ms returns 0
T4BE4 061:024.576   JLINK_RTTERMINAL_Read(BufferIndex = 0, BufferSize = 0x00010000)
T4BE4 061:024.648   - 0.077ms returns 0
T4CC4 061:035.432 JLINK_IsHalted()
T4CC4 061:039.212 - 3.781ms returns FALSE
T4CC4 061:039.304 JLINK_IsHalted()
T4CC4 061:043.060 - 3.757ms returns FALSE
T4BE4 061:075.404   JLINK_RTTERMINAL_Read(BufferIndex = 0, BufferSize = 0x00010000)
T4BE4 061:075.476   - 0.073ms returns 0
T4BE4 061:126.292   JLINK_RTTERMINAL_Read(BufferIndex = 0, BufferSize = 0x00010000)
T4BE4 061:126.356   - 0.068ms returns 0
T4CC4 061:144.084 JLINK_IsHalted()
T4CC4 061:146.408 - 2.324ms returns FALSE
T4CC4 061:146.516 JLINK_IsHalted()
T4CC4 061:150.164 - 3.643ms returns FALSE
T4BE4 061:177.304   JLINK_RTTERMINAL_Read(BufferIndex = 0, BufferSize = 0x00010000)
T4BE4 061:177.368   - 0.069ms returns 0
T4BE4 061:228.248   JLINK_RTTERMINAL_Read(BufferIndex = 0, BufferSize = 0x00010000)
T4BE4 061:228.312   - 0.072ms returns 0
T4CC4 061:253.024 JLINK_IsHalted()
T4CC4 061:256.104 - 3.077ms returns FALSE
T4CC4 061:256.192 JLINK_IsHalted()
T4CC4 061:260.040 - 3.846ms returns FALSE
T4BE4 061:279.624   JLINK_RTTERMINAL_Read(BufferIndex = 0, BufferSize = 0x00010000)
T4BE4 061:279.720   - 0.095ms returns 0
T4BE4 061:330.536   JLINK_RTTERMINAL_Read(BufferIndex = 0, BufferSize = 0x00010000)
T4BE4 061:330.600   - 0.068ms returns 0
T4CC4 061:363.112 JLINK_IsHalted()
T4CC4 061:366.764 - 3.652ms returns FALSE
T4CC4 061:366.856 JLINK_IsHalted()
T4CC4 061:370.648 - 3.795ms returns FALSE
T4BE4 061:381.224   JLINK_RTTERMINAL_Read(BufferIndex = 0, BufferSize = 0x00010000)
T4BE4 061:381.292   - 0.076ms returns 0
T4BE4 061:432.552   JLINK_RTTERMINAL_Read(BufferIndex = 0, BufferSize = 0x00010000)
T4BE4 061:432.616   - 0.066ms returns 0
T4CC4 061:471.916 JLINK_IsHalted()
T4CC4 061:474.560 - 2.639ms returns FALSE
T4CC4 061:474.656 JLINK_IsHalted()
T4CC4 061:478.080 - 3.423ms returns FALSE
T4BE4 061:483.448   JLINK_RTTERMINAL_Read(BufferIndex = 0, BufferSize = 0x00010000)
T4BE4 061:483.544   - 0.107ms returns 0
T4BE4 061:534.228   JLINK_RTTERMINAL_Read(BufferIndex = 0, BufferSize = 0x00010000)
T4BE4 061:534.296   - 0.069ms returns 0
T5114 061:578.112 JLINK_IsHalted()
T5114 061:581.908 - 3.790ms returns FALSE
T5114 061:581.996 JLINK_IsHalted()
T5114 061:585.592 - 3.597ms returns FALSE
T4BE4 061:585.728   JLINK_RTTERMINAL_Read(BufferIndex = 0, BufferSize = 0x00010000)
T4BE4 061:585.816   - 0.091ms returns 0
T4CC4 061:586.056 JLINK_IsHalted()
T4CC4 061:589.632 - 3.572ms returns FALSE
T4CC4 061:589.736 JLINK_IsHalted()
T4CC4 061:593.332 - 3.599ms returns FALSE
T4BE4 061:636.564   JLINK_RTTERMINAL_Read(BufferIndex = 0, BufferSize = 0x00010000)
T4BE4 061:636.596   - 0.030ms returns 0
T4BE4 061:687.468   JLINK_RTTERMINAL_Read(BufferIndex = 0, BufferSize = 0x00010000)
T4BE4 061:687.496   - 0.023ms returns 0
T4CC4 061:693.044 JLINK_IsHalted()
T4CC4 061:696.780 - 3.734ms returns FALSE
T4CC4 061:696.820 JLINK_IsHalted()
T4CC4 061:700.544 - 3.722ms returns FALSE
T4BE4 061:741.932   JLINK_RTTERMINAL_Read(BufferIndex = 0, BufferSize = 0x00010000)
T4BE4 061:741.960   - 0.022ms returns 0
T4BE4 061:793.036   JLINK_RTTERMINAL_Read(BufferIndex = 0, BufferSize = 0x00010000)
T4BE4 061:793.076   - 0.044ms returns 0
T4CC4 061:803.884 JLINK_IsHalted()
T4CC4 061:807.680 - 3.789ms returns FALSE
T4CC4 061:807.808 JLINK_IsHalted()
T4CC4 061:811.432 - 3.617ms returns FALSE
T4BE4 061:843.916   JLINK_RTTERMINAL_Read(BufferIndex = 0, BufferSize = 0x00010000)
T4BE4 061:844.020   - 0.108ms returns 0
T4BE4 061:894.952   JLINK_RTTERMINAL_Read(BufferIndex = 0, BufferSize = 0x00010000)
T4BE4 061:895.112   - 0.167ms returns 0
T4CC4 061:910.092 JLINK_IsHalted()
T4CC4 061:911.624 - 1.529ms returns FALSE
T4CC4 061:911.720 JLINK_IsHalted()
T4CC4 061:915.432 - 3.711ms returns FALSE
T4BE4 061:945.996   JLINK_RTTERMINAL_Read(BufferIndex = 0, BufferSize = 0x00010000)
T4BE4 061:946.036   - 0.036ms returns 0
T4BE4 061:997.036   JLINK_RTTERMINAL_Read(BufferIndex = 0, BufferSize = 0x00010000)
T4BE4 061:997.120   - 0.087ms returns 0
T4CC4 062:019.560 JLINK_IsHalted()
T4CC4 062:022.272 - 2.713ms returns FALSE
T4CC4 062:022.376 JLINK_IsHalted()
T4CC4 062:025.964 - 3.593ms returns FALSE
T4BE4 062:047.544   JLINK_RTTERMINAL_Read(BufferIndex = 0, BufferSize = 0x00010000)
T4BE4 062:047.584   - 0.036ms returns 0
T4BE4 062:098.808   JLINK_RTTERMINAL_Read(BufferIndex = 0, BufferSize = 0x00010000)
T4BE4 062:098.904   - 0.096ms returns 0
T4CC4 062:128.108 JLINK_IsHalted()
T4CC4 062:131.820 - 3.712ms returns FALSE
T4CC4 062:131.924 JLINK_IsHalted()
T4CC4 062:135.596 - 3.672ms returns FALSE
T4BE4 062:153.420   JLINK_RTTERMINAL_Read(BufferIndex = 0, BufferSize = 0x00010000)
T4BE4 062:153.472   - 0.054ms returns 0
T4BE4 062:204.024   JLINK_RTTERMINAL_Read(BufferIndex = 0, BufferSize = 0x00010000)
T4BE4 062:204.084   - 0.064ms returns 0
T4CC4 062:237.624 JLINK_IsHalted()
T4CC4 062:239.020 - 1.392ms returns FALSE
T4CC4 062:239.112 JLINK_IsHalted()
T4CC4 062:242.988 - 3.874ms returns FALSE
T4BE4 062:255.264   JLINK_RTTERMINAL_Read(BufferIndex = 0, BufferSize = 0x00010000)
T4BE4 062:255.352   - 0.086ms returns 0
T4BE4 062:305.952   JLINK_RTTERMINAL_Read(BufferIndex = 0, BufferSize = 0x00010000)
T4BE4 062:306.024   - 0.072ms returns 0
T4CC4 062:349.128 JLINK_IsHalted()
T4CC4 062:352.660 - 3.530ms returns FALSE
T4CC4 062:352.728 JLINK_IsHalted()
T4CC4 062:356.632 - 3.897ms returns FALSE
T4BE4 062:356.812   JLINK_RTTERMINAL_Read(BufferIndex = 0, BufferSize = 0x00010000)
T4BE4 062:356.856   - 0.045ms returns 0
T4BE4 062:407.904   JLINK_RTTERMINAL_Read(BufferIndex = 0, BufferSize = 0x00010000)
T4BE4 062:407.960   - 0.057ms returns 0
T4CC4 062:456.584 JLINK_IsHalted()
T4CC4 062:460.204 - 3.617ms returns FALSE
T4BE4 062:460.320   JLINK_RTTERMINAL_Read(BufferIndex = 0, BufferSize = 0x00010000)
T4BE4 062:460.376   - 0.060ms returns 0
T4CC4 062:460.532 JLINK_IsHalted()
T4CC4 062:464.088 - 3.556ms returns FALSE
T4BE4 062:511.240   JLINK_RTTERMINAL_Read(BufferIndex = 0, BufferSize = 0x00010000)
T4BE4 062:511.296   - 0.059ms returns 0
T4BE4 062:561.928   JLINK_RTTERMINAL_Read(BufferIndex = 0, BufferSize = 0x00010000)
T4BE4 062:561.996   - 0.071ms returns 0
T4CC4 062:566.016 JLINK_IsHalted()
T4CC4 062:568.000 - 1.976ms returns FALSE
T4CC4 062:568.108 JLINK_IsHalted()
T4CC4 062:571.896 - 3.787ms returns FALSE
T5114 062:586.264 JLINK_IsHalted()
T5114 062:590.028 - 3.762ms returns FALSE
T5114 062:590.120 JLINK_IsHalted()
T5114 062:593.896 - 3.773ms returns FALSE
T4BE4 062:612.552   JLINK_RTTERMINAL_Read(BufferIndex = 0, BufferSize = 0x00010000)
T4BE4 062:612.628   - 0.078ms returns 0
T4BE4 062:663.412   JLINK_RTTERMINAL_Read(BufferIndex = 0, BufferSize = 0x00010000)
T4BE4 062:663.464   - 0.055ms returns 0
T4CC4 062:675.284 JLINK_IsHalted()
T4CC4 062:677.280 - 1.994ms returns FALSE
T4CC4 062:677.320 JLINK_IsHalted()
T4CC4 062:680.800 - 3.478ms returns FALSE
T4BE4 062:714.284   JLINK_RTTERMINAL_Read(BufferIndex = 0, BufferSize = 0x00010000)
T4BE4 062:714.316   - 0.033ms returns 0
T4BE4 062:766.456   JLINK_RTTERMINAL_Read(BufferIndex = 0, BufferSize = 0x00010000)
T4BE4 062:766.496   - 0.041ms returns 0
T4CC4 062:784.972 JLINK_IsHalted()
T4CC4 062:787.828 - 2.854ms returns FALSE
T4CC4 062:787.892 JLINK_IsHalted()
T4CC4 062:791.500 - 3.613ms returns FALSE
T4BE4 062:820.936   JLINK_RTTERMINAL_Read(BufferIndex = 0, BufferSize = 0x00010000)
T4BE4 062:820.972   - 0.038ms returns 0
T4BE4 062:871.552   JLINK_RTTERMINAL_Read(BufferIndex = 0, BufferSize = 0x00010000)
T4BE4 062:871.596   - 0.042ms returns 0
T4CC4 062:893.600 JLINK_IsHalted()
T4CC4 062:895.572 - 1.963ms returns FALSE
T4CC4 062:895.624 JLINK_IsHalted()
T4CC4 062:899.064 - 3.439ms returns FALSE
T4BE4 062:922.280   JLINK_RTTERMINAL_Read(BufferIndex = 0, BufferSize = 0x00010000)
T4BE4 062:922.316   - 0.041ms returns 0
T4BE4 062:973.080   JLINK_RTTERMINAL_Read(BufferIndex = 0, BufferSize = 0x00010000)
T4BE4 062:973.128   - 0.041ms returns 0
T4CC4 063:002.848 JLINK_IsHalted()
T4CC4 063:005.864 - 3.013ms returns FALSE
T4CC4 063:005.940 JLINK_IsHalted()
T4CC4 063:009.800 - 3.858ms returns FALSE
T4BE4 063:024.748   JLINK_RTTERMINAL_Read(BufferIndex = 0, BufferSize = 0x00010000)
T4BE4 063:024.792   - 0.043ms returns 0
T4BE4 063:075.948   JLINK_RTTERMINAL_Read(BufferIndex = 0, BufferSize = 0x00010000)
T4BE4 063:075.992   - 0.042ms returns 0
T4CC4 063:112.888 JLINK_IsHalted()
T4CC4 063:116.832 - 3.941ms returns FALSE
T4CC4 063:116.904 JLINK_IsHalted()
T4CC4 063:120.616 - 3.706ms returns FALSE
T4BE4 063:126.380   JLINK_RTTERMINAL_Read(BufferIndex = 0, BufferSize = 0x00010000)
T4BE4 063:126.420   - 0.043ms returns 0
T4BE4 063:177.272   JLINK_RTTERMINAL_Read(BufferIndex = 0, BufferSize = 0x00010000)
T4BE4 063:177.336   - 0.064ms returns 0
T4CC4 063:221.592 JLINK_IsHalted()
T4CC4 063:224.424 - 2.828ms returns FALSE
T4CC4 063:224.492 JLINK_IsHalted()
T4CC4 063:227.936 - 3.445ms returns FALSE
T4BE4 063:228.020   JLINK_RTTERMINAL_Read(BufferIndex = 0, BufferSize = 0x00010000)
T4BE4 063:228.056   - 0.042ms returns 0
T4BE4 063:278.944   JLINK_RTTERMINAL_Read(BufferIndex = 0, BufferSize = 0x00010000)
T4BE4 063:278.996   - 0.050ms returns 0
T4BE4 063:331.060   JLINK_RTTERMINAL_Read(BufferIndex = 0, BufferSize = 0x00010000)
T4BE4 063:331.096   - 0.038ms returns 0
T4CC4 063:331.732 JLINK_IsHalted()
T4CC4 063:335.040 - 3.304ms returns FALSE
T4CC4 063:335.092 JLINK_IsHalted()
T4CC4 063:338.784 - 3.688ms returns FALSE
T4BE4 063:382.060   JLINK_RTTERMINAL_Read(BufferIndex = 0, BufferSize = 0x00010000)
T4BE4 063:382.100   - 0.039ms returns 0
T4BE4 063:433.248   JLINK_RTTERMINAL_Read(BufferIndex = 0, BufferSize = 0x00010000)
T4BE4 063:433.312   - 0.065ms returns 0
T4CC4 063:441.112 JLINK_IsHalted()
T4CC4 063:443.180 - 2.064ms returns FALSE
T4CC4 063:443.232 JLINK_IsHalted()
T4CC4 063:447.028 - 3.793ms returns FALSE
T4BE4 063:485.428   JLINK_RTTERMINAL_Read(BufferIndex = 0, BufferSize = 0x00010000)
T4BE4 063:485.464   - 0.038ms returns 0
T4BE4 063:535.904   JLINK_RTTERMINAL_Read(BufferIndex = 0, BufferSize = 0x00010000)
T4BE4 063:535.976   - 0.072ms returns 0
T4CC4 063:549.748 JLINK_IsHalted()
T4CC4 063:551.148 - 1.396ms returns FALSE
T4CC4 063:551.200 JLINK_IsHalted()
T4CC4 063:554.772 - 3.568ms returns FALSE
T4BE4 063:586.988   JLINK_RTTERMINAL_Read(BufferIndex = 0, BufferSize = 0x00010000)
T4BE4 063:587.028   - 0.042ms returns 0
T5114 063:596.152 JLINK_IsHalted()
T5114 063:599.832 - 3.679ms returns FALSE
T5114 063:599.904 JLINK_IsHalted()
T5114 063:603.880 - 3.975ms returns FALSE
T4BE4 063:637.728   JLINK_RTTERMINAL_Read(BufferIndex = 0, BufferSize = 0x00010000)
T4BE4 063:637.752   - 0.026ms returns 0
T4CC4 063:659.552 JLINK_IsHalted()
T4CC4 063:663.604 - 4.052ms returns FALSE
T4CC4 063:663.636 JLINK_IsHalted()
T4CC4 063:667.384 - 3.749ms returns FALSE
T4BE4 063:688.692   JLINK_RTTERMINAL_Read(BufferIndex = 0, BufferSize = 0x00010000)
T4BE4 063:688.728   - 0.041ms returns 0
T4BE4 063:740.096   JLINK_RTTERMINAL_Read(BufferIndex = 0, BufferSize = 0x00010000)
T4BE4 063:740.200   - 0.103ms returns 0
T4CC4 063:768.928 JLINK_IsHalted()
T4CC4 063:771.956 - 3.022ms returns FALSE
T4CC4 063:772.064 JLINK_IsHalted()
T4CC4 063:775.712 - 3.647ms returns FALSE
T4BE4 063:791.168   JLINK_RTTERMINAL_Read(BufferIndex = 0, BufferSize = 0x00010000)
T4BE4 063:791.224   - 0.056ms returns 0
T4BE4 063:841.952   JLINK_RTTERMINAL_Read(BufferIndex = 0, BufferSize = 0x00010000)
T4BE4 063:842.008   - 0.057ms returns 0
T4CC4 063:878.720 JLINK_IsHalted()
T4CC4 063:882.476 - 3.753ms returns FALSE
T4CC4 063:882.592 JLINK_IsHalted()
T4CC4 063:886.132 - 3.536ms returns FALSE
T4BE4 063:892.960   JLINK_RTTERMINAL_Read(BufferIndex = 0, BufferSize = 0x00010000)
T4BE4 063:893.016   - 0.063ms returns 0
T4BE4 063:943.700   JLINK_RTTERMINAL_Read(BufferIndex = 0, BufferSize = 0x00010000)
T4BE4 063:943.756   - 0.059ms returns 0
T4CC4 063:990.016 JLINK_IsHalted()
T4CC4 063:993.384 - 3.362ms returns FALSE
T4CC4 063:993.452 JLINK_IsHalted()
T4CC4 063:997.068 - 3.611ms returns FALSE
T4BE4 063:997.172   JLINK_RTTERMINAL_Read(BufferIndex = 0, BufferSize = 0x00010000)
T4BE4 063:997.216   - 0.048ms returns 0
T4BE4 064:048.340   JLINK_RTTERMINAL_Read(BufferIndex = 0, BufferSize = 0x00010000)
T4BE4 064:048.396   - 0.058ms returns 0
T4CC4 064:097.268 JLINK_IsHalted()
T4CC4 064:100.352 - 3.084ms returns FALSE
T4BE4 064:100.440   JLINK_RTTERMINAL_Read(BufferIndex = 0, BufferSize = 0x00010000)
T4BE4 064:100.488   - 0.043ms returns 0
T4CC4 064:100.648 JLINK_IsHalted()
T4CC4 064:104.148 - 3.503ms returns FALSE
T4BE4 064:150.952   JLINK_RTTERMINAL_Read(BufferIndex = 0, BufferSize = 0x00010000)
T4BE4 064:151.008   - 0.058ms returns 0
T4BE4 064:201.888   JLINK_RTTERMINAL_Read(BufferIndex = 0, BufferSize = 0x00010000)
T4BE4 064:201.940   - 0.058ms returns 0
T4CC4 064:206.772 JLINK_IsHalted()
T4CC4 064:208.472 - 1.697ms returns FALSE
T4CC4 064:208.544 JLINK_IsHalted()
T4CC4 064:211.960 - 3.410ms returns FALSE
T4BE4 064:253.192   JLINK_RTTERMINAL_Read(BufferIndex = 0, BufferSize = 0x00010000)
T4BE4 064:253.248   - 0.058ms returns 0
T4BE4 064:304.296   JLINK_RTTERMINAL_Read(BufferIndex = 0, BufferSize = 0x00010000)
T4BE4 064:304.352   - 0.058ms returns 0
T4CC4 064:315.980 JLINK_IsHalted()
T4CC4 064:318.900 - 2.918ms returns FALSE
T4CC4 064:318.984 JLINK_IsHalted()
T4CC4 064:322.444 - 3.460ms returns FALSE
T4BE4 064:355.448   JLINK_RTTERMINAL_Read(BufferIndex = 0, BufferSize = 0x00010000)
T4BE4 064:355.508   - 0.064ms returns 0
T4BE4 064:406.216   JLINK_RTTERMINAL_Read(BufferIndex = 0, BufferSize = 0x00010000)
T4BE4 064:406.280   - 0.063ms returns 0
T4CC4 064:426.904 JLINK_IsHalted()
T4CC4 064:430.392 - 3.483ms returns FALSE
T4CC4 064:430.464 JLINK_IsHalted()
T4CC4 064:434.188 - 3.721ms returns FALSE
T4BE4 064:457.664   JLINK_RTTERMINAL_Read(BufferIndex = 0, BufferSize = 0x00010000)
T4BE4 064:457.728   - 0.075ms returns 0
T4BE4 064:510.816   JLINK_RTTERMINAL_Read(BufferIndex = 0, BufferSize = 0x00010000)
T4BE4 064:510.872   - 0.054ms returns 0
T4CC4 064:534.580 JLINK_IsHalted()
T4CC4 064:538.376 - 3.794ms returns FALSE
T4CC4 064:538.444 JLINK_IsHalted()
T4CC4 064:541.972 - 3.524ms returns FALSE
T4BE4 064:562.540   JLINK_RTTERMINAL_Read(BufferIndex = 0, BufferSize = 0x00010000)
T4BE4 064:562.616   - 0.074ms returns 0
T5114 064:604.244 JLINK_IsHalted()
T5114 064:607.092 - 2.846ms returns FALSE
T5114 064:607.176 JLINK_IsHalted()
T5114 064:611.128 - 3.958ms returns FALSE
T4BE4 064:614.220   JLINK_RTTERMINAL_Read(BufferIndex = 0, BufferSize = 0x00010000)
T4BE4 064:614.272   - 0.057ms returns 0
T4CC4 064:643.552 JLINK_IsHalted()
T4CC4 064:647.308 - 3.759ms returns FALSE
T4CC4 064:647.368 JLINK_IsHalted()
T4CC4 064:650.920 - 3.552ms returns FALSE
T4BE4 064:665.888   JLINK_RTTERMINAL_Read(BufferIndex = 0, BufferSize = 0x00010000)
T4BE4 064:665.928   - 0.041ms returns 0
T4BE4 064:716.940   JLINK_RTTERMINAL_Read(BufferIndex = 0, BufferSize = 0x00010000)
T4BE4 064:716.984   - 0.044ms returns 0
T4CC4 064:753.560 JLINK_IsHalted()
T4CC4 064:755.040 - 1.477ms returns FALSE
T4CC4 064:755.092 JLINK_IsHalted()
T4CC4 064:758.772 - 3.677ms returns FALSE
T4BE4 064:767.488   JLINK_RTTERMINAL_Read(BufferIndex = 0, BufferSize = 0x00010000)
T4BE4 064:767.532   - 0.044ms returns 0
T4BE4 064:818.476   JLINK_RTTERMINAL_Read(BufferIndex = 0, BufferSize = 0x00010000)
T4BE4 064:818.520   - 0.043ms returns 0
T4CC4 064:862.252 JLINK_IsHalted()
T4CC4 064:865.304 - 3.053ms returns FALSE
T4CC4 064:865.368 JLINK_IsHalted()
T4CC4 064:869.144 - 3.770ms returns FALSE
T4BE4 064:869.352   JLINK_RTTERMINAL_Read(BufferIndex = 0, BufferSize = 0x00010000)
T4BE4 064:869.396   - 0.044ms returns 0
T4BE4 064:920.904   JLINK_RTTERMINAL_Read(BufferIndex = 0, BufferSize = 0x00010000)
T4BE4 064:920.948   - 0.046ms returns 0
T4BE4 064:971.764   JLINK_RTTERMINAL_Read(BufferIndex = 0, BufferSize = 0x00010000)
T4BE4 064:971.832   - 0.066ms returns 0
T4CC4 064:971.968 JLINK_IsHalted()
T4CC4 064:975.968 - 3.996ms returns FALSE
T4CC4 064:976.024 JLINK_IsHalted()
T4CC4 064:979.560 - 3.530ms returns FALSE
T4BE4 065:022.572   JLINK_RTTERMINAL_Read(BufferIndex = 0, BufferSize = 0x00010000)
T4BE4 065:022.604   - 0.031ms returns 0
T4BE4 065:073.416   JLINK_RTTERMINAL_Read(BufferIndex = 0, BufferSize = 0x00010000)
T4BE4 065:073.448   - 0.027ms returns 0
T4CC4 065:081.336 JLINK_IsHalted()
T4CC4 065:083.768 - 2.435ms returns FALSE
T4CC4 065:083.808 JLINK_IsHalted()
T4CC4 065:087.288 - 3.481ms returns FALSE
T4BE4 065:124.532   JLINK_RTTERMINAL_Read(BufferIndex = 0, BufferSize = 0x00010000)
T4BE4 065:124.584   - 0.050ms returns 0
T4BE4 065:175.768   JLINK_RTTERMINAL_Read(BufferIndex = 0, BufferSize = 0x00010000)
T4BE4 065:175.820   - 0.049ms returns 0
T4CC4 065:191.208 JLINK_IsHalted()
T4CC4 065:194.368 - 3.163ms returns FALSE
T4CC4 065:194.432 JLINK_IsHalted()
T4CC4 065:198.136 - 3.701ms returns FALSE
T4BE4 065:227.496   JLINK_RTTERMINAL_Read(BufferIndex = 0, BufferSize = 0x00010000)
T4BE4 065:227.540   - 0.049ms returns 0
T4BE4 065:278.200   JLINK_RTTERMINAL_Read(BufferIndex = 0, BufferSize = 0x00010000)
T4BE4 065:278.252   - 0.049ms returns 0
T4CC4 065:301.044 JLINK_IsHalted()
T4CC4 065:304.748 - 3.701ms returns FALSE
T4CC4 065:304.812 JLINK_IsHalted()
T4CC4 065:308.448 - 3.633ms returns FALSE
T4BE4 065:328.792   JLINK_RTTERMINAL_Read(BufferIndex = 0, BufferSize = 0x00010000)
T4BE4 065:328.844   - 0.050ms returns 0
T4BE4 065:379.648   JLINK_RTTERMINAL_Read(BufferIndex = 0, BufferSize = 0x00010000)
T4BE4 065:379.700   - 0.050ms returns 0
T4CC4 065:409.304 JLINK_IsHalted()
T4CC4 065:411.712 - 2.404ms returns FALSE
T4CC4 065:411.784 JLINK_IsHalted()
T4CC4 065:415.540 - 3.753ms returns FALSE
T4BE4 065:430.740   JLINK_RTTERMINAL_Read(BufferIndex = 0, BufferSize = 0x00010000)
T4BE4 065:430.792   - 0.054ms returns 0
T4BE4 065:484.116   JLINK_RTTERMINAL_Read(BufferIndex = 0, BufferSize = 0x00010000)
T4BE4 065:484.184   - 0.068ms returns 0
T4CC4 065:519.672 JLINK_IsHalted()
T4CC4 065:523.304 - 3.626ms returns FALSE
T4CC4 065:523.372 JLINK_IsHalted()
T4CC4 065:527.092 - 3.717ms returns FALSE
T4BE4 065:535.476   JLINK_RTTERMINAL_Read(BufferIndex = 0, BufferSize = 0x00010000)
T4BE4 065:535.528   - 0.050ms returns 0
T4BE4 065:586.376   JLINK_RTTERMINAL_Read(BufferIndex = 0, BufferSize = 0x00010000)
T4BE4 065:586.420   - 0.048ms returns 0
T5114 065:612.652 JLINK_IsHalted()
T5114 065:615.544 - 2.892ms returns FALSE
T5114 065:615.604 JLINK_IsHalted()
T5114 065:619.212 - 3.607ms returns FALSE
T4CC4 065:628.236 JLINK_IsHalted()
T4CC4 065:632.180 - 3.942ms returns FALSE
T4CC4 065:632.224 JLINK_IsHalted()
T4CC4 065:635.960 - 3.737ms returns FALSE
T4BE4 065:638.968   JLINK_RTTERMINAL_Read(BufferIndex = 0, BufferSize = 0x00010000)
T4BE4 065:638.996   - 0.022ms returns 0
T4BE4 065:689.720   JLINK_RTTERMINAL_Read(BufferIndex = 0, BufferSize = 0x00010000)
T4BE4 065:689.768   - 0.041ms returns 0
T4CC4 065:738.676 JLINK_IsHalted()
T4CC4 065:742.168 - 3.493ms returns FALSE
T4BE4 065:742.220   JLINK_RTTERMINAL_Read(BufferIndex = 0, BufferSize = 0x00010000)
T4BE4 065:742.248   - 0.022ms returns 0
T4CC4 065:742.336 JLINK_IsHalted()
T4CC4 065:746.196 - 3.860ms returns FALSE
T4BE4 065:793.408   JLINK_RTTERMINAL_Read(BufferIndex = 0, BufferSize = 0x00010000)
T4BE4 065:793.452   - 0.050ms returns 0
T4BE4 065:846.184   JLINK_RTTERMINAL_Read(BufferIndex = 0, BufferSize = 0x00010000)
T4BE4 065:846.200   - 0.022ms returns 0
T4CC4 065:846.860 JLINK_IsHalted()
T4CC4 065:850.272 - 3.406ms returns FALSE
T4CC4 065:850.296 JLINK_IsHalted()
T4CC4 065:854.120 - 3.819ms returns FALSE
T4BE4 065:896.768   JLINK_RTTERMINAL_Read(BufferIndex = 0, BufferSize = 0x00010000)
T4BE4 065:896.788   - 0.024ms returns 0
T4BE4 065:947.552   JLINK_RTTERMINAL_Read(BufferIndex = 0, BufferSize = 0x00010000)
T4BE4 065:947.596   - 0.041ms returns 0
T4CC4 065:956.480 JLINK_IsHalted()
T4CC4 065:958.104 - 1.627ms returns FALSE
T4CC4 065:958.208 JLINK_IsHalted()
T4CC4 065:961.772 - 3.560ms returns FALSE
T4BE4 065:998.624   JLINK_RTTERMINAL_Read(BufferIndex = 0, BufferSize = 0x00010000)
T4BE4 065:998.700   - 0.079ms returns 0
T4BE4 066:049.368   JLINK_RTTERMINAL_Read(BufferIndex = 0, BufferSize = 0x00010000)
T4BE4 066:049.448   - 0.082ms returns 0
T4CC4 066:066.240 JLINK_IsHalted()
T4CC4 066:068.364 - 2.124ms returns FALSE
T4CC4 066:068.468 JLINK_IsHalted()
T4CC4 066:072.216 - 3.749ms returns FALSE
T4BE4 066:100.748   JLINK_RTTERMINAL_Read(BufferIndex = 0, BufferSize = 0x00010000)
T4BE4 066:100.824   - 0.077ms returns 0
T4BE4 066:151.500   JLINK_RTTERMINAL_Read(BufferIndex = 0, BufferSize = 0x00010000)
T4BE4 066:151.552   - 0.052ms returns 0
T4CC4 066:175.296 JLINK_IsHalted()
T4CC4 066:179.072 - 3.775ms returns FALSE
T4CC4 066:179.144 JLINK_IsHalted()
T4CC4 066:182.580 - 3.436ms returns FALSE
T4BE4 066:202.772   JLINK_RTTERMINAL_Read(BufferIndex = 0, BufferSize = 0x00010000)
T4BE4 066:202.824   - 0.053ms returns 0
T4BE4 066:254.144   JLINK_RTTERMINAL_Read(BufferIndex = 0, BufferSize = 0x00010000)
T4BE4 066:254.200   - 0.059ms returns 0
T4CC4 066:288.664 JLINK_IsHalted()
T4CC4 066:292.288 - 3.622ms returns FALSE
T4CC4 066:292.352 JLINK_IsHalted()
T4CC4 066:295.820 - 3.462ms returns FALSE
T4BE4 066:304.744   JLINK_RTTERMINAL_Read(BufferIndex = 0, BufferSize = 0x00010000)
T4BE4 066:304.792   - 0.053ms returns 0
T4BE4 066:355.340   JLINK_RTTERMINAL_Read(BufferIndex = 0, BufferSize = 0x00010000)
T4BE4 066:355.400   - 0.054ms returns 0
T4CC4 066:394.104 JLINK_IsHalted()
T4CC4 066:396.492 - 2.391ms returns FALSE
T4CC4 066:396.564 JLINK_IsHalted()
T4CC4 066:400.472 - 3.905ms returns FALSE
T4BE4 066:406.732   JLINK_RTTERMINAL_Read(BufferIndex = 0, BufferSize = 0x00010000)
T4BE4 066:406.784   - 0.054ms returns 0
T4BE4 066:457.644   JLINK_RTTERMINAL_Read(BufferIndex = 0, BufferSize = 0x00010000)
T4BE4 066:457.696   - 0.054ms returns 0
T4CC4 066:503.944 JLINK_IsHalted()
T4CC4 066:507.616 - 3.671ms returns FALSE
T4CC4 066:507.700 JLINK_IsHalted()
T4CC4 066:511.136 - 3.435ms returns FALSE
T4BE4 066:511.220   JLINK_RTTERMINAL_Read(BufferIndex = 0, BufferSize = 0x00010000)
T4BE4 066:511.256   - 0.041ms returns 0
T4BE4 066:562.100   JLINK_RTTERMINAL_Read(BufferIndex = 0, BufferSize = 0x00010000)
T4BE4 066:562.152   - 0.055ms returns 0
T4CC4 066:612.492 JLINK_IsHalted()
T4CC4 066:615.020 - 2.530ms returns FALSE
T4BE4 066:615.096   JLINK_RTTERMINAL_Read(BufferIndex = 0, BufferSize = 0x00010000)
T4BE4 066:615.144   - 0.048ms returns 0
T4CC4 066:615.304 JLINK_IsHalted()
T4CC4 066:618.792 - 3.486ms returns FALSE
T5114 066:622.220 JLINK_IsHalted()
T5114 066:625.896 - 3.671ms returns FALSE
T5114 066:626.120 JLINK_IsHalted()
T5114 066:629.832 - 3.710ms returns FALSE
T4BE4 066:665.592   JLINK_RTTERMINAL_Read(BufferIndex = 0, BufferSize = 0x00010000)
T4BE4 066:665.624   - 0.031ms returns 0
T4BE4 066:716.648   JLINK_RTTERMINAL_Read(BufferIndex = 0, BufferSize = 0x00010000)
T4BE4 066:716.692   - 0.044ms returns 0
T4CC4 066:723.608 JLINK_IsHalted()
T4CC4 066:727.520 - 3.908ms returns FALSE
T4CC4 066:727.576 JLINK_IsHalted()
T4CC4 066:731.316 - 3.734ms returns FALSE
T4BE4 066:768.256   JLINK_RTTERMINAL_Read(BufferIndex = 0, BufferSize = 0x00010000)
T4BE4 066:768.312   - 0.061ms returns 0
T4BE4 066:820.056   JLINK_RTTERMINAL_Read(BufferIndex = 0, BufferSize = 0x00010000)
T4BE4 066:820.104   - 0.049ms returns 0
T4CC4 066:832.064 JLINK_IsHalted()
T4CC4 066:835.704 - 3.643ms returns FALSE
T4CC4 066:835.768 JLINK_IsHalted()
T4CC4 066:839.572 - 3.796ms returns FALSE
T4BE4 066:871.316   JLINK_RTTERMINAL_Read(BufferIndex = 0, BufferSize = 0x00010000)
T4BE4 066:871.380   - 0.066ms returns 0
T4BE4 066:921.972   JLINK_RTTERMINAL_Read(BufferIndex = 0, BufferSize = 0x00010000)
T4BE4 066:922.048   - 0.077ms returns 0
T4CC4 066:940.920 JLINK_IsHalted()
T4CC4 066:942.892 - 1.968ms returns FALSE
T4CC4 066:942.964 JLINK_IsHalted()
T4CC4 066:946.540 - 3.575ms returns FALSE
T4BE4 066:973.248   JLINK_RTTERMINAL_Read(BufferIndex = 0, BufferSize = 0x00010000)
T4BE4 066:973.356   - 0.112ms returns 0
T4BE4 067:026.260   JLINK_RTTERMINAL_Read(BufferIndex = 0, BufferSize = 0x00010000)
T4BE4 067:026.296   - 0.037ms returns 0
T4CC4 067:052.856 JLINK_IsHalted()
T4CC4 067:056.488 - 3.626ms returns FALSE
T4CC4 067:056.524 JLINK_IsHalted()
T4CC4 067:060.332 - 3.812ms returns FALSE
T4BE4 067:077.952   JLINK_RTTERMINAL_Read(BufferIndex = 0, BufferSize = 0x00010000)
T4BE4 067:077.976   - 0.027ms returns 0
T4BE4 067:128.400   JLINK_RTTERMINAL_Read(BufferIndex = 0, BufferSize = 0x00010000)
T4BE4 067:128.432   - 0.031ms returns 0
T4CC4 067:160.456 JLINK_IsHalted()
T4CC4 067:164.176 - 3.717ms returns FALSE
T4CC4 067:164.208 JLINK_IsHalted()
T4CC4 067:167.928 - 3.721ms returns FALSE
T4BE4 067:179.272   JLINK_RTTERMINAL_Read(BufferIndex = 0, BufferSize = 0x00010000)
T4BE4 067:179.312   - 0.046ms returns 0
T4BE4 067:230.256   JLINK_RTTERMINAL_Read(BufferIndex = 0, BufferSize = 0x00010000)
T4BE4 067:230.288   - 0.037ms returns 0
T4CC4 067:269.056 JLINK_IsHalted()
T4CC4 067:271.248 - 2.183ms returns FALSE
T4CC4 067:271.296 JLINK_IsHalted()
T4CC4 067:275.008 - 3.708ms returns FALSE
T4BE4 067:281.360   JLINK_RTTERMINAL_Read(BufferIndex = 0, BufferSize = 0x00010000)
T4BE4 067:281.424   - 0.066ms returns 0
T4BE4 067:332.312   JLINK_RTTERMINAL_Read(BufferIndex = 0, BufferSize = 0x00010000)
T4BE4 067:332.352   - 0.038ms returns 0
T4CC4 067:378.112 JLINK_IsHalted()
T4CC4 067:381.448 - 3.333ms returns FALSE
T4CC4 067:381.504 JLINK_IsHalted()
T4CC4 067:385.200 - 3.690ms returns FALSE
T4BE4 067:385.360   JLINK_RTTERMINAL_Read(BufferIndex = 0, BufferSize = 0x00010000)
T4BE4 067:385.392   - 0.030ms returns 0
T4BE4 067:436.376   JLINK_RTTERMINAL_Read(BufferIndex = 0, BufferSize = 0x00010000)
T4BE4 067:436.424   - 0.047ms returns 0
T4BE4 067:486.912   JLINK_RTTERMINAL_Read(BufferIndex = 0, BufferSize = 0x00010000)
T4BE4 067:486.936   - 0.025ms returns 0
T4CC4 067:487.808 JLINK_IsHalted()
T4CC4 067:491.856 - 4.041ms returns FALSE
T4CC4 067:491.888 JLINK_IsHalted()
T4CC4 067:495.352 - 3.470ms returns FALSE
T4BE4 067:537.824   JLINK_RTTERMINAL_Read(BufferIndex = 0, BufferSize = 0x00010000)
T4BE4 067:537.848   - 0.028ms returns 0
T4BE4 067:589.072   JLINK_RTTERMINAL_Read(BufferIndex = 0, BufferSize = 0x00010000)
T4BE4 067:589.104   - 0.037ms returns 0
T4CC4 067:596.984 JLINK_IsHalted()
T4CC4 067:599.176 - 2.185ms returns FALSE
T4CC4 067:599.256 JLINK_IsHalted()
T4CC4 067:603.152 - 3.891ms returns FALSE
T5114 067:629.952 JLINK_IsHalted()
T5114 067:633.616 - 3.670ms returns FALSE
T5114 067:633.680 JLINK_IsHalted()
T5114 067:637.448 - 3.768ms returns FALSE
T4BE4 067:639.920   JLINK_RTTERMINAL_Read(BufferIndex = 0, BufferSize = 0x00010000)
T4BE4 067:639.968   - 0.048ms returns 0
T4BE4 067:690.672   JLINK_RTTERMINAL_Read(BufferIndex = 0, BufferSize = 0x00010000)
T4BE4 067:690.720   - 0.049ms returns 0
T4CC4 067:706.880 JLINK_IsHalted()
T4CC4 067:708.816 - 1.937ms returns FALSE
T4CC4 067:708.888 JLINK_IsHalted()
T4CC4 067:712.720 - 3.829ms returns FALSE
T4BE4 067:741.872   JLINK_RTTERMINAL_Read(BufferIndex = 0, BufferSize = 0x00010000)
T4BE4 067:741.912   - 0.039ms returns 0
T4BE4 067:792.648   JLINK_RTTERMINAL_Read(BufferIndex = 0, BufferSize = 0x00010000)
T4BE4 067:792.688   - 0.046ms returns 0
T4CC4 067:818.520 JLINK_IsHalted()
T4CC4 067:822.328 - 3.810ms returns FALSE
T4CC4 067:822.384 JLINK_IsHalted()
T4CC4 067:825.936 - 3.539ms returns FALSE
T4BE4 067:843.976   JLINK_RTTERMINAL_Read(BufferIndex = 0, BufferSize = 0x00010000)
T4BE4 067:844.016   - 0.047ms returns 0
T4BE4 067:894.648   JLINK_RTTERMINAL_Read(BufferIndex = 0, BufferSize = 0x00010000)
T4BE4 067:894.664   - 0.015ms returns 0
T4CC4 067:925.016 JLINK_IsHalted()
T4CC4 067:926.784 - 1.766ms returns FALSE
T4CC4 067:926.824 JLINK_IsHalted()
T4CC4 067:930.672 - 3.850ms returns FALSE
T4BE4 067:945.416   JLINK_RTTERMINAL_Read(BufferIndex = 0, BufferSize = 0x00010000)
T4BE4 067:945.456   - 0.040ms returns 0
T4BE4 067:996.976   JLINK_RTTERMINAL_Read(BufferIndex = 0, BufferSize = 0x00010000)
T4BE4 067:997.040   - 0.061ms returns 0
T4CC4 068:034.504 JLINK_IsHalted()
T4CC4 068:037.024 - 2.521ms returns FALSE
T4CC4 068:037.080 JLINK_IsHalted()
T4CC4 068:040.792 - 3.705ms returns FALSE
T4BE4 068:047.792   JLINK_RTTERMINAL_Read(BufferIndex = 0, BufferSize = 0x00010000)
T4BE4 068:047.856   - 0.060ms returns 0
T4BE4 068:098.576   JLINK_RTTERMINAL_Read(BufferIndex = 0, BufferSize = 0x00010000)
T4BE4 068:098.608   - 0.030ms returns 0
T4CC4 068:143.552 JLINK_IsHalted()
T4CC4 068:145.144 - 1.596ms returns FALSE
T4CC4 068:145.184 JLINK_IsHalted()
T4CC4 068:148.752 - 3.562ms returns FALSE
T4BE4 068:151.984   JLINK_RTTERMINAL_Read(BufferIndex = 0, BufferSize = 0x00010000)
T4BE4 068:152.024   - 0.040ms returns 0
T4BE4 068:203.424   JLINK_RTTERMINAL_Write(BufferIndex = 0, BufferSize = 0x00000001)
T4BE4 068:203.504     CPU_ReadMem(24 bytes @ 0x20000A80)
T4BE4 068:206.224     CPU_WriteMem(1 bytes @ 0x200012C8)
T4BE4 068:209.880     CPU_WriteMem(4 bytes @ 0x20000A8C)
T4BE4 068:213.568   - 10.149ms returns 1
T4BE4 068:214.024   JLINK_RTTERMINAL_Read(BufferIndex = 0, BufferSize = 0x00010000)
T4BE4 068:214.072   - 0.050ms returns 0
T4CC4 068:254.400 JLINK_IsHalted()
T4CC4 068:258.176 - 3.772ms returns FALSE
T4CC4 068:258.216 JLINK_IsHalted()
T4CC4 068:261.960 - 3.740ms returns FALSE
T4BE4 068:264.424   JLINK_RTTERMINAL_Read(BufferIndex = 0, BufferSize = 0x00010000)
T4BE4 068:264.456   - 0.037ms returns 52
T4BE4 068:265.160   JLINK_RTTERMINAL_Read(BufferIndex = 0, BufferSize = 0x00010000)
T4BE4 068:265.200   - 0.039ms returns 0
T4BE4 068:316.688   JLINK_RTTERMINAL_Read(BufferIndex = 0, BufferSize = 0x00010000)
T4BE4 068:316.720   - 0.033ms returns 0
T4CC4 068:362.592 JLINK_IsHalted()
T4CC4 068:366.024 - 3.427ms returns FALSE
T4CC4 068:366.072 JLINK_IsHalted()
T4CC4 068:369.680 - 3.607ms returns FALSE
T4BE4 068:369.720   JLINK_RTTERMINAL_Read(BufferIndex = 0, BufferSize = 0x00010000)
T4BE4 068:369.744   - 0.020ms returns 0
T4BE4 068:421.256   JLINK_RTTERMINAL_Read(BufferIndex = 0, BufferSize = 0x00010000)
T4BE4 068:421.328   - 0.068ms returns 0
T4CC4 068:472.208 JLINK_IsHalted()
T4CC4 068:473.784 - 1.581ms returns FALSE
T4BE4 068:473.824   JLINK_RTTERMINAL_Read(BufferIndex = 0, BufferSize = 0x00010000)
T4BE4 068:473.840   - 0.018ms returns 0
T4CC4 068:473.912 JLINK_IsHalted()
T4CC4 068:477.832 - 3.914ms returns FALSE
T4BE4 068:524.480   JLINK_RTTERMINAL_Read(BufferIndex = 0, BufferSize = 0x00010000)
T4BE4 068:524.536   - 0.061ms returns 0
T4BE4 068:575.304   JLINK_RTTERMINAL_Read(BufferIndex = 0, BufferSize = 0x00010000)
T4BE4 068:575.344   - 0.039ms returns 0
T4CC4 068:581.016 JLINK_IsHalted()
T4CC4 068:582.232 - 1.210ms returns FALSE
T4CC4 068:582.304 JLINK_IsHalted()
T4CC4 068:586.200 - 3.898ms returns FALSE
T4BE4 068:625.728   JLINK_RTTERMINAL_Read(BufferIndex = 0, BufferSize = 0x00010000)
T4BE4 068:625.768   - 0.040ms returns 0
T5114 068:637.720 JLINK_IsHalted()
T5114 068:640.656 - 2.932ms returns FALSE
T5114 068:640.688 JLINK_IsHalted()
T5114 068:644.376 - 3.693ms returns FALSE
T4BE4 068:676.544   JLINK_RTTERMINAL_Read(BufferIndex = 0, BufferSize = 0x00010000)
T4BE4 068:676.576   - 0.033ms returns 0
T4CC4 068:690.464 JLINK_IsHalted()
T4CC4 068:692.328 - 1.858ms returns FALSE
T4CC4 068:692.360 JLINK_IsHalted()
T4CC4 068:696.096 - 3.736ms returns FALSE
T4BE4 068:726.912   JLINK_RTTERMINAL_Read(BufferIndex = 0, BufferSize = 0x00010000)
T4BE4 068:726.936   - 0.024ms returns 0
T4BE4 068:777.808   JLINK_RTTERMINAL_Read(BufferIndex = 0, BufferSize = 0x00010000)
T4BE4 068:777.832   - 0.021ms returns 0
T4CC4 068:799.680 JLINK_IsHalted()
T4CC4 068:803.024 - 3.340ms returns FALSE
T4CC4 068:803.056 JLINK_IsHalted()
T4CC4 068:806.816 - 3.760ms returns FALSE
T4BE4 068:828.168   JLINK_RTTERMINAL_Read(BufferIndex = 0, BufferSize = 0x00010000)
T4BE4 068:828.192   - 0.028ms returns 0
T4BE4 068:880.744   JLINK_RTTERMINAL_Read(BufferIndex = 0, BufferSize = 0x00010000)
T4BE4 068:880.784   - 0.036ms returns 0
T4CC4 068:909.272 JLINK_IsHalted()
T4CC4 068:911.152 - 1.873ms returns FALSE
T4CC4 068:911.216 JLINK_IsHalted()
T4CC4 068:914.768 - 3.547ms returns FALSE
T4BE4 068:931.264   JLINK_RTTERMINAL_Read(BufferIndex = 0, BufferSize = 0x00010000)
T4BE4 068:931.296   - 0.030ms returns 0
T4BE4 068:982.296   JLINK_RTTERMINAL_Read(BufferIndex = 0, BufferSize = 0x00010000)
T4BE4 068:982.352   - 0.054ms returns 0
T4CC4 069:018.896 JLINK_IsHalted()
T4CC4 069:021.432 - 2.537ms returns FALSE
T4CC4 069:021.528 JLINK_IsHalted()
T4CC4 069:025.424 - 3.892ms returns FALSE
T4BE4 069:033.152   JLINK_RTTERMINAL_Read(BufferIndex = 0, BufferSize = 0x00010000)
T4BE4 069:033.208   - 0.054ms returns 0
T4BE4 069:084.120   JLINK_RTTERMINAL_Read(BufferIndex = 0, BufferSize = 0x00010000)
T4BE4 069:084.200   - 0.079ms returns 0
T4CC4 069:128.336 JLINK_IsHalted()
T4CC4 069:131.992 - 3.649ms returns FALSE
T4CC4 069:132.056 JLINK_IsHalted()
T4CC4 069:135.536 - 3.472ms returns FALSE
T4BE4 069:135.680   JLINK_RTTERMINAL_Read(BufferIndex = 0, BufferSize = 0x00010000)
T4BE4 069:135.720   - 0.042ms returns 0
T4BE4 069:188.696   JLINK_RTTERMINAL_Read(BufferIndex = 0, BufferSize = 0x00010000)
T4BE4 069:188.752   - 0.050ms returns 0
T4CC4 069:237.776 JLINK_IsHalted()
T4CC4 069:239.784 - 2.003ms returns FALSE
T4CC4 069:239.888 JLINK_IsHalted()
T4CC4 069:243.392 - 3.499ms returns FALSE
T4BE4 069:243.472   JLINK_RTTERMINAL_Read(BufferIndex = 0, BufferSize = 0x00010000)
T4BE4 069:243.512   - 0.041ms returns 0
T4BE4 069:294.096   JLINK_RTTERMINAL_Read(BufferIndex = 0, BufferSize = 0x00010000)
T4BE4 069:294.160   - 0.061ms returns 0
T4BE4 069:344.680   JLINK_RTTERMINAL_Read(BufferIndex = 0, BufferSize = 0x00010000)
T4BE4 069:344.728   - 0.052ms returns 0
T4CC4 069:347.720 JLINK_IsHalted()
T4CC4 069:350.480 - 2.762ms returns FALSE
T4CC4 069:350.576 JLINK_IsHalted()
T4CC4 069:354.208 - 3.631ms returns FALSE
T4BE4 069:395.496   JLINK_RTTERMINAL_Read(BufferIndex = 0, BufferSize = 0x00010000)
T4BE4 069:395.528   - 0.036ms returns 0
T4BE4 069:446.752   JLINK_RTTERMINAL_Read(BufferIndex = 0, BufferSize = 0x00010000)
T4BE4 069:446.776   - 0.027ms returns 0
T4CC4 069:456.872 JLINK_IsHalted()
T4CC4 069:460.664 - 3.789ms returns FALSE
T4CC4 069:460.728 JLINK_IsHalted()
T4CC4 069:464.536 - 3.810ms returns FALSE
T4BE4 069:497.360   JLINK_RTTERMINAL_Read(BufferIndex = 0, BufferSize = 0x00010000)
T4BE4 069:497.424   - 0.066ms returns 0
T4BE4 069:548.256   JLINK_RTTERMINAL_Read(BufferIndex = 0, BufferSize = 0x00010000)
T4BE4 069:548.320   - 0.063ms returns 0
T4CC4 069:568.136 JLINK_IsHalted()
T4CC4 069:571.760 - 3.622ms returns FALSE
T4CC4 069:571.856 JLINK_IsHalted()
T4CC4 069:575.560 - 3.700ms returns FALSE
T4BE4 069:598.912   JLINK_RTTERMINAL_Read(BufferIndex = 0, BufferSize = 0x00010000)
T4BE4 069:598.976   - 0.068ms returns 0
T5114 069:645.576 JLINK_IsHalted()
T5114 069:647.648 - 2.075ms returns FALSE
T5114 069:647.696 JLINK_IsHalted()
T5114 069:651.160 - 3.466ms returns FALSE
T4BE4 069:651.208   JLINK_RTTERMINAL_Read(BufferIndex = 0, BufferSize = 0x00010000)
T4BE4 069:651.232   - 0.022ms returns 0
T4CC4 069:675.184 JLINK_IsHalted()
T4CC4 069:678.688 - 3.500ms returns FALSE
T4CC4 069:678.736 JLINK_IsHalted()
T4CC4 069:682.320 - 3.582ms returns FALSE
T4BE4 069:701.560   JLINK_RTTERMINAL_Read(BufferIndex = 0, BufferSize = 0x00010000)
T4BE4 069:701.592   - 0.032ms returns 0
T4BE4 069:752.656   JLINK_RTTERMINAL_Read(BufferIndex = 0, BufferSize = 0x00010000)
T4BE4 069:752.696   - 0.057ms returns 0
T4CC4 069:784.432 JLINK_IsHalted()
T4CC4 069:786.592 - 2.166ms returns FALSE
T4CC4 069:786.656 JLINK_IsHalted()
T4CC4 069:790.640 - 3.980ms returns FALSE
T4BE4 069:805.456   JLINK_RTTERMINAL_Read(BufferIndex = 0, BufferSize = 0x00010000)
T4BE4 069:805.496   - 0.047ms returns 0
T4BE4 069:856.128   JLINK_RTTERMINAL_Read(BufferIndex = 0, BufferSize = 0x00010000)
T4BE4 069:856.176   - 0.050ms returns 0
T4CC4 069:893.912 JLINK_IsHalted()
T4CC4 069:897.096 - 3.179ms returns FALSE
T4CC4 069:897.168 JLINK_IsHalted()
T4CC4 069:901.040 - 3.875ms returns FALSE
T4BE4 069:907.280   JLINK_RTTERMINAL_Read(BufferIndex = 0, BufferSize = 0x00010000)
T4BE4 069:907.344   - 0.054ms returns 0
T4BE4 069:957.936   JLINK_RTTERMINAL_Read(BufferIndex = 0, BufferSize = 0x00010000)
T4BE4 069:957.984   - 0.051ms returns 0
T4CC4 070:004.568 JLINK_IsHalted()
T4CC4 070:008.208 - 3.635ms returns FALSE
T4CC4 070:008.304 JLINK_IsHalted()
T4CC4 070:011.664 - 3.350ms returns FALSE
T4BE4 070:011.760   JLINK_RTTERMINAL_Read(BufferIndex = 0, BufferSize = 0x00010000)
T4BE4 070:011.832   - 0.079ms returns 0
T4BE4 070:062.496   JLINK_RTTERMINAL_Read(BufferIndex = 0, BufferSize = 0x00010000)
T4BE4 070:062.544   - 0.050ms returns 0
T4CC4 070:113.296 JLINK_IsHalted()
T4CC4 070:115.184 - 1.894ms returns FALSE
T4BE4 070:115.256   JLINK_RTTERMINAL_Read(BufferIndex = 0, BufferSize = 0x00010000)
T4BE4 070:115.296   - 0.038ms returns 0
T4CC4 070:115.440 JLINK_IsHalted()
T4CC4 070:119.224 - 3.781ms returns FALSE
T4BE4 070:165.952   JLINK_RTTERMINAL_Read(BufferIndex = 0, BufferSize = 0x00010000)
T4BE4 070:166.000   - 0.053ms returns 0
T4BE4 070:216.952   JLINK_RTTERMINAL_Read(BufferIndex = 0, BufferSize = 0x00010000)
T4BE4 070:217.008   - 0.051ms returns 0
T4CC4 070:224.880 JLINK_IsHalted()
T4CC4 070:228.584 - 3.694ms returns FALSE
T4CC4 070:228.640 JLINK_IsHalted()
T4CC4 070:232.320 - 3.679ms returns FALSE
T4BE4 070:267.656   JLINK_RTTERMINAL_Read(BufferIndex = 0, BufferSize = 0x00010000)
T4BE4 070:267.696   - 0.049ms returns 0
T4BE4 070:318.208   JLINK_RTTERMINAL_Read(BufferIndex = 0, BufferSize = 0x00010000)
T4BE4 070:318.272   - 0.062ms returns 0
T4CC4 070:332.720 JLINK_IsHalted()
T4CC4 070:336.400 - 3.678ms returns FALSE
T4CC4 070:336.464 JLINK_IsHalted()
T4CC4 070:339.952 - 3.487ms returns FALSE
T4BE4 070:369.544   JLINK_RTTERMINAL_Read(BufferIndex = 0, BufferSize = 0x00010000)
T4BE4 070:369.600   - 0.057ms returns 0
T4BE4 070:420.872   JLINK_RTTERMINAL_Read(BufferIndex = 0, BufferSize = 0x00010000)
T4BE4 070:420.920   - 0.050ms returns 0
T4CC4 070:440.656 JLINK_IsHalted()
T4CC4 070:443.504 - 2.849ms returns FALSE
T4CC4 070:443.584 JLINK_IsHalted()
T4CC4 070:447.008 - 3.420ms returns FALSE
T4BE4 070:471.520   JLINK_RTTERMINAL_Read(BufferIndex = 0, BufferSize = 0x00010000)
T4BE4 070:471.568   - 0.051ms returns 0
T4BE4 070:523.736   JLINK_RTTERMINAL_Read(BufferIndex = 0, BufferSize = 0x00010000)
T4BE4 070:523.784   - 0.046ms returns 0
T4CC4 070:550.192 JLINK_IsHalted()
T4CC4 070:553.864 - 3.667ms returns FALSE
T4CC4 070:553.960 JLINK_IsHalted()
T4CC4 070:557.424 - 3.459ms returns FALSE
T4BE4 070:575.280   JLINK_RTTERMINAL_Read(BufferIndex = 0, BufferSize = 0x00010000)
T4BE4 070:575.328   - 0.051ms returns 0
T4BE4 070:626.224   JLINK_RTTERMINAL_Read(BufferIndex = 0, BufferSize = 0x00010000)
T4BE4 070:626.256   - 0.025ms returns 0
T5114 070:652.160 JLINK_IsHalted()
T5114 070:655.256 - 3.098ms returns FALSE
T5114 070:655.304 JLINK_IsHalted()
T5114 070:659.168 - 3.866ms returns FALSE
T4CC4 070:666.096 JLINK_IsHalted()
T4CC4 070:669.488 - 3.393ms returns FALSE
T4CC4 070:669.528 JLINK_IsHalted()
T4CC4 070:673.344 - 3.810ms returns FALSE
T4BE4 070:676.696   JLINK_RTTERMINAL_Read(BufferIndex = 0, BufferSize = 0x00010000)
T4BE4 070:676.736   - 0.039ms returns 0
T4BE4 070:727.848   JLINK_RTTERMINAL_Read(BufferIndex = 0, BufferSize = 0x00010000)
T4BE4 070:727.904   - 0.060ms returns 0
T4CC4 070:768.568 JLINK_IsHalted()
T4CC4 070:771.232 - 2.662ms returns FALSE
T4CC4 070:771.304 JLINK_IsHalted()
T4CC4 070:775.024 - 3.720ms returns FALSE
T4BE4 070:778.832   JLINK_RTTERMINAL_Read(BufferIndex = 0, BufferSize = 0x00010000)
T4BE4 070:778.920   - 0.086ms returns 0
T4BE4 070:830.616   JLINK_RTTERMINAL_Read(BufferIndex = 0, BufferSize = 0x00010000)
T4BE4 070:830.672   - 0.063ms returns 0
T4CC4 070:878.824 JLINK_IsHalted()
T4CC4 070:881.464 - 2.642ms returns FALSE
T4BE4 070:881.560   JLINK_RTTERMINAL_Read(BufferIndex = 0, BufferSize = 0x00010000)
T4BE4 070:881.608   - 0.045ms returns 0
T4CC4 070:881.792 JLINK_IsHalted()
T4CC4 070:885.264 - 3.470ms returns FALSE
T4BE4 070:932.200   JLINK_RTTERMINAL_Read(BufferIndex = 0, BufferSize = 0x00010000)
T4BE4 070:932.264   - 0.069ms returns 0
T4BE4 070:983.208   JLINK_RTTERMINAL_Read(BufferIndex = 0, BufferSize = 0x00010000)
T4BE4 070:983.264   - 0.057ms returns 0
T4CC4 070:987.904 JLINK_IsHalted()
T4CC4 070:991.408 - 3.497ms returns FALSE
T4CC4 070:991.504 JLINK_IsHalted()
T4CC4 070:994.992 - 3.489ms returns FALSE
T4BE4 071:034.032   JLINK_RTTERMINAL_Read(BufferIndex = 0, BufferSize = 0x00010000)
T4BE4 071:034.088   - 0.057ms returns 0
T4BE4 071:086.136   JLINK_RTTERMINAL_Read(BufferIndex = 0, BufferSize = 0x00010000)
T4BE4 071:086.192   - 0.057ms returns 0
T4CC4 071:097.792 JLINK_IsHalted()
T4CC4 071:101.888 - 4.091ms returns FALSE
T4CC4 071:101.960 JLINK_IsHalted()
T4CC4 071:105.680 - 3.716ms returns FALSE
T4BE4 071:136.968   JLINK_RTTERMINAL_Read(BufferIndex = 0, BufferSize = 0x00010000)
T4BE4 071:137.064   - 0.096ms returns 0
T4BE4 071:187.680   JLINK_RTTERMINAL_Read(BufferIndex = 0, BufferSize = 0x00010000)
T4BE4 071:187.736   - 0.064ms returns 0
T4CC4 071:206.488 JLINK_IsHalted()
T4CC4 071:209.792 - 3.300ms returns FALSE
T4CC4 071:209.864 JLINK_IsHalted()
T4CC4 071:213.520 - 3.655ms returns FALSE
T4BE4 071:238.672   JLINK_RTTERMINAL_Read(BufferIndex = 0, BufferSize = 0x00010000)
T4BE4 071:238.736   - 0.059ms returns 0
T4BE4 071:289.520   JLINK_RTTERMINAL_Read(BufferIndex = 0, BufferSize = 0x00010000)
T4BE4 071:289.584   - 0.061ms returns 0
T4CC4 071:315.536 JLINK_IsHalted()
T4CC4 071:319.536 - 3.990ms returns FALSE
T4CC4 071:319.632 JLINK_IsHalted()
T4CC4 071:323.344 - 3.723ms returns FALSE
T4BE4 071:340.944   JLINK_RTTERMINAL_Read(BufferIndex = 0, BufferSize = 0x00010000)
T4BE4 071:341.008   - 0.068ms returns 0
T4BE4 071:391.840   JLINK_RTTERMINAL_Read(BufferIndex = 0, BufferSize = 0x00010000)
T4BE4 071:391.896   - 0.059ms returns 0
T4CC4 071:426.512 JLINK_IsHalted()
T4CC4 071:430.064 - 3.535ms returns FALSE
T4CC4 071:430.136 JLINK_IsHalted()
T4CC4 071:433.840 - 3.697ms returns FALSE
T4BE4 071:443.160   JLINK_RTTERMINAL_Read(BufferIndex = 0, BufferSize = 0x00010000)
T4BE4 071:443.216   - 0.057ms returns 0
T4BE4 071:494.024   JLINK_RTTERMINAL_Read(BufferIndex = 0, BufferSize = 0x00010000)
T4BE4 071:494.072   - 0.057ms returns 0
T4CC4 071:534.184 JLINK_IsHalted()
T4CC4 071:537.720 - 3.540ms returns FALSE
T4CC4 071:537.808 JLINK_IsHalted()
T4CC4 071:541.520 - 3.708ms returns FALSE
T4BE4 071:544.888   JLINK_RTTERMINAL_Read(BufferIndex = 0, BufferSize = 0x00010000)
T4BE4 071:544.944   - 0.058ms returns 0
T4BE4 071:596.088   JLINK_RTTERMINAL_Read(BufferIndex = 0, BufferSize = 0x00010000)
T4BE4 071:596.144   - 0.058ms returns 0
T4CC4 071:644.344 JLINK_IsHalted()
T4CC4 071:647.904 - 3.554ms returns FALSE
T4BE4 071:647.976   JLINK_RTTERMINAL_Read(BufferIndex = 0, BufferSize = 0x00010000)
T4BE4 071:648.016   - 0.039ms returns 0
T4CC4 071:648.152 JLINK_IsHalted()
T4CC4 071:651.888 - 3.734ms returns FALSE
T5114 071:659.584 JLINK_IsHalted()
T5114 071:661.840 - 2.250ms returns FALSE
T5114 071:661.888 JLINK_IsHalted()
T5114 071:665.368 - 3.477ms returns FALSE
T4BE4 071:699.280   JLINK_RTTERMINAL_Read(BufferIndex = 0, BufferSize = 0x00010000)
T4BE4 071:699.336   - 0.055ms returns 0
T4BE4 071:750.400   JLINK_RTTERMINAL_Read(BufferIndex = 0, BufferSize = 0x00010000)
T4BE4 071:750.480   - 0.075ms returns 0
T4CC4 071:754.480 JLINK_IsHalted()
T4CC4 071:758.240 - 3.752ms returns FALSE
T4CC4 071:758.296 JLINK_IsHalted()
T4CC4 071:762.000 - 3.699ms returns FALSE
T4BE4 071:801.296   JLINK_RTTERMINAL_Read(BufferIndex = 0, BufferSize = 0x00010000)
T4BE4 071:801.344   - 0.044ms returns 0
T4BE4 071:851.848   JLINK_RTTERMINAL_Read(BufferIndex = 0, BufferSize = 0x00010000)
T4BE4 071:851.888   - 0.043ms returns 0
T4CC4 071:862.560 JLINK_IsHalted()
T4CC4 071:865.840 - 3.278ms returns FALSE
T4CC4 071:865.896 JLINK_IsHalted()
T4CC4 071:869.872 - 3.971ms returns FALSE
T4BE4 071:903.024   JLINK_RTTERMINAL_Read(BufferIndex = 0, BufferSize = 0x00010000)
T4BE4 071:903.072   - 0.044ms returns 0
T4BE4 071:953.784   JLINK_RTTERMINAL_Read(BufferIndex = 0, BufferSize = 0x00010000)
T4BE4 071:953.832   - 0.049ms returns 0
T4CC4 071:971.824 JLINK_IsHalted()
T4CC4 071:973.824 - 1.995ms returns FALSE
T4CC4 071:973.888 JLINK_IsHalted()
T4CC4 071:977.552 - 3.660ms returns FALSE
T4BE4 072:004.784   JLINK_RTTERMINAL_Read(BufferIndex = 0, BufferSize = 0x00010000)
T4BE4 072:004.832   - 0.051ms returns 0
T4BE4 072:055.688   JLINK_RTTERMINAL_Read(BufferIndex = 0, BufferSize = 0x00010000)
T4BE4 072:055.728   - 0.033ms returns 0
T4CC4 072:081.536 JLINK_IsHalted()
T4CC4 072:084.568 - 3.036ms returns FALSE
T4CC4 072:084.600 JLINK_IsHalted()
T4CC4 072:088.112 - 3.511ms returns FALSE
T4BE4 072:106.416   JLINK_RTTERMINAL_Read(BufferIndex = 0, BufferSize = 0x00010000)
T4BE4 072:106.448   - 0.030ms returns 0
T4BE4 072:157.480   JLINK_RTTERMINAL_Read(BufferIndex = 0, BufferSize = 0x00010000)
T4BE4 072:157.544   - 0.065ms returns 0
T4CC4 072:191.152 JLINK_IsHalted()
T4CC4 072:195.000 - 3.850ms returns FALSE
T4CC4 072:195.088 JLINK_IsHalted()
T4CC4 072:198.736 - 3.643ms returns FALSE
T4BE4 072:208.720   JLINK_RTTERMINAL_Read(BufferIndex = 0, BufferSize = 0x00010000)
T4BE4 072:208.776   - 0.063ms returns 0
T4BE4 072:259.704   JLINK_RTTERMINAL_Read(BufferIndex = 0, BufferSize = 0x00010000)
T4BE4 072:259.760   - 0.064ms returns 0
T4CC4 072:301.904 JLINK_IsHalted()
T4CC4 072:305.440 - 3.532ms returns FALSE
T4CC4 072:305.520 JLINK_IsHalted()
T4CC4 072:309.368 - 3.849ms returns FALSE
T4BE4 072:310.672   JLINK_RTTERMINAL_Read(BufferIndex = 0, BufferSize = 0x00010000)
T4BE4 072:310.736   - 0.063ms returns 0
T4BE4 072:361.832   JLINK_RTTERMINAL_Read(BufferIndex = 0, BufferSize = 0x00010000)
T4BE4 072:361.928   - 0.101ms returns 0
T4CC4 072:409.232 JLINK_IsHalted()
T4CC4 072:412.560 - 3.325ms returns FALSE
T4CC4 072:412.640 JLINK_IsHalted()
T4CC4 072:416.192 - 3.555ms returns FALSE
T4BE4 072:416.280   JLINK_RTTERMINAL_Read(BufferIndex = 0, BufferSize = 0x00010000)
T4BE4 072:416.336   - 0.057ms returns 0
T4BE4 072:469.368   JLINK_RTTERMINAL_Read(BufferIndex = 0, BufferSize = 0x00010000)
T4BE4 072:469.424   - 0.060ms returns 0
T4CC4 072:519.160 JLINK_IsHalted()
T4CC4 072:522.952 - 3.789ms returns FALSE
T4BE4 072:523.056   JLINK_RTTERMINAL_Read(BufferIndex = 0, BufferSize = 0x00010000)
T4BE4 072:523.096   - 0.048ms returns 0
T4CC4 072:523.272 JLINK_IsHalted()
T4CC4 072:526.992 - 3.722ms returns FALSE
T4BE4 072:573.552   JLINK_RTTERMINAL_Read(BufferIndex = 0, BufferSize = 0x00010000)
T4BE4 072:573.616   - 0.062ms returns 0
T4BE4 072:624.424   JLINK_RTTERMINAL_Read(BufferIndex = 0, BufferSize = 0x00010000)
T4BE4 072:624.488   - 0.060ms returns 0
T4CC4 072:630.544 JLINK_IsHalted()
T4CC4 072:634.176 - 3.632ms returns FALSE
T4CC4 072:634.240 JLINK_IsHalted()
T4CC4 072:637.848 - 3.603ms returns FALSE
T5114 072:667.728 JLINK_IsHalted()
T5114 072:671.232 - 3.501ms returns FALSE
T5114 072:671.288 JLINK_IsHalted()
T5114 072:675.008 - 3.713ms returns FALSE
T4BE4 072:675.168   JLINK_RTTERMINAL_Read(BufferIndex = 0, BufferSize = 0x00010000)
T4BE4 072:675.216   - 0.048ms returns 0
T4BE4 072:726.224   JLINK_RTTERMINAL_Read(BufferIndex = 0, BufferSize = 0x00010000)
T4BE4 072:726.272   - 0.046ms returns 0
T4CC4 072:737.936 JLINK_IsHalted()
T4CC4 072:740.512 - 2.570ms returns FALSE
T4CC4 072:740.568 JLINK_IsHalted()
T4CC4 072:744.152 - 3.580ms returns FALSE
T4BE4 072:778.312   JLINK_RTTERMINAL_Read(BufferIndex = 0, BufferSize = 0x00010000)
T4BE4 072:778.360   - 0.047ms returns 0
T4BE4 072:829.200   JLINK_RTTERMINAL_Read(BufferIndex = 0, BufferSize = 0x00010000)
T4BE4 072:829.248   - 0.048ms returns 0
T4CC4 072:846.896 JLINK_IsHalted()
T4CC4 072:849.136 - 2.243ms returns FALSE
T4CC4 072:849.200 JLINK_IsHalted()
T4CC4 072:852.936 - 3.734ms returns FALSE
T4BE4 072:880.528   JLINK_RTTERMINAL_Read(BufferIndex = 0, BufferSize = 0x00010000)
T4BE4 072:880.576   - 0.048ms returns 0
T4BE4 072:931.488   JLINK_RTTERMINAL_Read(BufferIndex = 0, BufferSize = 0x00010000)
T4BE4 072:931.536   - 0.049ms returns 0
T4CC4 072:956.288 JLINK_IsHalted()
T4CC4 072:959.504 - 3.210ms returns FALSE
T4CC4 072:959.560 JLINK_IsHalted()
T4CC4 072:963.416 - 3.853ms returns FALSE
T4BE4 072:982.096   JLINK_RTTERMINAL_Read(BufferIndex = 0, BufferSize = 0x00010000)
T4BE4 072:982.144   - 0.046ms returns 0
T4BE4 073:033.128   JLINK_RTTERMINAL_Read(BufferIndex = 0, BufferSize = 0x00010000)
T4BE4 073:033.168   - 0.046ms returns 0
T4CC4 073:065.952 JLINK_IsHalted()
T4CC4 073:067.784 - 1.825ms returns FALSE
T4CC4 073:067.840 JLINK_IsHalted()
T4CC4 073:071.528 - 3.688ms returns FALSE
T4BE4 073:083.744   JLINK_RTTERMINAL_Read(BufferIndex = 0, BufferSize = 0x00010000)
T4BE4 073:083.792   - 0.060ms returns 0
T4BE4 073:134.944   JLINK_RTTERMINAL_Read(BufferIndex = 0, BufferSize = 0x00010000)
T4BE4 073:134.976   - 0.033ms returns 0
T4CC4 073:174.704 JLINK_IsHalted()
T4CC4 073:178.328 - 3.623ms returns FALSE
T4CC4 073:178.384 JLINK_IsHalted()
T4CC4 073:182.184 - 3.797ms returns FALSE
T4BE4 073:188.272   JLINK_RTTERMINAL_Read(BufferIndex = 0, BufferSize = 0x00010000)
T4BE4 073:188.336   - 0.062ms returns 0
T4BE4 073:239.952   JLINK_RTTERMINAL_Read(BufferIndex = 0, BufferSize = 0x00010000)
T4BE4 073:240.040   - 0.092ms returns 0
T4CC4 073:285.264 JLINK_IsHalted()
T4CC4 073:288.816 - 3.552ms returns FALSE
T4CC4 073:288.872 JLINK_IsHalted()
T4CC4 073:292.512 - 3.641ms returns FALSE
T4BE4 073:292.584   JLINK_RTTERMINAL_Read(BufferIndex = 0, BufferSize = 0x00010000)
T4BE4 073:292.608   - 0.025ms returns 0
T4BE4 073:343.112   JLINK_RTTERMINAL_Read(BufferIndex = 0, BufferSize = 0x00010000)
T4BE4 073:343.152   - 0.038ms returns 0
T4CC4 073:393.936 JLINK_IsHalted()
T4CC4 073:396.568 - 2.633ms returns FALSE
T4CC4 073:396.704 JLINK_IsHalted()
T4CC4 073:400.336 - 3.621ms returns FALSE
T4BE4 073:400.400   JLINK_RTTERMINAL_Read(BufferIndex = 0, BufferSize = 0x00010000)
T4BE4 073:400.432   - 0.033ms returns 0
T4BE4 073:451.592   JLINK_RTTERMINAL_Read(BufferIndex = 0, BufferSize = 0x00010000)
T4BE4 073:451.648   - 0.058ms returns 0
T4BE4 073:502.456   JLINK_RTTERMINAL_Read(BufferIndex = 0, BufferSize = 0x00010000)
T4BE4 073:502.504   - 0.050ms returns 0
T4CC4 073:503.192 JLINK_IsHalted()
T4CC4 073:507.080 - 3.882ms returns FALSE
T4CC4 073:507.144 JLINK_IsHalted()
T4CC4 073:510.872 - 3.728ms returns FALSE
T4BE4 073:553.808   JLINK_RTTERMINAL_Read(BufferIndex = 0, BufferSize = 0x00010000)
T4BE4 073:553.880   - 0.072ms returns 0
T4BE4 073:604.624   JLINK_RTTERMINAL_Read(BufferIndex = 0, BufferSize = 0x00010000)
T4BE4 073:604.672   - 0.049ms returns 0
T4CC4 073:612.624 JLINK_IsHalted()
T4CC4 073:615.392 - 2.768ms returns FALSE
T4CC4 073:615.472 JLINK_IsHalted()
T4CC4 073:619.176 - 3.703ms returns FALSE
T4BE4 073:655.336   JLINK_RTTERMINAL_Read(BufferIndex = 0, BufferSize = 0x00010000)
T4BE4 073:655.368   - 0.027ms returns 0
T5114 073:675.320 JLINK_IsHalted()
T5114 073:679.088 - 3.768ms returns FALSE
T5114 073:679.144 JLINK_IsHalted()
T5114 073:682.960 - 3.817ms returns FALSE
T4BE4 073:706.184   JLINK_RTTERMINAL_Read(BufferIndex = 0, BufferSize = 0x00010000)
T4BE4 073:706.224   - 0.039ms returns 0
T4CC4 073:724.272 JLINK_IsHalted()
T4CC4 073:728.080 - 3.797ms returns FALSE
T4CC4 073:728.128 JLINK_IsHalted()
T4CC4 073:731.920 - 3.791ms returns FALSE
T4BE4 073:757.264   JLINK_RTTERMINAL_Read(BufferIndex = 0, BufferSize = 0x00010000)
T4BE4 073:757.304   - 0.040ms returns 0
T4BE4 073:808.080   JLINK_RTTERMINAL_Read(BufferIndex = 0, BufferSize = 0x00010000)
T4BE4 073:808.112   - 0.030ms returns 0
T4CC4 073:831.152 JLINK_IsHalted()
T4CC4 073:832.928 - 1.778ms returns FALSE
T4CC4 073:832.976 JLINK_IsHalted()
T4CC4 073:836.504 - 3.525ms returns FALSE
T4BE4 073:859.120   JLINK_RTTERMINAL_Read(BufferIndex = 0, BufferSize = 0x00010000)
T4BE4 073:859.152   - 0.042ms returns 0
T4BE4 073:909.800   JLINK_RTTERMINAL_Read(BufferIndex = 0, BufferSize = 0x00010000)
T4BE4 073:909.848   - 0.053ms returns 0
T4CC4 073:940.472 JLINK_IsHalted()
T4CC4 073:943.376 - 2.900ms returns FALSE
T4CC4 073:943.432 JLINK_IsHalted()
T4CC4 073:947.136 - 3.707ms returns FALSE
T4BE4 073:960.504   JLINK_RTTERMINAL_Read(BufferIndex = 0, BufferSize = 0x00010000)
T4BE4 073:960.552   - 0.048ms returns 0
T4BE4 074:011.456   JLINK_RTTERMINAL_Read(BufferIndex = 0, BufferSize = 0x00010000)
T4BE4 074:011.496   - 0.041ms returns 0
T4CC4 074:050.160 JLINK_IsHalted()
T4CC4 074:053.968 - 3.809ms returns FALSE
T4CC4 074:054.080 JLINK_IsHalted()
T4CC4 074:057.728 - 3.648ms returns FALSE
T4BE4 074:063.592   JLINK_RTTERMINAL_Read(BufferIndex = 0, BufferSize = 0x00010000)
T4BE4 074:063.632   - 0.038ms returns 0
T4BE4 074:114.232   JLINK_RTTERMINAL_Read(BufferIndex = 0, BufferSize = 0x00010000)
T4BE4 074:114.264   - 0.035ms returns 0
T4CC4 074:160.808 JLINK_IsHalted()
T4CC4 074:164.312 - 3.509ms returns FALSE
T4CC4 074:164.392 JLINK_IsHalted()
T4CC4 074:167.952 - 3.554ms returns FALSE
T4BE4 074:168.056   JLINK_RTTERMINAL_Read(BufferIndex = 0, BufferSize = 0x00010000)
T4BE4 074:168.112   - 0.055ms returns 0
T4BE4 074:220.976   JLINK_RTTERMINAL_Read(BufferIndex = 0, BufferSize = 0x00010000)
T4BE4 074:221.032   - 0.055ms returns 0
T4CC4 074:268.624 JLINK_IsHalted()
T4CC4 074:271.848 - 3.224ms returns FALSE
T4BE4 074:271.960   JLINK_RTTERMINAL_Read(BufferIndex = 0, BufferSize = 0x00010000)
T4BE4 074:272.008   - 0.046ms returns 0
T4CC4 074:272.176 JLINK_IsHalted()
T4CC4 074:275.832 - 3.653ms returns FALSE
T4BE4 074:323.392   JLINK_RTTERMINAL_Read(BufferIndex = 0, BufferSize = 0x00010000)
T4BE4 074:323.448   - 0.064ms returns 0
T4BE4 074:373.944   JLINK_RTTERMINAL_Read(BufferIndex = 0, BufferSize = 0x00010000)
T4BE4 074:374.000   - 0.059ms returns 0
T4CC4 074:378.800 JLINK_IsHalted()
T4CC4 074:382.592 - 3.782ms returns FALSE
T4CC4 074:382.672 JLINK_IsHalted()
T4CC4 074:386.440 - 3.761ms returns FALSE
T4BE4 074:425.024   JLINK_RTTERMINAL_Read(BufferIndex = 0, BufferSize = 0x00010000)
T4BE4 074:425.088   - 0.064ms returns 0
T4BE4 074:475.600   JLINK_RTTERMINAL_Read(BufferIndex = 0, BufferSize = 0x00010000)
T4BE4 074:475.664   - 0.066ms returns 0
T4CC4 074:487.432 JLINK_IsHalted()
T4CC4 074:490.328 - 2.897ms returns FALSE
T4CC4 074:490.408 JLINK_IsHalted()
T4CC4 074:493.872 - 3.466ms returns FALSE
T4BE4 074:527.056   JLINK_RTTERMINAL_Read(BufferIndex = 0, BufferSize = 0x00010000)
T4BE4 074:527.120   - 0.070ms returns 0
T4BE4 074:577.648   JLINK_RTTERMINAL_Read(BufferIndex = 0, BufferSize = 0x00010000)
T4BE4 074:577.712   - 0.071ms returns 0
T4CC4 074:597.104 JLINK_IsHalted()
T4CC4 074:600.888 - 3.790ms returns FALSE
T4CC4 074:600.976 JLINK_IsHalted()
T4CC4 074:604.680 - 3.702ms returns FALSE
T4BE4 074:628.768   JLINK_RTTERMINAL_Read(BufferIndex = 0, BufferSize = 0x00010000)
T4BE4 074:628.832   - 0.065ms returns 0
T4BE4 074:679.584   JLINK_RTTERMINAL_Read(BufferIndex = 0, BufferSize = 0x00010000)
T4BE4 074:679.648   - 0.063ms returns 0
T5114 074:684.496 JLINK_IsHalted()
T5114 074:688.352 - 3.854ms returns FALSE
T5114 074:688.432 JLINK_IsHalted()
T5114 074:692.208 - 3.773ms returns FALSE
T4CC4 074:707.496 JLINK_IsHalted()
T4CC4 074:711.088 - 3.589ms returns FALSE
T4CC4 074:711.160 JLINK_IsHalted()
T4CC4 074:714.640 - 3.482ms returns FALSE
T4BE4 074:730.664   JLINK_RTTERMINAL_Read(BufferIndex = 0, BufferSize = 0x00010000)
T4BE4 074:730.696   - 0.034ms returns 0
T4BE4 074:781.664   JLINK_RTTERMINAL_Read(BufferIndex = 0, BufferSize = 0x00010000)
T4BE4 074:781.688   - 0.025ms returns 0
T4CC4 074:816.536 JLINK_IsHalted()
T4CC4 074:818.928 - 2.387ms returns FALSE
T4CC4 074:818.968 JLINK_IsHalted()
T4CC4 074:822.752 - 3.775ms returns FALSE
T4BE4 074:832.032   JLINK_RTTERMINAL_Read(BufferIndex = 0, BufferSize = 0x00010000)
T4BE4 074:832.080   - 0.054ms returns 0
T4BE4 074:883.648   JLINK_RTTERMINAL_Read(BufferIndex = 0, BufferSize = 0x00010000)
T4BE4 074:883.712   - 0.064ms returns 0
T4CC4 074:925.520 JLINK_IsHalted()
T4CC4 074:929.136 - 3.626ms returns FALSE
T4CC4 074:929.168 JLINK_IsHalted()
T4CC4 074:932.952 - 3.787ms returns FALSE
T4BE4 074:936.248   JLINK_RTTERMINAL_Read(BufferIndex = 0, BufferSize = 0x00010000)
T4BE4 074:936.272   - 0.015ms returns 0
T4BE4 074:986.984   JLINK_RTTERMINAL_Read(BufferIndex = 0, BufferSize = 0x00010000)
T4BE4 074:987.024   - 0.039ms returns 0
T4CC4 075:034.272 JLINK_IsHalted()
T4CC4 075:036.912 - 2.641ms returns FALSE
T4CC4 075:036.944 JLINK_IsHalted()
T4CC4 075:040.624 - 3.686ms returns FALSE
T4BE4 075:040.664   JLINK_RTTERMINAL_Read(BufferIndex = 0, BufferSize = 0x00010000)
T4BE4 075:040.688   - 0.018ms returns 0
T4BE4 075:091.056   JLINK_RTTERMINAL_Read(BufferIndex = 0, BufferSize = 0x00010000)
T4BE4 075:091.088   - 0.041ms returns 0
T4BE4 075:141.848   JLINK_RTTERMINAL_Read(BufferIndex = 0, BufferSize = 0x00010000)
T4BE4 075:141.872   - 0.025ms returns 0
T4CC4 075:143.752 JLINK_IsHalted()
T4CC4 075:144.816 - 1.071ms returns FALSE
T4CC4 075:144.856 JLINK_IsHalted()
T4CC4 075:148.744 - 3.880ms returns FALSE
T4BE4 075:192.160   JLINK_RTTERMINAL_Read(BufferIndex = 0, BufferSize = 0x00010000)
T4BE4 075:192.208   - 0.040ms returns 0
T4BE4 075:242.640   JLINK_RTTERMINAL_Read(BufferIndex = 0, BufferSize = 0x00010000)
T4BE4 075:242.664   - 0.030ms returns 0
T4CC4 075:253.296 JLINK_IsHalted()
T4CC4 075:255.248 - 1.950ms returns FALSE
T4CC4 075:255.288 JLINK_IsHalted()
T4CC4 075:259.344 - 4.049ms returns FALSE
T4BE4 075:294.280   JLINK_RTTERMINAL_Read(BufferIndex = 0, BufferSize = 0x00010000)
T4BE4 075:294.336   - 0.057ms returns 0
T4BE4 075:344.752   JLINK_RTTERMINAL_Read(BufferIndex = 0, BufferSize = 0x00010000)
T4BE4 075:344.784   - 0.033ms returns 0
T4CC4 075:362.432 JLINK_IsHalted()
T4CC4 075:365.824 - 3.391ms returns FALSE
T4CC4 075:365.872 JLINK_IsHalted()
T4CC4 075:369.664 - 3.784ms returns FALSE
T4BE4 075:396.376   JLINK_RTTERMINAL_Read(BufferIndex = 0, BufferSize = 0x00010000)
T4BE4 075:396.432   - 0.051ms returns 0
T4BE4 075:446.640   JLINK_RTTERMINAL_Read(BufferIndex = 0, BufferSize = 0x00010000)
T4BE4 075:446.672   - 0.036ms returns 0
T4CC4 075:472.128 JLINK_IsHalted()
T4CC4 075:475.648 - 3.518ms returns FALSE
T4CC4 075:475.688 JLINK_IsHalted()
T4CC4 075:479.416 - 3.730ms returns FALSE
T4BE4 075:497.680   JLINK_RTTERMINAL_Read(BufferIndex = 0, BufferSize = 0x00010000)
T4BE4 075:497.704   - 0.021ms returns 0
T4BE4 075:548.176   JLINK_RTTERMINAL_Read(BufferIndex = 0, BufferSize = 0x00010000)
T4BE4 075:548.208   - 0.022ms returns 0
T4CC4 075:581.168 JLINK_IsHalted()
T4CC4 075:583.304 - 2.134ms returns FALSE
T4CC4 075:583.344 JLINK_IsHalted()
T4CC4 075:587.152 - 3.814ms returns FALSE
T4BE4 075:599.184   JLINK_RTTERMINAL_Read(BufferIndex = 0, BufferSize = 0x00010000)
T4BE4 075:599.208   - 0.020ms returns 0
T4BE4 075:649.712   JLINK_RTTERMINAL_Read(BufferIndex = 0, BufferSize = 0x00010000)
T4BE4 075:649.744   - 0.024ms returns 0
T4CC4 075:693.792 JLINK_IsHalted()
T4CC4 075:697.136 - 3.336ms returns FALSE
T4CC4 075:697.160 JLINK_IsHalted()
T4CC4 075:700.912 - 3.755ms returns FALSE
T4BE4 075:700.952   JLINK_RTTERMINAL_Read(BufferIndex = 0, BufferSize = 0x00010000)
T4BE4 075:700.976   - 0.017ms returns 0
T5114 075:701.040 JLINK_IsHalted()
T5114 075:704.720 - 3.672ms returns FALSE
T5114 075:704.760 JLINK_IsHalted()
T5114 075:708.464 - 3.709ms returns FALSE
T4BE4 075:751.280   JLINK_RTTERMINAL_Read(BufferIndex = 0, BufferSize = 0x00010000)
T4BE4 075:751.304   - 0.021ms returns 0
T4CC4 075:800.304 JLINK_IsHalted()
T4CC4 075:803.984 - 3.687ms returns FALSE
T4BE4 075:804.024   JLINK_RTTERMINAL_Read(BufferIndex = 0, BufferSize = 0x00010000)
T4BE4 075:804.048   - 0.017ms returns 0
T4CC4 075:804.128 JLINK_IsHalted()
T4CC4 075:807.824 - 3.693ms returns FALSE
T4BE4 075:854.424   JLINK_RTTERMINAL_Read(BufferIndex = 0, BufferSize = 0x00010000)
T4BE4 075:854.448   - 0.022ms returns 0
T4BE4 075:905.488   JLINK_RTTERMINAL_Read(BufferIndex = 0, BufferSize = 0x00010000)
T4BE4 075:905.512   - 0.029ms returns 0
T4CC4 075:911.168 JLINK_IsHalted()
T4CC4 075:914.864 - 3.700ms returns FALSE
T4CC4 075:914.920 JLINK_IsHalted()
T4CC4 075:918.624 - 3.707ms returns FALSE
T4BE4 075:955.912   JLINK_RTTERMINAL_Read(BufferIndex = 0, BufferSize = 0x00010000)
T4BE4 075:955.936   - 0.029ms returns 0
T4BE4 076:006.288   JLINK_RTTERMINAL_Read(BufferIndex = 0, BufferSize = 0x00010000)
T4BE4 076:006.320   - 0.029ms returns 0
T4CC4 076:019.208 JLINK_IsHalted()
T4CC4 076:022.112 - 2.904ms returns FALSE
T4CC4 076:022.160 JLINK_IsHalted()
T4CC4 076:025.872 - 3.712ms returns FALSE
T4BE4 076:057.160   JLINK_RTTERMINAL_Read(BufferIndex = 0, BufferSize = 0x00010000)
T4BE4 076:057.184   - 0.031ms returns 0
T4BE4 076:107.536   JLINK_RTTERMINAL_Read(BufferIndex = 0, BufferSize = 0x00010000)
T4BE4 076:107.560   - 0.030ms returns 0
T4CC4 076:128.432 JLINK_IsHalted()
T4CC4 076:129.768 - 1.329ms returns FALSE
T4CC4 076:129.792 JLINK_IsHalted()
T4CC4 076:133.536 - 3.741ms returns FALSE
T4BE4 076:158.400   JLINK_RTTERMINAL_Read(BufferIndex = 0, BufferSize = 0x00010000)
T4BE4 076:158.432   - 0.029ms returns 0
T4BE4 076:211.080   JLINK_RTTERMINAL_Read(BufferIndex = 0, BufferSize = 0x00010000)
T4BE4 076:211.112   - 0.029ms returns 0
T4CC4 076:237.488 JLINK_IsHalted()
T4CC4 076:240.192 - 2.706ms returns FALSE
T4CC4 076:240.232 JLINK_IsHalted()
T4CC4 076:243.936 - 3.703ms returns FALSE
T4BE4 076:261.448   JLINK_RTTERMINAL_Read(BufferIndex = 0, BufferSize = 0x00010000)
T4BE4 076:261.480   - 0.034ms returns 0
T4BE4 076:311.816   JLINK_RTTERMINAL_Read(BufferIndex = 0, BufferSize = 0x00010000)
T4BE4 076:311.840   - 0.029ms returns 0
T4CC4 076:346.672 JLINK_IsHalted()
T4CC4 076:347.944 - 1.264ms returns FALSE
T4CC4 076:347.968 JLINK_IsHalted()
T4CC4 076:351.696 - 3.726ms returns FALSE
T4BE4 076:362.696   JLINK_RTTERMINAL_Read(BufferIndex = 0, BufferSize = 0x00010000)
T4BE4 076:362.720   - 0.027ms returns 0
T4BE4 076:413.840   JLINK_RTTERMINAL_Read(BufferIndex = 0, BufferSize = 0x00010000)
T4BE4 076:413.864   - 0.019ms returns 0
T4CC4 076:455.944 JLINK_IsHalted()
T4CC4 076:458.496 - 2.551ms returns FALSE
T4CC4 076:458.536 JLINK_IsHalted()
T4CC4 076:462.304 - 3.766ms returns FALSE
T4BE4 076:465.632   JLINK_RTTERMINAL_Read(BufferIndex = 0, BufferSize = 0x00010000)
T4BE4 076:465.672   - 0.037ms returns 0
T4BE4 076:516.304   JLINK_RTTERMINAL_Read(BufferIndex = 0, BufferSize = 0x00010000)
T4BE4 076:516.336   - 0.032ms returns 0
T4BE4 076:566.744   JLINK_RTTERMINAL_Read(BufferIndex = 0, BufferSize = 0x00010000)
T4BE4 076:566.776   - 0.035ms returns 0
T4CC4 076:566.864 JLINK_IsHalted()
T4CC4 076:569.176 - 2.306ms returns FALSE
T4CC4 076:569.216 JLINK_IsHalted()
T4CC4 076:572.944 - 3.724ms returns FALSE
T4BE4 076:617.552   JLINK_RTTERMINAL_Read(BufferIndex = 0, BufferSize = 0x00010000)
T4BE4 076:617.576   - 0.028ms returns 0
T4BE4 076:668.016   JLINK_RTTERMINAL_Read(BufferIndex = 0, BufferSize = 0x00010000)
T4BE4 076:668.032   - 0.024ms returns 0
T4CC4 076:674.984 JLINK_IsHalted()
T4CC4 076:677.520 - 2.537ms returns FALSE
T4CC4 076:677.584 JLINK_IsHalted()
T4CC4 076:681.264 - 3.675ms returns FALSE
T5114 076:710.984 JLINK_IsHalted()
T5114 076:714.712 - 3.729ms returns FALSE
T5114 076:714.832 JLINK_IsHalted()
T5114 076:718.392 - 3.559ms returns FALSE
T4BE4 076:718.496   JLINK_RTTERMINAL_Read(BufferIndex = 0, BufferSize = 0x00010000)
T4BE4 076:718.568   - 0.073ms returns 0
T4BE4 076:769.664   JLINK_RTTERMINAL_Read(BufferIndex = 0, BufferSize = 0x00010000)
T4BE4 076:769.688   - 0.023ms returns 0
T4CC4 076:784.536 JLINK_IsHalted()
T4CC4 076:786.936 - 2.400ms returns FALSE
T4CC4 076:786.960 JLINK_IsHalted()
T4CC4 076:790.768 - 3.802ms returns FALSE
T4BE4 076:820.520   JLINK_RTTERMINAL_Read(BufferIndex = 0, BufferSize = 0x00010000)
T4BE4 076:820.552   - 0.029ms returns 0
T4BE4 076:871.512   JLINK_RTTERMINAL_Read(BufferIndex = 0, BufferSize = 0x00010000)
T4BE4 076:871.536   - 0.023ms returns 0
T4CC4 076:893.552 JLINK_IsHalted()
T4CC4 076:894.896 - 1.341ms returns FALSE
T4CC4 076:894.912 JLINK_IsHalted()
T4CC4 076:898.656 - 3.746ms returns FALSE
T4BE4 076:922.448   JLINK_RTTERMINAL_Read(BufferIndex = 0, BufferSize = 0x00010000)
T4BE4 076:922.472   - 0.022ms returns 0
T4BE4 076:973.456   JLINK_RTTERMINAL_Read(BufferIndex = 0, BufferSize = 0x00010000)
T4BE4 076:973.488   - 0.025ms returns 0
T4CC4 077:003.504 JLINK_IsHalted()
T4CC4 077:005.816 - 2.309ms returns FALSE
T4CC4 077:005.864 JLINK_IsHalted()
T4CC4 077:009.608 - 3.743ms returns FALSE
T4BE4 077:024.608   JLINK_RTTERMINAL_Read(BufferIndex = 0, BufferSize = 0x00010000)
T4BE4 077:024.624   - 0.023ms returns 0
T4BE4 077:075.288   JLINK_RTTERMINAL_Read(BufferIndex = 0, BufferSize = 0x00010000)
T4BE4 077:075.312   - 0.024ms returns 0
T4CC4 077:113.040 JLINK_IsHalted()
T4CC4 077:116.608 - 3.571ms returns FALSE
T4CC4 077:116.640 JLINK_IsHalted()
T4CC4 077:120.360 - 3.717ms returns FALSE
T4BE4 077:126.376   JLINK_RTTERMINAL_Read(BufferIndex = 0, BufferSize = 0x00010000)
T4BE4 077:126.400   - 0.025ms returns 0
T4BE4 077:177.336   JLINK_RTTERMINAL_Read(BufferIndex = 0, BufferSize = 0x00010000)
T4BE4 077:177.360   - 0.025ms returns 0
T4CC4 077:221.840 JLINK_IsHalted()
T4CC4 077:223.936 - 2.093ms returns FALSE
T4CC4 077:223.968 JLINK_IsHalted()
T4CC4 077:227.952 - 3.981ms returns FALSE
T4BE4 077:228.424   JLINK_RTTERMINAL_Read(BufferIndex = 0, BufferSize = 0x00010000)
T4BE4 077:228.464   - 0.049ms returns 0
T4BE4 077:278.848   JLINK_RTTERMINAL_Read(BufferIndex = 0, BufferSize = 0x00010000)
T4BE4 077:278.872   - 0.026ms returns 0
T4BE4 077:330.512   JLINK_RTTERMINAL_Read(BufferIndex = 0, BufferSize = 0x00010000)
T4BE4 077:330.544   - 0.033ms returns 0
T4CC4 077:331.600 JLINK_IsHalted()
T4CC4 077:334.448 - 2.856ms returns FALSE
T4CC4 077:334.488 JLINK_IsHalted()
T4CC4 077:338.168 - 3.674ms returns FALSE
T4BE4 077:381.520   JLINK_RTTERMINAL_Read(BufferIndex = 0, BufferSize = 0x00010000)
T4BE4 077:381.560   - 0.040ms returns 0
T4BE4 077:432.560   JLINK_RTTERMINAL_Read(BufferIndex = 0, BufferSize = 0x00010000)
T4BE4 077:432.608   - 0.045ms returns 0
T4CC4 077:440.424 JLINK_IsHalted()
T4CC4 077:444.176 - 3.753ms returns FALSE
T4CC4 077:444.240 JLINK_IsHalted()
T4CC4 077:448.272 - 4.036ms returns FALSE
T4BE4 077:483.800   JLINK_RTTERMINAL_Read(BufferIndex = 0, BufferSize = 0x00010000)
T4BE4 077:483.856   - 0.059ms returns 0
T4BE4 077:534.456   JLINK_RTTERMINAL_Read(BufferIndex = 0, BufferSize = 0x00010000)
T4BE4 077:534.488   - 0.034ms returns 0
T4CC4 077:550.592 JLINK_IsHalted()
T4CC4 077:552.232 - 1.642ms returns FALSE
T4CC4 077:552.272 JLINK_IsHalted()
T4CC4 077:555.672 - 3.404ms returns FALSE
T4BE4 077:585.200   JLINK_RTTERMINAL_Read(BufferIndex = 0, BufferSize = 0x00010000)
T4BE4 077:585.224   - 0.029ms returns 0
T4BE4 077:636.136   JLINK_RTTERMINAL_Read(BufferIndex = 0, BufferSize = 0x00010000)
T4BE4 077:636.168   - 0.033ms returns 0
T4CC4 077:659.192 JLINK_IsHalted()
T4CC4 077:662.768 - 3.567ms returns FALSE
T4CC4 077:662.800 JLINK_IsHalted()
T4CC4 077:666.512 - 3.721ms returns FALSE
T4BE4 077:686.984   JLINK_RTTERMINAL_Read(BufferIndex = 0, BufferSize = 0x00010000)
T4BE4 077:687.024   - 0.039ms returns 0
T5114 077:720.280 JLINK_IsHalted()
T5114 077:723.712 - 3.427ms returns FALSE
T5114 077:723.784 JLINK_IsHalted()
T5114 077:727.504 - 3.726ms returns FALSE
T4BE4 077:737.648   JLINK_RTTERMINAL_Read(BufferIndex = 0, BufferSize = 0x00010000)
T4BE4 077:737.696   - 0.048ms returns 0
T4CC4 077:769.048 JLINK_IsHalted()
T4CC4 077:772.840 - 3.784ms returns FALSE
T4CC4 077:772.880 JLINK_IsHalted()
T4CC4 077:776.752 - 3.862ms returns FALSE
T4BE4 077:788.600   JLINK_RTTERMINAL_Read(BufferIndex = 0, BufferSize = 0x00010000)
T4BE4 077:788.640   - 0.042ms returns 0
T4BE4 077:839.768   JLINK_RTTERMINAL_Read(BufferIndex = 0, BufferSize = 0x00010000)
T4BE4 077:839.792   - 0.026ms returns 0
T4CC4 077:879.600 JLINK_IsHalted()
T4CC4 077:883.488 - 3.879ms returns FALSE
T4CC4 077:883.512 JLINK_IsHalted()
T4CC4 077:887.272 - 3.750ms returns FALSE
T4BE4 077:893.120   JLINK_RTTERMINAL_Read(BufferIndex = 0, BufferSize = 0x00010000)
T4BE4 077:893.144   - 0.027ms returns 0
T4BE4 077:943.936   JLINK_RTTERMINAL_Read(BufferIndex = 0, BufferSize = 0x00010000)
T4BE4 077:943.960   - 0.028ms returns 0
T4CC4 077:990.944 JLINK_IsHalted()
T4CC4 077:994.352 - 3.411ms returns FALSE
T4BE4 077:994.424   JLINK_RTTERMINAL_Read(BufferIndex = 0, BufferSize = 0x00010000)
T4BE4 077:994.456   - 0.032ms returns 0
T4CC4 077:994.600 JLINK_IsHalted()
T4CC4 077:998.320 - 3.717ms returns FALSE
T4BE4 078:045.872   JLINK_RTTERMINAL_Read(BufferIndex = 0, BufferSize = 0x00010000)
T4BE4 078:045.920   - 0.052ms returns 0
T4BE4 078:096.536   JLINK_RTTERMINAL_Read(BufferIndex = 0, BufferSize = 0x00010000)
T4BE4 078:096.600   - 0.064ms returns 0
T4CC4 078:098.408 JLINK_IsHalted()
T4CC4 078:102.192 - 3.782ms returns FALSE
T4CC4 078:102.256 JLINK_IsHalted()
T4CC4 078:105.904 - 3.648ms returns FALSE
T4BE4 078:147.584   JLINK_RTTERMINAL_Read(BufferIndex = 0, BufferSize = 0x00010000)
T4BE4 078:147.616   - 0.031ms returns 0
T4BE4 078:198.136   JLINK_RTTERMINAL_Read(BufferIndex = 0, BufferSize = 0x00010000)
T4BE4 078:198.184   - 0.045ms returns 0
T4CC4 078:206.032 JLINK_IsHalted()
T4CC4 078:209.360 - 3.329ms returns FALSE
T4CC4 078:209.424 JLINK_IsHalted()
T4CC4 078:213.272 - 3.847ms returns FALSE
T4BE4 078:249.384   JLINK_RTTERMINAL_Read(BufferIndex = 0, BufferSize = 0x00010000)
T4BE4 078:249.432   - 0.053ms returns 0
T4BE4 078:300.200   JLINK_RTTERMINAL_Read(BufferIndex = 0, BufferSize = 0x00010000)
T4BE4 078:300.224   - 0.026ms returns 0
T4CC4 078:318.896 JLINK_IsHalted()
T4CC4 078:322.568 - 3.662ms returns FALSE
T4CC4 078:322.600 JLINK_IsHalted()
T4CC4 078:326.320 - 3.727ms returns FALSE
T4BE4 078:351.296   JLINK_RTTERMINAL_Read(BufferIndex = 0, BufferSize = 0x00010000)
T4BE4 078:351.312   - 0.024ms returns 0
T4BE4 078:402.448   JLINK_RTTERMINAL_Read(BufferIndex = 0, BufferSize = 0x00010000)
T4BE4 078:402.472   - 0.025ms returns 0
T4CC4 078:425.224 JLINK_IsHalted()
T4CC4 078:426.712 - 1.489ms returns FALSE
T4CC4 078:426.792 JLINK_IsHalted()
T4CC4 078:430.448 - 3.645ms returns FALSE
T4BE4 078:453.456   JLINK_RTTERMINAL_Read(BufferIndex = 0, BufferSize = 0x00010000)
T4BE4 078:453.488   - 0.035ms returns 0
T4BE4 078:504.304   JLINK_RTTERMINAL_Read(BufferIndex = 0, BufferSize = 0x00010000)
T4BE4 078:504.368   - 0.053ms returns 0
T4CC4 078:534.120 JLINK_IsHalted()
T4CC4 078:537.264 - 3.143ms returns FALSE
T4CC4 078:537.320 JLINK_IsHalted()
T4CC4 078:540.920 - 3.603ms returns FALSE
T4BE4 078:555.120   JLINK_RTTERMINAL_Read(BufferIndex = 0, BufferSize = 0x00010000)
T4BE4 078:555.168   - 0.040ms returns 0
T4BE4 078:605.696   JLINK_RTTERMINAL_Read(BufferIndex = 0, BufferSize = 0x00010000)
T4BE4 078:605.720   - 0.025ms returns 0
T4CC4 078:643.472 JLINK_IsHalted()
T4CC4 078:645.200 - 1.721ms returns FALSE
T4CC4 078:645.232 JLINK_IsHalted()
T4CC4 078:648.872 - 3.641ms returns FALSE
T4BE4 078:656.048   JLINK_RTTERMINAL_Read(BufferIndex = 0, BufferSize = 0x00010000)
T4BE4 078:656.080   - 0.031ms returns 0
T4BE4 078:706.840   JLINK_RTTERMINAL_Read(BufferIndex = 0, BufferSize = 0x00010000)
T4BE4 078:706.912   - 0.071ms returns 0
T5114 078:728.840 JLINK_IsHalted()
T5114 078:732.648 - 3.803ms returns FALSE
T5114 078:732.752 JLINK_IsHalted()
T5114 078:736.496 - 3.738ms returns FALSE
T4CC4 078:754.448 JLINK_IsHalted()
T4CC4 078:757.968 - 3.514ms returns FALSE
T4CC4 078:758.096 JLINK_IsHalted()
T4CC4 078:761.736 - 3.632ms returns FALSE
T4BE4 078:761.856   JLINK_RTTERMINAL_Read(BufferIndex = 0, BufferSize = 0x00010000)
T4BE4 078:761.904   - 0.049ms returns 0
T4BE4 078:812.520   JLINK_RTTERMINAL_Read(BufferIndex = 0, BufferSize = 0x00010000)
T4BE4 078:812.592   - 0.078ms returns 0
T4CC4 078:862.384 JLINK_IsHalted()
T4CC4 078:865.464 - 3.083ms returns FALSE
T4BE4 078:865.512   JLINK_RTTERMINAL_Read(BufferIndex = 0, BufferSize = 0x00010000)
T4BE4 078:865.528   - 0.021ms returns 0
T4CC4 078:865.632 JLINK_IsHalted()
T4CC4 078:869.360 - 3.730ms returns FALSE
T4BE4 078:915.840   JLINK_RTTERMINAL_Read(BufferIndex = 0, BufferSize = 0x00010000)
T4BE4 078:915.872   - 0.034ms returns 0
T4BE4 078:966.928   JLINK_RTTERMINAL_Read(BufferIndex = 0, BufferSize = 0x00010000)
T4BE4 078:966.960   - 0.029ms returns 0
T4CC4 078:982.136 JLINK_IsHalted()
T4CC4 078:985.536 - 3.402ms returns FALSE
T4CC4 078:985.576 JLINK_IsHalted()
T4CC4 078:989.128 - 3.548ms returns FALSE
T4BE4 079:018.792   JLINK_RTTERMINAL_Read(BufferIndex = 0, BufferSize = 0x00010000)
T4BE4 079:018.816   - 0.028ms returns 0
T4BE4 079:069.616   JLINK_RTTERMINAL_Read(BufferIndex = 0, BufferSize = 0x00010000)
T4BE4 079:069.640   - 0.028ms returns 0
T4CC4 079:096.912 JLINK_IsHalted()
T4CC4 079:098.880 - 1.963ms returns FALSE
T4CC4 079:098.928 JLINK_IsHalted()
T4CC4 079:102.456 - 3.521ms returns FALSE
T4BE4 079:120.816   JLINK_RTTERMINAL_Read(BufferIndex = 0, BufferSize = 0x00010000)
T4BE4 079:120.840   - 0.025ms returns 0
T4BE4 079:171.696   JLINK_RTTERMINAL_Read(BufferIndex = 0, BufferSize = 0x00010000)
T4BE4 079:171.720   - 0.025ms returns 0
T4CC4 079:206.000 JLINK_IsHalted()
T4CC4 079:209.296 - 3.284ms returns FALSE
T4CC4 079:209.328 JLINK_IsHalted()
T4CC4 079:213.080 - 3.749ms returns FALSE
T4BE4 079:222.352   JLINK_RTTERMINAL_Read(BufferIndex = 0, BufferSize = 0x00010000)
T4BE4 079:222.384   - 0.036ms returns 0
T4BE4 079:272.824   JLINK_RTTERMINAL_Read(BufferIndex = 0, BufferSize = 0x00010000)
T4BE4 079:272.848   - 0.022ms returns 0
T4CC4 079:316.000 JLINK_IsHalted()
T4CC4 079:319.728 - 3.724ms returns FALSE
T4CC4 079:319.768 JLINK_IsHalted()
T4CC4 079:323.656 - 3.883ms returns FALSE
T4BE4 079:323.840   JLINK_RTTERMINAL_Read(BufferIndex = 0, BufferSize = 0x00010000)
T4BE4 079:323.872   - 0.034ms returns 0
T4BE4 079:374.528   JLINK_RTTERMINAL_Read(BufferIndex = 0, BufferSize = 0x00010000)
T4BE4 079:374.552   - 0.025ms returns 0
T4CC4 079:424.720 JLINK_IsHalted()
T4CC4 079:427.272 - 2.555ms returns FALSE
T4BE4 079:427.344   JLINK_RTTERMINAL_Read(BufferIndex = 0, BufferSize = 0x00010000)
T4BE4 079:427.368   - 0.027ms returns 0
T4CC4 079:427.480 JLINK_IsHalted()
T4CC4 079:431.104 - 3.624ms returns FALSE
T4BE4 079:477.832   JLINK_RTTERMINAL_Read(BufferIndex = 0, BufferSize = 0x00010000)
T4BE4 079:477.872   - 0.038ms returns 0
T4BE4 079:528.240   JLINK_RTTERMINAL_Read(BufferIndex = 0, BufferSize = 0x00010000)
T4BE4 079:528.280   - 0.046ms returns 0
T4CC4 079:534.128 JLINK_IsHalted()
T4CC4 079:537.824 - 3.690ms returns FALSE
T4CC4 079:537.856 JLINK_IsHalted()
T4CC4 079:541.656 - 3.802ms returns FALSE
T4BE4 079:578.512   JLINK_RTTERMINAL_Read(BufferIndex = 0, BufferSize = 0x00010000)
T4BE4 079:578.544   - 0.027ms returns 0
T4BE4 079:629.104   JLINK_RTTERMINAL_Read(BufferIndex = 0, BufferSize = 0x00010000)
T4BE4 079:629.128   - 0.025ms returns 0
T4CC4 079:647.728 JLINK_IsHalted()
T4CC4 079:651.328 - 3.595ms returns FALSE
T4CC4 079:651.376 JLINK_IsHalted()
T4CC4 079:654.768 - 3.394ms returns FALSE
T4BE4 079:679.584   JLINK_RTTERMINAL_Read(BufferIndex = 0, BufferSize = 0x00010000)
T4BE4 079:679.608   - 0.026ms returns 0
T4BE4 079:730.456   JLINK_RTTERMINAL_Read(BufferIndex = 0, BufferSize = 0x00010000)
T4BE4 079:730.488   - 0.032ms returns 0
T5114 079:737.312 JLINK_IsHalted()
T5114 079:740.872 - 3.563ms returns FALSE
T5114 079:740.920 JLINK_IsHalted()
T5114 079:744.360 - 3.437ms returns FALSE
T4CC4 079:753.224 JLINK_IsHalted()
T4CC4 079:754.512 - 1.292ms returns FALSE
T4CC4 079:754.552 JLINK_IsHalted()
T4CC4 079:758.344 - 3.788ms returns FALSE
T4BE4 079:781.488   JLINK_RTTERMINAL_Read(BufferIndex = 0, BufferSize = 0x00010000)
T4BE4 079:781.520   - 0.030ms returns 0
T4BE4 079:832.448   JLINK_RTTERMINAL_Read(BufferIndex = 0, BufferSize = 0x00010000)
T4BE4 079:832.480   - 0.037ms returns 0
T4CC4 079:862.216 JLINK_IsHalted()
T4CC4 079:865.048 - 2.833ms returns FALSE
T4CC4 079:865.088 JLINK_IsHalted()
T4CC4 079:868.792 - 3.707ms returns FALSE
T4BE4 079:883.888   JLINK_RTTERMINAL_Read(BufferIndex = 0, BufferSize = 0x00010000)
T4BE4 079:883.920   - 0.038ms returns 0
T4BE4 079:934.856   JLINK_RTTERMINAL_Read(BufferIndex = 0, BufferSize = 0x00010000)
T4BE4 079:934.896   - 0.039ms returns 0
T4CC4 079:971.632 JLINK_IsHalted()
T4CC4 079:974.576 - 2.952ms returns FALSE
T4CC4 079:974.640 JLINK_IsHalted()
T4CC4 079:978.256 - 3.608ms returns FALSE
T4BE4 079:985.088   JLINK_RTTERMINAL_Read(BufferIndex = 0, BufferSize = 0x00010000)
T4BE4 079:985.104   - 0.020ms returns 0
T4BE4 080:036.304   JLINK_RTTERMINAL_Read(BufferIndex = 0, BufferSize = 0x00010000)
T4BE4 080:036.328   - 0.026ms returns 0
T4CC4 080:082.032 JLINK_IsHalted()
T4CC4 080:085.424 - 3.390ms returns FALSE
T4CC4 080:085.496 JLINK_IsHalted()
T4CC4 080:089.232 - 3.730ms returns FALSE
T4BE4 080:089.304   JLINK_RTTERMINAL_Read(BufferIndex = 0, BufferSize = 0x00010000)
T4BE4 080:089.336   - 0.034ms returns 0
T4BE4 080:140.264   JLINK_RTTERMINAL_Read(BufferIndex = 0, BufferSize = 0x00010000)
T4BE4 080:140.304   - 0.047ms returns 0
T4CC4 080:190.456 JLINK_IsHalted()
T4CC4 080:193.232 - 2.772ms returns FALSE
T4BE4 080:193.304   JLINK_RTTERMINAL_Read(BufferIndex = 0, BufferSize = 0x00010000)
T4BE4 080:193.336   - 0.033ms returns 0
T4CC4 080:193.456 JLINK_IsHalted()
T4CC4 080:196.952 - 3.503ms returns FALSE
T4BE4 080:244.400   JLINK_RTTERMINAL_Read(BufferIndex = 0, BufferSize = 0x00010000)
T4BE4 080:244.440   - 0.048ms returns 0
T4BE4 080:295.536   JLINK_RTTERMINAL_Read(BufferIndex = 0, BufferSize = 0x00010000)
T4BE4 080:295.584   - 0.047ms returns 0
T4CC4 080:300.464 JLINK_IsHalted()
T4CC4 080:303.760 - 3.299ms returns FALSE
T4CC4 080:303.824 JLINK_IsHalted()
T4CC4 080:307.504 - 3.686ms returns FALSE
T4BE4 080:346.480   JLINK_RTTERMINAL_Read(BufferIndex = 0, BufferSize = 0x00010000)
T4BE4 080:346.536   - 0.054ms returns 0
T4BE4 080:397.160   JLINK_RTTERMINAL_Read(BufferIndex = 0, BufferSize = 0x00010000)
T4BE4 080:397.200   - 0.046ms returns 0
T4CC4 080:409.968 JLINK_IsHalted()
T4CC4 080:411.792 - 1.824ms returns FALSE
T4CC4 080:411.880 JLINK_IsHalted()
T4CC4 080:415.568 - 3.681ms returns FALSE
T4BE4 080:448.008   JLINK_RTTERMINAL_Read(BufferIndex = 0, BufferSize = 0x00010000)
T4BE4 080:448.048   - 0.046ms returns 0
T4BE4 080:498.944   JLINK_RTTERMINAL_Read(BufferIndex = 0, BufferSize = 0x00010000)
T4BE4 080:498.992   - 0.047ms returns 0
T4CC4 080:518.792 JLINK_IsHalted()
T4CC4 080:522.320 - 3.535ms returns FALSE
T4CC4 080:522.384 JLINK_IsHalted()
T4CC4 080:525.872 - 3.469ms returns FALSE
T4BE4 080:549.992   JLINK_RTTERMINAL_Read(BufferIndex = 0, BufferSize = 0x00010000)
T4BE4 080:550.040   - 0.052ms returns 0
T4BE4 080:600.704   JLINK_RTTERMINAL_Read(BufferIndex = 0, BufferSize = 0x00010000)
T4BE4 080:600.752   - 0.047ms returns 0
T4CC4 080:628.464 JLINK_IsHalted()
T4CC4 080:630.064 - 1.604ms returns FALSE
T4CC4 080:630.104 JLINK_IsHalted()
T4CC4 080:633.800 - 3.693ms returns FALSE
T4BE4 080:652.208   JLINK_RTTERMINAL_Read(BufferIndex = 0, BufferSize = 0x00010000)
T4BE4 080:652.240   - 0.027ms returns 0
T4BE4 080:703.040   JLINK_RTTERMINAL_Read(BufferIndex = 0, BufferSize = 0x00010000)
T4BE4 080:703.064   - 0.026ms returns 0
T4CC4 080:737.624 JLINK_IsHalted()
T4CC4 080:740.848 - 3.218ms returns FALSE
T4CC4 080:740.880 JLINK_IsHalted()
T4CC4 080:744.656 - 3.773ms returns FALSE
T5114 080:748.144 JLINK_IsHalted()
T5114 080:751.768 - 3.627ms returns FALSE
T5114 080:751.808 JLINK_IsHalted()
T5114 080:755.408 - 3.602ms returns FALSE
T4BE4 080:755.464   JLINK_RTTERMINAL_Read(BufferIndex = 0, BufferSize = 0x00010000)
T4BE4 080:755.480   - 0.017ms returns 0
T4BE4 080:806.408   JLINK_RTTERMINAL_Read(BufferIndex = 0, BufferSize = 0x00010000)
T4BE4 080:806.432   - 0.025ms returns 0
T4CC4 080:846.784 JLINK_IsHalted()
T4CC4 080:850.728 - 3.940ms returns FALSE
T4CC4 080:850.768 JLINK_IsHalted()
T4CC4 080:854.384 - 3.603ms returns FALSE
T4BE4 080:856.816   JLINK_RTTERMINAL_Read(BufferIndex = 0, BufferSize = 0x00010000)
T4BE4 080:856.864   - 0.042ms returns 0
T4BE4 080:907.472   JLINK_RTTERMINAL_Read(BufferIndex = 0, BufferSize = 0x00010000)
T4BE4 080:907.504   - 0.036ms returns 0
T4CC4 080:956.336 JLINK_IsHalted()
T4CC4 080:958.312 - 1.978ms returns FALSE
T4BE4 080:958.376   JLINK_RTTERMINAL_Read(BufferIndex = 0, BufferSize = 0x00010000)
T4BE4 080:958.400   - 0.029ms returns 0
T4CC4 080:958.520 JLINK_IsHalted()
T4CC4 080:962.400 - 3.876ms returns FALSE
T4BE4 081:009.032   JLINK_RTTERMINAL_Read(BufferIndex = 0, BufferSize = 0x00010000)
T4BE4 081:009.072   - 0.038ms returns 0
T4BE4 081:062.352   JLINK_RTTERMINAL_Read(BufferIndex = 0, BufferSize = 0x00010000)
T4BE4 081:062.392   - 0.036ms returns 0
T4CC4 081:065.776 JLINK_IsHalted()
T4CC4 081:069.000 - 3.218ms returns FALSE
T4CC4 081:069.048 JLINK_IsHalted()
T4CC4 081:072.992 - 3.940ms returns FALSE
T4BE4 081:113.472   JLINK_RTTERMINAL_Read(BufferIndex = 0, BufferSize = 0x00010000)
T4BE4 081:113.528   - 0.055ms returns 0
T4BE4 081:164.720   JLINK_RTTERMINAL_Read(BufferIndex = 0, BufferSize = 0x00010000)
T4BE4 081:164.760   - 0.044ms returns 0
T4CC4 081:175.632 JLINK_IsHalted()
T4CC4 081:177.240 - 1.602ms returns FALSE
T4CC4 081:177.296 JLINK_IsHalted()
T4CC4 081:181.272 - 3.970ms returns FALSE
T4BE4 081:215.504   JLINK_RTTERMINAL_Read(BufferIndex = 0, BufferSize = 0x00010000)
T4BE4 081:215.536   - 0.039ms returns 0
T4BE4 081:266.504   JLINK_RTTERMINAL_Read(BufferIndex = 0, BufferSize = 0x00010000)
T4BE4 081:266.544   - 0.040ms returns 0
T4CC4 081:284.208 JLINK_IsHalted()
T4CC4 081:287.808 - 3.598ms returns FALSE
T4CC4 081:287.856 JLINK_IsHalted()
T4CC4 081:291.648 - 3.786ms returns FALSE
T4BE4 081:317.032   JLINK_RTTERMINAL_Read(BufferIndex = 0, BufferSize = 0x00010000)
T4BE4 081:317.088   - 0.057ms returns 0
T4BE4 081:368.408   JLINK_RTTERMINAL_Read(BufferIndex = 0, BufferSize = 0x00010000)
T4BE4 081:368.464   - 0.054ms returns 0
T4CC4 081:394.472 JLINK_IsHalted()
T4CC4 081:398.568 - 4.097ms returns FALSE
T4CC4 081:398.640 JLINK_IsHalted()
T4CC4 081:402.320 - 3.678ms returns FALSE
T4BE4 081:419.944   JLINK_RTTERMINAL_Read(BufferIndex = 0, BufferSize = 0x00010000)
T4BE4 081:419.992   - 0.051ms returns 0
T4BE4 081:470.760   JLINK_RTTERMINAL_Read(BufferIndex = 0, BufferSize = 0x00010000)
T4BE4 081:470.808   - 0.053ms returns 0
T4CC4 081:503.376 JLINK_IsHalted()
T4CC4 081:506.360 - 2.989ms returns FALSE
T4CC4 081:506.432 JLINK_IsHalted()
T4CC4 081:510.128 - 3.690ms returns FALSE
T4BE4 081:521.488   JLINK_RTTERMINAL_Read(BufferIndex = 0, BufferSize = 0x00010000)
T4BE4 081:521.552   - 0.054ms returns 0
T4BE4 081:572.880   JLINK_RTTERMINAL_Read(BufferIndex = 0, BufferSize = 0x00010000)
T4BE4 081:572.944   - 0.058ms returns 0
T4CC4 081:612.560 JLINK_IsHalted()
T4CC4 081:615.952 - 3.394ms returns FALSE
T4CC4 081:616.040 JLINK_IsHalted()
T4CC4 081:619.728 - 3.692ms returns FALSE
T4BE4 081:623.472   JLINK_RTTERMINAL_Read(BufferIndex = 0, BufferSize = 0x00010000)
T4BE4 081:623.528   - 0.059ms returns 0
T4BE4 081:674.576   JLINK_RTTERMINAL_Read(BufferIndex = 0, BufferSize = 0x00010000)
T4BE4 081:674.608   - 0.041ms returns 0
T4CC4 081:721.776 JLINK_IsHalted()
T4CC4 081:723.760 - 1.979ms returns FALSE
T4CC4 081:723.816 JLINK_IsHalted()
T4CC4 081:727.360 - 3.538ms returns FALSE
T4BE4 081:727.432   JLINK_RTTERMINAL_Read(BufferIndex = 0, BufferSize = 0x00010000)
T4BE4 081:727.464   - 0.030ms returns 0
T5114 081:760.672 JLINK_IsHalted()
T5114 081:764.168 - 3.496ms returns FALSE
T5114 081:764.216 JLINK_IsHalted()
T5114 081:767.840 - 3.619ms returns FALSE
T4BE4 081:778.824   JLINK_RTTERMINAL_Read(BufferIndex = 0, BufferSize = 0x00010000)
T4BE4 081:778.864   - 0.042ms returns 0
T4BE4 081:829.784   JLINK_RTTERMINAL_Read(BufferIndex = 0, BufferSize = 0x00010000)
T4BE4 081:829.808   - 0.029ms returns 0
T4CC4 081:831.696 JLINK_IsHalted()
T4CC4 081:833.552 - 1.847ms returns FALSE
T4CC4 081:833.600 JLINK_IsHalted()
T4CC4 081:837.328 - 3.730ms returns FALSE
T4BE4 081:880.768   JLINK_RTTERMINAL_Read(BufferIndex = 0, BufferSize = 0x00010000)
T4BE4 081:880.800   - 0.032ms returns 0
T4BE4 081:931.600   JLINK_RTTERMINAL_Read(BufferIndex = 0, BufferSize = 0x00010000)
T4BE4 081:931.624   - 0.023ms returns 0
T4BE4 081:984.496   JLINK_RTTERMINAL_Read(BufferIndex = 0, BufferSize = 0x00010000)
T4BE4 081:984.520   - 0.023ms returns 0
T4BE4 082:034.848   JLINK_RTTERMINAL_Read(BufferIndex = 0, BufferSize = 0x00010000)
T4BE4 082:034.872   - 0.028ms returns 0
T4BE4 082:085.992   JLINK_RTTERMINAL_Read(BufferIndex = 0, BufferSize = 0x00010000)
T4BE4 082:086.016   - 0.024ms returns 0
T4BE4 082:136.816   JLINK_RTTERMINAL_Read(BufferIndex = 0, BufferSize = 0x00010000)
T4BE4 082:136.848   - 0.031ms returns 0
T4BE4 082:187.696   JLINK_RTTERMINAL_Read(BufferIndex = 0, BufferSize = 0x00010000)
T4BE4 082:187.728   - 0.033ms returns 0
T4BE4 082:238.264   JLINK_RTTERMINAL_Read(BufferIndex = 0, BufferSize = 0x00010000)
T4BE4 082:238.296   - 0.031ms returns 0
T4BE4 082:288.736   JLINK_RTTERMINAL_Read(BufferIndex = 0, BufferSize = 0x00010000)
T4BE4 082:288.784   - 0.049ms returns 0
T4BE4 082:340.416   JLINK_RTTERMINAL_Read(BufferIndex = 0, BufferSize = 0x00010000)
T4BE4 082:340.440   - 0.029ms returns 0
T4BE4 082:390.864   JLINK_RTTERMINAL_Read(BufferIndex = 0, BufferSize = 0x00010000)
T4BE4 082:390.904   - 0.046ms returns 0
T3C04 082:399.376 JLINK_Halt()
T3C04 082:424.096 - 24.713ms returns 0x00
T3C04 082:424.144 JLINK_ReadReg(XPSR)
T3C04 082:426.160   CPU_ReadMem(4 bytes @ 0xE000EE08)
T3C04 082:430.040 - 5.901ms returns 0x69000000
T3C04 082:439.440 JLINK_Close()
T3C04 082:455.928 - 16.495ms
T3C04 082:455.960   
T3C04 082:455.968   Closed
