T479C 000:000.689   SEGGER J-Link V8.74 Log File
T479C 000:000.881   DLL Compiled: Sep 30 2025 12:11:23
T479C 000:000.892   Logging started @ 2025-12-29 12:04
T479C 000:000.903   Process: C:\Users\User\.eclipse\com.renesas.platform_466585854\DebugComp\RA\e2-server-gdb.exe
T479C 000:000.928 - 0.918ms 
T479C 000:000.953 JLINK_GetDLLVersion()
T479C 000:000.963 - 0.012ms returns 87400
T479C 000:004.461 JLINK_OpenEx(...)
T479C 000:021.328   Firmware: J-Link OB-S124 compiled Aug 13 2025 10:35:02
T479C 000:027.172   Firmware: J-Link OB-S124 compiled Aug 13 2025 10:35:02
T479C 000:061.590   Hardware: V1.00
T479C 000:061.634   S/N: 831832188
T479C 000:061.644   OEM: SEGGER
T479C 000:061.654   Feature(s): None
T479C 000:065.915   Bootloader: 2017 Feb 06
T479C 000:077.118   USB speed mode: Full speed (12 MBit/s)
T479C 000:079.310   TELNET listener socket opened on port 19021
T479C 000:079.575   WEBSRV WEBSRV_Init(): Starting webserver thread(s)
T479C 000:079.703   WEBSRV Failed to put socket into listener state (port 19080)
T479C 000:079.864   WEBSRV Webserver running on local port 19081
T479C 000:080.057   Looking for J-Link GUI Server exe at: C:\Users\User\.eclipse\com.renesas.platform_466585854\DebugComp\RA\ARM\Segger_v8.74.0\JLinkGUIServer.exe
T479C 000:080.188   Looking for J-Link GUI Server exe at: C:\Program Files\SEGGER\JLink_V890\JLinkGUIServer.exe
T479C 000:080.228   Forking J-Link GUI Server: C:\Program Files\SEGGER\JLink_V890\JLinkGUIServer.exe
T479C 000:084.288   J-Link GUI Server info: "J-Link GUI server V8.26 "
T479C 000:084.743 - 80.277ms returns "O.K."
T479C 000:084.907 JLINK_ExecCommand("ProjectFile=D:\ModularmProject\can_ex_repo\FileX_block_media_qspi_LevelX\FileX_block_media_qspi_LevelX_ek_ra6m3_ep\e2studio/FileX_block_media_qspi_LevelX_ek_ra6m3_ep Debug_Flat.jlink", ...). 
T479C 000:112.538 - 27.635ms returns 0x00
T479C 000:113.103 JLINK_ExecCommand("device=R7FA6M3AH", ...). 
T479C 000:114.686   Flash bank @ 0x0100A150: SFL: Parsing sectorization info from ELF file
T479C 000:114.721     FlashDevice.SectorInfo[0]: .SectorSize = 0x00000020, .SectorStartAddr = 0x00000000
T479C 000:115.665   Flash bank @ 0x60000000: SFL: Parsing sectorization info from ELF file
T479C 000:115.701     FlashDevice.SectorInfo[0]: .SectorSize = 0x00010000, .SectorStartAddr = 0x00000000
T479C 000:119.416   Device "R7FA6M3AH" selected.
T479C 000:119.923 - 6.793ms returns 0x00
T479C 000:119.991 JLINK_ExecCommand("SetCPUConnectIDCODE = FFFFFFFFFFFFFFFFFFFFFFFFFFFFFFFF", ...). 
T479C 000:120.011 - 0.005ms returns 0x00
T479C 000:120.042 JLINK_TIF_GetAvailable(...)
T479C 000:121.613 - 1.570ms 
T479C 000:121.676 JLINK_TIF_Select(JLINKARM_TIF_SWD)
T479C 000:127.714 - 6.022ms returns 0x00
T479C 000:127.813 JLINK_SetSpeed(4000)
T479C 000:130.176 - 2.382ms 
T479C 000:130.220 JLINK_SetEndian(ARM_ENDIAN_LITTLE)
T479C 000:130.247 - 0.026ms returns 0
T479C 000:130.257 JLINK_SetInitRegsOnReset(OFF)
T479C 000:130.264 - 0.007ms returns 1
T479C 000:130.274 JLINK_SetResetType(JLINKARM_RESET_TYPE_NO_RESET)
T479C 000:130.297 - 0.022ms returns JLINKARM_RESET_TYPE_NORMAL
T479C 000:130.307 JLINK_ExecCommand("EnableFlashBPs", ...). 
T479C 000:130.324 - 0.005ms returns 0x00
T479C 000:130.335 JLINK_ExecCommand("SetAllowFlashCache = 1", ...). 
T479C 000:130.345 - 0.001ms returns 0x01
T479C 000:130.356 JLINK_ExecCommand("SetRestartOnClose = 0", ...). 
T479C 000:130.367 - 0.001ms returns 0x01
T479C 000:130.377 JLINK_ExecCommand("SetAllowSimulation = 0", ...). 
T479C 000:130.391 - 0.003ms returns 0x01
T479C 000:130.401 JLINK_EnableSoftBPs(ON)
T479C 000:130.407 - 0.006ms 
T479C 000:130.421 JLINK_Connect()
T479C 000:139.415   InitTarget() start
T479C 000:139.444    J-Link Script File: Executing InitTarget()
T479C 000:139.476   Identifying target device...
T479C 000:139.487   SWD selected. Executing JTAG -> SWD switching sequence...
T479C 000:141.448   Initializing DAP...
T479C 000:145.629   DAP initialized successfully.
T479C 000:156.393   InitTarget() end - Took 16.9ms
T479C 000:157.557   Found SW-DP with ID 0x5BA02477
T479C 000:161.514   DPIDR: 0x5BA02477
T479C 000:161.543   CoreSight SoC-400 or earlier
T479C 000:161.560   Scanning AP map to find all available APs
T479C 000:163.392   AP[2]: Stopped AP scan as end of AP map has been reached
T479C 000:163.414   AP[0]: AHB-AP (IDR: 0x24770011, ADDR: 0x00000000)
T479C 000:163.429   AP[1]: APB-AP (IDR: 0x44770002, ADDR: 0x01000000)
T479C 000:163.444   Iterating through AP map to find AHB-AP to use
T479C 000:165.110   AP[0]: Core found
T479C 000:165.130   AP[0]: AHB-AP ROM base: 0xE00FF000
T479C 000:166.004   CPUID register: 0x410FC241. Implementer code: 0x41 (ARM)
T479C 000:166.027   Found Cortex-M4 r0p1, Little endian.
T479C 000:166.708   -- Max. mem block: 0x00000418
T479C 000:168.249   CPU_ReadMem(4 bytes @ 0xE000EDF0)
T479C 000:168.987   CPU_ReadMem(4 bytes @ 0xE0002000)
T479C 000:169.781   FPUnit: 6 code (BP) slots and 2 literal slots
T479C 000:169.808   CPU_ReadMem(4 bytes @ 0xE000EDFC)
T479C 000:170.471   CPU_ReadMem(4 bytes @ 0xE0001000)
T479C 000:171.129   CPU_WriteMem(4 bytes @ 0xE0001000)
T479C 000:171.853   CPU_ReadMem(4 bytes @ 0xE000ED88)
T479C 000:172.482   CPU_WriteMem(4 bytes @ 0xE000ED88)
T479C 000:173.369   CPU_ReadMem(4 bytes @ 0xE000ED88)
T479C 000:174.126   CPU_WriteMem(4 bytes @ 0xE000ED88)
T479C 000:175.128   CoreSight components:
T479C 000:175.198   ROMTbl[0] @ E00FF000
T479C 000:175.236   CPU_ReadMem(64 bytes @ 0xE00FF000)
T479C 000:176.830   CPU_ReadMem(32 bytes @ 0xE000EFE0)
T479C 000:177.964   [0][0]: E000E000 CID B105E00D PID 000BB00C SCS-M7
T479C 000:177.986   CPU_ReadMem(32 bytes @ 0xE0001FE0)
T479C 000:178.969   [0][1]: E0001000 CID B105E00D PID 003BB002 DWT
T479C 000:179.005   CPU_ReadMem(32 bytes @ 0xE0002FE0)
T479C 000:179.996   [0][2]: E0002000 CID B105E00D PID 002BB003 FPB
T479C 000:180.032   CPU_ReadMem(32 bytes @ 0xE0000FE0)
T479C 000:181.280   [0][3]: E0000000 CID B105E00D PID 003BB001 ITM
T479C 000:181.310   CPU_ReadMem(32 bytes @ 0xE0040FE0)
T479C 000:182.511   [0][4]: E0040000 CID B105900D PID 000BB9A1 TPIU
T479C 000:182.560   CPU_ReadMem(32 bytes @ 0xE0041FE0)
T479C 000:183.670   [0][5]: E0041000 CID B105900D PID 000BB925 ETM
T479C 000:183.701   CPU_ReadMem(32 bytes @ 0xE0042FE0)
T479C 000:184.687   [0][6]: E0042000 CID B105900D PID 002BB908 CSTF
T479C 000:184.710   CPU_ReadMem(32 bytes @ 0xE0043FE0)
T479C 000:185.873   [0][7]: E0043000 CID B105900D PID 001BB961 TMC
T479C 000:185.891   CPU_ReadMem(32 bytes @ 0xE0044FE0)
T479C 000:187.194   [0][8]: E0044000 CID B105F00D PID 001BB101 TSG
T479C 000:187.246 - 56.827ms returns 0x00
T479C 000:187.301 JLINK_Halt()
T479C 000:192.646 - 5.344ms returns 0x00
T479C 000:192.742 JLINK_IsHalted()
T479C 000:192.776 - 0.033ms returns TRUE
T479C 000:192.808 JLINK_ResetPullsRESET(ON)
T479C 000:192.822 - 0.014ms 
T479C 000:192.840 JLINK_Reset()
T479C 000:196.099   JLINK_GetResetTypeDesc
T479C 000:196.116   - 0.017ms 
T479C 000:196.162   Reset type: CONNECT UNDER RESET (https://wiki.segger.com/J-Link_Reset_Strategies)
T479C 000:196.187   CPU_WriteMem(4 bytes @ 0xE000EDF0)
T479C 000:196.903   CPU_WriteMem(4 bytes @ 0xE000EDFC)
T479C 000:197.629   Reset: Halt core after reset via DEMCR.VC_CORERESET.
T479C 000:198.566   Reset: Reset device via AIRCR.SYSRESETREQ.
T479C 000:198.606   CPU_WriteMem(4 bytes @ 0xE000ED0C)
T479C 000:252.963   CPU_ReadMem(4 bytes @ 0xE000EDF0)
T479C 000:253.634   CPU_ReadMem(4 bytes @ 0xE000EDF0)
T479C 000:254.270   CPU_WriteMem(4 bytes @ 0xE000EDFC)
T479C 000:261.089   CPU_ReadMem(4 bytes @ 0xE000EDF0)
T479C 000:266.793   CPU_WriteMem(4 bytes @ 0xE0002000)
T479C 000:267.478   CPU_ReadMem(4 bytes @ 0xE000EDFC)
T479C 000:268.100   CPU_ReadMem(4 bytes @ 0xE0001000)
T479C 000:268.858 - 76.015ms 
T479C 000:268.988 JLINK_ReadMemEx(0x407FB19C, 0x8 Bytes, Flags = 0x00000004)
T479C 000:269.013   CPU_ReadMem(8 bytes @ 0x407FB19C)
T479C 000:322.503   Data:  00 70 00 01 00 00 00 00
T479C 000:322.530 - 53.541ms returns 8 (0x8)
T479C 000:322.648 JLINK_ReadMem(0x01007024, 0x10 Bytes, ...)
T479C 000:322.676   CPU_ReadMem(16 bytes @ 0x01007024)
T479C 000:324.479   Data:  52 37 46 41 36 4D 33 41 48 33 43 46 43 20 20 20
T479C 000:324.509 - 1.860ms returns 0
T479C 000:324.583 JLINK_IsHalted()
T479C 000:324.599 - 0.016ms returns TRUE
T479C 000:325.103 JLINK_IsHalted()
T479C 000:325.124 - 0.021ms returns TRUE
T479C 000:325.137 JLINK_MeasureCPUSpeed(RAMAddr = 0xFFFFFFFF)
T479C 000:325.154   CPU_ReadMem(16 bytes @ 0x20000000)
T479C 000:326.539   CPU_ReadMem(64 bytes @ 0x20000000)
T479C 000:328.477    -- Updating C cache (64 bytes @ 0x20000000)
T479C 000:328.507    -- Read from C cache (6 bytes @ 0x20000000)
T479C 000:328.523   CPU_ReadMem(4 bytes @ 0xE000ED90)
T479C 000:329.659   CPU_ReadMem(4 bytes @ 0xE000ED94)
T479C 000:330.830   CPU_WriteMem(16 bytes @ 0x20000000)
T479C 000:331.993   CPU_WriteMem(6 bytes @ 0x20000000)
T479C 000:333.063   CPU_ReadMem(64 bytes @ 0x20000000)
T479C 000:334.910    -- Updating C cache (64 bytes @ 0x20000000)
T479C 000:334.942    -- Read from C cache (6 bytes @ 0x20000000)
T479C 000:334.961   CPU_WriteMem(4 bytes @ 0xE0002008)
T479C 000:334.971   CPU_WriteMem(4 bytes @ 0xE000200C)
T479C 000:334.981   CPU_WriteMem(4 bytes @ 0xE0002010)
T479C 000:334.991   CPU_WriteMem(4 bytes @ 0xE0002014)
T479C 000:335.001   CPU_WriteMem(4 bytes @ 0xE0002018)
T479C 000:335.010   CPU_WriteMem(4 bytes @ 0xE000201C)
T479C 000:349.119   CPU_WriteMem(4 bytes @ 0xE0002008)
T479C 000:350.298   CPU_WriteMem(4 bytes @ 0xE000200C)
T479C 000:351.260   CPU_WriteMem(4 bytes @ 0xE0002010)
T479C 000:351.974   CPU_WriteMem(4 bytes @ 0xE0002014)
T479C 000:352.837   CPU_WriteMem(4 bytes @ 0xE0002018)
T479C 000:353.897   CPU_WriteMem(4 bytes @ 0xE000201C)
T479C 000:385.675   CPU_WriteMem(6 bytes @ 0x20000000)
T479C 000:386.949   ClockFreq: 662100 Hz
T479C 000:386.980 - 61.843ms returns 662100
T479C 000:387.054 JLINK_ReadReg(XPSR)
T479C 000:387.096 - 0.029ms returns 0x01000000
T537C 002:998.783 JLINK_ReadMem(0x2000F25C, 0x1 Bytes, ...)
T537C 002:998.833   CPU_ReadMem(64 bytes @ 0x2000F240)
T537C 003:044.154    -- Updating C cache (64 bytes @ 0x2000F240)
T537C 003:044.200    -- Read from C cache (1 bytes @ 0x2000F25C)
T537C 003:044.212   Data:  12
T537C 003:044.223 - 45.441ms returns 0
T537C 003:048.210 JLINK_ResetPullsRESET(ON)
T537C 003:048.245 - 0.035ms 
T537C 003:048.260 JLINK_Halt()
T537C 003:048.900 - 0.638ms returns 0x00
T537C 003:048.961 JLINK_IsHalted()
T537C 003:048.976 - 0.014ms returns TRUE
T537C 003:048.992 JLINK_Reset()
T537C 003:049.911   JLINK_GetResetTypeDesc
T537C 003:049.934   - 0.022ms 
T537C 003:049.976   Reset type: CONNECT UNDER RESET (https://wiki.segger.com/J-Link_Reset_Strategies)
T537C 003:049.993   CPU_WriteMem(4 bytes @ 0xE000EDF0)
T537C 003:050.714   CPU_WriteMem(4 bytes @ 0xE000EDFC)
T537C 003:051.429   Reset: Halt core after reset via DEMCR.VC_CORERESET.
T537C 003:052.272   Reset: Reset device via AIRCR.SYSRESETREQ.
T537C 003:052.310   CPU_WriteMem(4 bytes @ 0xE000ED0C)
T537C 003:106.482   CPU_ReadMem(4 bytes @ 0xE000EDF0)
T537C 003:107.107   CPU_ReadMem(4 bytes @ 0xE000EDF0)
T537C 003:107.683   CPU_WriteMem(4 bytes @ 0xE000EDFC)
T537C 003:113.849   CPU_ReadMem(4 bytes @ 0xE000EDF0)
T537C 003:120.253   CPU_WriteMem(4 bytes @ 0xE0002000)
T537C 003:121.330   CPU_ReadMem(4 bytes @ 0xE000EDFC)
T537C 003:122.213   CPU_ReadMem(4 bytes @ 0xE0001000)
T537C 003:123.375 - 74.379ms 
T537C 003:123.535 JLINK_SetEndian(ARM_ENDIAN_LITTLE)
T537C 003:123.637 - 0.101ms returns 0
T537C 003:125.336 JLINK_BeginDownload(Flags = 0x00000000)
T537C 003:125.399 - 0.063ms 
T537C 003:143.262 JLINK_WriteMem(0x00000000, 0x78 Bytes, ...)
T537C 003:143.294   Data:  C0 05 FE 1F F1 DA 00 00 BD D9 00 00 ED DA 00 00 ...
T537C 003:143.878   completely In flash
T537C 003:143.915 - 0.653ms returns 0x78
T537C 003:144.921 JLINK_WriteMem(0x00000078, 0x88 Bytes, ...)
T537C 003:144.959   Data:  02 00 00 00 E8 00 00 00 06 00 00 00 88 00 00 00 ...
T537C 003:144.998   completely In flash
T537C 003:145.026 - 0.105ms returns 0x88
T537C 003:146.005 JLINK_WriteMem(0x00000400, 0x4 Bytes, ...)
T537C 003:146.031   Data:  FF FF FF FF
T537C 003:146.088   completely In flash
T537C 003:146.121 - 0.116ms returns 0x4
T537C 003:147.503 JLINK_WriteMem(0x00000404, 0x4 Bytes, ...)
T537C 003:147.543   Data:  FF FD FF FF
T537C 003:147.578   completely In flash
T537C 003:147.606 - 0.104ms returns 0x4
T537C 003:148.556 JLINK_WriteMem(0x00000440, 0x1C0 Bytes, ...)
T537C 003:148.598   Data:  14 6B 01 20 04 E8 00 20 00 00 00 00 00 00 00 00 ...
T537C 003:148.636   completely In flash
T537C 003:148.659 - 0.103ms returns 0x1C0
T537C 003:149.938 JLINK_WriteMem(0x00000600, 0xBC0 Bytes, ...)
T537C 003:149.969   Data:  03 48 04 4B 83 42 02 D0 03 4B 03 B1 18 47 70 47 ...
T537C 003:149.999   completely In flash
T537C 003:150.021 - 0.083ms returns 0xBC0
T537C 003:151.053 JLINK_WriteMem(0x000011C0, 0xBC0 Bytes, ...)
T537C 003:151.086   Data:  61 4B BA 42 1A 60 66 D9 CD E9 00 27 5F 4B 60 4A ...
T537C 003:151.118   completely In flash
T537C 003:151.142 - 0.089ms returns 0xBC0
T537C 003:151.959 JLINK_WriteMem(0x00001D80, 0xBC0 Bytes, ...)
T537C 003:151.986   Data:  00 F0 F4 FB 2C 46 D4 E7 81 4A 1D 21 03 20 00 F0 ...
T537C 003:152.019   completely In flash
T537C 003:152.043 - 0.083ms returns 0xBC0
T537C 003:153.078 JLINK_WriteMem(0x00002940, 0xBB0 Bytes, ...)
T537C 003:153.115   Data:  01 22 0D F1 07 01 38 46 26 70 09 F0 EB F8 18 B1 ...
T537C 003:153.188   completely In flash
T537C 003:153.223 - 0.146ms returns 0xBB0
T537C 003:154.206 JLINK_WriteMem(0x000034F0, 0xBB0 Bytes, ...)
T537C 003:154.252   Data:  98 30 E1 62 8B 42 28 BF 0B 46 C3 63 82 F3 10 88 ...
T537C 003:154.289   completely In flash
T537C 003:154.319 - 0.113ms returns 0xBB0
T537C 003:155.424 JLINK_WriteMem(0x000040A0, 0xBD0 Bytes, ...)
T537C 003:155.460   Data:  0B 68 01 33 0B 60 82 F3 10 88 00 F0 8D F8 E5 63 ...
T537C 003:155.489   completely In flash
T537C 003:155.508 - 0.086ms returns 0xBD0
T537C 003:156.400 JLINK_WriteMem(0x00004C70, 0xBB0 Bytes, ...)
T537C 003:156.467   Data:  FF F7 8C FA A6 42 BC D0 00 2D 38 D0 00 2F 36 D0 ...
T537C 003:156.495   completely In flash
T537C 003:156.551 - 0.151ms returns 0xBB0
T537C 003:157.514 JLINK_WriteMem(0x00005820, 0xB90 Bytes, ...)
T537C 003:157.548   Data:  D4 E9 01 C2 4B 44 E3 62 01 35 AC 45 06 EB 82 06 ...
T537C 003:157.577   completely In flash
T537C 003:157.605 - 0.168ms returns 0xB90
T537C 003:158.483 JLINK_WriteMem(0x000063B0, 0xBA0 Bytes, ...)
T537C 003:158.514   Data:  20 30 98 42 1B D3 0A 9B 00 2B 00 F0 86 80 6B 6D ...
T537C 003:158.542   completely In flash
T537C 003:158.562 - 0.081ms returns 0xBA0
T537C 003:159.083 JLINK_WriteMem(0x00006F50, 0xBA0 Bytes, ...)
T537C 003:159.102   Data:  00 20 12 F1 1B 0F 38 D0 00 2A 3F D1 07 9B 01 2B ...
T537C 003:159.121   completely In flash
T537C 003:159.144 - 0.062ms returns 0xBA0
T537C 003:159.790 JLINK_WriteMem(0x00007AF0, 0xB90 Bytes, ...)
T537C 003:159.808   Data:  4F FD 0D 24 A1 E7 38 46 FB F7 4A FD 23 24 9C E7 ...
T537C 003:159.826   completely In flash
T537C 003:159.852 - 0.061ms returns 0xB90
T537C 003:160.389 JLINK_WriteMem(0x00008680, 0xBB0 Bytes, ...)
T537C 003:160.412   Data:  AB E6 00 BF 45 4C 49 46 49 44 45 4D 5B 46 06 9E ...
T537C 003:160.434   completely In flash
T537C 003:160.453 - 0.064ms returns 0xBB0
T537C 003:160.987 JLINK_WriteMem(0x00009230, 0xBB0 Bytes, ...)
T537C 003:161.017   Data:  98 50 C4 F8 B8 50 20 46 98 47 D4 F8 8C 30 7B B1 ...
T537C 003:161.038   completely In flash
T537C 003:161.062 - 0.075ms returns 0xBB0
T537C 003:161.598 JLINK_WriteMem(0x00009DE0, 0xBB0 Bytes, ...)
T537C 003:161.618   Data:  07 F1 18 0E 9E E8 07 00 08 EB 48 03 07 F1 24 08 ...
T537C 003:161.640   completely In flash
T537C 003:161.660 - 0.062ms returns 0xBB0
T537C 003:162.176 JLINK_WriteMem(0x0000A990, 0xBB0 Bytes, ...)
T537C 003:162.195   Data:  AC 21 C4 F8 98 90 52 44 00 20 90 21 04 2B C4 E9 ...
T537C 003:162.213   completely In flash
T537C 003:162.235 - 0.059ms returns 0xBB0
T537C 003:162.851 JLINK_WriteMem(0x0000B540, 0xBC0 Bytes, ...)
T537C 003:162.880   Data:  D0 F8 0C 01 90 42 01 D0 07 20 38 BD 9A 00 20 46 ...
T537C 003:162.902   completely In flash
T537C 003:163.029 - 0.178ms returns 0xBC0
T537C 003:164.032 JLINK_WriteMem(0x0000C100, 0xBB0 Bytes, ...)
T537C 003:164.061   Data:  93 F8 04 C0 0C BF C1 F3 08 01 C9 B2 1C F0 10 0F ...
T537C 003:164.085   completely In flash
T537C 003:164.103 - 0.070ms returns 0xBB0
T537C 003:165.102 JLINK_WriteMem(0x0000CCB0, 0xBB0 Bytes, ...)
T537C 003:165.129   Data:  01 22 02 FA 01 F1 44 F8 2C 10 BF F3 4F 8F BF F3 ...
T537C 003:165.149   completely In flash
T537C 003:165.166 - 0.064ms returns 0xBB0
T537C 003:165.716 JLINK_WriteMem(0x0000D860, 0xBB0 Bytes, ...)
T537C 003:165.735   Data:  38 B5 29 4C 00 25 84 F8 28 50 01 21 C8 20 00 F0 ...
T537C 003:165.754   completely In flash
T537C 003:165.770 - 0.054ms returns 0xBB0
T537C 003:166.329 JLINK_WriteMem(0x0000E410, 0xB60 Bytes, ...)
T537C 003:166.342   Data:  25 2A F9 D1 BA EB 04 0B 0B D0 5B 46 22 46 29 46 ...
T537C 003:166.357   completely In flash
T537C 003:166.369 - 0.040ms returns 0xB60
T537C 003:166.961 JLINK_WriteMem(0x0000EF70, 0xB90 Bytes, ...)
T537C 003:166.982   Data:  61 6D 70 6C 65 20 50 72 6F 6A 65 63 74 20 56 65 ...
T537C 003:167.000   completely In flash
T537C 003:167.016 - 0.055ms returns 0xB90
T537C 003:167.601 JLINK_WriteMem(0x0000FB00, 0xBF0 Bytes, ...)
T537C 003:167.626   Data:  20 77 69 74 68 20 4C 65 76 65 6C 58 20 4D 61 69 ...
T537C 003:167.641   completely In flash
T537C 003:167.654 - 0.053ms returns 0xBF0
T537C 003:168.375 JLINK_WriteMem(0x000106F0, 0xBF0 Bytes, ...)
T537C 003:168.389   Data:  30 30 30 30 30 30 30 30 30 30 30 30 30 30 30 30 ...
T537C 003:168.404   completely In flash
T537C 003:168.426 - 0.051ms returns 0xBF0
T537C 003:169.052 JLINK_WriteMem(0x000112E0, 0xBF0 Bytes, ...)
T537C 003:169.064   Data:  46 46 46 37 39 46 46 46 44 42 46 38 30 43 33 30 ...
T537C 003:169.076   completely In flash
T537C 003:169.087 - 0.035ms returns 0xBF0
T537C 003:169.594 JLINK_WriteMem(0x00011ED0, 0xBF0 Bytes, ...)
T537C 003:169.606   Data:  42 35 44 35 30 37 39 42 30 30 32 42 38 34 44 41 ...
T537C 003:169.618   completely In flash
T537C 003:169.629 - 0.035ms returns 0xBF0
T537C 003:170.332 JLINK_WriteMem(0x00012AC0, 0xBF0 Bytes, ...)
T537C 003:170.363   Data:  38 30 30 30 33 37 34 39 30 30 32 30 46 46 46 37 ...
T537C 003:170.386   completely In flash
T537C 003:170.399 - 0.066ms returns 0xBF0
T537C 003:170.859 JLINK_WriteMem(0x000136B0, 0xBF0 Bytes, ...)
T537C 003:170.872   Data:  31 30 31 36 43 30 30 30 36 42 34 30 43 44 46 38 ...
T537C 003:170.956   completely In flash
T537C 003:170.977 - 0.117ms returns 0xBF0
T537C 003:171.445 JLINK_WriteMem(0x000142A0, 0xBF0 Bytes, ...)
T537C 003:171.460   Data:  45 0D 0A 3A 31 30 31 42 30 30 30 30 34 31 34 42 ...
T537C 003:171.484   completely In flash
T537C 003:171.502 - 0.057ms returns 0xBF0
T537C 003:172.001 JLINK_WriteMem(0x00014E90, 0xBF0 Bytes, ...)
T537C 003:172.020   Data:  31 32 31 44 34 0D 0A 3A 31 30 31 46 34 30 30 30 ...
T537C 003:172.042   completely In flash
T537C 003:172.059 - 0.058ms returns 0xBF0
T537C 003:172.532 JLINK_WriteMem(0x00015A80, 0xBF0 Bytes, ...)
T537C 003:172.553   Data:  38 46 37 30 30 30 30 33 34 0D 0A 3A 31 30 32 33 ...
T537C 003:172.575   completely In flash
T537C 003:172.605 - 0.059ms returns 0xBF0
T537C 003:173.032 JLINK_WriteMem(0x00016670, 0xBF0 Bytes, ...)
T537C 003:173.053   Data:  46 46 34 35 41 41 46 38 44 46 38 35 32 0D 0A 3A ...
T537C 003:173.145   completely In flash
T537C 003:173.160 - 0.128ms returns 0xBF0
T537C 003:173.642 JLINK_WriteMem(0x00017260, 0xBF0 Bytes, ...)
T537C 003:173.654   Data:  30 42 39 31 33 34 42 31 41 37 38 30 32 42 31 35 ...
T537C 003:173.669   completely In flash
T537C 003:173.681 - 0.039ms returns 0xBF0
T537C 003:174.247 JLINK_WriteMem(0x00017E50, 0xBF0 Bytes, ...)
T537C 003:174.265   Data:  30 38 31 33 38 34 39 30 45 36 38 32 36 36 32 35 ...
T537C 003:174.282   completely In flash
T537C 003:174.294 - 0.047ms returns 0xBF0
T537C 003:174.820 JLINK_WriteMem(0x00018A40, 0xBF0 Bytes, ...)
T537C 003:174.840   Data:  39 36 46 31 41 34 36 38 42 34 32 31 39 44 30 39 ...
T537C 003:174.860   completely In flash
T537C 003:174.882 - 0.062ms returns 0xBF0
T537C 003:175.310 JLINK_WriteMem(0x00019630, 0xBF0 Bytes, ...)
T537C 003:175.323   Data:  44 34 41 31 33 36 30 31 44 34 45 38 34 36 41 33 ...
T537C 003:175.335   completely In flash
T537C 003:175.348 - 0.038ms returns 0xBF0
T537C 003:175.830 JLINK_WriteMem(0x0001A220, 0xBF0 Bytes, ...)
T537C 003:175.842   Data:  33 36 31 34 33 36 31 38 33 36 31 45 46 46 33 31 ...
T537C 003:175.867   completely In flash
T537C 003:175.879 - 0.049ms returns 0xBF0
T537C 003:176.344 JLINK_WriteMem(0x0001AE10, 0xBF0 Bytes, ...)
T537C 003:176.356   Data:  30 30 30 34 34 41 31 46 45 31 46 31 30 42 35 45 ...
T537C 003:176.368   completely In flash
T537C 003:176.380 - 0.036ms returns 0xBF0
T537C 003:176.998 JLINK_WriteMem(0x0001BA00, 0xBF0 Bytes, ...)
T537C 003:177.010   Data:  30 34 35 37 30 30 30 37 32 42 36 30 31 39 42 43 ...
T537C 003:177.022   completely In flash
T537C 003:177.039 - 0.041ms returns 0xBF0
T537C 003:177.478 JLINK_WriteMem(0x0001C5F0, 0xBF0 Bytes, ...)
T537C 003:177.492   Data:  0D 0A 3A 31 30 34 39 42 30 30 30 32 31 34 41 31 ...
T537C 003:177.504   completely In flash
T537C 003:177.515 - 0.037ms returns 0xBF0
T537C 003:178.002 JLINK_WriteMem(0x0001D1E0, 0xBF0 Bytes, ...)
T537C 003:178.014   Data:  34 36 36 31 0D 0A 3A 31 30 34 44 46 30 30 30 30 ...
T537C 003:178.026   completely In flash
T537C 003:178.038 - 0.037ms returns 0xBF0
T537C 003:178.499 JLINK_WriteMem(0x0001DDD0, 0xBF0 Bytes, ...)
T537C 003:178.511   Data:  31 45 33 35 42 33 36 33 0D 0A 3A 31 30 35 32 33 ...
T537C 003:178.525   completely In flash
T537C 003:178.536 - 0.036ms returns 0xBF0
T537C 003:179.132 JLINK_WriteMem(0x0001E9C0, 0xBF0 Bytes, ...)
T537C 003:179.147   Data:  46 38 30 30 34 30 31 31 42 30 32 38 0D 0A 3A 31 ...
T537C 003:179.159   completely In flash
T537C 003:179.170 - 0.038ms returns 0xBF0
T537C 003:179.656 JLINK_WriteMem(0x0001F5B0, 0xBF0 Bytes, ...)
T537C 003:179.669   Data:  32 33 32 30 34 36 46 46 46 37 34 34 46 42 39 36 ...
T537C 003:179.681   completely In flash
T537C 003:179.692 - 0.036ms returns 0xBF0
T537C 003:180.135 JLINK_WriteMem(0x000201A0, 0xBF0 Bytes, ...)
T537C 003:180.147   Data:  37 37 38 39 42 30 30 34 34 36 30 45 34 36 33 38 ...
T537C 003:180.159   completely In flash
T537C 003:180.170 - 0.035ms returns 0xBF0
T537C 003:180.701 JLINK_WriteMem(0x00020D90, 0xBF0 Bytes, ...)
T537C 003:180.762   Data:  34 36 30 34 46 30 42 37 46 41 30 30 32 38 37 46 ...
T537C 003:180.782   completely In flash
T537C 003:180.798 - 0.096ms returns 0xBF0
T537C 003:181.327 JLINK_WriteMem(0x00021980, 0xBF0 Bytes, ...)
T537C 003:181.347   Data:  46 33 30 33 33 45 30 32 46 30 30 46 30 42 30 31 ...
T537C 003:181.365   completely In flash
T537C 003:181.381 - 0.054ms returns 0xBF0
T537C 003:181.977 JLINK_WriteMem(0x00022570, 0xBF0 Bytes, ...)
T537C 003:181.999   Data:  39 32 39 45 45 35 44 31 35 36 37 46 45 36 30 31 ...
T537C 003:182.017   completely In flash
T537C 003:182.032 - 0.055ms returns 0xBF0
T537C 003:182.595 JLINK_WriteMem(0x00023160, 0xBF0 Bytes, ...)
T537C 003:182.611   Data:  30 30 34 41 31 43 44 43 45 37 31 31 39 41 30 35 ...
T537C 003:182.626   completely In flash
T537C 003:182.638 - 0.043ms returns 0xBF0
T537C 003:183.027 JLINK_WriteMem(0x00023D50, 0xBF0 Bytes, ...)
T537C 003:183.044   Data:  37 34 32 30 30 30 30 30 30 46 34 30 46 30 42 43 ...
T537C 003:183.060   completely In flash
T537C 003:183.073 - 0.046ms returns 0xBF0
T537C 003:183.432 JLINK_WriteMem(0x00024940, 0xBF0 Bytes, ...)
T537C 003:183.443   Data:  0A 3A 31 30 37 38 36 30 30 30 30 31 33 33 42 33 ...
T537C 003:183.455   completely In flash
T537C 003:183.466 - 0.034ms returns 0xBF0
T537C 003:183.868 JLINK_WriteMem(0x00025530, 0xBF0 Bytes, ...)
T537C 003:183.886   Data:  32 30 30 0D 0A 3A 31 30 37 43 41 30 30 30 32 39 ...
T537C 003:183.902   completely In flash
T537C 003:183.924 - 0.055ms returns 0xBF0
T537C 003:184.298 JLINK_WriteMem(0x00026120, 0xBF0 Bytes, ...)
T537C 003:184.309   Data:  31 34 39 34 36 33 34 0D 0A 3A 31 30 38 30 45 30 ...
T537C 003:184.328   completely In flash
T537C 003:184.339 - 0.042ms returns 0xBF0
T537C 003:184.752 JLINK_WriteMem(0x00026D10, 0xBF0 Bytes, ...)
T537C 003:184.769   Data:  31 41 42 36 38 30 30 39 33 30 38 0D 0A 3A 31 30 ...
T537C 003:184.784   completely In flash
T537C 003:184.800 - 0.047ms returns 0xBF0
T537C 003:185.264 JLINK_WriteMem(0x00027900, 0xBF0 Bytes, ...)
T537C 003:185.276   Data:  30 44 43 46 38 30 30 30 30 41 30 34 32 43 45 0D ...
T537C 003:185.289   completely In flash
T537C 003:185.301 - 0.036ms returns 0xBF0
T537C 003:185.698 JLINK_WriteMem(0x000284F0, 0xBF0 Bytes, ...)
T537C 003:185.716   Data:  39 30 33 39 31 31 37 39 39 42 39 46 42 46 31 46 ...
T537C 003:185.734   completely In flash
T537C 003:185.747 - 0.050ms returns 0xBF0
T537C 003:186.132 JLINK_WriteMem(0x000290E0, 0xBF0 Bytes, ...)
T537C 003:186.143   Data:  31 43 30 45 39 36 33 31 31 43 30 45 39 36 35 31 ...
T537C 003:186.155   completely In flash
T537C 003:186.166 - 0.034ms returns 0xBF0
T537C 003:186.671 JLINK_WriteMem(0x00029CD0, 0xBF0 Bytes, ...)
T537C 003:186.688   Data:  38 38 43 33 30 30 30 32 42 35 38 44 31 41 32 36 ...
T537C 003:186.702   completely In flash
T537C 003:186.713 - 0.042ms returns 0xBF0
T537C 003:187.239 JLINK_WriteMem(0x0002A8C0, 0xBF0 Bytes, ...)
T537C 003:187.261   Data:  32 38 31 31 32 38 31 45 37 30 30 32 30 34 30 46 ...
T537C 003:187.284   completely In flash
T537C 003:187.302 - 0.063ms returns 0xBF0
T537C 003:187.713 JLINK_WriteMem(0x0002B4B0, 0xBF0 Bytes, ...)
T537C 003:187.730   Data:  30 30 30 30 42 38 32 34 36 43 30 46 38 39 30 33 ...
T537C 003:187.746   completely In flash
T537C 003:187.762 - 0.048ms returns 0xBF0
T537C 003:188.156 JLINK_WriteMem(0x0002C0A0, 0xBF0 Bytes, ...)
T537C 003:188.168   Data:  32 44 30 30 30 30 30 46 30 31 34 38 31 39 30 46 ...
T537C 003:188.183   completely In flash
T537C 003:188.194 - 0.038ms returns 0xBF0
T537C 003:188.605 JLINK_WriteMem(0x0002CC90, 0xBF0 Bytes, ...)
T537C 003:188.621   Data:  3A 31 30 41 37 31 30 30 30 30 32 39 41 38 32 34 ...
T537C 003:188.649   completely In flash
T537C 003:188.665 - 0.060ms returns 0xBF0
T537C 003:189.089 JLINK_WriteMem(0x0002D880, 0xBF0 Bytes, ...)
T537C 003:189.104   Data:  32 38 0D 0A 3A 31 30 41 42 35 30 30 30 30 31 32 ...
T537C 003:189.134   completely In flash
T537C 003:189.150 - 0.061ms returns 0xBF0
T537C 003:189.499 JLINK_WriteMem(0x0002E470, 0xBF0 Bytes, ...)
T537C 003:189.511   Data:  45 46 46 33 32 37 0D 0A 3A 31 30 41 46 39 30 30 ...
T537C 003:189.522   completely In flash
T537C 003:189.534 - 0.034ms returns 0xBF0
T537C 003:189.910 JLINK_WriteMem(0x0002F060, 0xBF0 Bytes, ...)
T537C 003:189.938   Data:  30 36 44 30 31 43 34 42 39 42 0D 0A 3A 31 30 42 ...
T537C 003:189.953   completely In flash
T537C 003:189.969 - 0.058ms returns 0xBF0
T537C 003:190.317 JLINK_WriteMem(0x0002FC50, 0xBF0 Bytes, ...)
T537C 003:190.329   Data:  46 30 44 30 41 43 45 37 30 30 42 46 35 43 0D 0A ...
T537C 003:190.341   completely In flash
T537C 003:190.352 - 0.034ms returns 0xBF0
T537C 003:190.722 JLINK_WriteMem(0x00030840, 0xBF0 Bytes, ...)
T537C 003:190.736   Data:  32 37 45 30 36 32 46 33 31 30 34 45 34 33 46 38 ...
T537C 003:190.764   completely In flash
T537C 003:190.780 - 0.058ms returns 0xBF0
T537C 003:191.130 JLINK_WriteMem(0x00031430, 0xBF0 Bytes, ...)
T537C 003:191.141   Data:  30 39 42 31 30 32 42 30 31 30 42 44 36 33 36 41 ...
T537C 003:191.153   completely In flash
T537C 003:191.164 - 0.034ms returns 0xBF0
T537C 003:191.562 JLINK_WriteMem(0x00032020, 0xBF0 Bytes, ...)
T537C 003:191.590   Data:  31 33 37 33 43 39 31 41 38 44 34 32 33 36 44 38 ...
T537C 003:191.605   completely In flash
T537C 003:191.621 - 0.058ms returns 0xBF0
T537C 003:191.997 JLINK_WriteMem(0x00032C10, 0xBF0 Bytes, ...)
T537C 003:192.008   Data:  30 30 42 46 35 34 35 32 34 46 35 30 31 30 42 33 ...
T537C 003:192.020   completely In flash
T537C 003:192.032 - 0.035ms returns 0xBF0
T537C 003:192.403 JLINK_WriteMem(0x00033800, 0xBF0 Bytes, ...)
T537C 003:192.417   Data:  30 31 46 30 31 46 30 31 30 32 46 41 30 31 46 31 ...
T537C 003:192.440   completely In flash
T537C 003:192.472 - 0.069ms returns 0xBF0
T537C 003:192.816 JLINK_WriteMem(0x000343F0, 0xBF0 Bytes, ...)
T537C 003:192.827   Data:  38 30 30 30 44 46 46 38 35 30 45 32 30 43 45 42 ...
T537C 003:192.840   completely In flash
T537C 003:192.851 - 0.035ms returns 0xBF0
T537C 003:193.220 JLINK_WriteMem(0x00034FE0, 0xBF0 Bytes, ...)
T537C 003:193.235   Data:  31 30 44 35 43 30 30 30 30 31 32 32 34 30 33 33 ...
T537C 003:193.250   completely In flash
T537C 003:193.278 - 0.057ms returns 0xBF0
T537C 003:193.694 JLINK_WriteMem(0x00035BD0, 0xBF0 Bytes, ...)
T537C 003:193.705   Data:  33 0D 0A 3A 31 30 44 41 30 30 30 30 30 39 34 42 ...
T537C 003:193.717   completely In flash
T537C 003:193.728 - 0.034ms returns 0xBF0
T537C 003:194.117 JLINK_WriteMem(0x000367C0, 0xBF0 Bytes, ...)
T537C 003:194.132   Data:  30 37 34 34 36 0D 0A 3A 31 30 44 45 34 30 30 30 ...
T537C 003:194.149   completely In flash
T537C 003:194.184 - 0.066ms returns 0xBF0
T537C 003:194.543 JLINK_WriteMem(0x000373B0, 0xBF0 Bytes, ...)
T537C 003:194.555   Data:  37 44 39 36 31 31 39 42 35 0D 0A 3A 31 30 45 32 ...
T537C 003:194.568   completely In flash
T537C 003:194.579 - 0.036ms returns 0xBF0
T537C 003:194.922 JLINK_WriteMem(0x00037FA0, 0xBF0 Bytes, ...)
T537C 003:194.933   Data:  32 30 36 38 34 46 38 34 32 37 30 45 46 0D 0A 3A ...
T537C 003:194.945   completely In flash
T537C 003:194.956 - 0.034ms returns 0xBF0
T537C 003:195.325 JLINK_WriteMem(0x00038B90, 0xBF0 Bytes, ...)
T537C 003:195.340   Data:  39 37 34 36 35 37 33 32 39 32 45 32 45 32 45 35 ...
T537C 003:195.355   completely In flash
T537C 003:195.385 - 0.059ms returns 0xBF0
T537C 003:195.769 JLINK_WriteMem(0x00039780, 0xBF0 Bytes, ...)
T537C 003:195.785   Data:  34 32 30 36 36 36 46 37 32 32 30 34 36 36 39 36 ...
T537C 003:195.802   completely In flash
T537C 003:195.817 - 0.048ms returns 0xBF0
T537C 003:196.173 JLINK_WriteMem(0x0003A370, 0xBF0 Bytes, ...)
T537C 003:196.184   Data:  33 36 33 36 35 37 33 37 33 36 36 37 35 36 43 36 ...
T537C 003:196.196   completely In flash
T537C 003:196.207 - 0.034ms returns 0xBF0
T537C 003:196.582 JLINK_WriteMem(0x0003AF60, 0xBF0 Bytes, ...)
T537C 003:196.596   Data:  46 36 43 30 30 30 30 30 30 30 30 34 36 36 31 36 ...
T537C 003:196.624   completely In flash
T537C 003:196.641 - 0.059ms returns 0xBF0
T537C 003:197.120 JLINK_WriteMem(0x0003BB50, 0xBF0 Bytes, ...)
T537C 003:197.136   Data:  34 36 35 32 30 37 30 37 32 36 35 32 44 36 34 36 ...
T537C 003:197.153   completely In flash
T537C 003:197.167 - 0.047ms returns 0xBF0
T537C 003:197.529 JLINK_WriteMem(0x0003C740, 0xBF0 Bytes, ...)
T537C 003:197.544   Data:  43 38 44 38 45 38 46 35 38 0D 0A 3A 31 30 30 30 ...
T537C 003:197.560   completely In flash
T537C 003:197.575 - 0.045ms returns 0xBF0
T537C 003:197.903 JLINK_WriteMem(0x0003D330, 0x98C Bytes, ...)
T537C 003:197.917   Data:  30 31 30 31 30 31 30 31 30 30 34 39 38 0D 0A 3A ...
T537C 003:197.932   completely In flash
T537C 003:197.946 - 0.044ms returns 0x98C
T537C 003:198.187 JLINK_WriteMem(0x0003DCBC, 0x4 Bytes, ...)
T537C 003:198.204   Data:  F8 B5 00 BF
T537C 003:198.224   completely In flash
T537C 003:198.349 - 0.162ms returns 0x4
T537C 003:198.728 JLINK_WriteMem(0x0003DCC0, 0x4 Bytes, ...)
T537C 003:198.749   Data:  F8 B5 00 BF
T537C 003:198.768   completely In flash
T537C 003:198.785 - 0.056ms returns 0x4
T537C 003:199.097 JLINK_WriteMem(0x0003DCC4, 0x4 Bytes, ...)
T537C 003:199.123   Data:  69 06 00 00
T537C 003:199.140   completely In flash
T537C 003:199.152 - 0.056ms returns 0x4
T537C 003:199.680 JLINK_WriteMem(0x0003DCC8, 0x4 Bytes, ...)
T537C 003:199.701   Data:  41 06 00 00
T537C 003:199.721   completely In flash
T537C 003:199.736 - 0.057ms returns 0x4
T537C 003:199.985 JLINK_WriteMem(0x0003DCCC, 0x8 Bytes, ...)
T537C 003:199.999   Data:  68 FF FC 7F 01 00 00 00
T537C 003:200.012   completely In flash
T537C 003:200.022 - 0.037ms returns 0x8
T537C 003:225.928 JLINK_EndDownload()
T537C 003:228.460   HandleBeforeFlashProg() start
T537C 003:228.553    J-Link Script File: Executing HandleBeforeFlashProg()
T537C 003:228.791   CPU_ReadMem(2 bytes @ 0x40000D04)
T537C 003:229.814   CPU_ReadMem(2 bytes @ 0x40000D14)
T537C 003:230.753   HandleBeforeFlashProg() end - Took 2.19ms
T537C 003:230.837   CPU_ReadMem(4 bytes @ 0xE000ED90)
T537C 003:231.755   CPU_ReadMem(4 bytes @ 0xE000ED94)
T537C 003:232.740    -- --------------------------------------
T537C 003:232.840    -- Flash bank @ 0x00000000: Default: L2 verify disabled because algorithm performs L1 verify
T537C 003:232.906    -- Start of determining dirty areas in flash cache
T537C 003:232.983    -- Filling invalid ranges in sector buffer (flash cache) for sector @ 0x00000000 if necessary
T537C 003:233.048    -- Filling invalid ranges in sector buffer (flash cache) for sector @ 0x00002000 if necessary
T537C 003:233.109    -- Filling invalid ranges in sector buffer (flash cache) for sector @ 0x00004000 if necessary
T537C 003:233.168    -- Filling invalid ranges in sector buffer (flash cache) for sector @ 0x00006000 if necessary
T537C 003:233.226    -- Filling invalid ranges in sector buffer (flash cache) for sector @ 0x00008000 if necessary
T537C 003:233.284    -- Filling invalid ranges in sector buffer (flash cache) for sector @ 0x0000A000 if necessary
T537C 003:233.342    -- Filling invalid ranges in sector buffer (flash cache) for sector @ 0x0000C000 if necessary
T537C 003:233.400    -- Filling invalid ranges in sector buffer (flash cache) for sector @ 0x0000E000 if necessary
T537C 003:233.458    -- Filling invalid ranges in sector buffer (flash cache) for sector @ 0x00010000 if necessary
T537C 003:233.535    -- Filling invalid ranges in sector buffer (flash cache) for sector @ 0x00018000 if necessary
T537C 003:233.595    -- Filling invalid ranges in sector buffer (flash cache) for sector @ 0x00020000 if necessary
T537C 003:233.656    -- Filling invalid ranges in sector buffer (flash cache) for sector @ 0x00028000 if necessary
T537C 003:233.715    -- Filling invalid ranges in sector buffer (flash cache) for sector @ 0x00030000 if necessary
T537C 003:233.773    -- Filling invalid ranges in sector buffer (flash cache) for sector @ 0x00038000 if necessary
T537C 003:235.247    -- End of determining dirty areas
T537C 003:235.310    -- Start of preparing flash programming
T537C 003:235.367    -- Calculating RAM usage
T537C 003:236.034    -- RAM usage = 10644 Bytes
T537C 003:236.121    -- Preserving CPU registers
T537C 003:236.342    -- Determining CPU clock frequency
T537C 003:288.320    -- Preparing target
T537C 003:288.403    -- Preserving target RAM temporarily used for programming
T537C 003:420.537    -- Downloading RAMCode
T537C 003:469.235    -- Preparing RAMCode
T537C 003:482.499    -- CPU frequency = 100000 kHz
T537C 003:482.523    -- End of preparing flash programming
T537C 003:486.745    -- CPU is running at 100000 kHz.
T537C 003:486.772    -- Start of comparing flash
T537C 003:486.789    -- CRC check was estimated as fastest method
T537C 003:501.847    -- Comparing range 0x0000 - 0xFFFF (8 Sectors, 64 KB), using multi-block CRC calculation
T537C 003:529.674    -- CRC does not match for sectors 0-7
T537C 003:534.179    -- Comparing range 0x10000 - 0x2FFFF (4 Sectors, 128 KB), using multi-block CRC calculation
T537C 003:578.673    -- All CRCs match
T537C 003:579.176    -- Comparing range 0x30000 - 0x3FFFF (2 Sectors, 64 KB), using multi-block CRC calculation
T537C 003:603.118    -- CRC does not match for sector 1
T537C 003:603.633    -- Comparing range 0x10000 - 0x2FFFF (4 Sectors, 128 KB), using alternative multi-block CRC calculation
T537C 003:645.360    -- All CRCs match
T537C 003:645.769    -- Comparing range 0x30000 - 0x37FFF (1 Sector, 32 KB), using alternative multi-block CRC calculation
T537C 003:660.862    -- All CRCs match
T537C 003:660.894    -- End of comparing flash
T537C 003:660.911    -- Start of erasing sectors
T537C 003:660.932    -- Erasing range 0x00000000 - 0x0000FFFF (  8 Sectors, 64 KB)
T537C 003:967.024    -- Erasing range 0x00038000 - 0x0003FFFF (  1 Sector, 32 KB)
T537C 004:111.974    -- End of erasing sectors
T537C 004:112.016    -- Start of flash programming
T537C 004:112.037    -- Programming range 0x00000000 - 0x00007FFF (  4 Sectors, 32 KB)
T537C 004:478.399    -- Programming range 0x00008000 - 0x0000FFFF (  4 Sectors, 32 KB)
T537C 004:884.115    -- Programming range 0x00038000 - 0x0003FFFF (  1 Sector, 32 KB)
T537C 005:177.370    -- End of flash programming
T537C 005:177.405    -- 0x0000 - 0xFFFF (  8 Sectors, 64 KB)
T537C 005:177.421    -- 0x38000 - 0x3FFFF (  1 Sector, 32 KB)
T537C 005:177.438    -- Start of restoring
T537C 005:177.453    -- Restoring RAMCode
T537C 005:244.810    -- Restoring target memory
T537C 005:356.465    -- Restore target
T537C 005:356.527    -- Restoring CPU registers
T537C 005:356.614    -- End of restoring
T537C 005:356.645    -- Bank 1 @ 0x00000000: 2 ranges affected (98304 bytes)
T537C 005:356.675    -- Total: 2.121s (Prepare: 0.251s, Compare: 0.174s, Erase: 0.451s, Program & Verify: 1.122s, Restore: 0.121s)
T537C 005:356.702    -- Program & Verify speed: 85 KB/s
T537C 005:382.292   HandleAfterFlashProg() start
T537C 005:382.328    J-Link Script File: Executing HandleAfterFlashProg()
T537C 005:382.342   HandleAfterFlashProg() end - Took 13us
T537C 005:382.861 - 2156.934ms returns 98304 (0x18000)
T537C 005:384.344 JLINK_WriteReg(R15 (PC), 0x0000DAF0)
T537C 005:384.383 - 0.040ms returns 0
T537C 005:384.405 JLINK_WriteReg(XPSR, 0x01000000)
T537C 005:384.419 - 0.014ms returns 0
T537C 005:384.445 JLINK_WriteMem(0x200171C8, 0x4 Bytes, ...)
T537C 005:384.459   Data:  00 00 00 00
T537C 005:384.913   CPU_WriteMem(4 bytes @ 0x200171C8)
T537C 005:438.472 - 54.025ms returns 0x4
T537C 005:439.527 JLINK_ResetPullsRESET(ON)
T537C 005:439.557 - 0.028ms 
T537C 005:439.577 JLINK_Halt()
T537C 005:440.304 - 0.724ms returns 0x00
T537C 005:440.368 JLINK_IsHalted()
T537C 005:440.388 - 0.019ms returns TRUE
T537C 005:440.399 JLINK_Reset()
T537C 005:441.315   JLINK_GetResetTypeDesc
T537C 005:441.333   - 0.017ms 
T537C 005:441.362   Reset type: CONNECT UNDER RESET (https://wiki.segger.com/J-Link_Reset_Strategies)
T537C 005:441.385   CPU_WriteMem(4 bytes @ 0xE000EDF0)
T537C 005:442.153   CPU_WriteMem(4 bytes @ 0xE000EDFC)
T537C 005:443.107   Reset: Halt core after reset via DEMCR.VC_CORERESET.
T537C 005:444.838   Reset: Reset device via AIRCR.SYSRESETREQ.
T537C 005:444.894   CPU_WriteMem(4 bytes @ 0xE000ED0C)
T537C 005:500.039   CPU_ReadMem(4 bytes @ 0xE000EDF0)
T537C 005:500.802   CPU_ReadMem(4 bytes @ 0xE000EDF0)
T537C 005:501.475   CPU_WriteMem(4 bytes @ 0xE000EDFC)
T537C 005:507.958   CPU_ReadMem(4 bytes @ 0xE000EDF0)
T537C 005:514.417   CPU_WriteMem(4 bytes @ 0xE0002000)
T537C 005:515.152   CPU_ReadMem(4 bytes @ 0xE000EDFC)
T537C 005:515.855   CPU_ReadMem(4 bytes @ 0xE0001000)
T537C 005:516.637 - 76.235ms 
T537C 005:516.691 JLINK_SetEndian(ARM_ENDIAN_LITTLE)
T537C 005:516.705 - 0.014ms returns 0
T537C 005:516.743 JLINK_ReadMem(0x200171C8, 0x4 Bytes, ...)
T537C 005:516.768   CPU_ReadMem(64 bytes @ 0x200171C0)
T537C 005:571.143    -- Updating C cache (64 bytes @ 0x200171C0)
T537C 005:571.172    -- Read from C cache (4 bytes @ 0x200171C8)
T537C 005:571.184   Data:  00 00 00 00
T537C 005:571.195 - 54.452ms returns 0
T537C 005:596.422 JLINK_WriteMem(0x200171C8, 0x4 Bytes, ...)
T537C 005:596.452   Data:  00 00 00 00
T537C 005:596.490   CPU_WriteMem(4 bytes @ 0x200171C8)
T537C 005:597.709 - 1.287ms returns 0x4
T537C 005:599.600 JLINK_ReadMem(0x200171C8, 0x4 Bytes, ...)
T537C 005:599.645   CPU_ReadMem(64 bytes @ 0x200171C0)
T537C 005:601.153    -- Updating C cache (64 bytes @ 0x200171C0)
T537C 005:601.190    -- Read from C cache (4 bytes @ 0x200171C8)
T537C 005:601.209   Data:  00 00 00 00
T537C 005:601.225 - 1.626ms returns 0
T537C 005:601.280 JLINK_ReadMem(0x200171C8, 0x4 Bytes, ...)
T537C 005:601.300    -- Read from C cache (4 bytes @ 0x200171C8)
T537C 005:601.315   Data:  00 00 00 00
T537C 005:601.330 - 0.050ms returns 0
T537C 005:602.123 JLINK_ReadMem(0x0000DAF0, 0x4 Bytes, ...)
T537C 005:602.164    -- Read from flash cache (4 bytes @ 0x0000DAF0)
T537C 005:602.193   Data:  08 B5 00 F0
T537C 005:602.205 - 0.082ms returns 0
T537C 005:606.773 JLINK_ReadMem(0x200171C8, 0x4 Bytes, ...)
T537C 005:606.815    -- Read from C cache (4 bytes @ 0x200171C8)
T537C 005:606.832   Data:  00 00 00 00
T537C 005:606.849 - 0.076ms returns 0
T537C 005:606.871 JLINK_ReadMem(0x200171C8, 0x4 Bytes, ...)
T537C 005:606.884    -- Read from C cache (4 bytes @ 0x200171C8)
T537C 005:606.916   Data:  00 00 00 00
T537C 005:606.931 - 0.060ms returns 0
T537C 005:608.233 JLINK_ReadMem(0x0000DAF0, 0x4 Bytes, ...)
T537C 005:608.269    -- Read from flash cache (4 bytes @ 0x0000DAF0)
T537C 005:608.284   Data:  08 B5 00 F0
T537C 005:608.299 - 0.066ms returns 0
T537C 006:558.391 JLINK_GetNumBPUnits(Type = 0xFFFFFF00)
T537C 006:558.423 - 0.032ms returns 0x06
T537C 006:558.438 JLINK_GetNumWPUnits()
T537C 006:558.449 - 0.010ms returns 4
T537C 006:558.473 JLINK_GetNumBPUnits(Type = 0xFFFFFF00)
T537C 006:558.484 - 0.011ms returns 0x06
T537C 006:558.500 JLINK_GetNumWPUnits()
T537C 006:558.510 - 0.009ms returns 4
T537C 006:558.531 JLINK_GetNumBPUnits(Type = 0xFFFFFF00)
T537C 006:558.541 - 0.010ms returns 0x06
T537C 006:558.555 JLINK_GetNumWPUnits()
T537C 006:558.565 - 0.009ms returns 4
T537C 006:558.633 JLINK_SetBPEx(Addr = 0x00002C48, Type = 0xFFFFFF00)
T537C 006:558.653 - 0.020ms returns 0x00000001
T537C 006:558.669 JLINK_ClrBPEx(BPHandle = 0x00000001)
T537C 006:559.386 - 0.715ms returns 0x00
T537C 006:560.980 JLINK_ReadMem(0x00002C48, 0x2 Bytes, ...)
T537C 006:561.008    -- Read from flash cache (2 bytes @ 0x00002C48)
T537C 006:561.023   Data:  08 B5
T537C 006:561.039 - 0.058ms returns 0
T537C 006:561.633 JLINK_SetBPEx(Addr = 0x00002C48, Type = 0xFFFFFF00)
T537C 006:561.667 - 0.034ms returns 0x00000002
T537C 006:635.809 JLINK_ReadMem(0x200171C8, 0x4 Bytes, ...)
T537C 006:635.844    -- Read from C cache (4 bytes @ 0x200171C8)
T537C 006:635.860   Data:  00 00 00 00
T537C 006:635.874 - 0.065ms returns 0
T537C 006:637.908 JLINK_ReadMem(0x200171C8, 0x4 Bytes, ...)
T537C 006:637.948    -- Read from C cache (4 bytes @ 0x200171C8)
T537C 006:637.965   Data:  00 00 00 00
T537C 006:637.985 - 0.078ms returns 0
T537C 006:638.043 JLINK_ReadRegs(NumRegs = 20)
T537C 006:638.083   
  R0 (0)        = 0x00                 R1 (1)        = 0x3D000              R2 (2)        = 0x00                 R3 (3)        = 0x4001C11C        
  R4 (4)        = 0x20000904           R5 (5)        = 0x2000095C           R6 (6)        = 0x2000095C           R7 (7)        = 0x1FFEA148        
  R8 (8)        = 0x1FFE0024           R9 (9)        = 0xF18C               R10 (10)      = 0x00                 R11 (11)      = 0x00              
  R12 (12)      = 0x20000888           R13 (SP) (13) = 0x1FFE05C0           R14 (14)      = 0xFFFFFFFF           R15 (PC) (15) = 0xDAF0            
  XPSR (16)     = 0x1000000            MSP (17)      = 0x1FFE05C0           PSP (18)      = 0x1FFEA800           CFBP (20)     = 0x00              
T537C 006:638.101 - 0.058ms returns 0x00
T537C 006:638.972 JLINK_ReadMem(0x200171C8, 0x4 Bytes, ...)
T537C 006:639.012    -- Read from C cache (4 bytes @ 0x200171C8)
T537C 006:639.029   Data:  00 00 00 00
T537C 006:639.043 - 0.072ms returns 0
T537C 006:639.068 JLINK_ReadMem(0x200171C8, 0x4 Bytes, ...)
T537C 006:639.083    -- Read from C cache (4 bytes @ 0x200171C8)
T537C 006:639.098   Data:  00 00 00 00
T537C 006:639.112 - 0.044ms returns 0
T537C 006:639.968 JLINK_ReadMem(0x0000DAF0, 0x4 Bytes, ...)
T537C 006:639.999    -- Read from flash cache (4 bytes @ 0x0000DAF0)
T537C 006:640.014   Data:  08 B5 00 F0
T537C 006:640.028 - 0.061ms returns 0
T1488 006:751.944 JLINK_GetNumBPUnits(Type = 0xFFFFFF00)
T1488 006:751.976 - 0.032ms returns 0x06
T1488 006:751.990 JLINK_GetNumWPUnits()
T1488 006:752.089 - 0.098ms returns 4
T1488 006:752.644 JLINK_GetNumBPUnits(Type = 0xFFFFFF00)
T1488 006:752.671 - 0.026ms returns 0x06
T1488 006:752.685 JLINK_GetNumWPUnits()
T1488 006:752.695 - 0.010ms returns 4
T1488 006:754.494 JLINK_GetNumBPUnits(Type = 0xFFFFFF00)
T1488 006:754.527 - 0.032ms returns 0x06
T1488 006:754.542 JLINK_GetNumWPUnits()
T1488 006:754.553 - 0.010ms returns 4
T1488 006:755.794 JLINK_GetNumBPUnits(Type = 0xFFFFFF00)
T1488 006:755.825 - 0.031ms returns 0x06
T1488 006:755.841 JLINK_GetNumWPUnits()
T1488 006:755.851 - 0.009ms returns 4
T1488 006:756.217 JLINK_GetNumBPUnits(Type = 0xFFFFFF00)
T1488 006:756.237 - 0.019ms returns 0x06
T1488 006:756.250 JLINK_GetNumWPUnits()
T1488 006:756.261 - 0.009ms returns 4
T1488 006:756.489 JLINK_GetNumBPUnits(Type = 0xFFFFFF00)
T1488 006:756.505 - 0.015ms returns 0x06
T1488 006:756.519 JLINK_GetNumWPUnits()
T1488 006:756.529 - 0.009ms returns 4
T1488 006:756.849 JLINK_GetNumBPUnits(Type = 0xFFFFFF00)
T1488 006:756.867 - 0.018ms returns 0x06
T1488 006:756.881 JLINK_GetNumWPUnits()
T1488 006:756.890 - 0.009ms returns 4
T1488 006:757.114 JLINK_GetNumBPUnits(Type = 0xFFFFFF00)
T1488 006:757.133 - 0.019ms returns 0x06
T1488 006:757.147 JLINK_GetNumWPUnits()
T1488 006:757.157 - 0.009ms returns 4
T537C 008:245.694 JLINK_ReadMem(0x2000F25C, 0x1 Bytes, ...)
T537C 008:245.750   CPU_ReadMem(64 bytes @ 0x2000F240)
T537C 008:254.065    -- Updating C cache (64 bytes @ 0x2000F240)
T537C 008:254.105    -- Read from C cache (1 bytes @ 0x2000F25C)
T537C 008:254.120   Data:  12
T537C 008:254.140 - 8.447ms returns 0
T537C 008:255.808 JLINK_ReadMem(0x0000DAF0, 0x4 Bytes, ...)
T537C 008:255.836    -- Read from flash cache (4 bytes @ 0x0000DAF0)
T537C 008:255.851   Data:  08 B5 00 F0
T537C 008:255.867 - 0.061ms returns 0
T537C 008:339.662 JLINK_ReadMem(0x200171C8, 0x4 Bytes, ...)
T537C 008:339.703    -- Read from C cache (4 bytes @ 0x200171C8)
T537C 008:339.720   Data:  00 00 00 00
T537C 008:339.734 - 0.074ms returns 0
T537C 008:339.757 JLINK_ReadMem(0x200171C8, 0x4 Bytes, ...)
T537C 008:339.769    -- Read from C cache (4 bytes @ 0x200171C8)
T537C 008:339.783   Data:  00 00 00 00
T537C 008:339.797 - 0.040ms returns 0
T537C 008:342.512 JLINK_ReadMem(0x200171C8, 0x4 Bytes, ...)
T537C 008:342.559    -- Read from C cache (4 bytes @ 0x200171C8)
T537C 008:342.576   Data:  00 00 00 00
T537C 008:342.591 - 0.079ms returns 0
T537C 008:342.612 JLINK_ReadMem(0x200171C8, 0x4 Bytes, ...)
T537C 008:342.625    -- Read from C cache (4 bytes @ 0x200171C8)
T537C 008:342.638   Data:  00 00 00 00
T537C 008:342.652 - 0.040ms returns 0
T537C 009:420.122 JLINK_ReadMem(0x2000F25C, 0x1 Bytes, ...)
T537C 009:420.162    -- Read from C cache (1 bytes @ 0x2000F25C)
T537C 009:420.193   Data:  12
T537C 009:420.208 - 0.086ms returns 0
T537C 012:710.528 JLINK_ReadMem(0x200171C8, 0x4 Bytes, ...)
T537C 012:710.586    -- Read from C cache (4 bytes @ 0x200171C8)
T537C 012:710.605   Data:  00 00 00 00
T537C 012:710.622 - 0.095ms returns 0
T537C 012:713.186 JLINK_STRACE_Read(..., NumItems = 0x10000)
T537C 012:713.233   Initializing trace type buffer with configured Coresight trace components (* indicates set/detected address):
T537C 012:713.250    *TF:   0xE0042000
T537C 012:713.262    *TMC:  0xE0043000
T537C 012:713.273     ETB:  0x00000000
T537C 012:713.283     MTB:  0x00000000
T537C 012:713.294    *TPIU: 0xE0040000
T537C 012:713.305    *ETM:  0xE0041000
T537C 012:713.315     STM:  0x00000000
T537C 012:713.326     PTM:  0x00000000
T537C 012:726.901 - 13.714ms NumItemsRead = 0x00
T537C 012:727.688 JLINK_IsHalted()
T537C 012:728.395 - 0.706ms returns TRUE
T537C 012:728.443 JLINK_STRACE_Read(..., NumItems = 0x10000)
T537C 012:728.460 - 0.017ms NumItemsRead = 0x00
T537C 012:728.474 JLINK_GoEx(MaxEmulInsts = 0, Flags = 0x01)
T537C 012:728.498   CPU_WriteMem(4 bytes @ 0xE0002000)
T537C 012:729.368   CPU_ReadMem(4 bytes @ 0xE0001000)
T537C 012:730.029   CPU_WriteMem(4 bytes @ 0xE0002008)
T537C 012:730.058   CPU_WriteMem(4 bytes @ 0xE000200C)
T537C 012:730.072   CPU_WriteMem(4 bytes @ 0xE0002010)
T537C 012:730.085   CPU_WriteMem(4 bytes @ 0xE0002014)
T537C 012:730.098   CPU_WriteMem(4 bytes @ 0xE0002018)
T537C 012:730.111   CPU_WriteMem(4 bytes @ 0xE000201C)
T537C 012:733.142   CPU_WriteMem(4 bytes @ 0xE0001004)
T537C 012:734.813   Memory map 'after startup completion point' is active
T537C 012:734.852 - 6.378ms 
T537C 012:840.887 JLINK_IsHalted()
T537C 012:849.768 - 8.880ms returns TRUE
T537C 012:849.829 JLINK_ReadReg(XPSR)
T537C 012:849.854 - 0.025ms returns 0x61000000
T537C 012:849.869 JLINK_ReadReg(R15 (PC))
T537C 012:849.884 - 0.015ms returns 0x00002C48
T537C 012:849.902 JLINK_ReadReg(XPSR)
T537C 012:849.912 - 0.010ms returns 0x61000000
T537C 012:849.925 JLINK_ReadReg(XPSR)
T537C 012:849.935 - 0.010ms returns 0x61000000
T537C 012:849.949 JLINK_ReadReg(R15 (PC))
T537C 012:849.958 - 0.010ms returns 0x00002C48
T537C 012:849.972 JLINK_ReadReg(XPSR)
T537C 012:849.982 - 0.010ms returns 0x61000000
T537C 012:849.995 JLINK_ReadReg(XPSR)
T537C 012:850.006 - 0.010ms returns 0x61000000
T537C 012:850.019 JLINK_ReadMem(0x00002C48, 0x1 Bytes, ...)
T537C 012:850.032    -- Read from flash cache (1 bytes @ 0x00002C48)
T537C 012:850.046   Data:  08
T537C 012:850.061 - 0.041ms returns 0
T537C 012:850.075 JLINK_IsHalted()
T537C 012:850.086 - 0.010ms returns TRUE
T537C 012:850.099 JLINK_ReadReg(XPSR)
T537C 012:850.110 - 0.010ms returns 0x61000000
T537C 012:850.122 JLINK_ReadReg(XPSR)
T537C 012:850.135 - 0.012ms returns 0x61000000
T537C 012:850.147 JLINK_ReadReg(R15 (PC))
T537C 012:850.158 - 0.009ms returns 0x00002C48
T537C 012:850.171 JLINK_ReadReg(XPSR)
T537C 012:850.181 - 0.009ms returns 0x61000000
T537C 012:850.194 JLINK_ReadReg(XPSR)
T537C 012:850.204 - 0.009ms returns 0x61000000
T537C 012:850.218 JLINK_ReadMem(0x00002C48, 0x1 Bytes, ...)
T537C 012:850.229    -- Read from flash cache (1 bytes @ 0x00002C48)
T537C 012:850.243   Data:  08
T537C 012:850.259 - 0.041ms returns 0
T537C 012:850.342 JLINK_IsHalted()
T537C 012:850.356 - 0.012ms returns TRUE
T537C 012:850.369 JLINK_ReadReg(XPSR)
T537C 012:850.379 - 0.010ms returns 0x61000000
T537C 012:850.392 JLINK_ReadReg(R15 (PC))
T537C 012:850.402 - 0.010ms returns 0x00002C48
T537C 012:850.416 JLINK_ReadReg(XPSR)
T537C 012:850.429 - 0.012ms returns 0x61000000
T537C 012:850.442 JLINK_ReadReg(XPSR)
T537C 012:850.451 - 0.009ms returns 0x61000000
T537C 012:850.464 JLINK_ReadReg(R15 (PC))
T537C 012:850.474 - 0.009ms returns 0x00002C48
T537C 012:850.486 JLINK_ReadReg(XPSR)
T537C 012:850.497 - 0.010ms returns 0x61000000
T537C 012:850.509 JLINK_ReadReg(XPSR)
T537C 012:850.518 - 0.009ms returns 0x61000000
T537C 012:850.532 JLINK_ReadMem(0x00002C48, 0x1 Bytes, ...)
T537C 012:850.543    -- Read from flash cache (1 bytes @ 0x00002C48)
T537C 012:850.557   Data:  08
T537C 012:850.570 - 0.038ms returns 0
T537C 012:850.584 JLINK_IsHalted()
T537C 012:850.594 - 0.009ms returns TRUE
T537C 012:850.607 JLINK_ReadReg(XPSR)
T537C 012:850.617 - 0.009ms returns 0x61000000
T537C 012:850.630 JLINK_ReadReg(XPSR)
T537C 012:850.640 - 0.009ms returns 0x61000000
T537C 012:850.652 JLINK_ReadReg(R15 (PC))
T537C 012:850.662 - 0.009ms returns 0x00002C48
T537C 012:850.677 JLINK_ReadReg(XPSR)
T537C 012:850.686 - 0.009ms returns 0x61000000
T537C 012:850.699 JLINK_ReadReg(XPSR)
T537C 012:850.709 - 0.009ms returns 0x61000000
T537C 012:850.722 JLINK_ReadMem(0x00002C48, 0x1 Bytes, ...)
T537C 012:850.732    -- Read from flash cache (1 bytes @ 0x00002C48)
T537C 012:850.745   Data:  08
T537C 012:850.758 - 0.037ms returns 0
T537C 012:850.780 JLINK_ReadMem(0x200171C8, 0x4 Bytes, ...)
T537C 012:850.800   CPU_ReadMem(64 bytes @ 0x200171C0)
T537C 012:852.350    -- Updating C cache (64 bytes @ 0x200171C0)
T537C 012:852.385    -- Read from C cache (4 bytes @ 0x200171C8)
T537C 012:852.402   Data:  00 00 00 00
T537C 012:852.417 - 1.636ms returns 0
T537C 012:853.033 JLINK_ReadMem(0x200171C8, 0x4 Bytes, ...)
T537C 012:853.061    -- Read from C cache (4 bytes @ 0x200171C8)
T537C 012:853.076   Data:  00 00 00 00
T537C 012:853.091 - 0.059ms returns 0
T537C 012:853.136 JLINK_ReadRegs(NumRegs = 20)
T537C 012:853.170   
  R0 (0)        = 0x00                 R1 (1)        = 0x91                 R2 (2)        = 0x0E                 R3 (3)        = 0x3DA8E           
  R4 (4)        = 0x20000904           R5 (5)        = 0x2000095C           R6 (6)        = 0x2000095C           R7 (7)        = 0x1FFEA148        
  R8 (8)        = 0x1FFE0024           R9 (9)        = 0xF18C               R10 (10)      = 0x00                 R11 (11)      = 0x00              
  R12 (12)      = 0x3DA8E              R13 (SP) (13) = 0x1FFE05B8           R14 (14)      = 0xDAFB               R15 (PC) (15) = 0x2C48            
  XPSR (16)     = 0x61000000           MSP (17)      = 0x1FFE05B8           PSP (18)      = 0x1FFEA800           CFBP (20)     = 0x00              
T537C 012:853.189 - 0.052ms returns 0x00
T537C 012:854.206 JLINK_ReadMem(0x200171C8, 0x4 Bytes, ...)
T537C 012:854.242    -- Read from C cache (4 bytes @ 0x200171C8)
T537C 012:854.258   Data:  00 00 00 00
T537C 012:854.274 - 0.069ms returns 0
T537C 012:854.295 JLINK_ReadMem(0x200171C8, 0x4 Bytes, ...)
T537C 012:854.312    -- Read from C cache (4 bytes @ 0x200171C8)
T537C 012:854.327   Data:  00 00 00 00
T537C 012:854.342 - 0.047ms returns 0
T537C 012:855.411 JLINK_ReadMem(0x00002C48, 0x4 Bytes, ...)
T537C 012:855.442    -- Read from flash cache (4 bytes @ 0x00002C48)
T537C 012:855.457   Data:  08 B5 00 F0
T537C 012:855.472 - 0.061ms returns 0
T537C 012:858.510 JLINK_ClrBPEx(BPHandle = 0x00000002)
T537C 012:858.559 - 0.062ms returns 0x00
T537C 012:883.288 JLINK_ReadMem(0x200171C8, 0x4 Bytes, ...)
T537C 012:883.330    -- Read from C cache (4 bytes @ 0x200171C8)
T537C 012:883.344   Data:  00 00 00 00
T537C 012:883.359 - 0.071ms returns 0
T537C 012:883.377 JLINK_ReadMem(0x200171C8, 0x4 Bytes, ...)
T537C 012:883.389    -- Read from C cache (4 bytes @ 0x200171C8)
T537C 012:883.402   Data:  00 00 00 00
T537C 012:883.416 - 0.038ms returns 0
T537C 012:884.431 JLINK_ReadMem(0x00002C48, 0x4 Bytes, ...)
T537C 012:884.460    -- Read from flash cache (4 bytes @ 0x00002C48)
T537C 012:884.474   Data:  08 B5 00 F0
T537C 012:884.489 - 0.058ms returns 0
T537C 012:934.729 JLINK_ReadMem(0x2000F25C, 0x1 Bytes, ...)
T537C 012:934.773   CPU_ReadMem(64 bytes @ 0x2000F240)
T537C 012:963.136    -- Updating C cache (64 bytes @ 0x2000F240)
T537C 012:963.183    -- Read from C cache (1 bytes @ 0x2000F25C)
T537C 012:963.202   Data:  00
T537C 012:963.221 - 28.492ms returns 0
T537C 012:966.477 JLINK_ReadMem(0x00002C48, 0x4 Bytes, ...)
T537C 012:966.540    -- Read from flash cache (4 bytes @ 0x00002C48)
T537C 012:966.557   Data:  08 B5 00 F0
T537C 012:966.574 - 0.097ms returns 0
T537C 013:009.639 JLINK_ReadMem(0x200171C8, 0x4 Bytes, ...)
T537C 013:009.676    -- Read from C cache (4 bytes @ 0x200171C8)
T537C 013:009.691   Data:  00 00 00 00
T537C 013:009.706 - 0.066ms returns 0
T537C 013:009.725 JLINK_ReadMem(0x200171C8, 0x4 Bytes, ...)
T537C 013:009.738    -- Read from C cache (4 bytes @ 0x200171C8)
T537C 013:009.930   Data:  00 00 00 00
T537C 013:009.946 - 0.221ms returns 0
T537C 013:320.544 JLINK_ReadMem(0x2000F25C, 0x1 Bytes, ...)
T537C 013:320.610    -- Read from C cache (1 bytes @ 0x2000F25C)
T537C 013:320.634   Data:  00
T537C 013:320.647 - 0.105ms returns 0
T1488 013:859.198 JLINK_IsHalted()
T1488 013:910.110 - 50.911ms returns TRUE
T1488 013:910.210 JLINK_ReadReg(XPSR)
T1488 013:910.226 - 0.030ms returns 0x61000000
T1488 013:910.243 JLINK_ReadReg(R15 (PC))
T1488 013:910.254 - 0.011ms returns 0x00002C48
T1488 013:910.272 JLINK_ReadReg(XPSR)
T1488 013:910.283 - 0.010ms returns 0x61000000
T1488 013:910.298 JLINK_ReadReg(XPSR)
T1488 013:910.309 - 0.010ms returns 0x61000000
T1488 013:910.323 JLINK_ReadReg(R15 (PC))
T1488 013:910.333 - 0.009ms returns 0x00002C48
T1488 013:910.349 JLINK_ReadReg(XPSR)
T1488 013:910.373 - 0.023ms returns 0x61000000
T1488 013:910.387 JLINK_ReadReg(XPSR)
T1488 013:910.411 - 0.023ms returns 0x61000000
T1488 013:910.429 JLINK_ReadMem(0x00002C48, 0x1 Bytes, ...)
T1488 013:910.445    -- Read from flash cache (1 bytes @ 0x00002C48)
T1488 013:910.458   Data:  08
T1488 013:910.472 - 0.045ms returns 0
T1488 013:910.502 JLINK_IsHalted()
T1488 013:910.512 - 0.009ms returns TRUE
T1488 013:910.534 JLINK_ReadReg(XPSR)
T1488 013:910.558 - 0.023ms returns 0x61000000
T1488 013:910.574 JLINK_ReadReg(XPSR)
T1488 013:910.584 - 0.010ms returns 0x61000000
T1488 013:910.598 JLINK_ReadReg(R15 (PC))
T1488 013:910.610 - 0.010ms returns 0x00002C48
T1488 013:910.651 JLINK_ReadReg(XPSR)
T1488 013:910.661 - 0.010ms returns 0x61000000
T1488 013:910.675 JLINK_ReadReg(XPSR)
T1488 013:910.685 - 0.009ms returns 0x61000000
T1488 013:910.701 JLINK_ReadMem(0x00002C48, 0x1 Bytes, ...)
T1488 013:910.710    -- Read from flash cache (1 bytes @ 0x00002C48)
T1488 013:910.725   Data:  08
T1488 013:910.738 - 0.037ms returns 0
T1488 013:910.810 JLINK_ReadMem(0xE0001000, 0x4 Bytes, ...)
T1488 013:910.829   CPU_ReadMem(4 bytes @ 0xE0001000)
T1488 013:911.517   Data:  01 00 00 40
T1488 013:911.539   Debug reg: DWT_CTRL
T1488 013:911.566 - 0.756ms returns 0
T1488 013:911.618 JLINK_WriteMem(0xE0001FB0, 0x8 Bytes, ...)
T1488 013:911.629   Data:  00 00 00 00 55 CE AC C5
T1488 013:911.952   CPU_WriteMem(8 bytes @ 0xE0001FB0)
T1488 013:912.779 - 1.161ms returns 0x8
T1488 013:912.838 JLINK_ReadMem(0xE000EDFC, 0x4 Bytes, ...)
T1488 013:912.861   CPU_ReadMem(4 bytes @ 0xE000EDFC)
T1488 013:913.509   Data:  00 00 00 01
T1488 013:913.539   Debug reg: DEMCR
T1488 013:913.554 - 0.715ms returns 0
T1488 013:915.317 JLINK_ReadMem(0xE0001004, 0x4 Bytes, ...)
T1488 013:915.378   CPU_ReadMem(4 bytes @ 0xE0001004)
T1488 013:916.174   Data:  87 B8 19 00
T1488 013:916.200   Debug reg: DWT_CYCCNT
T1488 013:916.214 - 0.899ms returns 0
T537C 015:386.899 JLINK_ReadMem(0x200171C8, 0x4 Bytes, ...)
T537C 015:386.955    -- Read from C cache (4 bytes @ 0x200171C8)
T537C 015:386.976   Data:  00 00 00 00
T537C 015:386.994 - 0.094ms returns 0
T537C 015:387.026 JLINK_STRACE_Read(..., NumItems = 0x10000)
T537C 015:387.045 - 0.018ms NumItemsRead = 0x00
T537C 015:388.819 JLINK_ReadMem(0xE0001004, 0x4 Bytes, ...)
T537C 015:388.869   Data:  87 B8 19 00
T537C 015:388.888   Debug reg: DWT_CYCCNT
T537C 015:388.904 - 0.085ms returns 0
T537C 015:388.925 JLINK_IsHalted()
T537C 015:390.858 - 1.932ms returns TRUE
T537C 015:390.952 JLINK_STRACE_Read(..., NumItems = 0x10000)
T537C 015:390.971 - 0.019ms NumItemsRead = 0x00
T537C 015:392.077 JLINK_ReadMem(0xE0001004, 0x4 Bytes, ...)
T537C 015:392.109   Data:  87 B8 19 00
T537C 015:392.123   Debug reg: DWT_CYCCNT
T537C 015:392.136 - 0.059ms returns 0
T537C 015:392.150 JLINK_GoEx(MaxEmulInsts = 0, Flags = 0x01)
T537C 015:392.173   CPU_ReadMem(4 bytes @ 0xE0001000)
T537C 015:392.933   CPU_WriteMem(4 bytes @ 0xE0002008)
T537C 015:394.640 - 2.487ms 
T537C 015:498.008 JLINK_IsHalted()
T537C 015:498.802 - 0.792ms returns FALSE
T537C 015:498.875 JLINK_IsHalted()
T537C 015:499.578 - 0.701ms returns FALSE
T537C 015:607.088 JLINK_IsHalted()
T537C 015:608.186 - 1.098ms returns FALSE
T537C 015:608.280 JLINK_IsHalted()
T537C 015:609.170 - 0.888ms returns FALSE
T537C 015:716.669 JLINK_IsHalted()
T537C 015:720.816 - 4.145ms returns FALSE
T537C 015:720.882 JLINK_IsHalted()
T537C 015:721.720 - 0.837ms returns FALSE
T537C 015:825.374 JLINK_IsHalted()
T537C 015:838.187 - 12.812ms returns FALSE
T537C 015:838.272 JLINK_IsHalted()
T537C 015:839.742 - 1.469ms returns FALSE
T537C 015:957.525 JLINK_IsHalted()
T537C 015:958.627 - 1.101ms returns FALSE
T537C 015:958.706 JLINK_IsHalted()
T537C 015:959.688 - 0.981ms returns FALSE
T537C 016:059.621 JLINK_IsHalted()
T537C 016:076.301 - 16.680ms returns FALSE
T537C 016:076.355 JLINK_IsHalted()
T537C 016:077.427 - 1.070ms returns FALSE
T537C 016:185.294 JLINK_IsHalted()
T537C 016:194.970 - 9.674ms returns FALSE
T537C 016:195.106 JLINK_IsHalted()
T537C 016:196.275 - 1.168ms returns FALSE
T537C 016:294.475 JLINK_IsHalted()
T537C 016:313.058 - 18.579ms returns FALSE
T537C 016:313.218 JLINK_IsHalted()
T537C 016:314.446 - 1.228ms returns FALSE
T1488 016:390.080 JLINK_IsHalted()
T1488 016:430.312 - 40.231ms returns FALSE
T1488 016:430.370 JLINK_IsHalted()
T1488 016:431.523 - 1.153ms returns FALSE
T537C 016:431.664 JLINK_IsHalted()
T537C 016:432.635 - 0.970ms returns FALSE
T537C 016:432.746 JLINK_IsHalted()
T537C 016:433.438 - 0.692ms returns FALSE
T537C 016:528.323 JLINK_IsHalted()
T537C 016:548.230 - 19.907ms returns FALSE
T537C 016:548.342 JLINK_IsHalted()
T537C 016:549.029 - 0.685ms returns FALSE
T537C 016:653.533 JLINK_IsHalted()
T537C 016:664.304 - 10.771ms returns FALSE
T537C 016:664.394 JLINK_IsHalted()
T537C 016:665.056 - 0.661ms returns FALSE
T537C 016:762.816 JLINK_IsHalted()
T537C 016:782.484 - 19.667ms returns FALSE
T537C 016:782.612 JLINK_IsHalted()
T537C 016:783.668 - 1.054ms returns FALSE
T537C 016:887.988 JLINK_IsHalted()
T537C 016:898.552 - 10.561ms returns FALSE
T537C 016:898.622 JLINK_IsHalted()
T537C 016:900.414 - 1.790ms returns FALSE
T537C 017:016.126 JLINK_IsHalted()
T537C 017:016.846 - 0.720ms returns FALSE
T537C 017:016.894 JLINK_IsHalted()
T537C 017:017.528 - 0.633ms returns FALSE
T537C 017:122.760 JLINK_IsHalted()
T537C 017:132.658 - 9.895ms returns FALSE
T537C 017:132.724 JLINK_IsHalted()
T537C 017:133.380 - 0.655ms returns FALSE
T537C 017:231.480 JLINK_IsHalted()
T537C 017:248.740 - 17.259ms returns FALSE
T537C 017:248.852 JLINK_IsHalted()
T537C 017:249.736 - 0.883ms returns FALSE
T537C 017:357.440 JLINK_IsHalted()
T537C 017:380.146 - 22.703ms returns FALSE
T537C 017:380.302 JLINK_IsHalted()
T537C 017:381.184 - 0.882ms returns FALSE
T1488 017:432.626 JLINK_IsHalted()
T1488 017:433.820 - 1.180ms returns FALSE
T1488 017:433.908 JLINK_IsHalted()
T1488 017:435.028 - 1.118ms returns FALSE
T537C 017:482.258 JLINK_IsHalted()
T537C 017:508.936 - 26.676ms returns FALSE
T537C 017:509.010 JLINK_IsHalted()
T537C 017:510.008 - 0.996ms returns FALSE
T537C 017:606.912 JLINK_IsHalted()
T537C 017:626.722 - 19.810ms returns FALSE
T537C 017:626.834 JLINK_IsHalted()
T537C 017:627.848 - 1.015ms returns FALSE
T537C 017:732.090 JLINK_IsHalted()
T537C 017:754.398 - 22.306ms returns FALSE
T537C 017:754.528 JLINK_IsHalted()
T537C 017:755.412 - 0.881ms returns FALSE
T537C 017:856.742 JLINK_IsHalted()
T537C 017:871.416 - 14.672ms returns FALSE
T537C 017:871.532 JLINK_IsHalted()
T537C 017:872.708 - 1.174ms returns FALSE
T537C 017:982.162 JLINK_IsHalted()
T537C 017:991.152 - 8.989ms returns FALSE
T537C 017:991.252 JLINK_IsHalted()
T537C 017:992.372 - 1.120ms returns FALSE
T537C 018:091.564 JLINK_IsHalted()
T537C 018:108.364 - 16.798ms returns FALSE
T537C 018:108.512 JLINK_IsHalted()
T537C 018:109.334 - 0.822ms returns FALSE
T537C 018:216.612 JLINK_IsHalted()
T537C 018:224.676 - 8.063ms returns FALSE
T537C 018:224.746 JLINK_IsHalted()
T537C 018:225.456 - 0.708ms returns FALSE
T537C 018:325.674 JLINK_IsHalted()
T537C 018:341.088 - 15.413ms returns FALSE
T537C 018:341.160 JLINK_IsHalted()
T537C 018:341.826 - 0.665ms returns FALSE
T1488 018:435.322 JLINK_IsHalted()
T1488 018:456.942 - 21.618ms returns FALSE
T1488 018:457.014 JLINK_IsHalted()
T1488 018:458.004 - 0.989ms returns FALSE
T537C 018:458.184 JLINK_IsHalted()
T537C 018:459.444 - 1.259ms returns FALSE
T537C 018:459.536 JLINK_IsHalted()
T537C 018:460.546 - 1.006ms returns FALSE
T537C 018:559.934 JLINK_IsHalted()
T537C 018:573.974 - 14.040ms returns FALSE
T537C 018:574.092 JLINK_IsHalted()
T537C 018:574.916 - 0.823ms returns FALSE
T537C 018:669.860 JLINK_IsHalted()
T537C 018:689.244 - 19.382ms returns FALSE
T537C 018:689.352 JLINK_IsHalted()
T537C 018:690.394 - 1.040ms returns FALSE
T537C 018:794.106 JLINK_IsHalted()
T537C 018:807.686 - 13.579ms returns FALSE
T537C 018:807.784 JLINK_IsHalted()
T537C 018:808.890 - 1.104ms returns FALSE
T537C 018:903.364 JLINK_IsHalted()
T537C 018:925.108 - 21.742ms returns FALSE
T537C 018:925.210 JLINK_IsHalted()
T537C 018:926.280 - 1.070ms returns FALSE
T537C 019:028.774 JLINK_IsHalted()
T537C 019:041.606 - 12.832ms returns FALSE
T537C 019:041.714 JLINK_IsHalted()
T537C 019:042.794 - 1.076ms returns FALSE
T537C 019:137.740 JLINK_IsHalted()
T537C 019:158.398 - 20.658ms returns FALSE
T537C 019:158.518 JLINK_IsHalted()
T537C 019:159.336 - 0.837ms returns FALSE
T537C 019:262.942 JLINK_IsHalted()
T537C 019:286.408 - 23.465ms returns FALSE
T537C 019:286.476 JLINK_IsHalted()
T537C 019:287.556 - 1.079ms returns FALSE
T537C 019:388.028 JLINK_IsHalted()
T537C 019:403.772 - 15.742ms returns FALSE
T537C 019:403.860 JLINK_IsHalted()
T537C 019:404.888 - 1.027ms returns FALSE
T1488 019:459.268 JLINK_IsHalted()
T1488 019:460.062 - 0.792ms returns FALSE
T1488 019:460.116 JLINK_IsHalted()
T1488 019:460.776 - 0.659ms returns FALSE
T537C 019:513.084 JLINK_IsHalted()
T537C 019:521.056 - 7.971ms returns FALSE
T537C 019:521.124 JLINK_IsHalted()
T537C 019:522.150 - 1.024ms returns FALSE
T537C 019:622.356 JLINK_IsHalted()
T537C 019:637.726 - 15.371ms returns FALSE
T537C 019:637.798 JLINK_IsHalted()
T537C 019:638.682 - 0.881ms returns FALSE
T537C 019:747.044 JLINK_IsHalted()
T537C 019:754.948 - 7.903ms returns FALSE
T537C 019:755.014 JLINK_IsHalted()
T537C 019:756.028 - 1.011ms returns FALSE
T537C 019:856.476 JLINK_IsHalted()
T537C 019:872.440 - 15.963ms returns FALSE
T537C 019:872.514 JLINK_IsHalted()
T537C 019:873.570 - 1.054ms returns FALSE
T537C 019:982.424 JLINK_IsHalted()
T537C 019:989.804 - 7.377ms returns FALSE
T537C 019:989.874 JLINK_IsHalted()
T537C 019:991.214 - 1.338ms returns FALSE
T537C 020:091.234 JLINK_IsHalted()
T537C 020:107.652 - 16.417ms returns FALSE
T537C 020:107.724 JLINK_IsHalted()
T537C 020:108.590 - 0.866ms returns FALSE
T537C 020:216.900 JLINK_IsHalted()
T537C 020:223.142 - 6.241ms returns FALSE
T537C 020:223.212 JLINK_IsHalted()
T537C 020:223.860 - 0.646ms returns FALSE
T537C 020:325.600 JLINK_IsHalted()
T537C 020:340.082 - 14.481ms returns FALSE
T537C 020:340.170 JLINK_IsHalted()
T537C 020:341.260 - 1.088ms returns FALSE
T537C 020:450.228 JLINK_IsHalted()
T537C 020:456.898 - 6.669ms returns FALSE
T537C 020:456.970 JLINK_IsHalted()
T537C 020:458.020 - 1.049ms returns FALSE
T1488 020:461.382 JLINK_IsHalted()
T1488 020:462.098 - 0.713ms returns FALSE
T1488 020:462.156 JLINK_IsHalted()
T1488 020:462.814 - 0.656ms returns FALSE
T537C 020:560.340 JLINK_IsHalted()
T537C 020:575.066 - 14.723ms returns FALSE
T537C 020:575.138 JLINK_IsHalted()
T537C 020:576.134 - 0.993ms returns FALSE
T537C 020:684.826 JLINK_IsHalted()
T537C 020:691.184 - 6.357ms returns FALSE
T537C 020:691.240 JLINK_IsHalted()
T537C 020:691.902 - 0.661ms returns FALSE
T537C 020:794.222 JLINK_IsHalted()
T537C 020:807.526 - 13.303ms returns FALSE
T537C 020:807.610 JLINK_IsHalted()
T537C 020:808.736 - 1.125ms returns FALSE
T537C 020:904.342 JLINK_IsHalted()
T537C 020:925.086 - 20.742ms returns FALSE
T537C 020:925.164 JLINK_IsHalted()
T537C 020:926.212 - 1.045ms returns FALSE
T537C 021:028.532 JLINK_IsHalted()
T537C 021:041.426 - 12.891ms returns FALSE
T537C 021:041.510 JLINK_IsHalted()
T537C 021:043.084 - 1.571ms returns FALSE
T537C 021:161.444 JLINK_IsHalted()
T537C 021:162.590 - 1.144ms returns FALSE
T537C 021:162.700 JLINK_IsHalted()
T537C 021:163.828 - 1.125ms returns FALSE
T537C 021:263.612 JLINK_IsHalted()
T537C 021:277.442 - 13.813ms returns FALSE
T537C 021:277.524 JLINK_IsHalted()
T537C 021:278.580 - 1.073ms returns FALSE
T537C 021:388.190 JLINK_IsHalted()
T537C 021:394.788 - 6.595ms returns FALSE
T537C 021:394.916 JLINK_IsHalted()
T537C 021:395.936 - 1.017ms returns FALSE
T1488 021:463.806 JLINK_IsHalted()
T1488 021:513.090 - 49.283ms returns FALSE
T1488 021:513.160 JLINK_IsHalted()
T1488 021:514.106 - 0.945ms returns FALSE
T537C 021:514.292 JLINK_IsHalted()
T537C 021:515.308 - 1.015ms returns FALSE
T537C 021:515.364 JLINK_IsHalted()
T537C 021:516.328 - 0.964ms returns FALSE
T537C 021:623.172 JLINK_IsHalted()
T537C 021:630.932 - 7.758ms returns FALSE
T537C 021:631.078 JLINK_IsHalted()
T537C 021:632.126 - 1.045ms returns FALSE
T537C 021:732.378 JLINK_IsHalted()
T537C 021:749.530 - 17.150ms returns FALSE
T537C 021:749.662 JLINK_IsHalted()
T537C 021:750.674 - 1.009ms returns FALSE
T537C 021:857.038 JLINK_IsHalted()
T537C 021:892.716 - 35.676ms returns FALSE
T537C 021:892.798 JLINK_IsHalted()
T537C 021:894.220 - 1.418ms returns FALSE
T537C 021:998.154 JLINK_IsHalted()
T537C 022:000.122 - 1.966ms returns FALSE
T537C 022:000.186 JLINK_IsHalted()
T537C 022:001.878 - 1.690ms returns FALSE
T537C 022:106.560 JLINK_IsHalted()
T537C 022:107.964 - 1.403ms returns FALSE
T537C 022:108.114 JLINK_IsHalted()
T537C 022:109.844 - 1.730ms returns FALSE
T537C 022:216.790 JLINK_IsHalted()
T537C 022:218.964 - 2.172ms returns FALSE
T537C 022:219.210 JLINK_IsHalted()
T537C 022:220.858 - 1.646ms returns FALSE
T537C 022:325.918 JLINK_IsHalted()
T537C 022:327.436 - 1.516ms returns FALSE
T537C 022:327.550 JLINK_IsHalted()
T537C 022:329.030 - 1.478ms returns FALSE
T537C 022:435.596 JLINK_IsHalted()
T537C 022:438.378 - 2.779ms returns FALSE
T537C 022:438.502 JLINK_IsHalted()
T537C 022:440.528 - 2.025ms returns FALSE
T1488 022:515.636 JLINK_IsHalted()
T1488 022:519.528 - 3.890ms returns FALSE
T1488 022:519.642 JLINK_IsHalted()
T1488 022:521.214 - 1.570ms returns FALSE
T537C 022:543.996 JLINK_IsHalted()
T537C 022:545.586 - 1.589ms returns FALSE
T537C 022:545.728 JLINK_IsHalted()
T537C 022:547.682 - 1.951ms returns FALSE
T537C 022:653.478 JLINK_IsHalted()
T537C 022:657.192 - 3.711ms returns FALSE
T537C 022:657.318 JLINK_IsHalted()
T537C 022:659.082 - 1.760ms returns FALSE
T537C 022:763.306 JLINK_IsHalted()
T537C 022:765.404 - 2.099ms returns FALSE
T537C 022:765.524 JLINK_IsHalted()
T537C 022:767.198 - 1.670ms returns FALSE
T537C 022:872.188 JLINK_IsHalted()
T537C 022:873.504 - 1.314ms returns FALSE
T537C 022:873.618 JLINK_IsHalted()
T537C 022:875.298 - 1.678ms returns FALSE
T537C 022:981.748 JLINK_IsHalted()
T537C 022:983.378 - 1.627ms returns FALSE
T537C 022:983.514 JLINK_IsHalted()
T537C 022:985.210 - 1.696ms returns FALSE
T537C 023:091.772 JLINK_IsHalted()
T537C 023:093.516 - 1.741ms returns FALSE
T537C 023:093.670 JLINK_IsHalted()
T537C 023:095.322 - 1.650ms returns FALSE
T537C 023:200.404 JLINK_IsHalted()
T537C 023:202.058 - 1.653ms returns FALSE
T537C 023:202.124 JLINK_IsHalted()
T537C 023:203.658 - 1.531ms returns FALSE
T537C 023:310.694 JLINK_IsHalted()
T537C 023:312.236 - 1.538ms returns FALSE
T537C 023:312.324 JLINK_IsHalted()
T537C 023:314.414 - 2.088ms returns FALSE
T537C 023:419.256 JLINK_IsHalted()
T537C 023:420.868 - 1.611ms returns FALSE
T537C 023:420.988 JLINK_IsHalted()
T537C 023:422.778 - 1.788ms returns FALSE
T1488 023:521.978 JLINK_IsHalted()
T1488 023:524.406 - 2.429ms returns FALSE
T1488 023:524.528 JLINK_IsHalted()
T1488 023:526.184 - 1.653ms returns FALSE
T537C 023:528.716 JLINK_IsHalted()
T537C 023:531.282 - 2.564ms returns FALSE
T537C 023:531.404 JLINK_IsHalted()
T537C 023:534.820 - 3.415ms returns FALSE
T537C 023:637.764 JLINK_IsHalted()
T537C 023:639.976 - 2.210ms returns FALSE
T537C 023:640.108 JLINK_IsHalted()
T537C 023:641.952 - 1.842ms returns FALSE
T537C 023:747.710 JLINK_IsHalted()
T537C 023:749.302 - 1.590ms returns FALSE
T537C 023:749.418 JLINK_IsHalted()
T537C 023:751.442 - 2.020ms returns FALSE
T537C 023:857.540 JLINK_IsHalted()
T537C 023:859.190 - 1.648ms returns FALSE
T537C 023:859.366 JLINK_IsHalted()
T537C 023:862.644 - 3.278ms returns FALSE
T537C 023:966.334 JLINK_IsHalted()
T537C 023:967.836 - 1.499ms returns FALSE
T537C 023:967.948 JLINK_IsHalted()
T537C 023:969.804 - 1.857ms returns FALSE
T537C 024:075.768 JLINK_IsHalted()
T537C 024:077.660 - 1.890ms returns FALSE
T537C 024:077.782 JLINK_IsHalted()
T537C 024:079.566 - 1.780ms returns FALSE
T537C 024:185.250 JLINK_IsHalted()
T537C 024:187.004 - 1.753ms returns FALSE
T537C 024:187.148 JLINK_IsHalted()
T537C 024:188.900 - 1.749ms returns FALSE
T537C 024:294.252 JLINK_IsHalted()
T537C 024:296.188 - 1.933ms returns FALSE
T537C 024:296.284 JLINK_IsHalted()
T537C 024:298.244 - 1.960ms returns FALSE
T537C 024:404.260 JLINK_IsHalted()
T537C 024:405.966 - 1.703ms returns FALSE
T537C 024:406.080 JLINK_IsHalted()
T537C 024:407.830 - 1.749ms returns FALSE
T537C 024:513.360 JLINK_IsHalted()
T537C 024:515.440 - 2.079ms returns FALSE
T537C 024:515.570 JLINK_IsHalted()
T537C 024:518.952 - 3.379ms returns FALSE
T1488 024:527.352 JLINK_IsHalted()
T1488 024:529.980 - 2.627ms returns FALSE
T1488 024:530.106 JLINK_IsHalted()
T1488 024:531.942 - 1.835ms returns FALSE
T537C 024:622.932 JLINK_IsHalted()
T537C 024:625.134 - 2.200ms returns FALSE
T537C 024:625.248 JLINK_IsHalted()
T537C 024:627.174 - 1.924ms returns FALSE
T537C 024:732.146 JLINK_IsHalted()
T537C 024:733.762 - 1.615ms returns FALSE
T537C 024:733.876 JLINK_IsHalted()
T537C 024:735.516 - 1.640ms returns FALSE
T537C 024:841.684 JLINK_IsHalted()
T537C 024:844.888 - 3.202ms returns FALSE
T537C 024:845.002 JLINK_IsHalted()
T537C 024:846.772 - 1.767ms returns FALSE
T537C 024:950.580 JLINK_IsHalted()
T537C 024:952.630 - 2.050ms returns FALSE
T537C 024:952.680 JLINK_IsHalted()
T537C 024:954.428 - 1.747ms returns FALSE
T537C 025:059.946 JLINK_IsHalted()
T537C 025:062.326 - 2.381ms returns FALSE
T537C 025:062.404 JLINK_IsHalted()
T537C 025:064.202 - 1.797ms returns FALSE
T537C 025:169.498 JLINK_IsHalted()
T537C 025:171.314 - 1.813ms returns FALSE
T537C 025:171.434 JLINK_IsHalted()
T537C 025:173.134 - 1.698ms returns FALSE
T537C 025:278.716 JLINK_IsHalted()
T537C 025:281.076 - 2.360ms returns FALSE
T537C 025:281.160 JLINK_IsHalted()
T537C 025:282.886 - 1.726ms returns FALSE
T537C 025:387.826 JLINK_IsHalted()
T537C 025:390.038 - 2.212ms returns FALSE
T537C 025:390.194 JLINK_IsHalted()
T537C 025:391.916 - 1.719ms returns FALSE
T537C 025:498.240 JLINK_IsHalted()
T537C 025:499.798 - 1.557ms returns FALSE
T537C 025:499.962 JLINK_IsHalted()
T537C 025:501.410 - 1.446ms returns FALSE
T1488 025:533.188 JLINK_IsHalted()
T1488 025:536.002 - 2.810ms returns FALSE
T1488 025:536.154 JLINK_IsHalted()
T1488 025:537.802 - 1.644ms returns FALSE
T537C 025:606.676 JLINK_IsHalted()
T537C 025:609.552 - 2.873ms returns FALSE
T537C 025:609.716 JLINK_IsHalted()
T537C 025:611.444 - 1.725ms returns FALSE
T537C 025:716.462 JLINK_IsHalted()
T537C 025:717.648 - 1.185ms returns FALSE
T537C 025:717.802 JLINK_IsHalted()
T537C 025:719.830 - 2.025ms returns FALSE
T537C 025:825.514 JLINK_IsHalted()
T537C 025:827.892 - 2.376ms returns FALSE
T537C 025:828.042 JLINK_IsHalted()
T537C 025:829.796 - 1.749ms returns FALSE
T537C 025:934.622 JLINK_IsHalted()
T537C 025:936.204 - 1.582ms returns FALSE
T537C 025:936.354 JLINK_IsHalted()
T537C 025:937.950 - 1.594ms returns FALSE
T537C 026:044.386 JLINK_IsHalted()
T537C 026:047.434 - 3.048ms returns FALSE
T537C 026:047.664 JLINK_IsHalted()
T537C 026:049.162 - 1.496ms returns FALSE
T537C 026:153.992 JLINK_IsHalted()
T537C 026:155.704 - 1.709ms returns FALSE
T537C 026:155.842 JLINK_IsHalted()
T537C 026:157.818 - 1.974ms returns FALSE
T537C 026:263.202 JLINK_IsHalted()
T537C 026:264.480 - 1.277ms returns FALSE
T537C 026:264.568 JLINK_IsHalted()
T537C 026:266.444 - 1.875ms returns FALSE
T537C 026:372.566 JLINK_IsHalted()
T537C 026:374.620 - 2.054ms returns FALSE
T537C 026:374.700 JLINK_IsHalted()
T537C 026:376.592 - 1.888ms returns FALSE
T537C 026:481.734 JLINK_IsHalted()
T537C 026:483.790 - 2.053ms returns FALSE
T537C 026:483.914 JLINK_IsHalted()
T537C 026:487.362 - 3.445ms returns FALSE
T1488 026:538.380 JLINK_IsHalted()
T1488 026:540.700 - 2.319ms returns FALSE
T1488 026:540.922 JLINK_IsHalted()
T1488 026:542.676 - 1.753ms returns FALSE
T537C 026:592.000 JLINK_IsHalted()
T537C 026:594.624 - 2.622ms returns FALSE
T537C 026:594.738 JLINK_IsHalted()
T537C 026:596.234 - 1.495ms returns FALSE
T537C 026:701.282 JLINK_IsHalted()
T537C 026:702.614 - 1.331ms returns FALSE
T537C 026:702.710 JLINK_IsHalted()
T537C 026:704.510 - 1.799ms returns FALSE
T537C 026:810.364 JLINK_IsHalted()
T537C 026:812.368 - 2.002ms returns FALSE
T537C 026:812.436 JLINK_IsHalted()
T537C 026:814.240 - 1.802ms returns FALSE
T537C 026:918.998 JLINK_IsHalted()
T537C 026:922.100 - 3.097ms returns FALSE
T537C 026:922.198 JLINK_IsHalted()
T537C 026:923.964 - 1.767ms returns FALSE
T537C 027:029.268 JLINK_IsHalted()
T537C 027:030.390 - 1.122ms returns FALSE
T537C 027:030.476 JLINK_IsHalted()
T537C 027:032.272 - 1.794ms returns FALSE
T537C 027:138.640 JLINK_IsHalted()
T537C 027:140.284 - 1.644ms returns FALSE
T537C 027:140.348 JLINK_IsHalted()
T537C 027:142.682 - 2.334ms returns FALSE
T537C 027:247.396 JLINK_IsHalted()
T537C 027:248.908 - 1.513ms returns FALSE
T537C 027:248.972 JLINK_IsHalted()
T537C 027:250.764 - 1.791ms returns FALSE
T537C 027:356.960 JLINK_IsHalted()
T537C 027:359.216 - 2.252ms returns FALSE
T537C 027:359.356 JLINK_IsHalted()
T537C 027:361.044 - 1.680ms returns FALSE
T537C 027:466.118 JLINK_IsHalted()
T537C 027:468.500 - 2.378ms returns FALSE
T537C 027:468.604 JLINK_IsHalted()
T537C 027:470.454 - 1.848ms returns FALSE
T1488 027:543.284 JLINK_IsHalted()
T1488 027:545.312 - 2.028ms returns FALSE
T1488 027:545.396 JLINK_IsHalted()
T1488 027:547.228 - 1.832ms returns FALSE
T537C 027:576.080 JLINK_IsHalted()
T537C 027:578.128 - 2.045ms returns FALSE
T537C 027:578.186 JLINK_IsHalted()
T537C 027:580.052 - 1.863ms returns FALSE
T537C 027:685.152 JLINK_IsHalted()
T537C 027:686.420 - 1.265ms returns FALSE
T537C 027:686.646 JLINK_IsHalted()
T537C 027:688.096 - 1.450ms returns FALSE
T537C 027:794.508 JLINK_IsHalted()
T537C 027:797.626 - 3.116ms returns FALSE
T537C 027:797.692 JLINK_IsHalted()
T537C 027:799.516 - 1.823ms returns FALSE
T537C 027:903.952 JLINK_IsHalted()
T537C 027:905.820 - 1.869ms returns FALSE
T537C 027:906.102 JLINK_IsHalted()
T537C 027:907.482 - 1.377ms returns FALSE
T537C 028:012.768 JLINK_IsHalted()
T537C 028:014.150 - 1.382ms returns FALSE
T537C 028:014.260 JLINK_IsHalted()
T537C 028:015.948 - 1.687ms returns FALSE
T537C 028:122.256 JLINK_IsHalted()
T537C 028:123.564 - 1.310ms returns FALSE
T537C 028:123.676 JLINK_IsHalted()
T537C 028:125.376 - 1.699ms returns FALSE
T537C 028:231.724 JLINK_IsHalted()
T537C 028:235.676 - 3.948ms returns FALSE
T537C 028:235.780 JLINK_IsHalted()
T537C 028:237.628 - 1.847ms returns FALSE
T537C 028:340.876 JLINK_IsHalted()
T537C 028:342.868 - 1.990ms returns FALSE
T537C 028:343.008 JLINK_IsHalted()
T537C 028:344.634 - 1.621ms returns FALSE
T537C 028:450.692 JLINK_IsHalted()
T537C 028:452.640 - 1.948ms returns FALSE
T537C 028:452.794 JLINK_IsHalted()
T537C 028:454.780 - 1.981ms returns FALSE
T1488 028:548.042 JLINK_IsHalted()
T1488 028:550.566 - 2.524ms returns FALSE
T1488 028:550.716 JLINK_IsHalted()
T1488 028:552.490 - 1.768ms returns FALSE
T537C 028:559.686 JLINK_IsHalted()
T537C 028:562.324 - 2.636ms returns FALSE
T537C 028:562.468 JLINK_IsHalted()
T537C 028:563.920 - 1.449ms returns FALSE
T537C 028:669.174 JLINK_IsHalted()
T537C 028:672.326 - 3.150ms returns FALSE
T537C 028:672.464 JLINK_IsHalted()
T537C 028:674.038 - 1.571ms returns FALSE
T537C 028:779.120 JLINK_IsHalted()
T537C 028:780.682 - 1.559ms returns FALSE
T537C 028:780.912 JLINK_IsHalted()
T537C 028:782.244 - 1.328ms returns FALSE
T537C 028:887.926 JLINK_IsHalted()
T537C 028:890.240 - 2.311ms returns FALSE
T537C 028:890.378 JLINK_IsHalted()
T537C 028:892.144 - 1.762ms returns FALSE
T537C 028:997.334 JLINK_IsHalted()
T537C 029:001.360 - 4.025ms returns FALSE
T537C 029:001.504 JLINK_IsHalted()
T537C 029:003.046 - 1.539ms returns FALSE
T537C 029:106.656 JLINK_IsHalted()
T537C 029:108.508 - 1.848ms returns FALSE
T537C 029:108.662 JLINK_IsHalted()
T537C 029:110.420 - 1.755ms returns FALSE
T537C 029:216.132 JLINK_IsHalted()
T537C 029:221.596 - 5.462ms returns FALSE
T537C 029:221.686 JLINK_IsHalted()
T537C 029:223.462 - 1.773ms returns FALSE
T537C 029:325.814 JLINK_IsHalted()
T537C 029:326.868 - 1.054ms returns FALSE
T537C 029:326.932 JLINK_IsHalted()
T537C 029:328.810 - 1.875ms returns FALSE
T537C 029:435.050 JLINK_IsHalted()
T537C 029:436.618 - 1.565ms returns FALSE
T537C 029:436.854 JLINK_IsHalted()
T537C 029:438.378 - 1.517ms returns FALSE
T537C 029:544.340 JLINK_IsHalted()
T537C 029:546.276 - 1.936ms returns FALSE
T537C 029:546.524 JLINK_IsHalted()
T537C 029:548.140 - 1.612ms returns FALSE
T1488 029:553.628 JLINK_IsHalted()
T1488 029:556.292 - 2.656ms returns FALSE
T1488 029:556.602 JLINK_IsHalted()
T1488 029:559.916 - 3.312ms returns FALSE
T537C 029:654.186 JLINK_IsHalted()
T537C 029:655.972 - 1.781ms returns FALSE
T537C 029:656.236 JLINK_IsHalted()
T537C 029:658.020 - 1.776ms returns FALSE
T537C 029:763.460 JLINK_IsHalted()
T537C 029:765.572 - 2.108ms returns FALSE
T537C 029:765.850 JLINK_IsHalted()
T537C 029:768.548 - 2.693ms returns FALSE
T537C 029:872.662 JLINK_IsHalted()
T537C 029:874.944 - 2.283ms returns FALSE
T537C 029:875.114 JLINK_IsHalted()
T537C 029:876.746 - 1.630ms returns FALSE
T537C 029:981.460 JLINK_IsHalted()
T537C 029:983.542 - 2.081ms returns FALSE
T537C 029:983.616 JLINK_IsHalted()
T537C 029:985.526 - 1.906ms returns FALSE
T537C 030:091.738 JLINK_IsHalted()
T537C 030:094.064 - 2.323ms returns FALSE
T537C 030:094.282 JLINK_IsHalted()
T537C 030:096.058 - 1.773ms returns FALSE
T537C 030:200.356 JLINK_IsHalted()
T537C 030:202.528 - 2.171ms returns FALSE
T537C 030:202.740 JLINK_IsHalted()
T537C 030:204.512 - 1.767ms returns FALSE
T537C 030:309.916 JLINK_IsHalted()
T537C 030:312.156 - 2.238ms returns FALSE
T537C 030:312.364 JLINK_IsHalted()
T537C 030:314.086 - 1.717ms returns FALSE
T537C 030:419.836 JLINK_IsHalted()
T537C 030:421.628 - 1.790ms returns FALSE
T537C 030:421.844 JLINK_IsHalted()
T537C 030:423.476 - 1.630ms returns FALSE
T537C 030:529.460 JLINK_IsHalted()
T537C 030:531.516 - 2.055ms returns FALSE
T537C 030:531.728 JLINK_IsHalted()
T537C 030:533.450 - 1.719ms returns FALSE
T1488 030:561.108 JLINK_IsHalted()
T1488 030:562.886 - 1.775ms returns FALSE
T1488 030:563.098 JLINK_IsHalted()
T1488 030:565.060 - 1.958ms returns FALSE
T537C 030:638.640 JLINK_IsHalted()
T537C 030:640.708 - 2.061ms returns FALSE
T537C 030:640.806 JLINK_IsHalted()
T537C 030:642.716 - 1.909ms returns FALSE
T537C 030:747.820 JLINK_IsHalted()
T537C 030:750.112 - 2.291ms returns FALSE
T537C 030:750.272 JLINK_IsHalted()
T537C 030:751.994 - 1.717ms returns FALSE
T537C 030:857.056 JLINK_IsHalted()
T537C 030:858.948 - 1.888ms returns FALSE
T537C 030:859.094 JLINK_IsHalted()
T537C 030:860.890 - 1.792ms returns FALSE
T537C 030:966.036 JLINK_IsHalted()
T537C 030:967.526 - 1.487ms returns FALSE
T537C 030:967.680 JLINK_IsHalted()
T537C 030:969.200 - 1.516ms returns FALSE
T537C 031:076.252 JLINK_IsHalted()
T537C 031:078.678 - 2.425ms returns FALSE
T537C 031:078.868 JLINK_IsHalted()
T537C 031:080.692 - 1.823ms returns FALSE
T537C 031:185.500 JLINK_IsHalted()
T537C 031:187.034 - 1.532ms returns FALSE
T537C 031:187.130 JLINK_IsHalted()
T537C 031:188.796 - 1.666ms returns FALSE
T537C 031:294.468 JLINK_IsHalted()
T537C 031:296.474 - 2.005ms returns FALSE
T537C 031:296.548 JLINK_IsHalted()
T537C 031:298.026 - 1.477ms returns FALSE
T537C 031:404.234 JLINK_IsHalted()
T537C 031:405.904 - 1.670ms returns FALSE
T537C 031:406.042 JLINK_IsHalted()
T537C 031:407.780 - 1.739ms returns FALSE
T537C 031:512.848 JLINK_IsHalted()
T537C 031:514.042 - 1.194ms returns FALSE
T537C 031:514.116 JLINK_IsHalted()
T537C 031:516.084 - 1.965ms returns FALSE
T1488 031:566.566 JLINK_IsHalted()
T1488 031:568.252 - 1.685ms returns FALSE
T1488 031:568.304 JLINK_IsHalted()
T1488 031:570.102 - 1.797ms returns FALSE
T537C 031:622.656 JLINK_IsHalted()
T537C 031:624.848 - 2.191ms returns FALSE
T537C 031:624.916 JLINK_IsHalted()
T537C 031:626.698 - 1.780ms returns FALSE
T537C 031:731.932 JLINK_IsHalted()
T537C 031:734.076 - 2.143ms returns FALSE
T537C 031:734.202 JLINK_IsHalted()
T537C 031:736.144 - 1.939ms returns FALSE
T537C 031:841.562 JLINK_IsHalted()
T537C 031:843.820 - 2.257ms returns FALSE
T537C 031:843.926 JLINK_IsHalted()
T537C 031:845.632 - 1.703ms returns FALSE
T537C 031:950.804 JLINK_IsHalted()
T537C 031:952.794 - 1.991ms returns FALSE
T537C 031:952.908 JLINK_IsHalted()
T537C 031:954.660 - 1.748ms returns FALSE
T537C 032:060.192 JLINK_IsHalted()
T537C 032:062.154 - 1.959ms returns FALSE
T537C 032:062.278 JLINK_IsHalted()
T537C 032:064.068 - 1.785ms returns FALSE
T537C 032:169.140 JLINK_IsHalted()
T537C 032:171.420 - 2.279ms returns FALSE
T537C 032:171.548 JLINK_IsHalted()
T537C 032:173.536 - 1.982ms returns FALSE
T537C 032:278.508 JLINK_IsHalted()
T537C 032:280.396 - 1.885ms returns FALSE
T537C 032:280.468 JLINK_IsHalted()
T537C 032:282.164 - 1.692ms returns FALSE
T537C 032:388.554 JLINK_IsHalted()
T537C 032:391.476 - 2.919ms returns FALSE
T537C 032:391.574 JLINK_IsHalted()
T537C 032:393.366 - 1.790ms returns FALSE
T537C 032:497.652 JLINK_IsHalted()
T537C 032:499.430 - 1.776ms returns FALSE
T537C 032:499.532 JLINK_IsHalted()
T537C 032:501.508 - 1.971ms returns FALSE
T1488 032:570.042 JLINK_IsHalted()
T1488 032:571.622 - 1.581ms returns FALSE
T1488 032:571.670 JLINK_IsHalted()
T1488 032:575.268 - 3.598ms returns FALSE
T537C 032:606.772 JLINK_IsHalted()
T537C 032:609.254 - 2.482ms returns FALSE
T537C 032:609.300 JLINK_IsHalted()
T537C 032:611.100 - 1.802ms returns FALSE
T537C 032:716.272 JLINK_IsHalted()
T537C 032:717.540 - 1.266ms returns FALSE
T537C 032:717.606 JLINK_IsHalted()
T537C 032:719.706 - 2.098ms returns FALSE
T537C 032:825.552 JLINK_IsHalted()
T537C 032:827.286 - 1.732ms returns FALSE
T537C 032:827.388 JLINK_IsHalted()
T537C 032:829.316 - 1.924ms returns FALSE
T537C 032:935.284 JLINK_IsHalted()
T537C 032:937.404 - 2.120ms returns FALSE
T537C 032:937.484 JLINK_IsHalted()
T537C 032:938.992 - 1.505ms returns FALSE
T537C 033:044.380 JLINK_IsHalted()
T537C 033:045.404 - 1.023ms returns FALSE
T537C 033:045.476 JLINK_IsHalted()
T537C 033:047.676 - 2.199ms returns FALSE
T537C 033:154.116 JLINK_IsHalted()
T537C 033:156.860 - 2.745ms returns FALSE
T537C 033:156.948 JLINK_IsHalted()
T537C 033:158.532 - 1.583ms returns FALSE
T537C 033:263.398 JLINK_IsHalted()
T537C 033:265.056 - 1.654ms returns FALSE
T537C 033:265.152 JLINK_IsHalted()
T537C 033:266.630 - 1.476ms returns FALSE
T537C 033:372.788 JLINK_IsHalted()
T537C 033:374.548 - 1.759ms returns FALSE
T537C 033:374.644 JLINK_IsHalted()
T537C 033:376.426 - 1.778ms returns FALSE
T537C 033:481.834 JLINK_IsHalted()
T537C 033:485.302 - 3.464ms returns FALSE
T537C 033:485.398 JLINK_IsHalted()
T537C 033:487.446 - 2.047ms returns FALSE
T1488 033:576.172 JLINK_IsHalted()
T1488 033:578.056 - 1.879ms returns FALSE
T1488 033:578.132 JLINK_IsHalted()
T1488 033:580.024 - 1.891ms returns FALSE
T537C 033:591.016 JLINK_IsHalted()
T537C 033:592.544 - 1.524ms returns FALSE
T537C 033:592.656 JLINK_IsHalted()
T537C 033:594.132 - 1.474ms returns FALSE
T537C 033:700.588 JLINK_IsHalted()
T537C 033:702.248 - 1.660ms returns FALSE
T537C 033:702.312 JLINK_IsHalted()
T537C 033:704.472 - 2.159ms returns FALSE
T537C 033:810.708 JLINK_IsHalted()
T537C 033:812.592 - 1.882ms returns FALSE
T537C 033:812.676 JLINK_IsHalted()
T537C 033:814.312 - 1.635ms returns FALSE
T537C 033:919.348 JLINK_IsHalted()
T537C 033:920.832 - 1.483ms returns FALSE
T537C 033:920.936 JLINK_IsHalted()
T537C 033:922.440 - 1.499ms returns FALSE
T537C 034:029.196 JLINK_IsHalted()
T537C 034:030.428 - 1.235ms returns FALSE
T537C 034:030.580 JLINK_IsHalted()
T537C 034:032.260 - 1.676ms returns FALSE
T537C 034:137.712 JLINK_IsHalted()
T537C 034:140.104 - 2.389ms returns FALSE
T537C 034:140.224 JLINK_IsHalted()
T537C 034:142.304 - 2.079ms returns FALSE
T537C 034:247.052 JLINK_IsHalted()
T537C 034:248.736 - 1.682ms returns FALSE
T537C 034:248.808 JLINK_IsHalted()
T537C 034:250.280 - 1.471ms returns FALSE
T537C 034:357.008 JLINK_IsHalted()
T537C 034:358.944 - 1.933ms returns FALSE
T537C 034:359.036 JLINK_IsHalted()
T537C 034:360.824 - 1.782ms returns FALSE
T537C 034:466.120 JLINK_IsHalted()
T537C 034:469.032 - 2.909ms returns FALSE
T537C 034:469.152 JLINK_IsHalted()
T537C 034:470.664 - 1.508ms returns FALSE
T537C 034:575.600 JLINK_IsHalted()
T537C 034:577.416 - 1.816ms returns FALSE
T537C 034:577.536 JLINK_IsHalted()
T537C 034:579.288 - 1.750ms returns FALSE
T1488 034:581.288 JLINK_IsHalted()
T1488 034:583.612 - 2.328ms returns FALSE
T1488 034:583.740 JLINK_IsHalted()
T1488 034:585.328 - 1.584ms returns FALSE
T537C 034:685.348 JLINK_IsHalted()
T537C 034:687.184 - 1.834ms returns FALSE
T537C 034:687.304 JLINK_IsHalted()
T537C 034:689.376 - 2.069ms returns FALSE
T537C 034:794.664 JLINK_IsHalted()
T537C 034:796.852 - 2.184ms returns FALSE
T537C 034:796.984 JLINK_IsHalted()
T537C 034:798.748 - 1.760ms returns FALSE
T537C 034:903.608 JLINK_IsHalted()
T537C 034:905.228 - 1.620ms returns FALSE
T537C 034:905.352 JLINK_IsHalted()
T537C 034:907.080 - 1.730ms returns FALSE
T537C 035:013.048 JLINK_IsHalted()
T537C 035:015.000 - 1.949ms returns FALSE
T537C 035:015.076 JLINK_IsHalted()
T537C 035:016.836 - 1.760ms returns FALSE
T537C 035:122.732 JLINK_IsHalted()
T537C 035:124.500 - 1.765ms returns FALSE
T537C 035:124.572 JLINK_IsHalted()
T537C 035:126.484 - 1.907ms returns FALSE
T537C 035:232.352 JLINK_IsHalted()
T537C 035:235.756 - 3.404ms returns FALSE
T537C 035:235.832 JLINK_IsHalted()
T537C 035:237.428 - 1.591ms returns FALSE
T537C 035:341.548 JLINK_IsHalted()
T537C 035:343.344 - 1.793ms returns FALSE
T537C 035:343.416 JLINK_IsHalted()
T537C 035:345.324 - 1.903ms returns FALSE
T537C 035:450.348 JLINK_IsHalted()
T537C 035:451.756 - 1.406ms returns FALSE
T537C 035:451.844 JLINK_IsHalted()
T537C 035:453.596 - 1.750ms returns FALSE
T537C 035:560.568 JLINK_IsHalted()
T537C 035:562.316 - 1.744ms returns FALSE
T537C 035:562.424 JLINK_IsHalted()
T537C 035:564.148 - 1.724ms returns FALSE
T1488 035:586.232 JLINK_IsHalted()
T1488 035:587.980 - 1.747ms returns FALSE
T1488 035:588.056 JLINK_IsHalted()
T1488 035:590.088 - 2.030ms returns FALSE
T537C 035:669.252 JLINK_IsHalted()
T537C 035:671.424 - 2.170ms returns FALSE
T537C 035:671.496 JLINK_IsHalted()
T537C 035:673.468 - 1.971ms returns FALSE
T537C 035:779.020 JLINK_IsHalted()
T537C 035:780.488 - 1.468ms returns FALSE
T537C 035:780.576 JLINK_IsHalted()
T537C 035:782.060 - 1.482ms returns FALSE
T537C 035:888.492 JLINK_IsHalted()
T537C 035:889.992 - 1.497ms returns FALSE
T537C 035:890.088 JLINK_IsHalted()
T537C 035:891.868 - 1.776ms returns FALSE
T537C 035:997.928 JLINK_IsHalted()
T537C 035:999.848 - 1.919ms returns FALSE
T537C 036:000.000 JLINK_IsHalted()
T537C 036:001.728 - 1.724ms returns FALSE
T537C 036:107.448 JLINK_IsHalted()
T537C 036:109.384 - 1.934ms returns FALSE
T537C 036:109.540 JLINK_IsHalted()
T537C 036:110.984 - 1.442ms returns FALSE
T537C 036:216.516 JLINK_IsHalted()
T537C 036:218.168 - 1.650ms returns FALSE
T537C 036:218.264 JLINK_IsHalted()
T537C 036:219.928 - 1.662ms returns FALSE
T537C 036:325.776 JLINK_IsHalted()
T537C 036:328.708 - 2.928ms returns FALSE
T537C 036:328.804 JLINK_IsHalted()
T537C 036:330.328 - 1.518ms returns FALSE
T537C 036:435.276 JLINK_IsHalted()
T537C 036:437.084 - 1.806ms returns FALSE
T537C 036:437.196 JLINK_IsHalted()
T537C 036:438.648 - 1.449ms returns FALSE
T537C 036:545.060 JLINK_IsHalted()
T537C 036:548.260 - 3.199ms returns FALSE
T537C 036:548.360 JLINK_IsHalted()
T537C 036:550.072 - 1.711ms returns FALSE
T1488 036:590.380 JLINK_IsHalted()
T1488 036:592.904 - 2.521ms returns FALSE
T1488 036:593.016 JLINK_IsHalted()
T1488 036:594.760 - 1.743ms returns FALSE
T537C 036:653.416 JLINK_IsHalted()
T537C 036:655.096 - 1.677ms returns FALSE
T537C 036:655.200 JLINK_IsHalted()
T537C 036:657.256 - 2.053ms returns FALSE
T537C 036:763.312 JLINK_IsHalted()
T537C 036:764.712 - 1.396ms returns FALSE
T537C 036:764.808 JLINK_IsHalted()
T537C 036:766.608 - 1.800ms returns FALSE
T537C 036:872.624 JLINK_IsHalted()
T537C 036:874.412 - 1.787ms returns FALSE
T537C 036:874.520 JLINK_IsHalted()
T537C 036:876.328 - 1.811ms returns FALSE
T537C 036:982.376 JLINK_IsHalted()
T537C 036:983.848 - 1.471ms returns FALSE
T537C 036:983.948 JLINK_IsHalted()
T537C 036:985.524 - 1.573ms returns FALSE
T537C 037:092.004 JLINK_IsHalted()
T537C 037:093.472 - 1.468ms returns FALSE
T537C 037:093.572 JLINK_IsHalted()
T537C 037:095.312 - 1.742ms returns FALSE
T537C 037:200.788 JLINK_IsHalted()
T537C 037:203.096 - 2.306ms returns FALSE
T537C 037:203.192 JLINK_IsHalted()
T537C 037:204.880 - 1.690ms returns FALSE
T537C 037:309.720 JLINK_IsHalted()
T537C 037:311.604 - 1.880ms returns FALSE
T537C 037:311.660 JLINK_IsHalted()
T537C 037:313.656 - 1.990ms returns FALSE
T537C 037:419.388 JLINK_IsHalted()
T537C 037:420.740 - 1.348ms returns FALSE
T537C 037:420.856 JLINK_IsHalted()
T537C 037:422.648 - 1.786ms returns FALSE
T537C 037:528.620 JLINK_IsHalted()
T537C 037:530.200 - 1.574ms returns FALSE
T537C 037:530.344 JLINK_IsHalted()
T537C 037:531.972 - 1.624ms returns FALSE
T1488 037:596.220 JLINK_IsHalted()
T1488 037:597.796 - 1.572ms returns FALSE
T1488 037:597.900 JLINK_IsHalted()
T1488 037:599.796 - 1.891ms returns FALSE
T537C 037:637.928 JLINK_IsHalted()
T537C 037:639.132 - 1.205ms returns FALSE
T537C 037:639.240 JLINK_IsHalted()
T537C 037:641.152 - 1.910ms returns FALSE
T537C 037:747.756 JLINK_IsHalted()
T537C 037:751.316 - 3.559ms returns FALSE
T537C 037:751.440 JLINK_IsHalted()
T537C 037:752.840 - 1.398ms returns FALSE
T537C 037:856.972 JLINK_IsHalted()
T537C 037:859.452 - 2.477ms returns FALSE
T537C 037:859.572 JLINK_IsHalted()
T537C 037:860.952 - 1.378ms returns FALSE
T537C 037:965.976 JLINK_IsHalted()
T537C 037:967.648 - 1.669ms returns FALSE
T537C 037:967.768 JLINK_IsHalted()
T537C 037:969.360 - 1.592ms returns FALSE
T537C 038:076.100 JLINK_IsHalted()
T537C 038:077.332 - 1.233ms returns FALSE
T537C 038:077.424 JLINK_IsHalted()
T537C 038:079.184 - 1.758ms returns FALSE
T537C 038:185.480 JLINK_IsHalted()
T537C 038:187.096 - 1.617ms returns FALSE
T537C 038:187.176 JLINK_IsHalted()
T537C 038:188.980 - 1.799ms returns FALSE
T537C 038:294.696 JLINK_IsHalted()
T537C 038:296.996 - 2.295ms returns FALSE
T537C 038:297.104 JLINK_IsHalted()
T537C 038:298.672 - 1.563ms returns FALSE
T537C 038:403.764 JLINK_IsHalted()
T537C 038:405.676 - 1.911ms returns FALSE
T537C 038:405.776 JLINK_IsHalted()
T537C 038:407.596 - 1.817ms returns FALSE
T537C 038:512.936 JLINK_IsHalted()
T537C 038:515.752 - 2.813ms returns FALSE
T537C 038:515.848 JLINK_IsHalted()
T537C 038:517.648 - 1.799ms returns FALSE
T1488 038:600.872 JLINK_IsHalted()
T1488 038:601.928 - 1.057ms returns FALSE
T1488 038:602.008 JLINK_IsHalted()
T1488 038:603.916 - 1.910ms returns FALSE
T537C 038:622.704 JLINK_IsHalted()
T537C 038:624.284 - 1.579ms returns FALSE
T537C 038:624.376 JLINK_IsHalted()
T537C 038:626.144 - 1.763ms returns FALSE
T537C 038:732.264 JLINK_IsHalted()
T537C 038:734.056 - 1.789ms returns FALSE
T537C 038:734.148 JLINK_IsHalted()
T537C 038:735.640 - 1.492ms returns FALSE
T537C 038:840.904 JLINK_IsHalted()
T537C 038:844.576 - 3.669ms returns FALSE
T537C 038:844.664 JLINK_IsHalted()
T537C 038:846.224 - 1.556ms returns FALSE
T537C 038:950.384 JLINK_IsHalted()
T537C 038:952.568 - 2.176ms returns FALSE
T537C 038:952.660 JLINK_IsHalted()
T537C 038:954.552 - 1.887ms returns FALSE
T537C 039:060.548 JLINK_IsHalted()
T537C 039:062.196 - 1.649ms returns FALSE
T537C 039:062.296 JLINK_IsHalted()
T537C 039:063.752 - 1.458ms returns FALSE
T537C 039:169.440 JLINK_IsHalted()
T537C 039:171.532 - 2.095ms returns FALSE
T537C 039:171.616 JLINK_IsHalted()
T537C 039:173.288 - 1.672ms returns FALSE
T537C 039:278.348 JLINK_IsHalted()
T537C 039:280.356 - 2.002ms returns FALSE
T537C 039:280.424 JLINK_IsHalted()
T537C 039:282.040 - 1.613ms returns FALSE
T537C 039:388.360 JLINK_IsHalted()
T537C 039:390.280 - 1.915ms returns FALSE
T537C 039:390.388 JLINK_IsHalted()
T537C 039:394.136 - 3.748ms returns FALSE
T537C 039:497.400 JLINK_IsHalted()
T537C 039:499.256 - 1.860ms returns FALSE
T537C 039:499.368 JLINK_IsHalted()
T537C 039:501.116 - 1.746ms returns FALSE
T1488 039:604.832 JLINK_IsHalted()
T1488 039:606.116 - 1.282ms returns FALSE
T1488 039:606.280 JLINK_IsHalted()
T1488 039:607.656 - 1.374ms returns FALSE
T537C 039:607.816 JLINK_IsHalted()
T537C 039:609.656 - 1.839ms returns FALSE
T537C 039:609.748 JLINK_IsHalted()
T537C 039:611.428 - 1.679ms returns FALSE
T537C 039:716.860 JLINK_IsHalted()
T537C 039:719.752 - 2.888ms returns FALSE
T537C 039:719.864 JLINK_IsHalted()
T537C 039:721.584 - 1.717ms returns FALSE
T537C 039:825.300 JLINK_IsHalted()
T537C 039:827.304 - 2.004ms returns FALSE
T537C 039:827.416 JLINK_IsHalted()
T537C 039:828.940 - 1.524ms returns FALSE
T537C 039:934.992 JLINK_IsHalted()
T537C 039:938.456 - 3.461ms returns FALSE
T537C 039:938.612 JLINK_IsHalted()
T537C 039:940.264 - 1.649ms returns FALSE
T537C 040:044.104 JLINK_IsHalted()
T537C 040:045.840 - 1.736ms returns FALSE
T537C 040:045.920 JLINK_IsHalted()
T537C 040:047.384 - 1.463ms returns FALSE
T537C 040:153.416 JLINK_IsHalted()
T537C 040:155.320 - 1.901ms returns FALSE
T537C 040:155.400 JLINK_IsHalted()
T537C 040:156.996 - 1.592ms returns FALSE
T537C 040:262.856 JLINK_IsHalted()
T537C 040:265.244 - 2.387ms returns FALSE
T537C 040:265.320 JLINK_IsHalted()
T537C 040:267.244 - 1.919ms returns FALSE
T537C 040:373.004 JLINK_IsHalted()
T537C 040:374.940 - 1.935ms returns FALSE
T537C 040:375.028 JLINK_IsHalted()
T537C 040:376.748 - 1.720ms returns FALSE
T537C 040:482.280 JLINK_IsHalted()
T537C 040:483.696 - 1.414ms returns FALSE
T537C 040:483.800 JLINK_IsHalted()
T537C 040:485.544 - 1.738ms returns FALSE
T537C 040:591.064 JLINK_IsHalted()
T537C 040:593.000 - 1.939ms returns FALSE
T537C 040:593.096 JLINK_IsHalted()
T537C 040:596.572 - 3.476ms returns FALSE
T1488 040:608.120 JLINK_IsHalted()
T1488 040:610.500 - 2.380ms returns FALSE
T1488 040:610.600 JLINK_IsHalted()
T1488 040:612.116 - 1.513ms returns FALSE
T537C 040:700.488 JLINK_IsHalted()
T537C 040:702.120 - 1.629ms returns FALSE
T537C 040:702.216 JLINK_IsHalted()
T537C 040:703.840 - 1.623ms returns FALSE
T537C 040:810.560 JLINK_IsHalted()
T537C 040:812.696 - 2.134ms returns FALSE
T537C 040:812.796 JLINK_IsHalted()
T537C 040:814.456 - 1.655ms returns FALSE
T537C 040:919.780 JLINK_IsHalted()
T537C 040:923.112 - 3.331ms returns FALSE
T537C 040:923.264 JLINK_IsHalted()
T537C 040:925.092 - 1.828ms returns FALSE
T537C 041:029.072 JLINK_IsHalted()
T537C 041:030.456 - 1.380ms returns FALSE
T537C 041:030.552 JLINK_IsHalted()
T537C 041:032.092 - 1.537ms returns FALSE
T537C 041:137.816 JLINK_IsHalted()
T537C 041:139.812 - 1.990ms returns FALSE
T537C 041:139.916 JLINK_IsHalted()
T537C 041:141.728 - 1.806ms returns FALSE
T537C 041:247.940 JLINK_IsHalted()
T537C 041:249.980 - 2.041ms returns FALSE
T537C 041:250.080 JLINK_IsHalted()
T537C 041:251.704 - 1.626ms returns FALSE
T537C 041:357.044 JLINK_IsHalted()
T537C 041:359.172 - 2.129ms returns FALSE
T537C 041:359.284 JLINK_IsHalted()
T537C 041:360.892 - 1.608ms returns FALSE
T537C 041:466.032 JLINK_IsHalted()
T537C 041:468.044 - 2.013ms returns FALSE
T537C 041:468.156 JLINK_IsHalted()
T537C 041:471.544 - 3.386ms returns FALSE
T537C 041:575.752 JLINK_IsHalted()
T537C 041:578.440 - 2.683ms returns FALSE
T537C 041:578.536 JLINK_IsHalted()
T537C 041:580.504 - 1.967ms returns FALSE
T1488 041:612.596 JLINK_IsHalted()
T1488 041:613.672 - 1.076ms returns FALSE
T1488 041:613.772 JLINK_IsHalted()
T1488 041:615.512 - 1.738ms returns FALSE
T537C 041:685.316 JLINK_IsHalted()
T537C 041:686.684 - 1.368ms returns FALSE
T537C 041:686.792 JLINK_IsHalted()
T537C 041:688.820 - 2.024ms returns FALSE
T537C 041:794.764 JLINK_IsHalted()
T537C 041:796.168 - 1.397ms returns FALSE
T537C 041:796.300 JLINK_IsHalted()
T537C 041:798.248 - 1.945ms returns FALSE
T537C 041:904.216 JLINK_IsHalted()
T537C 041:905.284 - 1.064ms returns FALSE
T537C 041:905.384 JLINK_IsHalted()
T537C 041:907.460 - 2.074ms returns FALSE
T537C 042:013.112 JLINK_IsHalted()
T537C 042:015.096 - 1.982ms returns FALSE
T537C 042:015.224 JLINK_IsHalted()
T537C 042:017.120 - 1.896ms returns FALSE
T537C 042:122.860 JLINK_IsHalted()
T537C 042:126.124 - 3.265ms returns FALSE
T537C 042:126.212 JLINK_IsHalted()
T537C 042:128.196 - 1.981ms returns FALSE
T537C 042:231.580 JLINK_IsHalted()
T537C 042:233.556 - 1.974ms returns FALSE
T537C 042:233.624 JLINK_IsHalted()
T537C 042:235.364 - 1.732ms returns FALSE
T537C 042:341.284 JLINK_IsHalted()
T537C 042:343.320 - 2.036ms returns FALSE
T537C 042:343.460 JLINK_IsHalted()
T537C 042:345.128 - 1.665ms returns FALSE
T537C 042:451.280 JLINK_IsHalted()
T537C 042:453.200 - 1.922ms returns FALSE
T537C 042:453.296 JLINK_IsHalted()
T537C 042:455.132 - 1.834ms returns FALSE
T537C 042:560.100 JLINK_IsHalted()
T537C 042:561.380 - 1.278ms returns FALSE
T537C 042:561.564 JLINK_IsHalted()
T537C 042:565.172 - 3.605ms returns FALSE
T1488 042:615.816 JLINK_IsHalted()
T1488 042:617.664 - 1.844ms returns FALSE
T1488 042:617.764 JLINK_IsHalted()
T1488 042:619.700 - 1.935ms returns FALSE
T537C 042:669.220 JLINK_IsHalted()
T537C 042:671.624 - 2.402ms returns FALSE
T537C 042:671.732 JLINK_IsHalted()
T537C 042:673.404 - 1.672ms returns FALSE
T537C 042:779.304 JLINK_IsHalted()
T537C 042:780.660 - 1.352ms returns FALSE
T537C 042:780.808 JLINK_IsHalted()
T537C 042:782.592 - 1.783ms returns FALSE
T537C 042:888.340 JLINK_IsHalted()
T537C 042:891.352 - 3.012ms returns FALSE
T537C 042:891.452 JLINK_IsHalted()
T537C 042:893.084 - 1.628ms returns FALSE
T537C 042:997.956 JLINK_IsHalted()
T537C 042:999.416 - 1.460ms returns FALSE
T537C 042:999.508 JLINK_IsHalted()
T537C 043:001.576 - 2.070ms returns FALSE
T537C 043:107.012 JLINK_IsHalted()
T537C 043:108.488 - 1.473ms returns FALSE
T537C 043:108.648 JLINK_IsHalted()
T537C 043:110.272 - 1.622ms returns FALSE
T537C 043:216.792 JLINK_IsHalted()
T537C 043:219.128 - 2.336ms returns FALSE
T537C 043:219.256 JLINK_IsHalted()
T537C 043:222.672 - 3.416ms returns FALSE
T537C 043:325.976 JLINK_IsHalted()
T537C 043:327.572 - 1.593ms returns FALSE
T537C 043:327.692 JLINK_IsHalted()
T537C 043:329.160 - 1.465ms returns FALSE
T537C 043:435.288 JLINK_IsHalted()
T537C 043:438.872 - 3.581ms returns FALSE
T537C 043:438.972 JLINK_IsHalted()
T537C 043:440.440 - 1.467ms returns FALSE
T537C 043:544.840 JLINK_IsHalted()
T537C 043:547.432 - 2.590ms returns FALSE
T537C 043:547.540 JLINK_IsHalted()
T537C 043:549.176 - 1.633ms returns FALSE
T1488 043:620.676 JLINK_IsHalted()
T1488 043:622.840 - 2.161ms returns FALSE
T1488 043:622.976 JLINK_IsHalted()
T1488 043:624.820 - 1.841ms returns FALSE
T537C 043:654.216 JLINK_IsHalted()
T537C 043:655.848 - 1.633ms returns FALSE
T537C 043:655.948 JLINK_IsHalted()
T537C 043:657.668 - 1.716ms returns FALSE
T537C 043:763.556 JLINK_IsHalted()
T537C 043:765.448 - 1.888ms returns FALSE
T537C 043:765.544 JLINK_IsHalted()
T537C 043:767.300 - 1.752ms returns FALSE
T537C 043:873.048 JLINK_IsHalted()
T537C 043:874.872 - 1.818ms returns FALSE
T537C 043:874.972 JLINK_IsHalted()
T537C 043:878.244 - 3.267ms returns FALSE
T537C 043:982.228 JLINK_IsHalted()
T537C 043:985.456 - 3.230ms returns FALSE
T537C 043:985.556 JLINK_IsHalted()
T537C 043:987.392 - 1.832ms returns FALSE
T537C 044:091.480 JLINK_IsHalted()
T537C 044:093.416 - 1.931ms returns FALSE
T537C 044:093.512 JLINK_IsHalted()
T537C 044:095.220 - 1.707ms returns FALSE
T537C 044:200.256 JLINK_IsHalted()
T537C 044:201.816 - 1.561ms returns FALSE
T537C 044:201.916 JLINK_IsHalted()
T537C 044:203.596 - 1.677ms returns FALSE
T537C 044:309.692 JLINK_IsHalted()
T537C 044:311.752 - 2.057ms returns FALSE
T537C 044:311.832 JLINK_IsHalted()
T537C 044:313.616 - 1.780ms returns FALSE
T537C 044:419.104 JLINK_IsHalted()
T537C 044:421.068 - 1.963ms returns FALSE
T537C 044:421.200 JLINK_IsHalted()
T537C 044:422.976 - 1.774ms returns FALSE
T537C 044:528.796 JLINK_IsHalted()
T537C 044:531.176 - 2.379ms returns FALSE
T537C 044:531.416 JLINK_IsHalted()
T537C 044:533.028 - 1.609ms returns FALSE
T1488 044:625.624 JLINK_IsHalted()
T1488 044:627.016 - 1.388ms returns FALSE
T1488 044:627.144 JLINK_IsHalted()
T1488 044:628.668 - 1.523ms returns FALSE
T537C 044:638.328 JLINK_IsHalted()
T537C 044:640.072 - 1.739ms returns FALSE
T537C 044:640.196 JLINK_IsHalted()
T537C 044:642.000 - 1.801ms returns FALSE
T537C 044:747.464 JLINK_IsHalted()
T537C 044:749.444 - 1.981ms returns FALSE
T537C 044:749.564 JLINK_IsHalted()
T537C 044:751.376 - 1.809ms returns FALSE
T537C 044:857.280 JLINK_IsHalted()
T537C 044:858.936 - 1.653ms returns FALSE
T537C 044:859.056 JLINK_IsHalted()
T537C 044:860.900 - 1.841ms returns FALSE
T537C 044:968.748 JLINK_IsHalted()
T537C 044:970.776 - 2.026ms returns FALSE
T537C 044:970.848 JLINK_IsHalted()
T537C 044:972.604 - 1.756ms returns FALSE
T537C 045:075.252 JLINK_IsHalted()
T537C 045:076.344 - 1.089ms returns FALSE
T537C 045:076.424 JLINK_IsHalted()
T537C 045:078.248 - 1.822ms returns FALSE
T537C 045:185.256 JLINK_IsHalted()
T537C 045:187.256 - 1.997ms returns FALSE
T537C 045:187.336 JLINK_IsHalted()
T537C 045:189.188 - 1.850ms returns FALSE
T537C 045:294.444 JLINK_IsHalted()
T537C 045:296.248 - 1.799ms returns FALSE
T537C 045:296.328 JLINK_IsHalted()
T537C 045:298.124 - 1.799ms returns FALSE
T537C 045:403.624 JLINK_IsHalted()
T537C 045:404.800 - 1.174ms returns FALSE
T537C 045:404.880 JLINK_IsHalted()
T537C 045:406.812 - 1.931ms returns FALSE
T537C 045:513.148 JLINK_IsHalted()
T537C 045:514.592 - 1.439ms returns FALSE
T537C 045:514.684 JLINK_IsHalted()
T537C 045:516.668 - 1.982ms returns FALSE
T537C 045:622.096 JLINK_IsHalted()
T537C 045:624.252 - 2.154ms returns FALSE
T537C 045:624.328 JLINK_IsHalted()
T537C 045:625.768 - 1.436ms returns FALSE
T1488 045:629.016 JLINK_IsHalted()
T1488 045:630.456 - 1.437ms returns FALSE
T1488 045:630.548 JLINK_IsHalted()
T1488 045:633.756 - 3.207ms returns FALSE
T537C 045:732.012 JLINK_IsHalted()
T537C 045:733.700 - 1.684ms returns FALSE
T537C 045:733.800 JLINK_IsHalted()
T537C 045:735.576 - 1.773ms returns FALSE
T537C 045:841.872 JLINK_IsHalted()
T537C 045:843.720 - 1.843ms returns FALSE
T537C 045:843.812 JLINK_IsHalted()
T537C 045:845.652 - 1.839ms returns FALSE
T537C 045:950.636 JLINK_IsHalted()
T537C 045:953.032 - 2.396ms returns FALSE
T537C 045:953.128 JLINK_IsHalted()
T537C 045:954.836 - 1.705ms returns FALSE
T537C 046:060.060 JLINK_IsHalted()
T537C 046:061.876 - 1.812ms returns FALSE
T537C 046:061.964 JLINK_IsHalted()
T537C 046:064.060 - 2.093ms returns FALSE
T537C 046:169.480 JLINK_IsHalted()
T537C 046:171.488 - 2.005ms returns FALSE
T537C 046:171.592 JLINK_IsHalted()
T537C 046:173.464 - 1.871ms returns FALSE
T537C 046:278.372 JLINK_IsHalted()
T537C 046:281.408 - 3.035ms returns FALSE
T537C 046:281.480 JLINK_IsHalted()
T537C 046:283.460 - 1.979ms returns FALSE
T537C 046:388.512 JLINK_IsHalted()
T537C 046:389.864 - 1.350ms returns FALSE
T537C 046:389.984 JLINK_IsHalted()
T537C 046:391.800 - 1.816ms returns FALSE
T537C 046:497.504 JLINK_IsHalted()
T537C 046:499.064 - 1.559ms returns FALSE
T537C 046:499.172 JLINK_IsHalted()
T537C 046:501.256 - 2.080ms returns FALSE
T537C 046:607.148 JLINK_IsHalted()
T537C 046:609.376 - 2.226ms returns FALSE
T537C 046:609.496 JLINK_IsHalted()
T537C 046:611.172 - 1.671ms returns FALSE
T1488 046:634.780 JLINK_IsHalted()
T1488 046:636.348 - 1.566ms returns FALSE
T1488 046:636.444 JLINK_IsHalted()
T1488 046:638.200 - 1.751ms returns FALSE
T537C 046:716.184 JLINK_IsHalted()
T537C 046:717.712 - 1.524ms returns FALSE
T537C 046:717.824 JLINK_IsHalted()
T537C 046:719.416 - 1.588ms returns FALSE
T537C 046:826.228 JLINK_IsHalted()
T537C 046:827.644 - 1.414ms returns FALSE
T537C 046:827.764 JLINK_IsHalted()
T537C 046:829.272 - 1.506ms returns FALSE
T537C 046:935.336 JLINK_IsHalted()
T537C 046:936.692 - 1.353ms returns FALSE
T537C 046:936.796 JLINK_IsHalted()
T537C 046:938.672 - 1.874ms returns FALSE
T537C 047:045.096 JLINK_IsHalted()
T537C 047:048.216 - 3.116ms returns FALSE
T537C 047:048.376 JLINK_IsHalted()
T537C 047:049.984 - 1.609ms returns FALSE
T537C 047:153.732 JLINK_IsHalted()
T537C 047:155.816 - 2.080ms returns FALSE
T537C 047:155.944 JLINK_IsHalted()
T537C 047:157.736 - 1.788ms returns FALSE
T537C 047:263.688 JLINK_IsHalted()
T537C 047:264.932 - 1.244ms returns FALSE
T537C 047:265.048 JLINK_IsHalted()
T537C 047:267.080 - 2.028ms returns FALSE
T537C 047:372.168 JLINK_IsHalted()
T537C 047:373.768 - 1.599ms returns FALSE
T537C 047:373.880 JLINK_IsHalted()
T537C 047:375.916 - 2.036ms returns FALSE
T537C 047:482.168 JLINK_IsHalted()
T537C 047:483.224 - 1.053ms returns FALSE
T537C 047:483.332 JLINK_IsHalted()
T537C 047:485.308 - 1.976ms returns FALSE
T537C 047:591.396 JLINK_IsHalted()
T537C 047:592.568 - 1.169ms returns FALSE
T537C 047:592.688 JLINK_IsHalted()
T537C 047:594.656 - 1.967ms returns FALSE
T1488 047:638.424 JLINK_IsHalted()
T1488 047:639.592 - 1.167ms returns FALSE
T1488 047:639.692 JLINK_IsHalted()
T1488 047:641.488 - 1.792ms returns FALSE
T537C 047:700.684 JLINK_IsHalted()
T537C 047:702.376 - 1.692ms returns FALSE
T537C 047:702.496 JLINK_IsHalted()
T537C 047:704.076 - 1.579ms returns FALSE
T537C 047:810.308 JLINK_IsHalted()
T537C 047:811.540 - 1.229ms returns FALSE
T537C 047:811.652 JLINK_IsHalted()
T537C 047:815.160 - 3.508ms returns FALSE
T537C 047:918.980 JLINK_IsHalted()
T537C 047:920.496 - 1.515ms returns FALSE
T537C 047:920.568 JLINK_IsHalted()
T537C 047:922.008 - 1.434ms returns FALSE
T537C 048:028.640 JLINK_IsHalted()
T537C 048:029.772 - 1.133ms returns FALSE
T537C 048:029.892 JLINK_IsHalted()
T537C 048:031.644 - 1.752ms returns FALSE
T537C 048:138.124 JLINK_IsHalted()
T537C 048:141.648 - 3.520ms returns FALSE
T537C 048:141.712 JLINK_IsHalted()
T537C 048:143.336 - 1.619ms returns FALSE
T537C 048:247.636 JLINK_IsHalted()
T537C 048:249.112 - 1.474ms returns FALSE
T537C 048:249.196 JLINK_IsHalted()
T537C 048:251.208 - 2.013ms returns FALSE
T537C 048:356.504 JLINK_IsHalted()
T537C 048:357.636 - 1.132ms returns FALSE
T537C 048:357.720 JLINK_IsHalted()
T537C 048:359.672 - 1.949ms returns FALSE
T537C 048:466.300 JLINK_IsHalted()
T537C 048:469.112 - 2.811ms returns FALSE
T537C 048:469.212 JLINK_IsHalted()
T537C 048:470.684 - 1.468ms returns FALSE
T537C 048:576.056 JLINK_IsHalted()
T537C 048:577.896 - 1.836ms returns FALSE
T537C 048:578.000 JLINK_IsHalted()
T537C 048:579.844 - 1.841ms returns FALSE
T1488 048:642.416 JLINK_IsHalted()
T1488 048:644.132 - 1.715ms returns FALSE
T1488 048:644.232 JLINK_IsHalted()
T1488 048:645.940 - 1.707ms returns FALSE
T537C 048:685.300 JLINK_IsHalted()
T537C 048:687.412 - 2.111ms returns FALSE
T537C 048:687.516 JLINK_IsHalted()
T537C 048:689.048 - 1.531ms returns FALSE
T537C 048:794.296 JLINK_IsHalted()
T537C 048:795.880 - 1.577ms returns FALSE
T537C 048:795.976 JLINK_IsHalted()
T537C 048:797.544 - 1.567ms returns FALSE
T537C 048:904.060 JLINK_IsHalted()
T537C 048:905.696 - 1.634ms returns FALSE
T537C 048:905.808 JLINK_IsHalted()
T537C 048:907.448 - 1.636ms returns FALSE
T537C 049:012.792 JLINK_IsHalted()
T537C 049:014.088 - 1.297ms returns FALSE
T537C 049:014.184 JLINK_IsHalted()
T537C 049:015.796 - 1.607ms returns FALSE
T537C 049:122.316 JLINK_IsHalted()
T537C 049:124.072 - 1.752ms returns FALSE
T537C 049:124.176 JLINK_IsHalted()
T537C 049:125.948 - 1.769ms returns FALSE
T537C 049:231.624 JLINK_IsHalted()
T537C 049:233.672 - 2.045ms returns FALSE
T537C 049:233.760 JLINK_IsHalted()
T537C 049:235.652 - 1.889ms returns FALSE
T537C 049:341.480 JLINK_IsHalted()
T537C 049:343.392 - 1.910ms returns FALSE
T537C 049:343.496 JLINK_IsHalted()
T537C 049:345.252 - 1.752ms returns FALSE
T537C 049:450.668 JLINK_IsHalted()
T537C 049:452.772 - 2.101ms returns FALSE
T537C 049:452.868 JLINK_IsHalted()
T537C 049:454.812 - 1.941ms returns FALSE
T537C 049:560.692 JLINK_IsHalted()
T537C 049:563.224 - 2.527ms returns FALSE
T537C 049:563.380 JLINK_IsHalted()
T537C 049:565.376 - 1.997ms returns FALSE
T1488 049:646.116 JLINK_IsHalted()
T1488 049:647.920 - 1.805ms returns FALSE
T1488 049:648.032 JLINK_IsHalted()
T1488 049:649.748 - 1.713ms returns FALSE
T537C 049:669.768 JLINK_IsHalted()
T537C 049:671.744 - 1.974ms returns FALSE
T537C 049:671.928 JLINK_IsHalted()
T537C 049:673.580 - 1.651ms returns FALSE
T537C 049:778.620 JLINK_IsHalted()
T537C 049:779.664 - 1.042ms returns FALSE
T537C 049:779.760 JLINK_IsHalted()
T537C 049:781.464 - 1.699ms returns FALSE
T537C 049:887.888 JLINK_IsHalted()
T537C 049:889.968 - 2.080ms returns FALSE
T537C 049:890.048 JLINK_IsHalted()
T537C 049:891.416 - 1.368ms returns FALSE
T537C 049:997.684 JLINK_IsHalted()
T537C 049:999.400 - 1.712ms returns FALSE
T537C 049:999.464 JLINK_IsHalted()
T537C 050:000.932 - 1.467ms returns FALSE
T537C 050:106.628 JLINK_IsHalted()
T537C 050:110.296 - 3.667ms returns FALSE
T537C 050:110.476 JLINK_IsHalted()
T537C 050:112.140 - 1.663ms returns FALSE
T537C 050:216.484 JLINK_IsHalted()
T537C 050:217.872 - 1.390ms returns FALSE
T537C 050:217.960 JLINK_IsHalted()
T537C 050:219.720 - 1.757ms returns FALSE
T537C 050:326.116 JLINK_IsHalted()
T537C 050:327.512 - 1.396ms returns FALSE
T537C 050:327.604 JLINK_IsHalted()
T537C 050:329.192 - 1.585ms returns FALSE
T537C 050:435.496 JLINK_IsHalted()
T537C 050:437.456 - 1.959ms returns FALSE
T537C 050:437.548 JLINK_IsHalted()
T537C 050:439.336 - 1.786ms returns FALSE
T537C 050:544.932 JLINK_IsHalted()
T537C 050:546.896 - 1.964ms returns FALSE
T537C 050:546.984 JLINK_IsHalted()
T537C 050:548.644 - 1.656ms returns FALSE
T1488 050:649.992 JLINK_IsHalted()
T1488 050:651.412 - 1.419ms returns FALSE
T1488 050:651.528 JLINK_IsHalted()
T1488 050:653.164 - 1.636ms returns FALSE
T537C 050:653.632 JLINK_IsHalted()
T537C 050:654.952 - 1.320ms returns FALSE
T537C 050:655.052 JLINK_IsHalted()
T537C 050:657.048 - 1.990ms returns FALSE
T537C 050:763.184 JLINK_IsHalted()
T537C 050:765.096 - 1.907ms returns FALSE
T537C 050:765.192 JLINK_IsHalted()
T537C 050:766.784 - 1.588ms returns FALSE
T537C 050:872.452 JLINK_IsHalted()
T537C 050:874.528 - 2.073ms returns FALSE
T537C 050:874.616 JLINK_IsHalted()
T537C 050:876.456 - 1.838ms returns FALSE
T537C 050:981.728 JLINK_IsHalted()
T537C 050:982.876 - 1.145ms returns FALSE
T537C 050:982.976 JLINK_IsHalted()
T537C 050:984.676 - 1.697ms returns FALSE
T537C 051:091.512 JLINK_IsHalted()
T537C 051:092.552 - 1.040ms returns FALSE
T537C 051:092.640 JLINK_IsHalted()
T537C 051:094.344 - 1.705ms returns FALSE
T537C 051:201.112 JLINK_IsHalted()
T537C 051:202.648 - 1.535ms returns FALSE
T537C 051:202.732 JLINK_IsHalted()
T537C 051:204.620 - 1.887ms returns FALSE
T537C 051:310.224 JLINK_IsHalted()
T537C 051:312.128 - 1.903ms returns FALSE
T537C 051:312.260 JLINK_IsHalted()
T537C 051:314.036 - 1.776ms returns FALSE
T537C 051:419.112 JLINK_IsHalted()
T537C 051:421.664 - 2.550ms returns FALSE
T537C 051:421.844 JLINK_IsHalted()
T537C 051:423.324 - 1.482ms returns FALSE
T537C 051:528.868 JLINK_IsHalted()
T537C 051:530.856 - 1.985ms returns FALSE
T537C 051:531.032 JLINK_IsHalted()
T537C 051:532.620 - 1.590ms returns FALSE
T537C 051:638.300 JLINK_IsHalted()
T537C 051:639.832 - 1.529ms returns FALSE
T537C 051:639.928 JLINK_IsHalted()
T537C 051:641.484 - 1.559ms returns FALSE
T1488 051:654.628 JLINK_IsHalted()
T1488 051:656.748 - 2.121ms returns FALSE
T1488 051:656.920 JLINK_IsHalted()
T1488 051:658.760 - 1.840ms returns FALSE
T537C 051:747.592 JLINK_IsHalted()
T537C 051:749.376 - 1.782ms returns FALSE
T537C 051:749.472 JLINK_IsHalted()
T537C 051:750.956 - 1.483ms returns FALSE
T537C 051:857.052 JLINK_IsHalted()
T537C 051:860.408 - 3.348ms returns FALSE
T537C 051:860.540 JLINK_IsHalted()
T537C 051:862.568 - 2.025ms returns FALSE
T537C 051:965.924 JLINK_IsHalted()
T537C 051:967.736 - 1.812ms returns FALSE
T537C 051:967.836 JLINK_IsHalted()
T537C 051:969.260 - 1.424ms returns FALSE
T537C 052:075.644 JLINK_IsHalted()
T537C 052:077.112 - 1.468ms returns FALSE
T537C 052:077.204 JLINK_IsHalted()
T537C 052:079.028 - 1.823ms returns FALSE
T537C 052:185.576 JLINK_IsHalted()
T537C 052:187.000 - 1.421ms returns FALSE
T537C 052:187.080 JLINK_IsHalted()
T537C 052:189.204 - 2.120ms returns FALSE
T537C 052:294.780 JLINK_IsHalted()
T537C 052:296.184 - 1.401ms returns FALSE
T537C 052:296.272 JLINK_IsHalted()
T537C 052:298.024 - 1.751ms returns FALSE
T537C 052:404.080 JLINK_IsHalted()
T537C 052:406.092 - 2.014ms returns FALSE
T537C 052:406.200 JLINK_IsHalted()
T537C 052:407.760 - 1.558ms returns FALSE
T537C 052:513.388 JLINK_IsHalted()
T537C 052:514.720 - 1.331ms returns FALSE
T537C 052:514.808 JLINK_IsHalted()
T537C 052:516.520 - 1.707ms returns FALSE
T537C 052:622.600 JLINK_IsHalted()
T537C 052:626.432 - 3.833ms returns FALSE
T537C 052:626.520 JLINK_IsHalted()
T537C 052:628.104 - 1.580ms returns FALSE
T1488 052:658.840 JLINK_IsHalted()
T1488 052:660.216 - 1.375ms returns FALSE
T1488 052:660.344 JLINK_IsHalted()
T1488 052:662.212 - 1.868ms returns FALSE
T537C 052:731.640 JLINK_IsHalted()
T537C 052:733.308 - 1.671ms returns FALSE
T537C 052:733.416 JLINK_IsHalted()
T537C 052:735.208 - 1.789ms returns FALSE
T537C 052:841.112 JLINK_IsHalted()
T537C 052:844.572 - 3.458ms returns FALSE
T537C 052:844.688 JLINK_IsHalted()
T537C 052:846.348 - 1.661ms returns FALSE
T537C 052:950.632 JLINK_IsHalted()
T537C 052:952.792 - 2.159ms returns FALSE
T537C 052:952.884 JLINK_IsHalted()
T537C 052:954.664 - 1.778ms returns FALSE
T537C 053:059.800 JLINK_IsHalted()
T537C 053:061.116 - 1.314ms returns FALSE
T537C 053:061.212 JLINK_IsHalted()
T537C 053:062.848 - 1.634ms returns FALSE
T537C 053:168.980 JLINK_IsHalted()
T537C 053:170.900 - 1.919ms returns FALSE
T537C 053:170.992 JLINK_IsHalted()
T537C 053:172.944 - 1.952ms returns FALSE
T537C 053:278.792 JLINK_IsHalted()
T537C 053:280.956 - 2.165ms returns FALSE
T537C 053:281.052 JLINK_IsHalted()
T537C 053:282.936 - 1.881ms returns FALSE
T537C 053:387.832 JLINK_IsHalted()
T537C 053:390.908 - 3.078ms returns FALSE
T537C 053:391.004 JLINK_IsHalted()
T537C 053:392.788 - 1.778ms returns FALSE
T537C 053:497.268 JLINK_IsHalted()
T537C 053:499.220 - 1.950ms returns FALSE
T537C 053:499.312 JLINK_IsHalted()
T537C 053:501.128 - 1.809ms returns FALSE
T537C 053:606.916 JLINK_IsHalted()
T537C 053:609.224 - 2.310ms returns FALSE
T537C 053:609.332 JLINK_IsHalted()
T537C 053:611.124 - 1.792ms returns FALSE
T1488 053:663.412 JLINK_IsHalted()
T1488 053:664.756 - 1.343ms returns FALSE
T1488 053:664.852 JLINK_IsHalted()
T1488 053:666.568 - 1.712ms returns FALSE
T537C 053:716.600 JLINK_IsHalted()
T537C 053:717.804 - 1.197ms returns FALSE
T537C 053:717.912 JLINK_IsHalted()
T537C 053:719.680 - 1.761ms returns FALSE
T537C 053:825.528 JLINK_IsHalted()
T537C 053:827.640 - 2.107ms returns FALSE
T537C 053:827.808 JLINK_IsHalted()
T537C 053:831.252 - 3.443ms returns FALSE
T537C 053:935.724 JLINK_IsHalted()
T537C 053:937.452 - 1.727ms returns FALSE
T537C 053:937.548 JLINK_IsHalted()
T537C 053:939.480 - 1.932ms returns FALSE
T537C 054:045.096 JLINK_IsHalted()
T537C 054:047.032 - 1.936ms returns FALSE
T537C 054:047.128 JLINK_IsHalted()
T537C 054:049.016 - 1.885ms returns FALSE
T537C 054:153.632 JLINK_IsHalted()
T537C 054:155.564 - 1.930ms returns FALSE
T537C 054:155.720 JLINK_IsHalted()
T537C 054:157.548 - 1.834ms returns FALSE
T537C 054:263.572 JLINK_IsHalted()
T537C 054:265.112 - 1.541ms returns FALSE
T537C 054:265.240 JLINK_IsHalted()
T537C 054:267.240 - 1.998ms returns FALSE
T537C 054:373.216 JLINK_IsHalted()
T537C 054:375.244 - 2.025ms returns FALSE
T537C 054:375.348 JLINK_IsHalted()
T537C 054:377.120 - 1.773ms returns FALSE
T537C 054:482.376 JLINK_IsHalted()
T537C 054:484.648 - 2.266ms returns FALSE
T537C 054:484.768 JLINK_IsHalted()
T537C 054:486.592 - 1.824ms returns FALSE
T537C 054:591.272 JLINK_IsHalted()
T537C 054:593.632 - 2.353ms returns FALSE
T537C 054:593.780 JLINK_IsHalted()
T537C 054:595.448 - 1.668ms returns FALSE
T1488 054:667.124 JLINK_IsHalted()
T1488 054:668.460 - 1.335ms returns FALSE
T1488 054:668.616 JLINK_IsHalted()
T1488 054:670.240 - 1.622ms returns FALSE
T537C 054:700.376 JLINK_IsHalted()
T537C 054:702.304 - 1.923ms returns FALSE
T537C 054:702.424 JLINK_IsHalted()
T537C 054:704.184 - 1.756ms returns FALSE
T537C 054:810.536 JLINK_IsHalted()
T537C 054:813.036 - 2.506ms returns FALSE
T537C 054:813.164 JLINK_IsHalted()
T537C 054:814.700 - 1.532ms returns FALSE
T537C 054:919.660 JLINK_IsHalted()
T537C 054:921.100 - 1.437ms returns FALSE
T537C 054:921.224 JLINK_IsHalted()
T537C 054:923.000 - 1.775ms returns FALSE
T537C 055:028.424 JLINK_IsHalted()
T537C 055:030.444 - 2.021ms returns FALSE
T537C 055:030.536 JLINK_IsHalted()
T537C 055:032.376 - 1.841ms returns FALSE
T537C 055:137.964 JLINK_IsHalted()
T537C 055:140.660 - 2.688ms returns FALSE
T537C 055:140.736 JLINK_IsHalted()
T537C 055:142.444 - 1.704ms returns FALSE
T537C 055:247.256 JLINK_IsHalted()
T537C 055:248.716 - 1.458ms returns FALSE
T537C 055:248.808 JLINK_IsHalted()
T537C 055:250.408 - 1.599ms returns FALSE
T537C 055:356.908 JLINK_IsHalted()
T537C 055:358.700 - 1.790ms returns FALSE
T537C 055:358.808 JLINK_IsHalted()
T537C 055:360.448 - 1.637ms returns FALSE
T537C 055:466.796 JLINK_IsHalted()
T537C 055:468.032 - 1.231ms returns FALSE
T537C 055:468.128 JLINK_IsHalted()
T537C 055:470.028 - 1.903ms returns FALSE
T537C 055:575.872 JLINK_IsHalted()
T537C 055:577.912 - 2.039ms returns FALSE
T537C 055:578.016 JLINK_IsHalted()
T537C 055:579.948 - 1.924ms returns FALSE
T1488 055:671.656 JLINK_IsHalted()
T1488 055:673.908 - 2.252ms returns FALSE
T1488 055:673.984 JLINK_IsHalted()
T1488 055:675.744 - 1.757ms returns FALSE
T537C 055:684.648 JLINK_IsHalted()
T537C 055:687.788 - 3.138ms returns FALSE
T537C 055:687.872 JLINK_IsHalted()
T537C 055:690.284 - 2.411ms returns FALSE
T537C 055:794.336 JLINK_IsHalted()
T537C 055:796.376 - 2.040ms returns FALSE
T537C 055:796.472 JLINK_IsHalted()
T537C 055:798.444 - 1.967ms returns FALSE
T537C 055:903.828 JLINK_IsHalted()
T537C 055:906.036 - 2.206ms returns FALSE
T537C 055:906.124 JLINK_IsHalted()
T537C 055:907.832 - 1.703ms returns FALSE
T537C 056:013.600 JLINK_IsHalted()
T537C 056:015.636 - 2.035ms returns FALSE
T537C 056:015.724 JLINK_IsHalted()
T537C 056:017.484 - 1.757ms returns FALSE
T537C 056:122.644 JLINK_IsHalted()
T537C 056:123.744 - 1.102ms returns FALSE
T537C 056:123.832 JLINK_IsHalted()
T537C 056:125.740 - 1.902ms returns FALSE
T537C 056:231.532 JLINK_IsHalted()
T537C 056:233.544 - 2.011ms returns FALSE
T537C 056:233.612 JLINK_IsHalted()
T537C 056:235.404 - 1.791ms returns FALSE
T537C 056:341.880 JLINK_IsHalted()
T537C 056:343.928 - 2.045ms returns FALSE
T537C 056:344.020 JLINK_IsHalted()
T537C 056:345.960 - 1.936ms returns FALSE
T537C 056:450.568 JLINK_IsHalted()
T537C 056:453.032 - 2.465ms returns FALSE
T537C 056:453.132 JLINK_IsHalted()
T537C 056:454.808 - 1.677ms returns FALSE
T537C 056:559.828 JLINK_IsHalted()
T537C 056:561.320 - 1.489ms returns FALSE
T537C 056:561.416 JLINK_IsHalted()
T537C 056:563.176 - 1.755ms returns FALSE
T537C 056:669.420 JLINK_IsHalted()
T537C 056:671.496 - 2.071ms returns FALSE
T537C 056:671.592 JLINK_IsHalted()
T537C 056:673.256 - 1.663ms returns FALSE
T1488 056:676.448 JLINK_IsHalted()
T1488 056:678.200 - 1.757ms returns FALSE
T1488 056:678.316 JLINK_IsHalted()
T1488 056:680.136 - 1.815ms returns FALSE
T537C 056:778.536 JLINK_IsHalted()
T537C 056:780.020 - 1.482ms returns FALSE
T537C 056:780.136 JLINK_IsHalted()
T537C 056:782.072 - 1.940ms returns FALSE
T537C 056:887.924 JLINK_IsHalted()
T537C 056:890.432 - 2.508ms returns FALSE
T537C 056:890.516 JLINK_IsHalted()
T537C 056:892.180 - 1.659ms returns FALSE
T537C 056:998.080 JLINK_IsHalted()
T537C 056:999.848 - 1.767ms returns FALSE
T537C 056:999.956 JLINK_IsHalted()
T537C 057:001.720 - 1.761ms returns FALSE
T537C 057:106.764 JLINK_IsHalted()
T537C 057:107.860 - 1.092ms returns FALSE
T537C 057:107.968 JLINK_IsHalted()
T537C 057:109.900 - 1.928ms returns FALSE
T537C 057:216.864 JLINK_IsHalted()
T537C 057:219.232 - 2.364ms returns FALSE
T537C 057:219.328 JLINK_IsHalted()
T537C 057:220.992 - 1.663ms returns FALSE
T537C 057:325.576 JLINK_IsHalted()
T537C 057:326.528 - 0.954ms returns FALSE
T537C 057:326.616 JLINK_IsHalted()
T537C 057:328.608 - 1.988ms returns FALSE
T537C 057:435.148 JLINK_IsHalted()
T537C 057:438.784 - 3.635ms returns FALSE
T537C 057:438.892 JLINK_IsHalted()
T537C 057:440.556 - 1.659ms returns FALSE
T537C 057:544.300 JLINK_IsHalted()
T537C 057:545.804 - 1.506ms returns FALSE
T537C 057:545.920 JLINK_IsHalted()
T537C 057:547.404 - 1.486ms returns FALSE
T537C 057:653.568 JLINK_IsHalted()
T537C 057:655.392 - 1.819ms returns FALSE
T537C 057:655.500 JLINK_IsHalted()
T537C 057:658.696 - 3.195ms returns FALSE
T1488 057:680.920 JLINK_IsHalted()
T1488 057:682.840 - 1.916ms returns FALSE
T1488 057:682.936 JLINK_IsHalted()
T1488 057:684.812 - 1.874ms returns FALSE
T537C 057:762.988 JLINK_IsHalted()
T537C 057:765.496 - 2.511ms returns FALSE
T537C 057:765.652 JLINK_IsHalted()
T537C 057:767.688 - 2.037ms returns FALSE
T537C 057:872.884 JLINK_IsHalted()
T537C 057:874.028 - 1.146ms returns FALSE
T537C 057:874.112 JLINK_IsHalted()
T537C 057:875.860 - 1.745ms returns FALSE
T537C 057:982.168 JLINK_IsHalted()
T537C 057:985.120 - 2.950ms returns FALSE
T537C 057:985.228 JLINK_IsHalted()
T537C 057:986.924 - 1.690ms returns FALSE
T537C 058:090.968 JLINK_IsHalted()
T537C 058:093.224 - 2.252ms returns FALSE
T537C 058:093.336 JLINK_IsHalted()
T537C 058:095.112 - 1.773ms returns FALSE
T537C 058:200.472 JLINK_IsHalted()
T537C 058:202.124 - 1.652ms returns FALSE
T537C 058:202.228 JLINK_IsHalted()
T537C 058:203.744 - 1.518ms returns FALSE
T537C 058:310.184 JLINK_IsHalted()
T537C 058:312.232 - 2.049ms returns FALSE
T537C 058:312.332 JLINK_IsHalted()
T537C 058:313.880 - 1.546ms returns FALSE
T537C 058:419.144 JLINK_IsHalted()
T537C 058:420.692 - 1.549ms returns FALSE
T537C 058:420.800 JLINK_IsHalted()
T537C 058:422.344 - 1.538ms returns FALSE
T537C 058:528.716 JLINK_IsHalted()
T537C 058:530.644 - 1.925ms returns FALSE
T537C 058:530.740 JLINK_IsHalted()
T537C 058:532.588 - 1.845ms returns FALSE
T537C 058:638.412 JLINK_IsHalted()
T537C 058:640.200 - 1.786ms returns FALSE
T537C 058:640.300 JLINK_IsHalted()
T537C 058:642.056 - 1.753ms returns FALSE
T1488 058:685.384 JLINK_IsHalted()
T1488 058:687.064 - 1.678ms returns FALSE
T1488 058:687.176 JLINK_IsHalted()
T1488 058:688.824 - 1.649ms returns FALSE
T537C 058:748.056 JLINK_IsHalted()
T537C 058:750.240 - 2.183ms returns FALSE
T537C 058:750.336 JLINK_IsHalted()
T537C 058:752.128 - 1.784ms returns FALSE
T537C 058:856.696 JLINK_IsHalted()
T537C 058:858.420 - 1.720ms returns FALSE
T537C 058:858.520 JLINK_IsHalted()
T537C 058:860.288 - 1.760ms returns FALSE
T537C 058:965.972 JLINK_IsHalted()
T537C 058:968.332 - 2.365ms returns FALSE
T537C 058:968.436 JLINK_IsHalted()
T537C 058:970.136 - 1.696ms returns FALSE
T537C 059:075.796 JLINK_IsHalted()
T537C 059:077.704 - 1.902ms returns FALSE
T537C 059:077.792 JLINK_IsHalted()
T537C 059:079.880 - 2.082ms returns FALSE
T537C 059:185.556 JLINK_IsHalted()
T537C 059:187.564 - 2.011ms returns FALSE
T537C 059:187.668 JLINK_IsHalted()
T537C 059:189.408 - 1.738ms returns FALSE
T537C 059:294.328 JLINK_IsHalted()
T537C 059:296.300 - 1.975ms returns FALSE
T537C 059:296.392 JLINK_IsHalted()
T537C 059:297.912 - 1.515ms returns FALSE
T537C 059:404.172 JLINK_IsHalted()
T537C 059:405.544 - 1.369ms returns FALSE
T537C 059:405.620 JLINK_IsHalted()
T537C 059:407.380 - 1.763ms returns FALSE
T537C 059:513.004 JLINK_IsHalted()
T537C 059:514.720 - 1.716ms returns FALSE
T537C 059:514.828 JLINK_IsHalted()
T537C 059:516.280 - 1.450ms returns FALSE
T537C 059:623.252 JLINK_IsHalted()
T537C 059:625.144 - 1.892ms returns FALSE
T537C 059:625.248 JLINK_IsHalted()
T537C 059:627.052 - 1.807ms returns FALSE
T1488 059:690.068 JLINK_IsHalted()
T1488 059:691.956 - 1.883ms returns FALSE
T1488 059:692.128 JLINK_IsHalted()
T1488 059:693.864 - 1.734ms returns FALSE
T537C 059:732.204 JLINK_IsHalted()
T537C 059:734.700 - 2.492ms returns FALSE
T537C 059:734.860 JLINK_IsHalted()
T537C 059:738.420 - 3.554ms returns FALSE
T537C 059:841.568 JLINK_IsHalted()
T537C 059:843.564 - 1.996ms returns FALSE
T537C 059:843.704 JLINK_IsHalted()
T537C 059:845.176 - 1.472ms returns FALSE
T537C 059:951.148 JLINK_IsHalted()
T537C 059:953.432 - 2.281ms returns FALSE
T537C 059:953.576 JLINK_IsHalted()
T537C 059:955.080 - 1.501ms returns FALSE
T537C 060:059.752 JLINK_IsHalted()
T537C 060:061.480 - 1.730ms returns FALSE
T537C 060:061.544 JLINK_IsHalted()
T537C 060:063.640 - 2.096ms returns FALSE
T537C 060:170.036 JLINK_IsHalted()
T537C 060:171.864 - 1.826ms returns FALSE
T537C 060:171.988 JLINK_IsHalted()
T537C 060:173.452 - 1.462ms returns FALSE
T537C 060:278.488 JLINK_IsHalted()
T537C 060:280.024 - 1.533ms returns FALSE
T537C 060:280.200 JLINK_IsHalted()
T537C 060:281.688 - 1.484ms returns FALSE
T537C 060:387.968 JLINK_IsHalted()
T537C 060:391.816 - 3.844ms returns FALSE
T537C 060:391.912 JLINK_IsHalted()
T537C 060:393.672 - 1.760ms returns FALSE
T537C 060:497.588 JLINK_IsHalted()
T537C 060:499.208 - 1.616ms returns FALSE
T537C 060:499.372 JLINK_IsHalted()
T537C 060:501.336 - 1.966ms returns FALSE
T537C 060:606.848 JLINK_IsHalted()
T537C 060:608.808 - 1.957ms returns FALSE
T537C 060:608.968 JLINK_IsHalted()
T537C 060:612.376 - 3.408ms returns FALSE
T1488 060:694.572 JLINK_IsHalted()
T1488 060:696.584 - 2.009ms returns FALSE
T1488 060:696.692 JLINK_IsHalted()
T1488 060:698.600 - 1.908ms returns FALSE
T537C 060:716.480 JLINK_IsHalted()
T537C 060:717.824 - 1.343ms returns FALSE
T537C 060:717.928 JLINK_IsHalted()
T537C 060:719.604 - 1.675ms returns FALSE
T537C 060:825.984 JLINK_IsHalted()
T537C 060:827.896 - 1.915ms returns FALSE
T537C 060:828.064 JLINK_IsHalted()
T537C 060:829.832 - 1.765ms returns FALSE
T537C 060:935.400 JLINK_IsHalted()
T537C 060:937.856 - 2.458ms returns FALSE
T537C 060:937.952 JLINK_IsHalted()
T537C 060:939.860 - 1.902ms returns FALSE
T537C 061:044.568 JLINK_IsHalted()
T537C 061:045.748 - 1.176ms returns FALSE
T537C 061:045.836 JLINK_IsHalted()
T537C 061:047.680 - 1.838ms returns FALSE
T537C 061:153.920 JLINK_IsHalted()
T537C 061:155.636 - 1.714ms returns FALSE
T537C 061:155.736 JLINK_IsHalted()
T537C 061:157.280 - 1.534ms returns FALSE
T537C 061:263.156 JLINK_IsHalted()
T537C 061:265.568 - 2.410ms returns FALSE
T537C 061:265.664 JLINK_IsHalted()
T537C 061:267.136 - 1.464ms returns FALSE
T537C 061:372.268 JLINK_IsHalted()
T537C 061:373.752 - 1.483ms returns FALSE
T537C 061:373.848 JLINK_IsHalted()
T537C 061:375.624 - 1.771ms returns FALSE
T537C 061:482.360 JLINK_IsHalted()
T537C 061:483.820 - 1.454ms returns FALSE
T537C 061:483.928 JLINK_IsHalted()
T537C 061:485.576 - 1.646ms returns FALSE
T537C 061:591.304 JLINK_IsHalted()
T537C 061:592.672 - 1.368ms returns FALSE
T537C 061:592.780 JLINK_IsHalted()
T537C 061:594.412 - 1.630ms returns FALSE
T1488 061:699.808 JLINK_IsHalted()
T1488 061:701.944 - 2.130ms returns FALSE
T1488 061:702.048 JLINK_IsHalted()
T1488 061:703.980 - 1.935ms returns FALSE
T537C 061:704.152 JLINK_IsHalted()
T537C 061:707.552 - 3.397ms returns FALSE
T537C 061:707.648 JLINK_IsHalted()
T537C 061:709.312 - 1.658ms returns FALSE
T537C 061:809.896 JLINK_IsHalted()
T537C 061:811.916 - 2.021ms returns FALSE
T537C 061:812.020 JLINK_IsHalted()
T537C 061:813.932 - 1.917ms returns FALSE
T537C 061:920.200 JLINK_IsHalted()
T537C 061:923.168 - 2.974ms returns FALSE
T537C 061:923.272 JLINK_IsHalted()
T537C 061:925.128 - 1.858ms returns FALSE
T537C 062:029.000 JLINK_IsHalted()
T537C 062:031.084 - 2.085ms returns FALSE
T537C 062:031.168 JLINK_IsHalted()
T537C 062:033.268 - 2.094ms returns FALSE
T537C 062:138.260 JLINK_IsHalted()
T537C 062:139.788 - 1.523ms returns FALSE
T537C 062:139.872 JLINK_IsHalted()
T537C 062:141.608 - 1.731ms returns FALSE
T537C 062:247.592 JLINK_IsHalted()
T537C 062:249.640 - 2.043ms returns FALSE
T537C 062:249.740 JLINK_IsHalted()
T537C 062:251.552 - 1.810ms returns FALSE
T537C 062:357.472 JLINK_IsHalted()
T537C 062:359.320 - 1.845ms returns FALSE
T537C 062:359.424 JLINK_IsHalted()
T537C 062:361.056 - 1.631ms returns FALSE
T537C 062:466.168 JLINK_IsHalted()
T537C 062:467.692 - 1.517ms returns FALSE
T537C 062:467.788 JLINK_IsHalted()
T537C 062:469.528 - 1.737ms returns FALSE
T537C 062:575.692 JLINK_IsHalted()
T537C 062:577.544 - 1.844ms returns FALSE
T537C 062:577.652 JLINK_IsHalted()
T537C 062:579.328 - 1.673ms returns FALSE
T537C 062:685.288 JLINK_IsHalted()
T537C 062:687.404 - 2.121ms returns FALSE
T537C 062:687.508 JLINK_IsHalted()
T537C 062:689.432 - 1.922ms returns FALSE
T1488 062:704.440 JLINK_IsHalted()
T1488 062:706.004 - 1.557ms returns FALSE
T1488 062:706.124 JLINK_IsHalted()
T1488 062:707.872 - 1.748ms returns FALSE
T537C 062:794.392 JLINK_IsHalted()
T537C 062:797.784 - 3.392ms returns FALSE
T537C 062:797.888 JLINK_IsHalted()
T537C 062:799.828 - 1.941ms returns FALSE
T537C 062:903.692 JLINK_IsHalted()
T537C 062:906.072 - 2.380ms returns FALSE
T537C 062:906.176 JLINK_IsHalted()
T537C 062:907.976 - 1.800ms returns FALSE
T537C 063:013.048 JLINK_IsHalted()
T537C 063:014.040 - 0.993ms returns FALSE
T537C 063:014.136 JLINK_IsHalted()
T537C 063:015.960 - 1.817ms returns FALSE
T537C 063:122.536 JLINK_IsHalted()
T537C 063:124.376 - 1.843ms returns FALSE
T537C 063:124.480 JLINK_IsHalted()
T537C 063:126.284 - 1.805ms returns FALSE
T537C 063:231.852 JLINK_IsHalted()
T537C 063:233.888 - 2.034ms returns FALSE
T537C 063:233.984 JLINK_IsHalted()
T537C 063:235.860 - 1.871ms returns FALSE
T537C 063:341.736 JLINK_IsHalted()
T537C 063:343.988 - 2.250ms returns FALSE
T537C 063:344.084 JLINK_IsHalted()
T537C 063:345.844 - 1.759ms returns FALSE
T537C 063:451.192 JLINK_IsHalted()
T537C 063:453.216 - 2.017ms returns FALSE
T537C 063:453.320 JLINK_IsHalted()
T537C 063:455.136 - 1.812ms returns FALSE
T537C 063:560.436 JLINK_IsHalted()
T537C 063:563.328 - 2.890ms returns FALSE
T537C 063:563.412 JLINK_IsHalted()
T537C 063:564.980 - 1.568ms returns FALSE
T537C 063:669.704 JLINK_IsHalted()
T537C 063:670.648 - 0.943ms returns FALSE
T537C 063:670.744 JLINK_IsHalted()
T537C 063:672.716 - 1.970ms returns FALSE
T1488 063:708.576 JLINK_IsHalted()
T1488 063:711.372 - 2.791ms returns FALSE
T1488 063:711.464 JLINK_IsHalted()
T1488 063:713.356 - 1.895ms returns FALSE
T537C 063:779.444 JLINK_IsHalted()
T537C 063:780.596 - 1.149ms returns FALSE
T537C 063:780.672 JLINK_IsHalted()
T537C 063:782.424 - 1.750ms returns FALSE
T537C 063:888.224 JLINK_IsHalted()
T537C 063:889.652 - 1.427ms returns FALSE
T537C 063:889.728 JLINK_IsHalted()
T537C 063:891.660 - 1.931ms returns FALSE
T537C 063:997.920 JLINK_IsHalted()
T537C 063:999.176 - 1.253ms returns FALSE
T537C 063:999.256 JLINK_IsHalted()
T537C 064:001.064 - 1.803ms returns FALSE
T537C 064:107.192 JLINK_IsHalted()
T537C 064:109.208 - 2.016ms returns FALSE
T537C 064:109.300 JLINK_IsHalted()
T537C 064:111.244 - 1.947ms returns FALSE
T537C 064:216.408 JLINK_IsHalted()
T537C 064:218.552 - 2.146ms returns FALSE
T537C 064:218.656 JLINK_IsHalted()
T537C 064:220.408 - 1.752ms returns FALSE
T537C 064:325.608 JLINK_IsHalted()
T537C 064:327.352 - 1.749ms returns FALSE
T537C 064:327.416 JLINK_IsHalted()
T537C 064:329.492 - 2.070ms returns FALSE
T537C 064:435.384 JLINK_IsHalted()
T537C 064:437.100 - 1.713ms returns FALSE
T537C 064:437.196 JLINK_IsHalted()
T537C 064:439.096 - 1.903ms returns FALSE
T537C 064:544.184 JLINK_IsHalted()
T537C 064:546.616 - 2.435ms returns FALSE
T537C 064:546.712 JLINK_IsHalted()
T537C 064:548.300 - 1.583ms returns FALSE
T537C 064:653.580 JLINK_IsHalted()
T537C 064:657.152 - 3.575ms returns FALSE
T537C 064:657.260 JLINK_IsHalted()
T537C 064:658.824 - 1.560ms returns FALSE
T1488 064:713.772 JLINK_IsHalted()
T1488 064:715.648 - 1.874ms returns FALSE
T1488 064:715.744 JLINK_IsHalted()
T1488 064:717.664 - 1.920ms returns FALSE
T537C 064:763.512 JLINK_IsHalted()
T537C 064:765.408 - 1.893ms returns FALSE
T537C 064:765.492 JLINK_IsHalted()
T537C 064:766.984 - 1.489ms returns FALSE
T537C 064:872.588 JLINK_IsHalted()
T537C 064:874.408 - 1.817ms returns FALSE
T537C 064:874.516 JLINK_IsHalted()
T537C 064:876.168 - 1.643ms returns FALSE
T537C 064:981.848 JLINK_IsHalted()
T537C 064:983.800 - 1.951ms returns FALSE
T537C 064:983.904 JLINK_IsHalted()
T537C 064:987.400 - 3.492ms returns FALSE
T537C 065:091.840 JLINK_IsHalted()
T537C 065:093.496 - 1.658ms returns FALSE
T537C 065:093.600 JLINK_IsHalted()
T537C 065:095.372 - 1.768ms returns FALSE
T537C 065:201.216 JLINK_IsHalted()
T537C 065:203.320 - 2.103ms returns FALSE
T537C 065:203.432 JLINK_IsHalted()
T537C 065:205.196 - 1.761ms returns FALSE
T537C 065:310.024 JLINK_IsHalted()
T537C 065:311.816 - 1.788ms returns FALSE
T537C 065:311.928 JLINK_IsHalted()
T537C 065:313.804 - 1.870ms returns FALSE
T537C 065:419.416 JLINK_IsHalted()
T537C 065:421.492 - 2.072ms returns FALSE
T537C 065:421.632 JLINK_IsHalted()
T537C 065:423.608 - 1.976ms returns FALSE
T537C 065:528.576 JLINK_IsHalted()
T537C 065:529.760 - 1.181ms returns FALSE
T537C 065:529.832 JLINK_IsHalted()
T537C 065:531.832 - 1.998ms returns FALSE
T537C 065:638.496 JLINK_IsHalted()
T537C 065:640.108 - 1.614ms returns FALSE
T537C 065:640.216 JLINK_IsHalted()
T537C 065:642.004 - 1.783ms returns FALSE
T1488 065:718.272 JLINK_IsHalted()
T1488 065:720.288 - 2.016ms returns FALSE
T1488 065:720.396 JLINK_IsHalted()
T1488 065:722.168 - 1.769ms returns FALSE
T537C 065:747.808 JLINK_IsHalted()
T537C 065:749.364 - 1.551ms returns FALSE
T537C 065:749.460 JLINK_IsHalted()
T537C 065:751.208 - 1.741ms returns FALSE
T537C 065:857.524 JLINK_IsHalted()
T537C 065:859.520 - 2.000ms returns FALSE
T537C 065:859.624 JLINK_IsHalted()
T537C 065:861.408 - 1.785ms returns FALSE
T537C 065:966.356 JLINK_IsHalted()
T537C 065:969.432 - 3.077ms returns FALSE
T537C 065:969.516 JLINK_IsHalted()
T537C 065:971.432 - 1.912ms returns FALSE
T537C 066:076.040 JLINK_IsHalted()
T537C 066:078.988 - 2.948ms returns FALSE
T537C 066:079.080 JLINK_IsHalted()
T537C 066:080.820 - 1.741ms returns FALSE
T537C 066:185.204 JLINK_IsHalted()
T537C 066:187.208 - 2.004ms returns FALSE
T537C 066:187.304 JLINK_IsHalted()
T537C 066:189.184 - 1.880ms returns FALSE
T537C 066:294.452 JLINK_IsHalted()
T537C 066:297.236 - 2.784ms returns FALSE
T537C 066:297.336 JLINK_IsHalted()
T537C 066:299.116 - 1.776ms returns FALSE
T537C 066:403.880 JLINK_IsHalted()
T537C 066:405.888 - 2.007ms returns FALSE
T537C 066:405.972 JLINK_IsHalted()
T537C 066:407.928 - 1.954ms returns FALSE
T537C 066:513.448 JLINK_IsHalted()
T537C 066:515.448 - 2.000ms returns FALSE
T537C 066:515.544 JLINK_IsHalted()
T537C 066:517.384 - 1.834ms returns FALSE
T537C 066:622.604 JLINK_IsHalted()
T537C 066:623.624 - 1.016ms returns FALSE
T537C 066:623.704 JLINK_IsHalted()
T537C 066:625.728 - 2.025ms returns FALSE
T1488 066:722.132 JLINK_IsHalted()
T1488 066:723.744 - 1.609ms returns FALSE
T1488 066:723.848 JLINK_IsHalted()
T1488 066:725.640 - 1.790ms returns FALSE
T537C 066:731.872 JLINK_IsHalted()
T537C 066:734.152 - 2.277ms returns FALSE
T537C 066:734.232 JLINK_IsHalted()
T537C 066:735.960 - 1.727ms returns FALSE
T537C 066:841.452 JLINK_IsHalted()
T537C 066:843.520 - 2.068ms returns FALSE
T537C 066:843.604 JLINK_IsHalted()
T537C 066:845.560 - 1.954ms returns FALSE
T537C 066:950.540 JLINK_IsHalted()
T537C 066:952.384 - 1.838ms returns FALSE
T537C 066:952.472 JLINK_IsHalted()
T537C 066:954.464 - 1.987ms returns FALSE
T537C 067:059.832 JLINK_IsHalted()
T537C 067:061.888 - 2.050ms returns FALSE
T537C 067:062.048 JLINK_IsHalted()
T537C 067:065.676 - 3.623ms returns FALSE
T537C 067:169.520 JLINK_IsHalted()
T537C 067:170.992 - 1.473ms returns FALSE
T537C 067:171.096 JLINK_IsHalted()
T537C 067:172.656 - 1.553ms returns FALSE
T537C 067:279.200 JLINK_IsHalted()
T537C 067:281.424 - 2.220ms returns FALSE
T537C 067:281.592 JLINK_IsHalted()
T537C 067:284.944 - 3.351ms returns FALSE
T537C 067:387.888 JLINK_IsHalted()
T537C 067:389.648 - 1.765ms returns FALSE
T537C 067:389.704 JLINK_IsHalted()
T537C 067:393.400 - 3.681ms returns FALSE
T537C 067:497.328 JLINK_IsHalted()
T537C 067:498.728 - 1.397ms returns FALSE
T537C 067:498.808 JLINK_IsHalted()
T537C 067:500.584 - 1.767ms returns FALSE
T537C 067:606.768 JLINK_IsHalted()
T537C 067:608.368 - 1.602ms returns FALSE
T537C 067:608.456 JLINK_IsHalted()
T537C 067:609.984 - 1.531ms returns FALSE
T537C 067:715.896 JLINK_IsHalted()
T537C 067:717.272 - 1.376ms returns FALSE
T537C 067:717.360 JLINK_IsHalted()
T537C 067:718.792 - 1.431ms returns FALSE
T1488 067:726.024 JLINK_IsHalted()
T1488 067:727.624 - 1.593ms returns FALSE
T1488 067:727.728 JLINK_IsHalted()
T1488 067:729.552 - 1.821ms returns FALSE
T537C 067:825.520 JLINK_IsHalted()
T537C 067:827.280 - 1.770ms returns FALSE
T537C 067:827.384 JLINK_IsHalted()
T537C 067:828.888 - 1.507ms returns FALSE
T537C 067:934.936 JLINK_IsHalted()
T537C 067:936.160 - 1.227ms returns FALSE
T537C 067:936.256 JLINK_IsHalted()
T537C 067:937.760 - 1.503ms returns FALSE
T537C 068:044.800 JLINK_IsHalted()
T537C 068:046.864 - 2.067ms returns FALSE
T537C 068:046.960 JLINK_IsHalted()
T537C 068:048.792 - 1.840ms returns FALSE
T537C 068:153.488 JLINK_IsHalted()
T537C 068:155.688 - 2.198ms returns FALSE
T537C 068:155.776 JLINK_IsHalted()
T537C 068:157.512 - 1.720ms returns FALSE
T537C 068:263.408 JLINK_IsHalted()
T537C 068:265.136 - 1.717ms returns FALSE
T537C 068:265.216 JLINK_IsHalted()
T537C 068:266.720 - 1.499ms returns FALSE
T537C 068:372.984 JLINK_IsHalted()
T537C 068:375.008 - 2.020ms returns FALSE
T537C 068:375.112 JLINK_IsHalted()
T537C 068:376.592 - 1.483ms returns FALSE
T537C 068:482.328 JLINK_IsHalted()
T537C 068:484.432 - 2.095ms returns FALSE
T537C 068:484.528 JLINK_IsHalted()
T537C 068:486.064 - 1.534ms returns FALSE
T537C 068:591.440 JLINK_IsHalted()
T537C 068:593.184 - 1.741ms returns FALSE
T537C 068:593.288 JLINK_IsHalted()
T537C 068:594.864 - 1.571ms returns FALSE
T537C 068:701.040 JLINK_IsHalted()
T537C 068:703.088 - 2.044ms returns FALSE
T537C 068:703.200 JLINK_IsHalted()
T537C 068:704.952 - 1.753ms returns FALSE
T1488 068:730.576 JLINK_IsHalted()
T1488 068:731.944 - 1.361ms returns FALSE
T1488 068:732.048 JLINK_IsHalted()
T1488 068:733.656 - 1.609ms returns FALSE
T537C 068:810.192 JLINK_IsHalted()
T537C 068:812.168 - 1.965ms returns FALSE
T537C 068:812.304 JLINK_IsHalted()
T537C 068:814.264 - 1.962ms returns FALSE
T537C 068:919.432 JLINK_IsHalted()
T537C 068:921.352 - 1.918ms returns FALSE
T537C 068:921.464 JLINK_IsHalted()
T537C 068:923.136 - 1.665ms returns FALSE
T537C 069:028.440 JLINK_IsHalted()
T537C 069:031.360 - 2.914ms returns FALSE
T537C 069:031.552 JLINK_IsHalted()
T537C 069:033.056 - 1.503ms returns FALSE
T537C 069:138.280 JLINK_IsHalted()
T537C 069:139.552 - 1.275ms returns FALSE
T537C 069:139.648 JLINK_IsHalted()
T537C 069:141.632 - 1.872ms returns FALSE
T537C 069:247.928 JLINK_IsHalted()
T537C 069:249.600 - 1.669ms returns FALSE
T537C 069:249.736 JLINK_IsHalted()
T537C 069:251.360 - 1.629ms returns FALSE
T537C 069:357.328 JLINK_IsHalted()
T537C 069:359.600 - 2.265ms returns FALSE
T537C 069:359.680 JLINK_IsHalted()
T537C 069:361.472 - 1.788ms returns FALSE
T537C 069:466.424 JLINK_IsHalted()
T537C 069:467.880 - 1.453ms returns FALSE
T537C 069:468.016 JLINK_IsHalted()
T537C 069:469.424 - 1.403ms returns FALSE
T537C 069:576.336 JLINK_IsHalted()
T537C 069:579.032 - 2.703ms returns FALSE
T537C 069:579.128 JLINK_IsHalted()
T537C 069:580.920 - 1.793ms returns FALSE
T537C 069:684.816 JLINK_IsHalted()
T537C 069:687.096 - 2.272ms returns FALSE
T537C 069:687.168 JLINK_IsHalted()
T537C 069:689.128 - 1.954ms returns FALSE
T1488 069:734.232 JLINK_IsHalted()
T1488 069:735.592 - 1.357ms returns FALSE
T1488 069:735.680 JLINK_IsHalted()
T1488 069:737.304 - 1.624ms returns FALSE
T537C 069:794.104 JLINK_IsHalted()
T537C 069:795.568 - 1.464ms returns FALSE
T537C 069:795.664 JLINK_IsHalted()
T537C 069:797.248 - 1.580ms returns FALSE
T537C 069:903.400 JLINK_IsHalted()
T537C 069:904.584 - 1.183ms returns FALSE
T537C 069:904.664 JLINK_IsHalted()
T537C 069:906.624 - 1.961ms returns FALSE
T537C 070:013.296 JLINK_IsHalted()
T537C 070:014.552 - 1.262ms returns FALSE
T537C 070:014.640 JLINK_IsHalted()
T537C 070:016.368 - 1.725ms returns FALSE
T537C 070:122.152 JLINK_IsHalted()
T537C 070:124.192 - 2.042ms returns FALSE
T537C 070:124.264 JLINK_IsHalted()
T537C 070:126.192 - 1.929ms returns FALSE
T537C 070:231.808 JLINK_IsHalted()
T537C 070:233.000 - 1.191ms returns FALSE
T537C 070:233.088 JLINK_IsHalted()
T537C 070:234.848 - 1.760ms returns FALSE
T537C 070:340.984 JLINK_IsHalted()
T537C 070:342.376 - 1.386ms returns FALSE
T537C 070:342.480 JLINK_IsHalted()
T537C 070:344.408 - 1.924ms returns FALSE
T537C 070:450.640 JLINK_IsHalted()
T537C 070:452.256 - 1.614ms returns FALSE
T537C 070:452.400 JLINK_IsHalted()
T537C 070:454.408 - 2.008ms returns FALSE
T537C 070:560.464 JLINK_IsHalted()
T537C 070:561.712 - 1.241ms returns FALSE
T537C 070:561.864 JLINK_IsHalted()
T537C 070:563.568 - 1.708ms returns FALSE
T537C 070:669.256 JLINK_IsHalted()
T537C 070:671.024 - 1.767ms returns FALSE
T537C 070:671.152 JLINK_IsHalted()
T537C 070:673.104 - 1.949ms returns FALSE
T1488 070:737.584 JLINK_IsHalted()
T1488 070:738.888 - 1.304ms returns FALSE
T1488 070:738.992 JLINK_IsHalted()
T1488 070:741.096 - 2.106ms returns FALSE
T537C 070:778.344 JLINK_IsHalted()
T537C 070:780.304 - 1.963ms returns FALSE
T537C 070:780.424 JLINK_IsHalted()
T537C 070:782.416 - 1.998ms returns FALSE
T537C 070:888.688 JLINK_IsHalted()
T537C 070:889.792 - 1.108ms returns FALSE
T537C 070:889.872 JLINK_IsHalted()
T537C 070:891.728 - 1.848ms returns FALSE
T537C 070:997.136 JLINK_IsHalted()
T537C 070:998.952 - 1.804ms returns FALSE
T537C 070:999.128 JLINK_IsHalted()
T537C 071:000.496 - 1.368ms returns FALSE
T537C 071:106.816 JLINK_IsHalted()
T537C 071:108.240 - 1.423ms returns FALSE
T537C 071:108.336 JLINK_IsHalted()
T537C 071:110.128 - 1.789ms returns FALSE
T537C 071:216.296 JLINK_IsHalted()
T537C 071:218.128 - 1.826ms returns FALSE
T537C 071:218.248 JLINK_IsHalted()
T537C 071:220.024 - 1.779ms returns FALSE
T537C 071:325.264 JLINK_IsHalted()
T537C 071:326.408 - 1.143ms returns FALSE
T537C 071:326.552 JLINK_IsHalted()
T537C 071:328.272 - 1.721ms returns FALSE
T537C 071:434.984 JLINK_IsHalted()
T537C 071:436.320 - 1.337ms returns FALSE
T537C 071:436.472 JLINK_IsHalted()
T537C 071:438.336 - 1.859ms returns FALSE
T537C 071:544.792 JLINK_IsHalted()
T537C 071:546.080 - 1.287ms returns FALSE
T537C 071:546.176 JLINK_IsHalted()
T537C 071:547.960 - 1.785ms returns FALSE
T537C 071:653.520 JLINK_IsHalted()
T537C 071:655.448 - 1.926ms returns FALSE
T537C 071:655.544 JLINK_IsHalted()
T537C 071:657.504 - 1.956ms returns FALSE
T1488 071:742.424 JLINK_IsHalted()
T1488 071:744.288 - 1.859ms returns FALSE
T1488 071:744.384 JLINK_IsHalted()
T1488 071:746.224 - 1.835ms returns FALSE
T537C 071:763.232 JLINK_IsHalted()
T537C 071:765.400 - 2.171ms returns FALSE
T537C 071:765.520 JLINK_IsHalted()
T537C 071:767.216 - 1.694ms returns FALSE
T537C 071:873.128 JLINK_IsHalted()
T537C 071:875.264 - 2.139ms returns FALSE
T537C 071:875.368 JLINK_IsHalted()
T537C 071:877.200 - 1.828ms returns FALSE
T537C 071:982.120 JLINK_IsHalted()
T537C 071:984.136 - 2.015ms returns FALSE
T537C 071:984.312 JLINK_IsHalted()
T537C 071:985.936 - 1.621ms returns FALSE
T537C 072:092.016 JLINK_IsHalted()
T537C 072:094.048 - 2.027ms returns FALSE
T537C 072:094.160 JLINK_IsHalted()
T537C 072:095.936 - 1.767ms returns FALSE
T537C 072:200.832 JLINK_IsHalted()
T537C 072:202.352 - 1.516ms returns FALSE
T537C 072:202.416 JLINK_IsHalted()
T537C 072:204.288 - 1.871ms returns FALSE
T537C 072:309.632 JLINK_IsHalted()
T537C 072:311.568 - 1.943ms returns FALSE
T537C 072:311.632 JLINK_IsHalted()
T537C 072:315.088 - 3.451ms returns FALSE
T537C 072:419.120 JLINK_IsHalted()
T537C 072:420.792 - 1.669ms returns FALSE
T537C 072:420.904 JLINK_IsHalted()
T537C 072:422.672 - 1.770ms returns FALSE
T537C 072:528.888 JLINK_IsHalted()
T537C 072:530.472 - 1.577ms returns FALSE
T537C 072:530.536 JLINK_IsHalted()
T537C 072:532.168 - 1.627ms returns FALSE
T537C 072:638.016 JLINK_IsHalted()
T537C 072:639.784 - 1.767ms returns FALSE
T537C 072:639.840 JLINK_IsHalted()
T537C 072:641.648 - 1.805ms returns FALSE
T537C 072:747.264 JLINK_IsHalted()
T537C 072:748.784 - 1.519ms returns FALSE
T537C 072:748.848 JLINK_IsHalted()
T537C 072:750.768 - 1.918ms returns FALSE
T1488 072:750.928 JLINK_IsHalted()
T1488 072:752.304 - 1.385ms returns FALSE
T1488 072:752.376 JLINK_IsHalted()
T1488 072:754.224 - 1.843ms returns FALSE
T537C 072:856.848 JLINK_IsHalted()
T537C 072:858.032 - 1.191ms returns FALSE
T537C 072:858.160 JLINK_IsHalted()
T537C 072:860.152 - 1.991ms returns FALSE
T537C 072:966.240 JLINK_IsHalted()
T537C 072:968.312 - 2.072ms returns FALSE
T537C 072:968.400 JLINK_IsHalted()
T537C 072:969.904 - 1.489ms returns FALSE
T537C 073:075.760 JLINK_IsHalted()
T537C 073:105.960 - 30.204ms returns FALSE
T537C 073:106.032 JLINK_IsHalted()
T537C 073:107.912 - 1.875ms returns FALSE
T537C 073:215.984 JLINK_IsHalted()
T537C 073:217.976 - 1.997ms returns FALSE
T537C 073:218.056 JLINK_IsHalted()
T537C 073:219.952 - 1.894ms returns FALSE
T537C 073:325.496 JLINK_IsHalted()
T537C 073:327.696 - 2.202ms returns FALSE
T537C 073:328.016 JLINK_IsHalted()
T537C 073:331.312 - 3.295ms returns FALSE
T537C 073:435.416 JLINK_IsHalted()
T537C 073:437.040 - 1.614ms returns FALSE
T537C 073:437.088 JLINK_IsHalted()
T537C 073:438.840 - 1.753ms returns FALSE
T537C 073:544.384 JLINK_IsHalted()
T537C 073:546.448 - 2.066ms returns FALSE
T537C 073:546.544 JLINK_IsHalted()
T537C 073:548.296 - 1.747ms returns FALSE
T537C 073:653.616 JLINK_IsHalted()
T537C 073:654.672 - 1.053ms returns FALSE
T537C 073:654.912 JLINK_IsHalted()
T537C 073:656.560 - 1.647ms returns FALSE
T1488 073:755.768 JLINK_IsHalted()
T1488 073:758.512 - 2.736ms returns FALSE
T1488 073:758.696 JLINK_IsHalted()
T1488 073:759.840 - 1.140ms returns FALSE
T537C 073:762.792 JLINK_IsHalted()
T537C 073:765.448 - 2.661ms returns FALSE
T537C 073:765.520 JLINK_IsHalted()
T537C 073:767.152 - 1.619ms returns FALSE
T537C 073:872.712 JLINK_IsHalted()
T537C 073:873.992 - 1.281ms returns FALSE
T537C 073:874.072 JLINK_IsHalted()
T537C 073:876.144 - 2.074ms returns FALSE
T537C 073:982.040 JLINK_IsHalted()
T537C 073:984.232 - 2.189ms returns FALSE
T537C 073:984.440 JLINK_IsHalted()
T537C 073:986.160 - 1.708ms returns FALSE
T537C 074:091.456 JLINK_IsHalted()
T537C 074:093.152 - 1.685ms returns FALSE
T537C 074:093.400 JLINK_IsHalted()
T537C 074:095.120 - 1.717ms returns FALSE
T537C 074:200.992 JLINK_IsHalted()
T537C 074:202.856 - 1.863ms returns FALSE
T537C 074:202.984 JLINK_IsHalted()
T537C 074:204.648 - 1.660ms returns FALSE
T537C 074:310.240 JLINK_IsHalted()
T537C 074:313.688 - 3.450ms returns FALSE
T537C 074:313.760 JLINK_IsHalted()
T537C 074:315.592 - 1.832ms returns FALSE
T537C 074:419.632 JLINK_IsHalted()
T537C 074:421.680 - 2.044ms returns FALSE
T537C 074:421.920 JLINK_IsHalted()
T537C 074:425.344 - 3.421ms returns FALSE
T537C 074:529.536 JLINK_IsHalted()
T537C 074:532.688 - 3.149ms returns FALSE
T537C 074:532.920 JLINK_IsHalted()
T537C 074:534.544 - 1.626ms returns FALSE
T537C 074:638.160 JLINK_IsHalted()
T537C 074:640.920 - 2.760ms returns FALSE
T537C 074:641.200 JLINK_IsHalted()
T537C 074:645.696 - 4.493ms returns FALSE
T537C 074:747.984 JLINK_IsHalted()
T537C 074:751.688 - 3.702ms returns FALSE
T537C 074:751.784 JLINK_IsHalted()
T537C 074:753.680 - 1.898ms returns FALSE
T1488 074:771.592 JLINK_IsHalted()
T1488 074:773.408 - 1.814ms returns FALSE
T1488 074:773.488 JLINK_IsHalted()
T1488 074:775.656 - 2.169ms returns FALSE
T537C 074:857.128 JLINK_IsHalted()
T537C 074:859.808 - 2.678ms returns FALSE
T537C 074:859.880 JLINK_IsHalted()
T537C 074:861.648 - 1.771ms returns FALSE
T537C 074:966.416 JLINK_IsHalted()
T537C 074:967.960 - 1.550ms returns FALSE
T537C 074:968.024 JLINK_IsHalted()
T537C 074:969.864 - 1.833ms returns FALSE
T537C 075:075.568 JLINK_IsHalted()
T537C 075:077.424 - 1.865ms returns FALSE
T537C 075:077.488 JLINK_IsHalted()
T537C 075:079.328 - 1.833ms returns FALSE
T537C 075:184.784 JLINK_IsHalted()
T537C 075:188.176 - 3.391ms returns FALSE
T537C 075:188.344 JLINK_IsHalted()
T537C 075:190.040 - 1.692ms returns FALSE
T537C 075:294.008 JLINK_IsHalted()
T537C 075:295.984 - 1.972ms returns FALSE
T537C 075:296.048 JLINK_IsHalted()
T537C 075:297.864 - 1.819ms returns FALSE
T537C 075:404.304 JLINK_IsHalted()
T537C 075:405.280 - 0.970ms returns FALSE
T537C 075:405.344 JLINK_IsHalted()
T537C 075:407.168 - 1.825ms returns FALSE
T537C 075:512.984 JLINK_IsHalted()
T537C 075:514.784 - 1.797ms returns FALSE
T537C 075:514.856 JLINK_IsHalted()
T537C 075:516.632 - 1.779ms returns FALSE
T537C 075:622.344 JLINK_IsHalted()
T537C 075:624.424 - 2.079ms returns FALSE
T537C 075:624.480 JLINK_IsHalted()
T537C 075:626.224 - 1.742ms returns FALSE
T537C 075:731.464 JLINK_IsHalted()
T537C 075:732.704 - 1.239ms returns FALSE
T537C 075:732.752 JLINK_IsHalted()
T537C 075:734.672 - 1.915ms returns FALSE
T1488 075:776.448 JLINK_IsHalted()
T1488 075:778.320 - 1.872ms returns FALSE
T1488 075:778.384 JLINK_IsHalted()
T1488 075:780.168 - 1.777ms returns FALSE
T537C 075:841.712 JLINK_IsHalted()
T537C 075:851.152 - 9.446ms returns FALSE
T537C 075:851.240 JLINK_IsHalted()
T537C 075:852.736 - 1.498ms returns FALSE
T537C 075:950.936 JLINK_IsHalted()
T537C 075:952.816 - 1.884ms returns FALSE
T537C 075:952.888 JLINK_IsHalted()
T537C 075:954.680 - 1.792ms returns FALSE
T537C 076:060.160 JLINK_IsHalted()
T537C 076:071.048 - 10.883ms returns FALSE
T537C 076:071.120 JLINK_IsHalted()
T537C 076:072.912 - 1.800ms returns FALSE
T537C 076:169.576 JLINK_IsHalted()
T537C 076:171.056 - 1.485ms returns FALSE
T537C 076:171.120 JLINK_IsHalted()
T537C 076:172.992 - 1.874ms returns FALSE
T537C 076:278.608 JLINK_IsHalted()
T537C 076:280.312 - 1.701ms returns FALSE
T537C 076:280.392 JLINK_IsHalted()
T537C 076:282.208 - 1.816ms returns FALSE
T537C 076:387.848 JLINK_IsHalted()
T537C 076:390.160 - 2.314ms returns FALSE
T537C 076:390.232 JLINK_IsHalted()
T537C 076:392.232 - 1.997ms returns FALSE
T537C 076:497.096 JLINK_IsHalted()
T537C 076:499.472 - 2.378ms returns FALSE
T537C 076:499.552 JLINK_IsHalted()
T537C 076:501.312 - 1.765ms returns FALSE
T537C 076:607.296 JLINK_IsHalted()
T537C 076:608.936 - 1.635ms returns FALSE
T537C 076:608.984 JLINK_IsHalted()
T537C 076:610.800 - 1.816ms returns FALSE
T537C 076:716.048 JLINK_IsHalted()
T537C 076:717.200 - 1.146ms returns FALSE
T537C 076:717.264 JLINK_IsHalted()
T537C 076:719.032 - 1.768ms returns FALSE
T1488 076:781.008 JLINK_IsHalted()
T1488 076:782.568 - 1.557ms returns FALSE
T1488 076:782.608 JLINK_IsHalted()
T1488 076:784.448 - 1.836ms returns FALSE
T537C 076:825.304 JLINK_IsHalted()
T537C 076:827.088 - 1.790ms returns FALSE
T537C 076:827.152 JLINK_IsHalted()
T537C 076:828.912 - 1.765ms returns FALSE
T537C 076:935.512 JLINK_IsHalted()
T537C 076:936.656 - 1.134ms returns FALSE
T537C 076:936.712 JLINK_IsHalted()
T537C 076:938.512 - 1.793ms returns FALSE
T537C 077:044.744 JLINK_IsHalted()
T537C 077:047.968 - 3.223ms returns FALSE
T537C 077:048.024 JLINK_IsHalted()
T537C 077:049.848 - 1.824ms returns FALSE
T537C 077:153.960 JLINK_IsHalted()
T537C 077:154.896 - 0.940ms returns FALSE
T537C 077:154.960 JLINK_IsHalted()
T537C 077:156.784 - 1.823ms returns FALSE
T537C 077:263.192 JLINK_IsHalted()
T537C 077:264.480 - 1.288ms returns FALSE
T537C 077:264.528 JLINK_IsHalted()
T537C 077:266.360 - 1.825ms returns FALSE
T537C 077:372.464 JLINK_IsHalted()
T537C 077:375.752 - 3.290ms returns FALSE
T537C 077:375.840 JLINK_IsHalted()
T537C 077:377.568 - 1.726ms returns FALSE
T537C 077:481.744 JLINK_IsHalted()
T537C 077:482.744 - 1.003ms returns FALSE
T537C 077:482.808 JLINK_IsHalted()
T537C 077:484.624 - 1.813ms returns FALSE
T537C 077:590.872 JLINK_IsHalted()
T537C 077:592.208 - 1.336ms returns FALSE
T537C 077:592.272 JLINK_IsHalted()
T537C 077:594.072 - 1.797ms returns FALSE
T537C 077:701.152 JLINK_IsHalted()
T537C 077:702.720 - 1.567ms returns FALSE
T537C 077:702.800 JLINK_IsHalted()
T537C 077:704.576 - 1.779ms returns FALSE
T1488 077:784.568 JLINK_IsHalted()
T1488 077:786.320 - 1.756ms returns FALSE
T1488 077:786.384 JLINK_IsHalted()
T1488 077:788.200 - 1.817ms returns FALSE
T537C 077:810.392 JLINK_IsHalted()
T537C 077:812.328 - 1.935ms returns FALSE
T537C 077:812.384 JLINK_IsHalted()
T537C 077:814.216 - 1.833ms returns FALSE
T537C 077:919.184 JLINK_IsHalted()
T537C 077:920.568 - 1.388ms returns FALSE
T537C 077:920.624 JLINK_IsHalted()
T537C 077:922.480 - 1.854ms returns FALSE
T537C 078:028.432 JLINK_IsHalted()
T537C 078:031.784 - 3.352ms returns FALSE
T537C 078:031.888 JLINK_IsHalted()
T537C 078:033.608 - 1.720ms returns FALSE
T537C 078:138.632 JLINK_IsHalted()
T537C 078:139.920 - 1.285ms returns FALSE
T537C 078:139.976 JLINK_IsHalted()
T537C 078:141.880 - 1.901ms returns FALSE
T537C 078:247.864 JLINK_IsHalted()
T537C 078:249.512 - 1.641ms returns FALSE
T537C 078:249.576 JLINK_IsHalted()
T537C 078:251.376 - 1.793ms returns FALSE
T537C 078:357.120 JLINK_IsHalted()
T537C 078:360.552 - 3.430ms returns FALSE
T537C 078:360.608 JLINK_IsHalted()
T537C 078:362.416 - 1.809ms returns FALSE
T537C 078:466.328 JLINK_IsHalted()
T537C 078:468.136 - 1.807ms returns FALSE
T537C 078:468.192 JLINK_IsHalted()
T537C 078:470.080 - 1.888ms returns FALSE
T537C 078:575.536 JLINK_IsHalted()
T537C 078:576.480 - 0.940ms returns FALSE
T537C 078:576.536 JLINK_IsHalted()
T537C 078:578.352 - 1.797ms returns FALSE
T537C 078:684.800 JLINK_IsHalted()
T537C 078:686.608 - 1.812ms returns FALSE
T537C 078:686.672 JLINK_IsHalted()
T537C 078:688.488 - 1.810ms returns FALSE
T1488 078:789.208 JLINK_IsHalted()
T1488 078:789.968 - 0.758ms returns FALSE
T1488 078:790.032 JLINK_IsHalted()
T1488 078:791.888 - 1.857ms returns FALSE
T537C 078:794.096 JLINK_IsHalted()
T537C 078:794.936 - 0.832ms returns FALSE
T537C 078:794.984 JLINK_IsHalted()
T537C 078:796.768 - 1.780ms returns FALSE
T537C 078:903.344 JLINK_IsHalted()
T537C 078:904.296 - 0.943ms returns FALSE
T537C 078:904.352 JLINK_IsHalted()
T537C 078:906.160 - 1.804ms returns FALSE
T537C 079:013.568 JLINK_IsHalted()
T537C 079:014.464 - 0.894ms returns FALSE
T537C 079:014.528 JLINK_IsHalted()
T537C 079:016.400 - 1.870ms returns FALSE
T537C 079:122.672 JLINK_IsHalted()
T537C 079:123.872 - 1.197ms returns FALSE
T537C 079:123.928 JLINK_IsHalted()
T537C 079:125.952 - 2.019ms returns FALSE
T537C 079:232.048 JLINK_IsHalted()
T537C 079:234.160 - 2.104ms returns FALSE
T537C 079:234.344 JLINK_IsHalted()
T537C 079:237.520 - 3.167ms returns FALSE
T537C 079:340.944 JLINK_IsHalted()
T537C 079:342.624 - 1.683ms returns FALSE
T537C 079:342.688 JLINK_IsHalted()
T537C 079:344.496 - 1.811ms returns FALSE
T537C 079:450.520 JLINK_IsHalted()
T537C 079:452.248 - 1.725ms returns FALSE
T537C 079:452.312 JLINK_IsHalted()
T537C 079:454.064 - 1.750ms returns FALSE
T537C 079:560.152 JLINK_IsHalted()
T537C 079:563.624 - 3.465ms returns FALSE
T537C 079:563.720 JLINK_IsHalted()
T537C 079:565.320 - 1.595ms returns FALSE
T537C 079:669.200 JLINK_IsHalted()
T537C 079:670.424 - 1.232ms returns FALSE
T537C 079:670.552 JLINK_IsHalted()
T537C 079:672.504 - 1.950ms returns FALSE
T537C 079:778.776 JLINK_IsHalted()
T537C 079:781.000 - 2.218ms returns FALSE
T537C 079:781.120 JLINK_IsHalted()
T537C 079:782.864 - 1.736ms returns FALSE
T1488 079:792.888 JLINK_IsHalted()
T1488 079:794.000 - 1.105ms returns FALSE
T1488 079:794.080 JLINK_IsHalted()
T1488 079:795.800 - 1.719ms returns FALSE
T537C 079:888.160 JLINK_IsHalted()
T537C 079:891.208 - 3.042ms returns FALSE
T537C 079:891.280 JLINK_IsHalted()
T537C 079:893.120 - 1.833ms returns FALSE
T537C 079:997.576 JLINK_IsHalted()
T537C 079:999.336 - 1.760ms returns FALSE
T537C 079:999.392 JLINK_IsHalted()
T537C 080:001.168 - 1.777ms returns FALSE
T537C 080:106.832 JLINK_IsHalted()
T537C 080:108.824 - 1.993ms returns FALSE
T537C 080:108.904 JLINK_IsHalted()
T537C 080:110.640 - 1.742ms returns FALSE
T537C 080:216.064 JLINK_IsHalted()
T537C 080:216.928 - 0.860ms returns FALSE
T537C 080:216.984 JLINK_IsHalted()
T537C 080:218.864 - 1.876ms returns FALSE
T537C 080:325.640 JLINK_IsHalted()
T537C 080:326.896 - 1.257ms returns FALSE
T537C 080:326.960 JLINK_IsHalted()
T537C 080:328.760 - 1.788ms returns FALSE
T537C 080:434.944 JLINK_IsHalted()
T537C 080:436.472 - 1.528ms returns FALSE
T537C 080:436.520 JLINK_IsHalted()
T537C 080:439.968 - 3.449ms returns FALSE
T537C 080:544.192 JLINK_IsHalted()
T537C 080:545.056 - 0.863ms returns FALSE
T537C 080:545.104 JLINK_IsHalted()
T537C 080:546.928 - 1.817ms returns FALSE
T537C 080:653.456 JLINK_IsHalted()
T537C 080:655.080 - 1.621ms returns FALSE
T537C 080:655.120 JLINK_IsHalted()
T537C 080:656.896 - 1.770ms returns FALSE
T537C 080:762.672 JLINK_IsHalted()
T537C 080:764.464 - 1.788ms returns FALSE
T537C 080:764.520 JLINK_IsHalted()
T537C 080:768.040 - 3.517ms returns FALSE
T1488 080:796.680 JLINK_IsHalted()
T1488 080:798.424 - 1.749ms returns FALSE
T1488 080:798.480 JLINK_IsHalted()
T1488 080:800.296 - 1.813ms returns FALSE
T537C 080:872.880 JLINK_IsHalted()
T537C 080:874.328 - 1.448ms returns FALSE
T537C 080:874.416 JLINK_IsHalted()
T537C 080:876.184 - 1.771ms returns FALSE
T537C 080:982.144 JLINK_IsHalted()
T537C 080:983.976 - 1.830ms returns FALSE
T537C 080:984.040 JLINK_IsHalted()
T537C 080:985.616 - 1.574ms returns FALSE
T537C 081:091.704 JLINK_IsHalted()
T537C 081:093.920 - 2.213ms returns FALSE
T537C 081:094.096 JLINK_IsHalted()
T537C 081:095.728 - 1.632ms returns FALSE
T537C 081:201.024 JLINK_IsHalted()
T537C 081:202.496 - 1.463ms returns FALSE
T537C 081:202.728 JLINK_IsHalted()
T537C 081:204.416 - 1.685ms returns FALSE
T537C 081:310.160 JLINK_IsHalted()
T537C 081:311.648 - 1.484ms returns FALSE
T537C 081:311.760 JLINK_IsHalted()
T537C 081:313.760 - 1.997ms returns FALSE
T537C 081:419.568 JLINK_IsHalted()
T537C 081:420.984 - 1.416ms returns FALSE
T537C 081:421.232 JLINK_IsHalted()
T537C 081:423.112 - 1.877ms returns FALSE
T537C 081:528.704 JLINK_IsHalted()
T537C 081:530.584 - 1.876ms returns FALSE
T537C 081:530.736 JLINK_IsHalted()
T537C 081:532.648 - 1.913ms returns FALSE
T537C 081:638.256 JLINK_IsHalted()
T537C 081:640.128 - 1.875ms returns FALSE
T537C 081:640.320 JLINK_IsHalted()
T537C 081:642.136 - 1.812ms returns FALSE
T537C 081:747.544 JLINK_IsHalted()
T537C 081:749.656 - 2.110ms returns FALSE
T537C 081:749.744 JLINK_IsHalted()
T537C 081:751.536 - 1.791ms returns FALSE
T1488 081:800.680 JLINK_IsHalted()
T1488 081:802.112 - 1.433ms returns FALSE
T1488 081:802.192 JLINK_IsHalted()
T1488 081:804.024 - 1.829ms returns FALSE
T537C 081:856.592 JLINK_IsHalted()
T537C 081:857.936 - 1.342ms returns FALSE
T537C 081:858.040 JLINK_IsHalted()
T537C 081:859.840 - 1.798ms returns FALSE
T537C 081:965.968 JLINK_IsHalted()
T537C 081:967.952 - 1.978ms returns FALSE
T537C 081:968.104 JLINK_IsHalted()
T537C 081:969.776 - 1.669ms returns FALSE
T537C 082:075.248 JLINK_IsHalted()
T537C 082:076.944 - 1.693ms returns FALSE
T537C 082:077.008 JLINK_IsHalted()
T537C 082:079.128 - 2.121ms returns FALSE
T537C 082:185.264 JLINK_IsHalted()
T537C 082:188.936 - 3.666ms returns FALSE
T537C 082:189.016 JLINK_IsHalted()
T537C 082:190.696 - 1.672ms returns FALSE
T537C 082:294.008 JLINK_IsHalted()
T537C 082:294.992 - 0.978ms returns FALSE
T537C 082:295.048 JLINK_IsHalted()
T537C 082:296.904 - 1.853ms returns FALSE
T537C 082:403.840 JLINK_IsHalted()
T537C 082:405.912 - 2.074ms returns FALSE
T537C 082:405.992 JLINK_IsHalted()
T537C 082:407.888 - 1.889ms returns FALSE
T537C 082:513.552 JLINK_IsHalted()
T537C 082:515.744 - 2.193ms returns FALSE
T537C 082:515.824 JLINK_IsHalted()
T537C 082:517.616 - 1.785ms returns FALSE
T537C 082:622.280 JLINK_IsHalted()
T537C 082:624.472 - 2.191ms returns FALSE
T537C 082:624.624 JLINK_IsHalted()
T537C 082:626.312 - 1.683ms returns FALSE
T537C 082:732.496 JLINK_IsHalted()
T537C 082:734.032 - 1.532ms returns FALSE
T537C 082:734.192 JLINK_IsHalted()
T537C 082:735.800 - 1.609ms returns FALSE
T1488 082:804.904 JLINK_IsHalted()
T1488 082:807.000 - 2.101ms returns FALSE
T1488 082:807.176 JLINK_IsHalted()
T1488 082:808.776 - 1.596ms returns FALSE
T537C 082:841.640 JLINK_IsHalted()
T537C 082:843.184 - 1.537ms returns FALSE
T537C 082:843.344 JLINK_IsHalted()
T537C 082:845.304 - 1.958ms returns FALSE
T537C 082:950.928 JLINK_IsHalted()
T537C 082:952.360 - 1.427ms returns FALSE
T537C 082:952.488 JLINK_IsHalted()
T537C 082:954.352 - 1.860ms returns FALSE
T537C 083:060.144 JLINK_IsHalted()
T537C 083:061.624 - 1.482ms returns FALSE
T537C 083:061.688 JLINK_IsHalted()
T537C 083:063.776 - 2.081ms returns FALSE
T537C 083:168.912 JLINK_IsHalted()
T537C 083:171.920 - 3.002ms returns FALSE
T537C 083:171.992 JLINK_IsHalted()
T537C 083:175.632 - 3.630ms returns FALSE
T537C 083:278.792 JLINK_IsHalted()
T537C 083:280.984 - 2.191ms returns FALSE
T537C 083:281.104 JLINK_IsHalted()
T537C 083:283.072 - 1.972ms returns FALSE
T537C 083:387.696 JLINK_IsHalted()
T537C 083:389.104 - 1.400ms returns FALSE
T537C 083:389.168 JLINK_IsHalted()
T537C 083:390.960 - 1.788ms returns FALSE
T537C 083:497.264 JLINK_IsHalted()
T537C 083:498.776 - 1.506ms returns FALSE
T537C 083:498.896 JLINK_IsHalted()
T537C 083:500.560 - 1.666ms returns FALSE
T537C 083:606.600 JLINK_IsHalted()
T537C 083:608.304 - 1.702ms returns FALSE
T537C 083:608.424 JLINK_IsHalted()
T537C 083:610.152 - 1.731ms returns FALSE
T537C 083:716.584 JLINK_IsHalted()
T537C 083:719.200 - 2.614ms returns FALSE
T537C 083:719.344 JLINK_IsHalted()
T537C 083:721.040 - 1.705ms returns FALSE
T1488 083:810.000 JLINK_IsHalted()
T1488 083:811.992 - 1.988ms returns FALSE
T1488 083:812.048 JLINK_IsHalted()
T1488 083:813.816 - 1.763ms returns FALSE
T537C 083:825.760 JLINK_IsHalted()
T537C 083:829.184 - 3.424ms returns FALSE
T537C 083:829.264 JLINK_IsHalted()
T537C 083:831.072 - 1.809ms returns FALSE
T537C 083:935.568 JLINK_IsHalted()
T537C 083:937.352 - 1.778ms returns FALSE
T537C 083:937.408 JLINK_IsHalted()
T537C 083:939.208 - 1.798ms returns FALSE
T537C 084:044.128 JLINK_IsHalted()
T537C 084:046.144 - 2.015ms returns FALSE
T537C 084:046.224 JLINK_IsHalted()
T537C 084:048.120 - 1.899ms returns FALSE
T537C 084:154.072 JLINK_IsHalted()
T537C 084:157.000 - 2.923ms returns FALSE
T537C 084:157.104 JLINK_IsHalted()
T537C 084:158.600 - 1.499ms returns FALSE
T537C 084:262.944 JLINK_IsHalted()
T537C 084:264.688 - 1.736ms returns FALSE
T537C 084:264.800 JLINK_IsHalted()
T537C 084:266.544 - 1.741ms returns FALSE
T537C 084:372.912 JLINK_IsHalted()
T537C 084:374.064 - 1.144ms returns FALSE
T537C 084:374.176 JLINK_IsHalted()
T537C 084:376.136 - 1.956ms returns FALSE
T537C 084:481.872 JLINK_IsHalted()
T537C 084:483.920 - 2.050ms returns FALSE
T537C 084:484.048 JLINK_IsHalted()
T537C 084:486.104 - 2.058ms returns FALSE
T537C 084:591.472 JLINK_IsHalted()
T537C 084:593.520 - 2.036ms returns FALSE
T537C 084:593.632 JLINK_IsHalted()
T537C 084:595.600 - 1.956ms returns FALSE
T537C 084:700.592 JLINK_IsHalted()
T537C 084:701.768 - 1.178ms returns FALSE
T537C 084:701.872 JLINK_IsHalted()
T537C 084:703.768 - 1.891ms returns FALSE
T537C 084:810.416 JLINK_IsHalted()
T537C 084:812.472 - 2.059ms returns FALSE
T537C 084:812.600 JLINK_IsHalted()
T537C 084:814.408 - 1.797ms returns FALSE
T1488 084:815.072 JLINK_IsHalted()
T1488 084:818.032 - 2.963ms returns FALSE
T1488 084:818.208 JLINK_IsHalted()
T1488 084:819.992 - 1.787ms returns FALSE
T537C 084:919.184 JLINK_IsHalted()
T537C 084:922.384 - 3.187ms returns FALSE
T537C 084:922.480 JLINK_IsHalted()
T537C 084:924.432 - 1.951ms returns FALSE
T537C 085:028.832 JLINK_IsHalted()
T537C 085:030.544 - 1.708ms returns FALSE
T537C 085:030.648 JLINK_IsHalted()
T537C 085:032.400 - 1.753ms returns FALSE
T537C 085:137.968 JLINK_IsHalted()
T537C 085:140.224 - 2.258ms returns FALSE
T537C 085:140.304 JLINK_IsHalted()
T537C 085:142.088 - 1.783ms returns FALSE
T537C 085:247.640 JLINK_IsHalted()
T537C 085:250.768 - 3.124ms returns FALSE
T537C 085:250.864 JLINK_IsHalted()
T537C 085:252.408 - 1.538ms returns FALSE
T537C 085:356.632 JLINK_IsHalted()
T537C 085:358.472 - 1.832ms returns FALSE
T537C 085:358.576 JLINK_IsHalted()
T537C 085:360.304 - 1.730ms returns FALSE
T537C 085:466.288 JLINK_IsHalted()
T537C 085:467.488 - 1.198ms returns FALSE
T537C 085:467.544 JLINK_IsHalted()
T537C 085:469.312 - 1.762ms returns FALSE
T537C 085:576.112 JLINK_IsHalted()
T537C 085:577.488 - 1.371ms returns FALSE
T537C 085:577.584 JLINK_IsHalted()
T537C 085:579.312 - 1.732ms returns FALSE
T537C 085:685.168 JLINK_IsHalted()
T537C 085:687.216 - 2.047ms returns FALSE
T537C 085:687.312 JLINK_IsHalted()
T537C 085:689.128 - 1.815ms returns FALSE
T537C 085:794.072 JLINK_IsHalted()
T537C 085:795.200 - 1.130ms returns FALSE
T537C 085:795.280 JLINK_IsHalted()
T537C 085:797.208 - 1.926ms returns FALSE
T1488 085:821.432 JLINK_IsHalted()
T1488 085:823.104 - 1.669ms returns FALSE
T1488 085:823.200 JLINK_IsHalted()
T1488 085:825.152 - 1.949ms returns FALSE
T537C 085:903.488 JLINK_IsHalted()
T537C 085:905.200 - 1.710ms returns FALSE
T537C 085:905.296 JLINK_IsHalted()
T537C 085:907.216 - 1.923ms returns FALSE
T537C 086:012.784 JLINK_IsHalted()
T537C 086:015.056 - 2.281ms returns FALSE
T537C 086:015.232 JLINK_IsHalted()
T537C 086:016.904 - 1.667ms returns FALSE
T537C 086:123.056 JLINK_IsHalted()
T537C 086:125.040 - 1.981ms returns FALSE
T537C 086:125.176 JLINK_IsHalted()
T537C 086:126.936 - 1.758ms returns FALSE
T537C 086:231.680 JLINK_IsHalted()
T537C 086:233.768 - 2.083ms returns FALSE
T537C 086:233.960 JLINK_IsHalted()
T537C 086:235.592 - 1.633ms returns FALSE
T537C 086:341.680 JLINK_IsHalted()
T537C 086:343.640 - 1.961ms returns FALSE
T537C 086:343.776 JLINK_IsHalted()
T537C 086:345.088 - 1.312ms returns FALSE
T537C 086:450.848 JLINK_IsHalted()
T537C 086:454.128 - 3.278ms returns FALSE
T537C 086:454.240 JLINK_IsHalted()
T537C 086:456.064 - 1.821ms returns FALSE
T537C 086:560.024 JLINK_IsHalted()
T537C 086:562.176 - 2.151ms returns FALSE
T537C 086:562.288 JLINK_IsHalted()
T537C 086:564.176 - 1.885ms returns FALSE
T537C 086:669.912 JLINK_IsHalted()
T537C 086:671.392 - 1.479ms returns FALSE
T537C 086:671.520 JLINK_IsHalted()
T537C 086:673.160 - 1.636ms returns FALSE
T537C 086:778.448 JLINK_IsHalted()
T537C 086:780.616 - 2.163ms returns FALSE
T537C 086:780.696 JLINK_IsHalted()
T537C 086:782.560 - 1.859ms returns FALSE
T1488 086:825.200 JLINK_IsHalted()
T1488 086:826.192 - 0.997ms returns FALSE
T1488 086:826.280 JLINK_IsHalted()
T1488 086:828.048 - 1.765ms returns FALSE
T537C 086:888.600 JLINK_IsHalted()
T537C 086:890.800 - 2.205ms returns FALSE
T537C 086:890.864 JLINK_IsHalted()
T537C 086:892.696 - 1.824ms returns FALSE
T537C 086:997.672 JLINK_IsHalted()
T537C 086:998.928 - 1.252ms returns FALSE
T537C 086:998.992 JLINK_IsHalted()
T537C 087:000.968 - 1.977ms returns FALSE
T537C 087:107.120 JLINK_IsHalted()
T537C 087:109.072 - 1.946ms returns FALSE
T537C 087:109.152 JLINK_IsHalted()
T537C 087:111.000 - 1.847ms returns FALSE
T537C 087:216.624 JLINK_IsHalted()
T537C 087:218.544 - 1.920ms returns FALSE
T537C 087:218.720 JLINK_IsHalted()
T537C 087:220.464 - 1.741ms returns FALSE
T537C 087:326.104 JLINK_IsHalted()
T537C 087:327.552 - 1.442ms returns FALSE
T537C 087:327.664 JLINK_IsHalted()
T537C 087:329.336 - 1.680ms returns FALSE
T537C 087:435.512 JLINK_IsHalted()
T537C 087:437.136 - 1.620ms returns FALSE
T537C 087:437.240 JLINK_IsHalted()
T537C 087:440.736 - 3.496ms returns FALSE
T537C 087:544.048 JLINK_IsHalted()
T537C 087:545.976 - 1.921ms returns FALSE
T537C 087:546.080 JLINK_IsHalted()
T537C 087:547.840 - 1.760ms returns FALSE
T537C 087:653.576 JLINK_IsHalted()
T537C 087:655.448 - 1.872ms returns FALSE
T537C 087:655.552 JLINK_IsHalted()
T537C 087:657.312 - 1.757ms returns FALSE
T537C 087:762.840 JLINK_IsHalted()
T537C 087:764.880 - 2.036ms returns FALSE
T537C 087:764.976 JLINK_IsHalted()
T537C 087:766.800 - 1.819ms returns FALSE
T1488 087:828.664 JLINK_IsHalted()
T1488 087:830.360 - 1.695ms returns FALSE
T1488 087:830.472 JLINK_IsHalted()
T1488 087:832.336 - 1.871ms returns FALSE
T537C 087:873.016 JLINK_IsHalted()
T537C 087:875.912 - 2.893ms returns FALSE
T537C 087:876.016 JLINK_IsHalted()
T537C 087:877.832 - 1.809ms returns FALSE
T537C 087:982.384 JLINK_IsHalted()
T537C 087:984.136 - 1.747ms returns FALSE
T537C 087:984.248 JLINK_IsHalted()
T537C 087:985.864 - 1.609ms returns FALSE
T537C 088:091.024 JLINK_IsHalted()
T537C 088:092.928 - 1.897ms returns FALSE
T537C 088:092.984 JLINK_IsHalted()
T537C 088:094.864 - 1.877ms returns FALSE
T537C 088:200.272 JLINK_IsHalted()
T537C 088:201.296 - 1.028ms returns FALSE
T537C 088:201.368 JLINK_IsHalted()
T537C 088:203.216 - 1.841ms returns FALSE
T537C 088:310.520 JLINK_IsHalted()
T537C 088:313.992 - 3.472ms returns FALSE
T537C 088:314.064 JLINK_IsHalted()
T537C 088:315.888 - 1.818ms returns FALSE
T537C 088:419.776 JLINK_IsHalted()
T537C 088:422.232 - 2.456ms returns FALSE
T537C 088:422.320 JLINK_IsHalted()
T537C 088:424.112 - 1.790ms returns FALSE
T537C 088:528.984 JLINK_IsHalted()
T537C 088:530.984 - 1.994ms returns FALSE
T537C 088:531.056 JLINK_IsHalted()
T537C 088:532.848 - 1.790ms returns FALSE
T537C 088:637.776 JLINK_IsHalted()
T537C 088:639.208 - 1.421ms returns FALSE
T537C 088:639.272 JLINK_IsHalted()
T537C 088:641.056 - 1.784ms returns FALSE
T537C 088:747.984 JLINK_IsHalted()
T537C 088:752.440 - 4.459ms returns FALSE
T537C 088:752.504 JLINK_IsHalted()
T537C 088:755.144 - 2.635ms returns FALSE
T1488 088:832.960 JLINK_IsHalted()
T1488 088:834.192 - 1.237ms returns FALSE
T1488 088:834.248 JLINK_IsHalted()
T1488 088:836.320 - 2.069ms returns FALSE
T537C 088:857.224 JLINK_IsHalted()
T537C 088:858.928 - 1.714ms returns FALSE
T537C 088:858.992 JLINK_IsHalted()
T537C 088:860.808 - 1.810ms returns FALSE
T537C 088:966.456 JLINK_IsHalted()
T537C 088:968.504 - 2.045ms returns FALSE
T537C 088:968.960 JLINK_IsHalted()
T537C 088:970.384 - 1.422ms returns FALSE
T537C 089:075.728 JLINK_IsHalted()
T537C 089:077.544 - 1.814ms returns FALSE
T537C 089:077.656 JLINK_IsHalted()
T537C 089:081.136 - 3.470ms returns FALSE
T537C 089:184.944 JLINK_IsHalted()
T537C 089:188.504 - 3.554ms returns FALSE
T537C 089:188.648 JLINK_IsHalted()
T537C 089:190.152 - 1.503ms returns FALSE
T537C 089:294.160 JLINK_IsHalted()
T537C 089:295.512 - 1.348ms returns FALSE
T537C 089:295.568 JLINK_IsHalted()
T537C 089:297.424 - 1.843ms returns FALSE
T537C 089:403.472 JLINK_IsHalted()
T537C 089:404.992 - 1.516ms returns FALSE
T537C 089:405.112 JLINK_IsHalted()
T537C 089:406.848 - 1.737ms returns FALSE
T537C 089:514.096 JLINK_IsHalted()
T537C 089:522.992 - 8.887ms returns FALSE
T537C 089:523.056 JLINK_IsHalted()
T537C 089:524.960 - 1.901ms returns FALSE
T537C 089:623.296 JLINK_IsHalted()
T537C 089:634.664 - 11.363ms returns FALSE
T537C 089:634.736 JLINK_IsHalted()
T537C 089:658.096 - 23.358ms returns FALSE
T537C 089:763.552 JLINK_IsHalted()
T537C 089:766.160 - 2.602ms returns FALSE
T537C 089:766.216 JLINK_IsHalted()
T537C 089:768.032 - 1.816ms returns FALSE
T1488 089:837.584 JLINK_IsHalted()
T1488 089:838.888 - 1.308ms returns FALSE
T1488 089:838.976 JLINK_IsHalted()
T1488 089:840.624 - 1.653ms returns FALSE
T537C 089:872.848 JLINK_IsHalted()
T537C 089:874.064 - 1.217ms returns FALSE
T537C 089:874.120 JLINK_IsHalted()
T537C 089:875.928 - 1.811ms returns FALSE
T537C 089:982.032 JLINK_IsHalted()
T537C 089:983.616 - 1.581ms returns FALSE
T537C 089:983.680 JLINK_IsHalted()
T537C 089:985.488 - 1.813ms returns FALSE
T537C 090:091.304 JLINK_IsHalted()
T537C 090:093.072 - 1.769ms returns FALSE
T537C 090:093.144 JLINK_IsHalted()
T537C 090:094.872 - 1.727ms returns FALSE
T537C 090:200.512 JLINK_IsHalted()
T537C 090:202.704 - 2.191ms returns FALSE
T537C 090:202.792 JLINK_IsHalted()
T537C 090:205.848 - 3.055ms returns FALSE
T537C 090:309.736 JLINK_IsHalted()
T537C 090:311.304 - 1.567ms returns FALSE
T537C 090:311.360 JLINK_IsHalted()
T537C 090:313.168 - 1.807ms returns FALSE
T537C 090:418.992 JLINK_IsHalted()
T537C 090:420.336 - 1.339ms returns FALSE
T537C 090:420.400 JLINK_IsHalted()
T537C 090:422.056 - 1.649ms returns FALSE
T537C 090:529.240 JLINK_IsHalted()
T537C 090:530.088 - 0.846ms returns FALSE
T537C 090:530.160 JLINK_IsHalted()
T537C 090:531.952 - 1.793ms returns FALSE
T537C 090:638.528 JLINK_IsHalted()
T537C 090:642.608 - 4.085ms returns FALSE
T537C 090:642.736 JLINK_IsHalted()
T537C 090:644.576 - 1.831ms returns FALSE
T537C 090:747.232 JLINK_IsHalted()
T537C 090:749.048 - 1.811ms returns FALSE
T537C 090:749.112 JLINK_IsHalted()
T537C 090:750.928 - 1.808ms returns FALSE
T1488 090:840.064 JLINK_IsHalted()
T1488 090:841.864 - 1.799ms returns FALSE
T1488 090:842.016 JLINK_IsHalted()
T1488 090:843.680 - 1.663ms returns FALSE
T537C 090:856.560 JLINK_IsHalted()
T537C 090:858.608 - 2.047ms returns FALSE
T537C 090:858.736 JLINK_IsHalted()
T537C 090:862.152 - 3.416ms returns FALSE
T537C 090:966.720 JLINK_IsHalted()
T537C 090:968.600 - 1.880ms returns FALSE
T537C 090:968.832 JLINK_IsHalted()
T537C 090:970.640 - 1.804ms returns FALSE
T537C 091:075.952 JLINK_IsHalted()
T537C 091:077.760 - 1.807ms returns FALSE
T537C 091:077.832 JLINK_IsHalted()
T537C 091:079.568 - 1.736ms returns FALSE
T537C 091:185.296 JLINK_IsHalted()
T537C 091:191.008 - 5.705ms returns FALSE
T537C 091:191.504 JLINK_IsHalted()
T537C 091:194.784 - 3.278ms returns FALSE
T537C 091:294.480 JLINK_IsHalted()
T537C 091:295.504 - 1.019ms returns FALSE
T537C 091:295.544 JLINK_IsHalted()
T537C 091:297.472 - 1.928ms returns FALSE
T537C 091:404.240 JLINK_IsHalted()
T537C 091:405.816 - 1.577ms returns FALSE
T537C 091:405.936 JLINK_IsHalted()
T537C 091:407.568 - 1.622ms returns FALSE
T537C 091:513.256 JLINK_IsHalted()
T537C 091:515.992 - 2.738ms returns FALSE
T537C 091:516.056 JLINK_IsHalted()
T537C 091:518.064 - 1.999ms returns FALSE
T537C 091:622.624 JLINK_IsHalted()
T537C 091:623.696 - 1.067ms returns FALSE
T537C 091:623.760 JLINK_IsHalted()
T537C 091:625.400 - 1.644ms returns FALSE
T537C 091:731.848 JLINK_IsHalted()
T537C 091:733.008 - 1.166ms returns FALSE
T537C 091:733.064 JLINK_IsHalted()
T537C 091:734.904 - 1.840ms returns FALSE
T537C 091:841.552 JLINK_IsHalted()
T537C 091:843.400 - 1.845ms returns FALSE
T537C 091:843.536 JLINK_IsHalted()
T537C 091:845.040 - 1.490ms returns FALSE
T1488 091:845.336 JLINK_IsHalted()
T1488 091:847.064 - 1.727ms returns FALSE
T1488 091:847.216 JLINK_IsHalted()
T1488 091:848.992 - 1.773ms returns FALSE
T537C 091:950.992 JLINK_IsHalted()
T537C 091:952.816 - 1.811ms returns FALSE
T537C 091:952.904 JLINK_IsHalted()
T537C 091:954.752 - 1.842ms returns FALSE
T537C 092:059.560 JLINK_IsHalted()
T537C 092:061.328 - 1.763ms returns FALSE
T537C 092:061.424 JLINK_IsHalted()
T537C 092:063.440 - 2.023ms returns FALSE
T537C 092:169.720 JLINK_IsHalted()
T537C 092:171.144 - 1.418ms returns FALSE
T537C 092:171.208 JLINK_IsHalted()
T537C 092:172.816 - 1.608ms returns FALSE
T537C 092:279.032 JLINK_IsHalted()
T537C 092:282.192 - 3.159ms returns FALSE
T537C 092:282.304 JLINK_IsHalted()
T537C 092:284.136 - 1.828ms returns FALSE
T537C 092:388.072 JLINK_IsHalted()
T537C 092:389.840 - 1.767ms returns FALSE
T537C 092:389.936 JLINK_IsHalted()
T537C 092:391.896 - 1.960ms returns FALSE
T537C 092:497.744 JLINK_IsHalted()
T537C 092:499.200 - 1.453ms returns FALSE
T537C 092:499.328 JLINK_IsHalted()
T537C 092:500.992 - 1.661ms returns FALSE
T537C 092:607.400 JLINK_IsHalted()
T537C 092:609.672 - 2.268ms returns FALSE
T537C 092:609.832 JLINK_IsHalted()
T537C 092:611.464 - 1.626ms returns FALSE
T537C 092:716.288 JLINK_IsHalted()
T537C 092:718.520 - 2.230ms returns FALSE
T537C 092:718.704 JLINK_IsHalted()
T537C 092:720.496 - 1.787ms returns FALSE
T537C 092:825.560 JLINK_IsHalted()
T537C 092:826.480 - 0.923ms returns FALSE
T537C 092:826.560 JLINK_IsHalted()
T537C 092:830.072 - 3.510ms returns FALSE
T1488 092:849.264 JLINK_IsHalted()
T1488 092:850.320 - 1.057ms returns FALSE
T1488 092:850.384 JLINK_IsHalted()
T1488 092:852.240 - 1.856ms returns FALSE
T537C 092:934.848 JLINK_IsHalted()
T537C 092:936.360 - 1.508ms returns FALSE
T537C 092:936.432 JLINK_IsHalted()
T537C 092:938.184 - 1.748ms returns FALSE
T537C 093:044.544 JLINK_IsHalted()
T537C 093:045.776 - 1.225ms returns FALSE
T537C 093:045.856 JLINK_IsHalted()
T537C 093:047.656 - 1.798ms returns FALSE
T537C 093:154.256 JLINK_IsHalted()
T537C 093:155.712 - 1.452ms returns FALSE
T537C 093:155.808 JLINK_IsHalted()
T537C 093:157.544 - 1.736ms returns FALSE
T537C 093:263.768 JLINK_IsHalted()
T537C 093:265.560 - 1.795ms returns FALSE
T537C 093:265.752 JLINK_IsHalted()
T537C 093:267.376 - 1.619ms returns FALSE
T537C 093:372.648 JLINK_IsHalted()
T537C 093:374.472 - 1.822ms returns FALSE
T537C 093:374.672 JLINK_IsHalted()
T537C 093:376.416 - 1.746ms returns FALSE
T537C 093:482.424 JLINK_IsHalted()
T537C 093:486.352 - 3.925ms returns FALSE
T537C 093:486.568 JLINK_IsHalted()
T537C 093:488.368 - 1.795ms returns FALSE
T537C 093:591.296 JLINK_IsHalted()
T537C 093:593.144 - 1.845ms returns FALSE
T537C 093:593.328 JLINK_IsHalted()
T537C 093:595.040 - 1.704ms returns FALSE
T537C 093:700.544 JLINK_IsHalted()
T537C 093:702.160 - 1.610ms returns FALSE
T537C 093:702.288 JLINK_IsHalted()
T537C 093:703.824 - 1.534ms returns FALSE
T537C 093:810.040 JLINK_IsHalted()
T537C 093:812.400 - 2.357ms returns FALSE
T537C 093:812.584 JLINK_IsHalted()
T537C 093:814.048 - 1.464ms returns FALSE
T1488 093:852.880 JLINK_IsHalted()
T1488 093:855.080 - 2.197ms returns FALSE
T1488 093:855.192 JLINK_IsHalted()
T1488 093:856.864 - 1.670ms returns FALSE
T537C 093:919.672 JLINK_IsHalted()
T537C 093:921.712 - 2.040ms returns FALSE
T537C 093:921.840 JLINK_IsHalted()
T537C 093:923.480 - 1.632ms returns FALSE
T537C 094:028.432 JLINK_IsHalted()
T537C 094:029.992 - 1.553ms returns FALSE
T537C 094:030.120 JLINK_IsHalted()
T537C 094:032.040 - 1.917ms returns FALSE
T537C 094:138.664 JLINK_IsHalted()
T537C 094:140.736 - 2.072ms returns FALSE
T537C 094:140.872 JLINK_IsHalted()
T537C 094:142.728 - 1.857ms returns FALSE
T537C 094:248.064 JLINK_IsHalted()
T537C 094:251.024 - 2.957ms returns FALSE
T537C 094:251.160 JLINK_IsHalted()
T537C 094:252.960 - 1.799ms returns FALSE
T537C 094:356.656 JLINK_IsHalted()
T537C 094:358.104 - 1.449ms returns FALSE
T537C 094:358.240 JLINK_IsHalted()
T537C 094:359.952 - 1.702ms returns FALSE
T537C 094:466.328 JLINK_IsHalted()
T537C 094:468.256 - 1.924ms returns FALSE
T537C 094:468.416 JLINK_IsHalted()
T537C 094:470.144 - 1.730ms returns FALSE
T537C 094:575.552 JLINK_IsHalted()
T537C 094:577.680 - 2.120ms returns FALSE
T537C 094:577.808 JLINK_IsHalted()
T537C 094:579.568 - 1.754ms returns FALSE
T537C 094:684.944 JLINK_IsHalted()
T537C 094:686.544 - 1.600ms returns FALSE
T537C 094:686.672 JLINK_IsHalted()
T537C 094:688.400 - 1.719ms returns FALSE
T537C 094:794.112 JLINK_IsHalted()
T537C 094:795.984 - 1.864ms returns FALSE
T537C 094:796.120 JLINK_IsHalted()
T537C 094:797.912 - 1.795ms returns FALSE
T1488 094:857.312 JLINK_IsHalted()
T1488 094:859.792 - 2.473ms returns FALSE
T1488 094:859.936 JLINK_IsHalted()
T1488 094:861.672 - 1.734ms returns FALSE
T537C 094:903.816 JLINK_IsHalted()
T537C 094:905.576 - 1.761ms returns FALSE
T537C 094:905.712 JLINK_IsHalted()
T537C 094:907.424 - 1.709ms returns FALSE
T537C 095:013.536 JLINK_IsHalted()
T537C 095:015.568 - 2.030ms returns FALSE
T537C 095:015.696 JLINK_IsHalted()
T537C 095:017.424 - 1.734ms returns FALSE
T537C 095:122.864 JLINK_IsHalted()
T537C 095:124.880 - 2.019ms returns FALSE
T537C 095:124.952 JLINK_IsHalted()
T537C 095:126.896 - 1.937ms returns FALSE
T537C 095:231.728 JLINK_IsHalted()
T537C 095:234.648 - 2.917ms returns FALSE
T537C 095:234.768 JLINK_IsHalted()
T537C 095:236.456 - 1.680ms returns FALSE
T537C 095:341.176 JLINK_IsHalted()
T537C 095:343.040 - 1.861ms returns FALSE
T537C 095:343.160 JLINK_IsHalted()
T537C 095:344.896 - 1.733ms returns FALSE
T537C 095:450.312 JLINK_IsHalted()
T537C 095:451.896 - 1.586ms returns FALSE
T537C 095:452.024 JLINK_IsHalted()
T537C 095:453.616 - 1.592ms returns FALSE
T537C 095:560.624 JLINK_IsHalted()
T537C 095:562.416 - 1.800ms returns FALSE
T537C 095:562.496 JLINK_IsHalted()
T537C 095:564.272 - 1.777ms returns FALSE
T537C 095:669.824 JLINK_IsHalted()
T537C 095:671.792 - 1.967ms returns FALSE
T537C 095:671.912 JLINK_IsHalted()
T537C 095:673.648 - 1.737ms returns FALSE
T537C 095:778.960 JLINK_IsHalted()
T537C 095:781.128 - 2.163ms returns FALSE
T537C 095:781.240 JLINK_IsHalted()
T537C 095:782.968 - 1.724ms returns FALSE
T1488 095:862.376 JLINK_IsHalted()
T1488 095:864.424 - 2.046ms returns FALSE
T1488 095:864.600 JLINK_IsHalted()
T1488 095:866.160 - 1.566ms returns FALSE
T537C 095:888.304 JLINK_IsHalted()
T537C 095:890.600 - 2.294ms returns FALSE
T537C 095:890.712 JLINK_IsHalted()
T537C 095:892.432 - 1.711ms returns FALSE
T537C 095:997.752 JLINK_IsHalted()
T537C 096:001.712 - 3.958ms returns FALSE
T537C 096:001.840 JLINK_IsHalted()
T537C 096:003.536 - 1.697ms returns FALSE
T537C 096:106.600 JLINK_IsHalted()
T537C 096:108.664 - 2.069ms returns FALSE
T537C 096:108.792 JLINK_IsHalted()
T537C 096:110.536 - 1.736ms returns FALSE
T537C 096:215.856 JLINK_IsHalted()
T537C 096:218.024 - 2.163ms returns FALSE
T537C 096:218.160 JLINK_IsHalted()
T537C 096:221.784 - 3.627ms returns FALSE
T537C 096:325.648 JLINK_IsHalted()
T537C 096:326.832 - 1.188ms returns FALSE
T537C 096:326.960 JLINK_IsHalted()
T537C 096:328.528 - 1.571ms returns FALSE
T537C 096:435.432 JLINK_IsHalted()
T537C 096:437.296 - 1.870ms returns FALSE
T537C 096:437.408 JLINK_IsHalted()
T537C 096:439.416 - 2.008ms returns FALSE
T537C 096:544.272 JLINK_IsHalted()
T537C 096:547.408 - 3.132ms returns FALSE
T537C 096:547.496 JLINK_IsHalted()
T537C 096:549.000 - 1.500ms returns FALSE
T537C 096:653.712 JLINK_IsHalted()
T537C 096:655.432 - 1.719ms returns FALSE
T537C 096:655.544 JLINK_IsHalted()
T537C 096:657.104 - 1.558ms returns FALSE
T537C 096:763.672 JLINK_IsHalted()
T537C 096:765.680 - 2.009ms returns FALSE
T537C 096:765.800 JLINK_IsHalted()
T537C 096:767.560 - 1.755ms returns FALSE
T1488 096:866.944 JLINK_IsHalted()
T1488 096:868.560 - 1.620ms returns FALSE
T1488 096:868.680 JLINK_IsHalted()
T1488 096:870.672 - 1.992ms returns FALSE
T537C 096:872.488 JLINK_IsHalted()
T537C 096:874.920 - 2.429ms returns FALSE
T537C 096:875.040 JLINK_IsHalted()
T537C 096:876.920 - 1.878ms returns FALSE
T537C 096:982.464 JLINK_IsHalted()
T537C 096:984.376 - 1.918ms returns FALSE
T537C 096:984.456 JLINK_IsHalted()
T537C 096:986.344 - 1.892ms returns FALSE
T537C 097:091.408 JLINK_IsHalted()
T537C 097:093.592 - 2.181ms returns FALSE
T537C 097:093.768 JLINK_IsHalted()
T537C 097:095.416 - 1.644ms returns FALSE
T537C 097:200.608 JLINK_IsHalted()
T537C 097:202.576 - 1.971ms returns FALSE
T537C 097:202.680 JLINK_IsHalted()
T537C 097:204.464 - 1.779ms returns FALSE
T537C 097:309.808 JLINK_IsHalted()
T537C 097:311.928 - 2.114ms returns FALSE
T537C 097:312.032 JLINK_IsHalted()
T537C 097:313.976 - 1.942ms returns FALSE
T537C 097:418.992 JLINK_IsHalted()
T537C 097:420.208 - 1.218ms returns FALSE
T537C 097:420.304 JLINK_IsHalted()
T537C 097:422.104 - 1.792ms returns FALSE
T537C 097:528.560 JLINK_IsHalted()
T537C 097:531.544 - 2.987ms returns FALSE
T537C 097:531.656 JLINK_IsHalted()
T537C 097:533.408 - 1.748ms returns FALSE
T537C 097:638.544 JLINK_IsHalted()
T537C 097:640.840 - 2.293ms returns FALSE
T537C 097:641.000 JLINK_IsHalted()
T537C 097:642.728 - 1.727ms returns FALSE
T537C 097:747.984 JLINK_IsHalted()
T537C 097:750.352 - 2.357ms returns FALSE
T537C 097:750.504 JLINK_IsHalted()
T537C 097:752.208 - 1.706ms returns FALSE
T537C 097:856.976 JLINK_IsHalted()
T537C 097:859.136 - 2.165ms returns FALSE
T537C 097:859.272 JLINK_IsHalted()
T537C 097:861.192 - 1.919ms returns FALSE
T1488 097:872.656 JLINK_IsHalted()
T1488 097:874.760 - 2.102ms returns FALSE
T1488 097:874.912 JLINK_IsHalted()
T1488 097:876.504 - 1.590ms returns FALSE
T537C 097:966.000 JLINK_IsHalted()
T537C 097:967.560 - 1.563ms returns FALSE
T537C 097:967.728 JLINK_IsHalted()
T537C 097:969.608 - 1.878ms returns FALSE
T537C 098:076.032 JLINK_IsHalted()
T537C 098:077.928 - 1.894ms returns FALSE
T537C 098:078.120 JLINK_IsHalted()
T537C 098:079.824 - 1.699ms returns FALSE
T537C 098:184.880 JLINK_IsHalted()
T537C 098:187.472 - 2.584ms returns FALSE
T537C 098:187.624 JLINK_IsHalted()
T537C 098:189.328 - 1.702ms returns FALSE
T537C 098:293.992 JLINK_IsHalted()
T537C 098:295.432 - 1.435ms returns FALSE
T537C 098:295.576 JLINK_IsHalted()
T537C 098:297.440 - 1.858ms returns FALSE
T537C 098:403.576 JLINK_IsHalted()
T537C 098:405.000 - 1.423ms returns FALSE
T537C 098:405.120 JLINK_IsHalted()
T537C 098:407.008 - 1.889ms returns FALSE
T537C 098:513.304 JLINK_IsHalted()
T537C 098:520.680 - 7.375ms returns FALSE
T537C 098:520.792 JLINK_IsHalted()
T537C 098:522.280 - 1.483ms returns FALSE
T537C 098:622.848 JLINK_IsHalted()
T537C 098:625.120 - 2.275ms returns FALSE
T537C 098:625.240 JLINK_IsHalted()
T537C 098:627.168 - 1.923ms returns FALSE
T537C 098:731.928 JLINK_IsHalted()
T537C 098:733.952 - 2.022ms returns FALSE
T537C 098:734.080 JLINK_IsHalted()
T537C 098:736.000 - 1.914ms returns FALSE
T537C 098:840.984 JLINK_IsHalted()
T537C 098:842.928 - 1.940ms returns FALSE
T537C 098:843.032 JLINK_IsHalted()
T537C 098:844.960 - 1.919ms returns FALSE
T1488 098:877.640 JLINK_IsHalted()
T1488 098:879.424 - 1.783ms returns FALSE
T1488 098:879.552 JLINK_IsHalted()
T1488 098:881.272 - 1.722ms returns FALSE
T537C 098:950.528 JLINK_IsHalted()
T537C 098:952.400 - 1.873ms returns FALSE
T537C 098:952.488 JLINK_IsHalted()
T537C 098:954.256 - 1.764ms returns FALSE
T537C 099:060.336 JLINK_IsHalted()
T537C 099:061.784 - 1.438ms returns FALSE
T537C 099:061.904 JLINK_IsHalted()
T537C 099:063.704 - 1.800ms returns FALSE
T537C 099:169.800 JLINK_IsHalted()
T537C 099:171.904 - 2.104ms returns FALSE
T537C 099:171.984 JLINK_IsHalted()
T537C 099:173.568 - 1.581ms returns FALSE
T537C 099:279.328 JLINK_IsHalted()
T537C 099:281.360 - 2.032ms returns FALSE
T537C 099:281.488 JLINK_IsHalted()
T537C 099:283.232 - 1.741ms returns FALSE
T537C 099:387.800 JLINK_IsHalted()
T537C 099:389.488 - 1.686ms returns FALSE
T537C 099:389.616 JLINK_IsHalted()
T537C 099:391.376 - 1.751ms returns FALSE
T537C 099:497.664 JLINK_IsHalted()
T537C 099:500.688 - 3.018ms returns FALSE
T537C 099:500.808 JLINK_IsHalted()
T537C 099:502.568 - 1.760ms returns FALSE
T537C 099:606.968 JLINK_IsHalted()
T537C 099:608.976 - 2.006ms returns FALSE
T537C 099:609.128 JLINK_IsHalted()
T537C 099:610.856 - 1.724ms returns FALSE
T537C 099:716.624 JLINK_IsHalted()
T537C 099:720.192 - 3.566ms returns FALSE
T537C 099:720.320 JLINK_IsHalted()
T537C 099:722.072 - 1.750ms returns FALSE
T537C 099:826.152 JLINK_IsHalted()
T537C 099:828.552 - 2.398ms returns FALSE
T537C 099:828.672 JLINK_IsHalted()
T537C 099:830.384 - 1.712ms returns FALSE
T1488 099:881.744 JLINK_IsHalted()
T1488 099:883.976 - 2.230ms returns FALSE
T1488 099:884.096 JLINK_IsHalted()
T1488 099:885.800 - 1.700ms returns FALSE
T537C 099:935.320 JLINK_IsHalted()
T537C 099:937.304 - 1.981ms returns FALSE
T537C 099:937.440 JLINK_IsHalted()
T537C 099:939.216 - 1.775ms returns FALSE
T537C 100:044.400 JLINK_IsHalted()
T537C 100:047.008 - 2.601ms returns FALSE
T537C 100:047.056 JLINK_IsHalted()
T537C 100:048.864 - 1.811ms returns FALSE
T537C 100:154.400 JLINK_IsHalted()
T537C 100:156.928 - 2.526ms returns FALSE
T537C 100:157.104 JLINK_IsHalted()
T537C 100:158.944 - 1.831ms returns FALSE
T537C 100:263.048 JLINK_IsHalted()
T537C 100:265.384 - 2.331ms returns FALSE
T537C 100:265.576 JLINK_IsHalted()
T537C 100:268.880 - 3.298ms returns FALSE
T537C 100:372.264 JLINK_IsHalted()
T537C 100:375.392 - 3.123ms returns FALSE
T537C 100:375.584 JLINK_IsHalted()
T537C 100:377.232 - 1.645ms returns FALSE
T537C 100:481.920 JLINK_IsHalted()
T537C 100:483.728 - 1.803ms returns FALSE
T537C 100:483.920 JLINK_IsHalted()
T537C 100:485.608 - 1.683ms returns FALSE
T537C 100:591.528 JLINK_IsHalted()
T537C 100:593.448 - 1.922ms returns FALSE
T537C 100:593.632 JLINK_IsHalted()
T537C 100:595.336 - 1.702ms returns FALSE
T537C 100:701.128 JLINK_IsHalted()
T537C 100:703.344 - 2.219ms returns FALSE
T537C 100:703.480 JLINK_IsHalted()
T537C 100:705.264 - 1.781ms returns FALSE
T537C 100:810.120 JLINK_IsHalted()
T537C 100:812.048 - 1.926ms returns FALSE
T537C 100:812.168 JLINK_IsHalted()
T537C 100:813.984 - 1.815ms returns FALSE
T1488 100:886.992 JLINK_IsHalted()
T1488 100:889.280 - 2.283ms returns FALSE
T1488 100:889.384 JLINK_IsHalted()
T1488 100:891.152 - 1.760ms returns FALSE
T537C 100:919.000 JLINK_IsHalted()
T537C 100:920.888 - 1.889ms returns FALSE
T537C 100:921.008 JLINK_IsHalted()
T537C 100:922.752 - 1.741ms returns FALSE
T537C 101:028.632 JLINK_IsHalted()
T537C 101:030.304 - 1.672ms returns FALSE
T537C 101:030.416 JLINK_IsHalted()
T537C 101:031.976 - 1.556ms returns FALSE
T537C 101:137.984 JLINK_IsHalted()
T537C 101:139.840 - 1.855ms returns FALSE
T537C 101:139.944 JLINK_IsHalted()
T537C 101:143.408 - 3.464ms returns FALSE
T537C 101:247.264 JLINK_IsHalted()
T537C 101:248.624 - 1.355ms returns FALSE
T537C 101:248.816 JLINK_IsHalted()
T537C 101:250.416 - 1.609ms returns FALSE
T537C 101:357.360 JLINK_IsHalted()
T537C 101:359.288 - 1.934ms returns FALSE
T537C 101:359.408 JLINK_IsHalted()
T537C 101:361.200 - 1.797ms returns FALSE
T537C 101:466.760 JLINK_IsHalted()
T537C 101:468.736 - 1.981ms returns FALSE
T537C 101:468.880 JLINK_IsHalted()
T537C 101:470.640 - 1.759ms returns FALSE
T537C 101:575.656 JLINK_IsHalted()
T537C 101:577.552 - 1.900ms returns FALSE
T537C 101:577.648 JLINK_IsHalted()
T537C 101:579.408 - 1.751ms returns FALSE
T537C 101:684.864 JLINK_IsHalted()
T537C 101:686.952 - 2.086ms returns FALSE
T537C 101:687.056 JLINK_IsHalted()
T537C 101:689.024 - 1.973ms returns FALSE
T537C 101:794.032 JLINK_IsHalted()
T537C 101:796.080 - 2.044ms returns FALSE
T537C 101:796.200 JLINK_IsHalted()
T537C 101:797.936 - 1.742ms returns FALSE
T1488 101:891.592 JLINK_IsHalted()
T1488 101:893.512 - 1.922ms returns FALSE
T1488 101:893.616 JLINK_IsHalted()
T1488 101:895.440 - 1.819ms returns FALSE
T537C 101:903.344 JLINK_IsHalted()
T537C 101:904.864 - 1.517ms returns FALSE
T537C 101:904.968 JLINK_IsHalted()
T537C 101:906.736 - 1.763ms returns FALSE
T537C 102:013.232 JLINK_IsHalted()
T537C 102:016.128 - 2.902ms returns FALSE
T537C 102:016.264 JLINK_IsHalted()
T537C 102:018.000 - 1.742ms returns FALSE
T537C 102:122.288 JLINK_IsHalted()
T537C 102:124.248 - 1.963ms returns FALSE
T537C 102:124.312 JLINK_IsHalted()
T537C 102:126.176 - 1.856ms returns FALSE
T537C 102:232.384 JLINK_IsHalted()
T537C 102:234.024 - 1.635ms returns FALSE
T537C 102:234.144 JLINK_IsHalted()
T537C 102:235.760 - 1.607ms returns FALSE
T537C 102:341.744 JLINK_IsHalted()
T537C 102:343.968 - 2.229ms returns FALSE
T537C 102:344.104 JLINK_IsHalted()
T537C 102:345.776 - 1.675ms returns FALSE
T537C 102:451.120 JLINK_IsHalted()
T537C 102:453.000 - 1.874ms returns FALSE
T537C 102:453.120 JLINK_IsHalted()
T537C 102:454.864 - 1.735ms returns FALSE
T537C 102:560.424 JLINK_IsHalted()
T537C 102:562.512 - 2.093ms returns FALSE
T537C 102:562.640 JLINK_IsHalted()
T537C 102:564.304 - 1.671ms returns FALSE
T537C 102:669.424 JLINK_IsHalted()
T537C 102:670.976 - 1.552ms returns FALSE
T537C 102:671.096 JLINK_IsHalted()
T537C 102:672.848 - 1.753ms returns FALSE
T537C 102:778.832 JLINK_IsHalted()
T537C 102:780.448 - 1.618ms returns FALSE
T537C 102:780.592 JLINK_IsHalted()
T537C 102:782.096 - 1.498ms returns FALSE
T537C 102:887.864 JLINK_IsHalted()
T537C 102:891.656 - 3.787ms returns FALSE
T537C 102:891.776 JLINK_IsHalted()
T537C 102:893.520 - 1.749ms returns FALSE
T1488 102:896.112 JLINK_IsHalted()
T1488 102:897.904 - 1.797ms returns FALSE
T1488 102:898.040 JLINK_IsHalted()
T1488 102:899.760 - 1.714ms returns FALSE
T537C 102:997.328 JLINK_IsHalted()
T537C 103:000.360 - 3.027ms returns FALSE
T537C 103:000.488 JLINK_IsHalted()
T537C 103:002.192 - 1.706ms returns FALSE
T537C 103:107.312 JLINK_IsHalted()
T537C 103:108.624 - 1.306ms returns FALSE
T537C 103:108.720 JLINK_IsHalted()
T537C 103:110.512 - 1.787ms returns FALSE
T537C 103:216.488 JLINK_IsHalted()
T537C 103:217.904 - 1.419ms returns FALSE
T537C 103:218.000 JLINK_IsHalted()
T537C 103:219.952 - 1.955ms returns FALSE
T537C 103:325.472 JLINK_IsHalted()
T537C 103:328.072 - 2.596ms returns FALSE
T537C 103:328.144 JLINK_IsHalted()
T537C 103:329.800 - 1.650ms returns FALSE
T537C 103:434.696 JLINK_IsHalted()
T537C 103:435.992 - 1.300ms returns FALSE
T537C 103:436.120 JLINK_IsHalted()
T537C 103:437.880 - 1.758ms returns FALSE
T537C 103:544.856 JLINK_IsHalted()
T537C 103:546.960 - 2.105ms returns FALSE
T537C 103:547.112 JLINK_IsHalted()
T537C 103:548.992 - 1.878ms returns FALSE
T537C 103:654.136 JLINK_IsHalted()
T537C 103:656.064 - 1.928ms returns FALSE
T537C 103:656.176 JLINK_IsHalted()
T537C 103:657.744 - 1.559ms returns FALSE
T537C 103:763.536 JLINK_IsHalted()
T537C 103:765.568 - 2.022ms returns FALSE
T537C 103:765.680 JLINK_IsHalted()
T537C 103:767.472 - 1.788ms returns FALSE
T537C 103:872.304 JLINK_IsHalted()
T537C 103:873.984 - 1.673ms returns FALSE
T537C 103:874.096 JLINK_IsHalted()
T537C 103:875.848 - 1.743ms returns FALSE
T1488 103:900.360 JLINK_IsHalted()
T1488 103:904.080 - 3.717ms returns FALSE
T1488 103:904.200 JLINK_IsHalted()
T1488 103:905.968 - 1.762ms returns FALSE
T537C 103:983.776 JLINK_IsHalted()
T537C 103:986.904 - 3.126ms returns FALSE
T537C 103:987.024 JLINK_IsHalted()
T537C 103:989.032 - 1.999ms returns FALSE
T537C 104:091.400 JLINK_IsHalted()
T537C 104:095.320 - 3.918ms returns FALSE
T537C 104:095.576 JLINK_IsHalted()
T537C 104:097.096 - 1.514ms returns FALSE
T537C 104:200.920 JLINK_IsHalted()
T537C 104:202.296 - 1.372ms returns FALSE
T537C 104:202.384 JLINK_IsHalted()
T537C 104:204.368 - 1.981ms returns FALSE
T537C 104:310.424 JLINK_IsHalted()
T537C 104:312.128 - 1.702ms returns FALSE
T537C 104:312.224 JLINK_IsHalted()
T537C 104:313.872 - 1.648ms returns FALSE
T537C 104:419.264 JLINK_IsHalted()
T537C 104:421.328 - 2.061ms returns FALSE
T537C 104:421.424 JLINK_IsHalted()
T537C 104:423.312 - 1.890ms returns FALSE
T537C 104:528.568 JLINK_IsHalted()
T537C 104:530.304 - 1.731ms returns FALSE
T537C 104:530.416 JLINK_IsHalted()
T537C 104:531.920 - 1.507ms returns FALSE
T537C 104:638.480 JLINK_IsHalted()
T537C 104:640.264 - 1.775ms returns FALSE
T537C 104:640.408 JLINK_IsHalted()
T537C 104:641.992 - 1.584ms returns FALSE
T537C 104:747.960 JLINK_IsHalted()
T537C 104:750.256 - 2.292ms returns FALSE
T537C 104:750.368 JLINK_IsHalted()
T537C 104:752.240 - 1.861ms returns FALSE
T537C 104:857.176 JLINK_IsHalted()
T537C 104:858.424 - 1.243ms returns FALSE
T537C 104:858.536 JLINK_IsHalted()
T537C 104:860.416 - 1.880ms returns FALSE
T1488 104:906.760 JLINK_IsHalted()
T1488 104:908.080 - 1.322ms returns FALSE
T1488 104:908.192 JLINK_IsHalted()
T1488 104:909.816 - 1.622ms returns FALSE
T537C 104:966.552 JLINK_IsHalted()
T537C 104:968.160 - 1.604ms returns FALSE
T537C 104:968.272 JLINK_IsHalted()
T537C 104:969.840 - 1.562ms returns FALSE
T537C 105:075.696 JLINK_IsHalted()
T537C 105:077.040 - 1.349ms returns FALSE
T537C 105:077.112 JLINK_IsHalted()
T537C 105:078.896 - 1.785ms returns FALSE
T537C 105:185.496 JLINK_IsHalted()
T537C 105:188.376 - 2.876ms returns FALSE
T537C 105:188.496 JLINK_IsHalted()
T537C 105:190.432 - 1.927ms returns FALSE
T537C 105:294.720 JLINK_IsHalted()
T537C 105:296.856 - 2.137ms returns FALSE
T537C 105:297.000 JLINK_IsHalted()
T537C 105:298.768 - 1.761ms returns FALSE
T537C 105:404.160 JLINK_IsHalted()
T537C 105:406.384 - 2.228ms returns FALSE
T537C 105:406.544 JLINK_IsHalted()
T537C 105:408.176 - 1.629ms returns FALSE
T537C 105:512.904 JLINK_IsHalted()
T537C 105:516.784 - 3.885ms returns FALSE
T537C 105:516.928 JLINK_IsHalted()
T537C 105:518.728 - 1.800ms returns FALSE
T537C 105:623.048 JLINK_IsHalted()
T537C 105:625.360 - 2.304ms returns FALSE
T537C 105:625.488 JLINK_IsHalted()
T537C 105:627.472 - 1.984ms returns FALSE
T537C 105:731.704 JLINK_IsHalted()
T537C 105:733.752 - 2.042ms returns FALSE
T537C 105:733.848 JLINK_IsHalted()
T537C 105:735.600 - 1.747ms returns FALSE
T537C 105:841.776 JLINK_IsHalted()
T537C 105:843.224 - 1.448ms returns FALSE
T537C 105:843.328 JLINK_IsHalted()
T537C 105:845.032 - 1.695ms returns FALSE
T1488 105:910.464 JLINK_IsHalted()
T1488 105:912.336 - 1.869ms returns FALSE
T1488 105:912.456 JLINK_IsHalted()
T1488 105:914.192 - 1.738ms returns FALSE
T537C 105:950.456 JLINK_IsHalted()
T537C 105:952.736 - 2.281ms returns FALSE
T537C 105:952.856 JLINK_IsHalted()
T537C 105:954.416 - 1.554ms returns FALSE
T537C 106:060.344 JLINK_IsHalted()
T537C 106:063.280 - 2.931ms returns FALSE
T537C 106:063.392 JLINK_IsHalted()
T537C 106:065.080 - 1.685ms returns FALSE
T537C 106:169.416 JLINK_IsHalted()
T537C 106:170.960 - 1.541ms returns FALSE
T537C 106:171.008 JLINK_IsHalted()
T537C 106:172.800 - 1.790ms returns FALSE
T537C 106:279.296 JLINK_IsHalted()
T537C 106:280.896 - 1.601ms returns FALSE
T537C 106:281.056 JLINK_IsHalted()
T537C 106:282.544 - 1.483ms returns FALSE
T537C 106:388.152 JLINK_IsHalted()
T537C 106:390.376 - 2.222ms returns FALSE
T537C 106:390.520 JLINK_IsHalted()
T537C 106:392.288 - 1.766ms returns FALSE
T537C 106:497.224 JLINK_IsHalted()
T537C 106:498.704 - 1.476ms returns FALSE
T537C 106:498.856 JLINK_IsHalted()
T537C 106:500.336 - 1.477ms returns FALSE
T537C 106:606.648 JLINK_IsHalted()
T537C 106:608.992 - 2.344ms returns FALSE
T537C 106:609.168 JLINK_IsHalted()
T537C 106:611.136 - 1.972ms returns FALSE
T537C 106:716.824 JLINK_IsHalted()
T537C 106:718.576 - 1.754ms returns FALSE
T537C 106:718.728 JLINK_IsHalted()
T537C 106:720.464 - 1.731ms returns FALSE
T537C 106:825.320 JLINK_IsHalted()
T537C 106:826.480 - 1.167ms returns FALSE
T537C 106:826.536 JLINK_IsHalted()
T537C 106:828.328 - 1.792ms returns FALSE
T1488 106:915.096 JLINK_IsHalted()
T1488 106:916.864 - 1.767ms returns FALSE
T1488 106:916.960 JLINK_IsHalted()
T1488 106:918.840 - 1.881ms returns FALSE
T537C 106:934.800 JLINK_IsHalted()
T537C 106:936.816 - 2.017ms returns FALSE
T537C 106:936.912 JLINK_IsHalted()
T537C 106:938.680 - 1.763ms returns FALSE
T537C 107:044.400 JLINK_IsHalted()
T537C 107:046.192 - 1.793ms returns FALSE
T537C 107:046.328 JLINK_IsHalted()
T537C 107:047.848 - 1.516ms returns FALSE
T537C 107:153.576 JLINK_IsHalted()
T537C 107:155.816 - 2.236ms returns FALSE
T537C 107:155.920 JLINK_IsHalted()
T537C 107:157.640 - 1.718ms returns FALSE
T537C 107:262.728 JLINK_IsHalted()
T537C 107:264.040 - 1.308ms returns FALSE
T537C 107:264.152 JLINK_IsHalted()
T537C 107:265.856 - 1.700ms returns FALSE
T537C 107:372.312 JLINK_IsHalted()
T537C 107:374.184 - 1.866ms returns FALSE
T537C 107:374.296 JLINK_IsHalted()
T537C 107:376.128 - 1.820ms returns FALSE
T537C 107:481.880 JLINK_IsHalted()
T537C 107:483.792 - 1.910ms returns FALSE
T537C 107:483.888 JLINK_IsHalted()
T537C 107:485.544 - 1.649ms returns FALSE
T537C 107:591.872 JLINK_IsHalted()
T537C 107:595.072 - 3.209ms returns FALSE
T537C 107:595.184 JLINK_IsHalted()
T537C 107:596.696 - 1.509ms returns FALSE
T537C 107:700.248 JLINK_IsHalted()
T537C 107:703.128 - 2.889ms returns FALSE
T537C 107:703.208 JLINK_IsHalted()
T537C 107:704.984 - 1.780ms returns FALSE
T537C 107:809.752 JLINK_IsHalted()
T537C 107:811.416 - 1.656ms returns FALSE
T537C 107:811.544 JLINK_IsHalted()
T537C 107:812.968 - 1.416ms returns FALSE
T537C 107:919.272 JLINK_IsHalted()
T537C 107:920.960 - 1.692ms returns FALSE
T537C 107:921.168 JLINK_IsHalted()
T537C 107:922.816 - 1.657ms returns FALSE
T1488 107:923.072 JLINK_IsHalted()
T1488 107:924.544 - 1.474ms returns FALSE
T1488 107:924.688 JLINK_IsHalted()
T1488 107:926.296 - 1.615ms returns FALSE
T537C 108:029.120 JLINK_IsHalted()
T537C 108:031.400 - 2.270ms returns FALSE
T537C 108:031.504 JLINK_IsHalted()
T537C 108:033.360 - 1.854ms returns FALSE
T537C 108:138.200 JLINK_IsHalted()
T537C 108:140.240 - 2.043ms returns FALSE
T537C 108:140.312 JLINK_IsHalted()
T537C 108:142.208 - 1.897ms returns FALSE
T537C 108:247.512 JLINK_IsHalted()
T537C 108:249.600 - 2.087ms returns FALSE
T537C 108:249.712 JLINK_IsHalted()
T537C 108:251.664 - 1.948ms returns FALSE
T537C 108:357.008 JLINK_IsHalted()
T537C 108:358.936 - 1.926ms returns FALSE
T537C 108:359.000 JLINK_IsHalted()
T537C 108:361.064 - 2.055ms returns FALSE
T537C 108:466.776 JLINK_IsHalted()
T537C 108:468.968 - 2.192ms returns FALSE
T537C 108:469.072 JLINK_IsHalted()
T537C 108:472.720 - 3.642ms returns FALSE
T537C 108:575.320 JLINK_IsHalted()
T537C 108:577.384 - 2.059ms returns FALSE
T537C 108:577.536 JLINK_IsHalted()
T537C 108:581.040 - 3.500ms returns FALSE
T537C 108:685.480 JLINK_IsHalted()
T537C 108:687.192 - 1.710ms returns FALSE
T537C 108:687.280 JLINK_IsHalted()
T537C 108:690.920 - 3.632ms returns FALSE
T537C 108:794.728 JLINK_IsHalted()
T537C 108:796.240 - 1.512ms returns FALSE
T537C 108:796.352 JLINK_IsHalted()
T537C 108:797.800 - 1.438ms returns FALSE
T537C 108:903.504 JLINK_IsHalted()
T537C 108:905.600 - 2.099ms returns FALSE
T537C 108:905.776 JLINK_IsHalted()
T537C 108:907.432 - 1.643ms returns FALSE
T1488 108:926.808 JLINK_IsHalted()
T1488 108:929.240 - 2.426ms returns FALSE
T1488 108:929.384 JLINK_IsHalted()
T1488 108:931.184 - 1.805ms returns FALSE
T537C 109:013.184 JLINK_IsHalted()
T537C 109:015.232 - 2.049ms returns FALSE
T537C 109:015.344 JLINK_IsHalted()
T537C 109:017.112 - 1.762ms returns FALSE
T537C 109:122.640 JLINK_IsHalted()
T537C 109:124.752 - 2.110ms returns FALSE
T537C 109:124.816 JLINK_IsHalted()
T537C 109:126.672 - 1.854ms returns FALSE
T537C 109:231.640 JLINK_IsHalted()
T537C 109:233.744 - 2.104ms returns FALSE
T537C 109:233.816 JLINK_IsHalted()
T537C 109:235.608 - 1.785ms returns FALSE
T537C 109:341.584 JLINK_IsHalted()
T537C 109:344.784 - 3.206ms returns FALSE
T537C 109:344.912 JLINK_IsHalted()
T537C 109:346.704 - 1.786ms returns FALSE
T537C 109:450.496 JLINK_IsHalted()
T537C 109:453.080 - 2.578ms returns FALSE
T537C 109:453.208 JLINK_IsHalted()
T537C 109:454.928 - 1.710ms returns FALSE
T537C 109:560.720 JLINK_IsHalted()
T537C 109:562.584 - 1.860ms returns FALSE
T537C 109:562.712 JLINK_IsHalted()
T537C 109:566.056 - 3.342ms returns FALSE
T537C 109:669.056 JLINK_IsHalted()
T537C 109:671.144 - 2.093ms returns FALSE
T537C 109:671.336 JLINK_IsHalted()
T537C 109:673.128 - 1.788ms returns FALSE
T537C 109:779.072 JLINK_IsHalted()
T537C 109:780.848 - 1.765ms returns FALSE
T537C 109:780.976 JLINK_IsHalted()
T537C 109:782.384 - 1.406ms returns FALSE
T537C 109:888.488 JLINK_IsHalted()
T537C 109:890.752 - 2.270ms returns FALSE
T537C 109:890.880 JLINK_IsHalted()
T537C 109:892.608 - 1.724ms returns FALSE
T1488 109:931.648 JLINK_IsHalted()
T1488 109:933.504 - 1.844ms returns FALSE
T1488 109:933.616 JLINK_IsHalted()
T1488 109:935.472 - 1.854ms returns FALSE
T537C 109:997.968 JLINK_IsHalted()
T537C 110:000.104 - 2.133ms returns FALSE
T537C 110:000.280 JLINK_IsHalted()
T537C 110:002.240 - 1.951ms returns FALSE
T537C 110:106.648 JLINK_IsHalted()
T537C 110:108.376 - 1.729ms returns FALSE
T537C 110:108.456 JLINK_IsHalted()
T537C 110:109.992 - 1.534ms returns FALSE
T537C 110:216.560 JLINK_IsHalted()
T537C 110:218.480 - 1.917ms returns FALSE
T537C 110:218.600 JLINK_IsHalted()
T537C 110:220.176 - 1.573ms returns FALSE
T537C 110:326.160 JLINK_IsHalted()
T537C 110:328.088 - 1.938ms returns FALSE
T537C 110:328.208 JLINK_IsHalted()
T537C 110:329.704 - 1.490ms returns FALSE
T537C 110:435.504 JLINK_IsHalted()
T537C 110:437.656 - 2.148ms returns FALSE
T537C 110:437.776 JLINK_IsHalted()
T537C 110:439.232 - 1.452ms returns FALSE
T537C 110:544.576 JLINK_IsHalted()
T537C 110:545.776 - 1.201ms returns FALSE
T537C 110:545.880 JLINK_IsHalted()
T537C 110:547.824 - 1.945ms returns FALSE
T537C 110:653.784 JLINK_IsHalted()
T537C 110:655.360 - 1.566ms returns FALSE
T537C 110:655.472 JLINK_IsHalted()
T537C 110:657.112 - 1.638ms returns FALSE
T537C 110:763.248 JLINK_IsHalted()
T537C 110:764.848 - 1.600ms returns FALSE
T537C 110:764.968 JLINK_IsHalted()
T537C 110:766.608 - 1.648ms returns FALSE
T537C 110:872.280 JLINK_IsHalted()
T537C 110:874.288 - 2.010ms returns FALSE
T537C 110:874.392 JLINK_IsHalted()
T537C 110:876.136 - 1.741ms returns FALSE
T1488 110:936.344 JLINK_IsHalted()
T1488 110:938.496 - 2.158ms returns FALSE
T1488 110:938.600 JLINK_IsHalted()
T1488 110:940.208 - 1.609ms returns FALSE
T537C 110:982.208 JLINK_IsHalted()
T537C 110:984.216 - 2.015ms returns FALSE
T537C 110:984.336 JLINK_IsHalted()
T537C 110:986.176 - 1.852ms returns FALSE
T537C 111:091.736 JLINK_IsHalted()
T537C 111:093.744 - 2.008ms returns FALSE
T537C 111:093.848 JLINK_IsHalted()
T537C 111:095.592 - 1.736ms returns FALSE
T537C 111:200.560 JLINK_IsHalted()
T537C 111:204.016 - 3.453ms returns FALSE
T537C 111:204.136 JLINK_IsHalted()
T537C 111:205.808 - 1.678ms returns FALSE
T537C 111:309.656 JLINK_IsHalted()
T537C 111:311.296 - 1.630ms returns FALSE
T537C 111:311.376 JLINK_IsHalted()
T537C 111:313.496 - 2.115ms returns FALSE
T537C 111:419.992 JLINK_IsHalted()
T537C 111:422.208 - 2.215ms returns FALSE
T537C 111:422.296 JLINK_IsHalted()
T537C 111:423.952 - 1.640ms returns FALSE
T537C 111:528.472 JLINK_IsHalted()
T537C 111:529.904 - 1.434ms returns FALSE
T537C 111:530.024 JLINK_IsHalted()
T537C 111:531.624 - 1.598ms returns FALSE
T537C 111:638.400 JLINK_IsHalted()
T537C 111:641.384 - 2.982ms returns FALSE
T537C 111:641.520 JLINK_IsHalted()
T537C 111:643.240 - 1.717ms returns FALSE
T537C 111:747.312 JLINK_IsHalted()
T537C 111:748.864 - 1.550ms returns FALSE
T537C 111:748.968 JLINK_IsHalted()
T537C 111:750.464 - 1.501ms returns FALSE
T537C 111:857.296 JLINK_IsHalted()
T537C 111:859.184 - 1.890ms returns FALSE
T537C 111:859.280 JLINK_IsHalted()
T537C 111:861.336 - 2.063ms returns FALSE
T1488 111:940.944 JLINK_IsHalted()
T1488 111:942.768 - 1.832ms returns FALSE
T1488 111:942.872 JLINK_IsHalted()
T1488 111:944.600 - 1.725ms returns FALSE
T537C 111:966.680 JLINK_IsHalted()
T537C 111:968.728 - 2.052ms returns FALSE
T537C 111:968.848 JLINK_IsHalted()
T537C 111:970.584 - 1.739ms returns FALSE
T537C 112:075.984 JLINK_IsHalted()
T537C 112:078.488 - 2.508ms returns FALSE
T537C 112:078.616 JLINK_IsHalted()
T537C 112:080.576 - 1.966ms returns FALSE
T537C 112:186.112 JLINK_IsHalted()
T537C 112:188.032 - 1.914ms returns FALSE
T537C 112:188.200 JLINK_IsHalted()
T537C 112:190.144 - 1.943ms returns FALSE
T537C 112:294.672 JLINK_IsHalted()
T537C 112:295.976 - 1.299ms returns FALSE
T537C 112:296.112 JLINK_IsHalted()
T537C 112:297.856 - 1.747ms returns FALSE
T537C 112:403.864 JLINK_IsHalted()
T537C 112:406.016 - 2.151ms returns FALSE
T537C 112:406.160 JLINK_IsHalted()
T537C 112:407.664 - 1.497ms returns FALSE
T537C 112:513.232 JLINK_IsHalted()
T537C 112:515.568 - 2.344ms returns FALSE
T537C 112:515.712 JLINK_IsHalted()
T537C 112:517.336 - 1.624ms returns FALSE
T537C 112:622.568 JLINK_IsHalted()
T537C 112:624.560 - 1.989ms returns FALSE
T537C 112:624.704 JLINK_IsHalted()
T537C 112:626.408 - 1.705ms returns FALSE
T537C 112:731.504 JLINK_IsHalted()
T537C 112:733.520 - 2.000ms returns FALSE
T537C 112:733.672 JLINK_IsHalted()
T537C 112:735.440 - 1.760ms returns FALSE
T537C 112:841.216 JLINK_IsHalted()
T537C 112:843.696 - 2.478ms returns FALSE
T537C 112:843.840 JLINK_IsHalted()
T537C 112:845.552 - 1.704ms returns FALSE
T1488 112:945.512 JLINK_IsHalted()
T1488 112:947.368 - 1.861ms returns FALSE
T1488 112:947.536 JLINK_IsHalted()
T1488 112:949.264 - 1.731ms returns FALSE
T537C 112:951.080 JLINK_IsHalted()
T537C 112:952.976 - 1.888ms returns FALSE
T537C 112:953.128 JLINK_IsHalted()
T537C 112:954.864 - 1.743ms returns FALSE
T537C 113:060.240 JLINK_IsHalted()
T537C 113:062.448 - 2.217ms returns FALSE
T537C 113:062.592 JLINK_IsHalted()
T537C 113:064.400 - 1.802ms returns FALSE
T537C 113:169.432 JLINK_IsHalted()
T537C 113:171.432 - 1.987ms returns FALSE
T537C 113:171.584 JLINK_IsHalted()
T537C 113:173.200 - 1.606ms returns FALSE
T537C 113:279.256 JLINK_IsHalted()
T537C 113:281.256 - 1.988ms returns FALSE
T537C 113:281.368 JLINK_IsHalted()
T537C 113:283.184 - 1.816ms returns FALSE
T537C 113:388.496 JLINK_IsHalted()
T537C 113:390.760 - 2.270ms returns FALSE
T537C 113:390.872 JLINK_IsHalted()
T537C 113:392.640 - 1.771ms returns FALSE
T537C 113:497.680 JLINK_IsHalted()
T537C 113:499.560 - 1.889ms returns FALSE
T537C 113:499.624 JLINK_IsHalted()
T537C 113:501.504 - 1.880ms returns FALSE
T537C 113:607.336 JLINK_IsHalted()
T537C 113:609.168 - 1.836ms returns FALSE
T537C 113:609.304 JLINK_IsHalted()
T537C 113:611.032 - 1.734ms returns FALSE
T537C 113:716.184 JLINK_IsHalted()
T537C 113:717.808 - 1.628ms returns FALSE
T537C 113:717.952 JLINK_IsHalted()
T537C 113:719.664 - 1.701ms returns FALSE
T537C 113:826.216 JLINK_IsHalted()
T537C 113:827.568 - 1.352ms returns FALSE
T537C 113:827.752 JLINK_IsHalted()
T537C 113:829.360 - 1.608ms returns FALSE
T537C 113:935.552 JLINK_IsHalted()
T537C 113:937.360 - 1.802ms returns FALSE
T537C 113:937.432 JLINK_IsHalted()
T537C 113:939.248 - 1.818ms returns FALSE
T1488 113:949.848 JLINK_IsHalted()
T1488 113:951.528 - 1.684ms returns FALSE
T1488 113:951.600 JLINK_IsHalted()
T1488 113:953.432 - 1.828ms returns FALSE
T537C 114:044.816 JLINK_IsHalted()
T537C 114:046.824 - 2.005ms returns FALSE
T537C 114:046.888 JLINK_IsHalted()
T537C 114:048.728 - 1.845ms returns FALSE
T537C 114:153.360 JLINK_IsHalted()
T537C 114:155.632 - 2.272ms returns FALSE
T537C 114:155.696 JLINK_IsHalted()
T537C 114:157.328 - 1.623ms returns FALSE
T537C 114:263.536 JLINK_IsHalted()
T537C 114:265.008 - 1.482ms returns FALSE
T537C 114:265.136 JLINK_IsHalted()
T537C 114:266.928 - 1.794ms returns FALSE
T537C 114:372.712 JLINK_IsHalted()
T537C 114:374.936 - 2.221ms returns FALSE
T537C 114:375.064 JLINK_IsHalted()
T537C 114:376.912 - 1.835ms returns FALSE
T537C 114:482.448 JLINK_IsHalted()
T537C 114:484.392 - 1.945ms returns FALSE
T537C 114:484.496 JLINK_IsHalted()
T537C 114:486.384 - 1.896ms returns FALSE
T537C 114:591.152 JLINK_IsHalted()
T537C 114:593.576 - 2.421ms returns FALSE
T537C 114:593.712 JLINK_IsHalted()
T537C 114:595.632 - 1.926ms returns FALSE
T537C 114:700.336 JLINK_IsHalted()
T537C 114:701.872 - 1.529ms returns FALSE
T537C 114:701.976 JLINK_IsHalted()
T537C 114:703.888 - 1.898ms returns FALSE
T537C 114:809.936 JLINK_IsHalted()
T537C 114:811.840 - 1.913ms returns FALSE
T537C 114:811.968 JLINK_IsHalted()
T537C 114:813.936 - 1.959ms returns FALSE
T537C 114:919.824 JLINK_IsHalted()
T537C 114:921.280 - 1.454ms returns FALSE
T537C 114:921.392 JLINK_IsHalted()
T537C 114:923.024 - 1.629ms returns FALSE
T1488 114:954.536 JLINK_IsHalted()
T1488 114:956.304 - 1.755ms returns FALSE
T1488 114:956.432 JLINK_IsHalted()
T1488 114:958.120 - 1.688ms returns FALSE
T537C 115:029.568 JLINK_IsHalted()
T537C 115:032.104 - 2.535ms returns FALSE
T537C 115:032.192 JLINK_IsHalted()
T537C 115:034.072 - 1.878ms returns FALSE
T537C 115:138.456 JLINK_IsHalted()
T537C 115:140.480 - 2.031ms returns FALSE
T537C 115:140.568 JLINK_IsHalted()
T537C 115:142.336 - 1.763ms returns FALSE
T537C 115:247.448 JLINK_IsHalted()
T537C 115:249.768 - 2.323ms returns FALSE
T537C 115:249.832 JLINK_IsHalted()
T537C 115:251.736 - 1.899ms returns FALSE
T537C 115:356.632 JLINK_IsHalted()
T537C 115:359.216 - 2.580ms returns FALSE
T537C 115:359.336 JLINK_IsHalted()
T537C 115:361.072 - 1.746ms returns FALSE
T537C 115:466.544 JLINK_IsHalted()
T537C 115:468.760 - 2.203ms returns FALSE
T537C 115:468.864 JLINK_IsHalted()
T537C 115:470.632 - 1.762ms returns FALSE
T537C 115:575.488 JLINK_IsHalted()
T537C 115:576.920 - 1.429ms returns FALSE
T537C 115:577.048 JLINK_IsHalted()
T537C 115:578.712 - 1.667ms returns FALSE
T537C 115:685.168 JLINK_IsHalted()
T537C 115:686.936 - 1.766ms returns FALSE
T537C 115:687.064 JLINK_IsHalted()
T537C 115:688.792 - 1.724ms returns FALSE
T537C 115:794.352 JLINK_IsHalted()
T537C 115:795.480 - 1.124ms returns FALSE
T537C 115:795.568 JLINK_IsHalted()
T537C 115:797.488 - 1.919ms returns FALSE
T537C 115:903.824 JLINK_IsHalted()
T537C 115:906.384 - 2.551ms returns FALSE
T537C 115:906.512 JLINK_IsHalted()
T537C 115:908.208 - 1.702ms returns FALSE
T1488 115:958.528 JLINK_IsHalted()
T1488 115:960.128 - 1.602ms returns FALSE
T1488 115:960.304 JLINK_IsHalted()
T1488 115:962.000 - 1.686ms returns FALSE
T537C 116:012.976 JLINK_IsHalted()
T537C 116:016.208 - 3.224ms returns FALSE
T537C 116:016.320 JLINK_IsHalted()
T537C 116:017.944 - 1.627ms returns FALSE
T537C 116:122.320 JLINK_IsHalted()
T537C 116:124.480 - 2.168ms returns FALSE
T537C 116:124.592 JLINK_IsHalted()
T537C 116:126.320 - 1.719ms returns FALSE
T537C 116:232.144 JLINK_IsHalted()
T537C 116:233.752 - 1.621ms returns FALSE
T537C 116:233.856 JLINK_IsHalted()
T537C 116:235.728 - 1.862ms returns FALSE
T537C 116:341.632 JLINK_IsHalted()
T537C 116:343.408 - 1.771ms returns FALSE
T537C 116:343.552 JLINK_IsHalted()
T537C 116:345.304 - 1.743ms returns FALSE
T537C 116:450.864 JLINK_IsHalted()
T537C 116:452.328 - 1.458ms returns FALSE
T537C 116:452.432 JLINK_IsHalted()
T537C 116:454.160 - 1.726ms returns FALSE
T537C 116:560.144 JLINK_IsHalted()
T537C 116:561.768 - 1.620ms returns FALSE
T537C 116:561.904 JLINK_IsHalted()
T537C 116:563.504 - 1.595ms returns FALSE
T537C 116:669.848 JLINK_IsHalted()
T537C 116:671.184 - 1.333ms returns FALSE
T537C 116:671.296 JLINK_IsHalted()
T537C 116:672.912 - 1.601ms returns FALSE
T537C 116:778.608 JLINK_IsHalted()
T537C 116:781.072 - 2.457ms returns FALSE
T537C 116:781.136 JLINK_IsHalted()
T537C 116:782.832 - 1.707ms returns FALSE
T537C 116:888.152 JLINK_IsHalted()
T537C 116:889.944 - 1.786ms returns FALSE
T537C 116:890.096 JLINK_IsHalted()
T537C 116:891.816 - 1.711ms returns FALSE
T1488 116:963.112 JLINK_IsHalted()
T1488 116:965.808 - 2.704ms returns FALSE
T1488 116:966.016 JLINK_IsHalted()
T1488 116:967.696 - 1.666ms returns FALSE
T537C 116:997.416 JLINK_IsHalted()
T537C 116:999.472 - 2.059ms returns FALSE
T537C 116:999.592 JLINK_IsHalted()
T537C 117:001.296 - 1.700ms returns FALSE
T537C 117:107.408 JLINK_IsHalted()
T537C 117:109.016 - 1.619ms returns FALSE
T537C 117:109.184 JLINK_IsHalted()
T537C 117:110.864 - 1.671ms returns FALSE
T537C 117:216.464 JLINK_IsHalted()
T537C 117:219.408 - 2.943ms returns FALSE
T537C 117:219.608 JLINK_IsHalted()
T537C 117:221.232 - 1.623ms returns FALSE
T537C 117:325.608 JLINK_IsHalted()
T537C 117:327.568 - 1.955ms returns FALSE
T537C 117:327.720 JLINK_IsHalted()
T537C 117:329.432 - 1.710ms returns FALSE
T537C 117:435.032 JLINK_IsHalted()
T537C 117:437.584 - 2.547ms returns FALSE
T537C 117:437.736 JLINK_IsHalted()
T537C 117:439.424 - 1.679ms returns FALSE
T537C 117:544.448 JLINK_IsHalted()
T537C 117:546.432 - 1.977ms returns FALSE
T537C 117:546.584 JLINK_IsHalted()
T537C 117:548.288 - 1.696ms returns FALSE
T537C 117:653.720 JLINK_IsHalted()
T537C 117:655.792 - 2.069ms returns FALSE
T537C 117:655.952 JLINK_IsHalted()
T537C 117:657.688 - 1.733ms returns FALSE
T537C 117:762.960 JLINK_IsHalted()
T537C 117:765.672 - 2.711ms returns FALSE
T537C 117:765.848 JLINK_IsHalted()
T537C 117:767.576 - 1.724ms returns FALSE
T537C 117:872.936 JLINK_IsHalted()
T537C 117:877.016 - 4.078ms returns FALSE
T537C 117:877.136 JLINK_IsHalted()
T537C 117:878.872 - 1.736ms returns FALSE
T1488 117:968.784 JLINK_IsHalted()
T1488 117:970.904 - 2.128ms returns FALSE
T1488 117:971.032 JLINK_IsHalted()
T1488 117:972.608 - 1.559ms returns FALSE
T537C 117:982.704 JLINK_IsHalted()
T537C 117:983.824 - 1.120ms returns FALSE
T537C 117:983.936 JLINK_IsHalted()
T537C 117:985.920 - 1.987ms returns FALSE
T537C 118:091.248 JLINK_IsHalted()
T537C 118:093.520 - 2.261ms returns FALSE
T537C 118:093.648 JLINK_IsHalted()
T537C 118:095.312 - 1.663ms returns FALSE
T537C 118:200.512 JLINK_IsHalted()
T537C 118:202.928 - 2.423ms returns FALSE
T537C 118:203.048 JLINK_IsHalted()
T537C 118:204.720 - 1.673ms returns FALSE
T537C 118:309.952 JLINK_IsHalted()
T537C 118:310.976 - 1.027ms returns FALSE
T537C 118:311.120 JLINK_IsHalted()
T537C 118:314.544 - 3.436ms returns FALSE
T537C 118:419.056 JLINK_IsHalted()
T537C 118:419.952 - 0.893ms returns FALSE
T537C 118:419.992 JLINK_IsHalted()
T537C 118:421.824 - 1.828ms returns FALSE
T537C 118:528.640 JLINK_IsHalted()
T537C 118:530.456 - 1.825ms returns FALSE
T537C 118:530.728 JLINK_IsHalted()
T537C 118:532.304 - 1.574ms returns FALSE
T537C 118:638.080 JLINK_IsHalted()
T537C 118:639.848 - 1.762ms returns FALSE
T537C 118:640.104 JLINK_IsHalted()
T537C 118:641.768 - 1.658ms returns FALSE
T537C 118:747.496 JLINK_IsHalted()
T537C 118:750.680 - 3.190ms returns FALSE
T537C 118:750.960 JLINK_IsHalted()
T537C 118:753.752 - 2.787ms returns FALSE
T537C 118:856.976 JLINK_IsHalted()
T537C 118:858.072 - 1.104ms returns FALSE
T537C 118:858.160 JLINK_IsHalted()
T537C 118:860.056 - 1.893ms returns FALSE
T537C 118:966.576 JLINK_IsHalted()
T537C 118:991.016 - 24.436ms returns FALSE
T537C 118:991.232 JLINK_IsHalted()
T537C 118:992.944 - 1.707ms returns FALSE
T1488 118:993.296 JLINK_IsHalted()
T1488 118:994.768 - 1.463ms returns FALSE
T1488 118:994.928 JLINK_IsHalted()
T1488 118:996.888 - 1.954ms returns FALSE
T537C 119:091.432 JLINK_IsHalted()
T537C 119:094.232 - 2.793ms returns FALSE
T537C 119:094.448 JLINK_IsHalted()
T537C 119:095.832 - 1.379ms returns FALSE
T537C 119:201.136 JLINK_IsHalted()
T537C 119:202.328 - 1.190ms returns FALSE
T537C 119:202.416 JLINK_IsHalted()
T537C 119:204.112 - 1.688ms returns FALSE
T537C 119:310.384 JLINK_IsHalted()
T537C 119:313.536 - 3.142ms returns FALSE
T537C 119:313.728 JLINK_IsHalted()
T537C 119:315.712 - 1.990ms returns FALSE
T537C 119:419.152 JLINK_IsHalted()
T537C 119:421.776 - 2.619ms returns FALSE
T537C 119:421.936 JLINK_IsHalted()
T537C 119:423.792 - 1.854ms returns FALSE
T537C 119:528.576 JLINK_IsHalted()
T537C 119:530.456 - 1.878ms returns FALSE
T537C 119:530.640 JLINK_IsHalted()
T537C 119:532.160 - 1.520ms returns FALSE
T537C 119:638.128 JLINK_IsHalted()
T537C 119:639.760 - 1.619ms returns FALSE
T537C 119:639.872 JLINK_IsHalted()
T537C 119:641.392 - 1.512ms returns FALSE
T537C 119:747.536 JLINK_IsHalted()
T537C 119:749.584 - 2.040ms returns FALSE
T537C 119:749.744 JLINK_IsHalted()
T537C 119:753.216 - 3.458ms returns FALSE
T537C 119:857.344 JLINK_IsHalted()
T537C 119:860.184 - 2.849ms returns FALSE
T537C 119:860.312 JLINK_IsHalted()
T537C 119:862.064 - 1.752ms returns FALSE
T537C 119:966.144 JLINK_IsHalted()
T537C 119:968.192 - 2.054ms returns FALSE
T537C 119:968.384 JLINK_IsHalted()
T537C 119:969.984 - 1.608ms returns FALSE
T1488 119:998.320 JLINK_IsHalted()
T1488 120:000.384 - 2.064ms returns FALSE
T1488 120:000.528 JLINK_IsHalted()
T1488 120:002.408 - 1.875ms returns FALSE
T537C 120:075.408 JLINK_IsHalted()
T537C 120:077.592 - 2.187ms returns FALSE
T537C 120:077.720 JLINK_IsHalted()
T537C 120:079.312 - 1.589ms returns FALSE
T537C 120:184.936 JLINK_IsHalted()
T537C 120:187.216 - 2.280ms returns FALSE
T537C 120:187.352 JLINK_IsHalted()
T537C 120:189.032 - 1.683ms returns FALSE
T537C 120:294.336 JLINK_IsHalted()
T537C 120:297.368 - 3.025ms returns FALSE
T537C 120:297.520 JLINK_IsHalted()
T537C 120:299.216 - 1.697ms returns FALSE
T537C 120:404.208 JLINK_IsHalted()
T537C 120:405.712 - 1.507ms returns FALSE
T537C 120:405.864 JLINK_IsHalted()
T537C 120:407.488 - 1.621ms returns FALSE
T537C 120:516.528 JLINK_IsHalted()
T537C 120:518.232 - 1.701ms returns FALSE
T537C 120:518.384 JLINK_IsHalted()
T537C 120:520.064 - 1.675ms returns FALSE
T537C 120:622.824 JLINK_IsHalted()
T537C 120:625.112 - 2.289ms returns FALSE
T537C 120:625.256 JLINK_IsHalted()
T537C 120:627.024 - 1.755ms returns FALSE
T537C 120:732.016 JLINK_IsHalted()
T537C 120:733.672 - 1.653ms returns FALSE
T537C 120:733.824 JLINK_IsHalted()
T537C 120:735.792 - 1.973ms returns FALSE
T537C 120:840.912 JLINK_IsHalted()
T537C 120:843.352 - 2.444ms returns FALSE
T537C 120:843.472 JLINK_IsHalted()
T537C 120:845.184 - 1.717ms returns FALSE
T537C 120:951.192 JLINK_IsHalted()
T537C 120:953.264 - 2.074ms returns FALSE
T537C 120:953.392 JLINK_IsHalted()
T537C 120:955.160 - 1.762ms returns FALSE
T1488 121:003.928 JLINK_IsHalted()
T1488 121:005.672 - 1.735ms returns FALSE
T1488 121:005.784 JLINK_IsHalted()
T1488 121:007.640 - 1.852ms returns FALSE
T537C 121:059.688 JLINK_IsHalted()
T537C 121:061.504 - 1.820ms returns FALSE
T537C 121:061.632 JLINK_IsHalted()
T537C 121:063.400 - 1.760ms returns FALSE
T537C 121:169.856 JLINK_IsHalted()
T537C 121:171.344 - 1.480ms returns FALSE
T537C 121:171.432 JLINK_IsHalted()
T537C 121:173.224 - 1.790ms returns FALSE
T537C 121:279.128 JLINK_IsHalted()
T537C 121:280.880 - 1.742ms returns FALSE
T537C 121:281.024 JLINK_IsHalted()
T537C 121:282.728 - 1.706ms returns FALSE
T537C 121:387.944 JLINK_IsHalted()
T537C 121:390.184 - 2.228ms returns FALSE
T537C 121:390.296 JLINK_IsHalted()
T537C 121:392.128 - 1.832ms returns FALSE
T537C 121:497.648 JLINK_IsHalted()
T537C 121:499.696 - 2.046ms returns FALSE
T537C 121:499.816 JLINK_IsHalted()
T537C 121:501.520 - 1.695ms returns FALSE
T537C 121:607.088 JLINK_IsHalted()
T537C 121:608.168 - 1.071ms returns FALSE
T537C 121:608.280 JLINK_IsHalted()
T537C 121:610.200 - 1.911ms returns FALSE
T537C 121:716.160 JLINK_IsHalted()
T537C 121:717.672 - 1.511ms returns FALSE
T537C 121:717.784 JLINK_IsHalted()
T537C 121:719.376 - 1.578ms returns FALSE
T537C 121:825.680 JLINK_IsHalted()
T537C 121:827.056 - 1.371ms returns FALSE
T537C 121:827.176 JLINK_IsHalted()
T537C 121:828.720 - 1.539ms returns FALSE
T537C 121:935.192 JLINK_IsHalted()
T537C 121:938.384 - 3.178ms returns FALSE
T537C 121:938.472 JLINK_IsHalted()
T537C 121:940.304 - 1.825ms returns FALSE
T1488 122:008.152 JLINK_IsHalted()
T1488 122:010.000 - 1.840ms returns FALSE
T1488 122:010.152 JLINK_IsHalted()
T1488 122:011.928 - 1.781ms returns FALSE
T537C 122:044.736 JLINK_IsHalted()
T537C 122:046.760 - 2.025ms returns FALSE
T537C 122:046.864 JLINK_IsHalted()
T537C 122:048.600 - 1.748ms returns FALSE
T537C 122:153.448 JLINK_IsHalted()
T537C 122:156.624 - 3.168ms returns FALSE
T537C 122:156.760 JLINK_IsHalted()
T537C 122:158.440 - 1.675ms returns FALSE
T537C 122:263.408 JLINK_IsHalted()
T537C 122:265.024 - 1.605ms returns FALSE
T537C 122:265.152 JLINK_IsHalted()
T537C 122:266.704 - 1.550ms returns FALSE
T537C 122:373.208 JLINK_IsHalted()
T537C 122:374.416 - 1.206ms returns FALSE
T537C 122:374.544 JLINK_IsHalted()
T537C 122:376.448 - 1.912ms returns FALSE
T537C 122:482.456 JLINK_IsHalted()
T537C 122:484.112 - 1.658ms returns FALSE
T537C 122:484.248 JLINK_IsHalted()
T537C 122:487.592 - 3.339ms returns FALSE
T537C 122:591.664 JLINK_IsHalted()
T537C 122:593.880 - 2.221ms returns FALSE
T537C 122:594.024 JLINK_IsHalted()
T537C 122:595.728 - 1.698ms returns FALSE
T537C 122:701.136 JLINK_IsHalted()
T537C 122:702.704 - 1.579ms returns FALSE
T537C 122:702.832 JLINK_IsHalted()
T537C 122:704.664 - 1.830ms returns FALSE
T537C 122:811.600 JLINK_IsHalted()
T537C 122:813.488 - 1.892ms returns FALSE
T537C 122:813.616 JLINK_IsHalted()
T537C 122:815.384 - 1.767ms returns FALSE
T537C 122:919.952 JLINK_IsHalted()
T537C 122:922.264 - 2.313ms returns FALSE
T537C 122:922.368 JLINK_IsHalted()
T537C 122:924.160 - 1.791ms returns FALSE
T1488 123:012.240 JLINK_IsHalted()
T1488 123:013.592 - 1.351ms returns FALSE
T1488 123:013.680 JLINK_IsHalted()
T1488 123:015.376 - 1.687ms returns FALSE
T537C 123:029.184 JLINK_IsHalted()
T537C 123:030.488 - 1.310ms returns FALSE
T537C 123:030.592 JLINK_IsHalted()
T537C 123:032.192 - 1.600ms returns FALSE
T537C 123:138.048 JLINK_IsHalted()
T537C 123:140.016 - 1.977ms returns FALSE
T537C 123:140.120 JLINK_IsHalted()
T537C 123:143.696 - 3.575ms returns FALSE
T537C 123:247.952 JLINK_IsHalted()
T537C 123:250.048 - 2.099ms returns FALSE
T537C 123:250.240 JLINK_IsHalted()
T537C 123:251.728 - 1.475ms returns FALSE
T537C 123:356.560 JLINK_IsHalted()
T537C 123:358.192 - 1.636ms returns FALSE
T537C 123:358.288 JLINK_IsHalted()
T537C 123:359.912 - 1.615ms returns FALSE
T537C 123:465.880 JLINK_IsHalted()
T537C 123:467.824 - 1.943ms returns FALSE
T537C 123:467.968 JLINK_IsHalted()
T537C 123:469.424 - 1.459ms returns FALSE
T537C 123:575.808 JLINK_IsHalted()
T537C 123:577.816 - 2.017ms returns FALSE
T537C 123:577.944 JLINK_IsHalted()
T537C 123:579.688 - 1.743ms returns FALSE
T537C 123:684.632 JLINK_IsHalted()
T537C 123:686.592 - 1.961ms returns FALSE
T537C 123:686.680 JLINK_IsHalted()
T537C 123:688.472 - 1.804ms returns FALSE
T537C 123:794.520 JLINK_IsHalted()
T537C 123:796.184 - 1.667ms returns FALSE
T537C 123:796.328 JLINK_IsHalted()
T537C 123:798.064 - 1.734ms returns FALSE
T537C 123:903.744 JLINK_IsHalted()
T537C 123:905.104 - 1.357ms returns FALSE
T537C 123:905.240 JLINK_IsHalted()
T537C 123:906.920 - 1.671ms returns FALSE
T537C 124:013.248 JLINK_IsHalted()
T537C 124:015.408 - 2.165ms returns FALSE
T537C 124:015.576 JLINK_IsHalted()
T537C 124:017.048 - 1.469ms returns FALSE
T1488 124:017.320 JLINK_IsHalted()
T1488 124:020.800 - 3.476ms returns FALSE
T1488 124:020.904 JLINK_IsHalted()
T1488 124:022.616 - 1.715ms returns FALSE
T537C 124:122.240 JLINK_IsHalted()
T537C 124:125.208 - 2.957ms returns FALSE
T537C 124:125.328 JLINK_IsHalted()
T537C 124:127.064 - 1.734ms returns FALSE
T537C 124:231.504 JLINK_IsHalted()
T537C 124:233.600 - 2.102ms returns FALSE
T537C 124:233.712 JLINK_IsHalted()
T537C 124:235.672 - 1.955ms returns FALSE
T537C 124:341.424 JLINK_IsHalted()
T537C 124:343.256 - 1.831ms returns FALSE
T537C 124:343.384 JLINK_IsHalted()
T537C 124:345.152 - 1.760ms returns FALSE
T537C 124:450.944 JLINK_IsHalted()
T537C 124:452.760 - 1.814ms returns FALSE
T537C 124:452.880 JLINK_IsHalted()
T537C 124:454.656 - 1.777ms returns FALSE
T537C 124:560.176 JLINK_IsHalted()
T537C 124:562.256 - 2.076ms returns FALSE
T537C 124:562.384 JLINK_IsHalted()
T537C 124:564.136 - 1.762ms returns FALSE
T537C 124:669.456 JLINK_IsHalted()
T537C 124:671.616 - 2.163ms returns FALSE
T537C 124:671.768 JLINK_IsHalted()
T537C 124:673.688 - 1.915ms returns FALSE
T537C 124:778.472 JLINK_IsHalted()
T537C 124:780.120 - 1.645ms returns FALSE
T537C 124:780.272 JLINK_IsHalted()
T537C 124:781.744 - 1.462ms returns FALSE
T537C 124:888.808 JLINK_IsHalted()
T537C 124:890.800 - 1.993ms returns FALSE
T537C 124:890.944 JLINK_IsHalted()
T537C 124:892.696 - 1.754ms returns FALSE
T537C 124:997.976 JLINK_IsHalted()
T537C 124:999.576 - 1.599ms returns FALSE
T537C 124:999.728 JLINK_IsHalted()
T537C 125:001.560 - 1.826ms returns FALSE
T1488 125:023.656 JLINK_IsHalted()
T1488 125:025.384 - 1.718ms returns FALSE
T1488 125:025.496 JLINK_IsHalted()
T1488 125:027.408 - 1.907ms returns FALSE
T537C 125:107.112 JLINK_IsHalted()
T537C 125:108.800 - 1.675ms returns FALSE
T537C 125:108.888 JLINK_IsHalted()
T537C 125:111.056 - 2.159ms returns FALSE
T537C 125:216.168 JLINK_IsHalted()
T537C 125:217.896 - 1.719ms returns FALSE
T537C 125:218.032 JLINK_IsHalted()
T537C 125:219.608 - 1.575ms returns FALSE
T537C 125:326.016 JLINK_IsHalted()
T537C 125:328.400 - 2.374ms returns FALSE
T537C 125:328.528 JLINK_IsHalted()
T537C 125:330.344 - 1.821ms returns FALSE
T537C 125:435.096 JLINK_IsHalted()
T537C 125:436.712 - 1.621ms returns FALSE
T537C 125:436.848 JLINK_IsHalted()
T537C 125:438.656 - 1.802ms returns FALSE
T537C 125:544.688 JLINK_IsHalted()
T537C 125:546.264 - 1.572ms returns FALSE
T537C 125:546.408 JLINK_IsHalted()
T537C 125:548.160 - 1.756ms returns FALSE
T537C 125:653.680 JLINK_IsHalted()
T537C 125:655.728 - 2.055ms returns FALSE
T537C 125:655.856 JLINK_IsHalted()
T537C 125:657.648 - 1.788ms returns FALSE
T537C 125:763.696 JLINK_IsHalted()
T537C 125:766.808 - 3.104ms returns FALSE
T537C 125:766.936 JLINK_IsHalted()
T537C 125:768.688 - 1.741ms returns FALSE
T537C 125:873.168 JLINK_IsHalted()
T537C 125:876.224 - 3.053ms returns FALSE
T537C 125:876.352 JLINK_IsHalted()
T537C 125:878.064 - 1.717ms returns FALSE
T537C 125:981.872 JLINK_IsHalted()
T537C 125:983.856 - 1.982ms returns FALSE
T537C 125:984.024 JLINK_IsHalted()
T537C 125:985.776 - 1.753ms returns FALSE
T1488 126:028.568 JLINK_IsHalted()
T1488 126:030.552 - 1.988ms returns FALSE
T1488 126:030.680 JLINK_IsHalted()
T1488 126:032.408 - 1.731ms returns FALSE
T537C 126:091.176 JLINK_IsHalted()
T537C 126:093.312 - 2.135ms returns FALSE
T537C 126:093.424 JLINK_IsHalted()
T537C 126:095.208 - 1.777ms returns FALSE
T537C 126:200.400 JLINK_IsHalted()
T537C 126:202.792 - 2.401ms returns FALSE
T537C 126:202.904 JLINK_IsHalted()
T537C 126:204.608 - 1.700ms returns FALSE
T537C 126:310.672 JLINK_IsHalted()
T537C 126:312.280 - 1.617ms returns FALSE
T537C 126:312.400 JLINK_IsHalted()
T537C 126:314.032 - 1.645ms returns FALSE
T537C 126:419.200 JLINK_IsHalted()
T537C 126:421.032 - 1.835ms returns FALSE
T537C 126:421.104 JLINK_IsHalted()
T537C 126:422.616 - 1.508ms returns FALSE
T537C 126:529.232 JLINK_IsHalted()
T537C 126:530.840 - 1.602ms returns FALSE
T537C 126:530.944 JLINK_IsHalted()
T537C 126:532.888 - 1.954ms returns FALSE
T537C 126:637.800 JLINK_IsHalted()
T537C 126:639.144 - 1.347ms returns FALSE
T537C 126:639.256 JLINK_IsHalted()
T537C 126:641.000 - 1.742ms returns FALSE
T537C 126:747.984 JLINK_IsHalted()
T537C 126:750.896 - 2.916ms returns FALSE
T537C 126:751.016 JLINK_IsHalted()
T537C 126:752.656 - 1.633ms returns FALSE
T537C 126:857.368 JLINK_IsHalted()
T537C 126:859.176 - 1.810ms returns FALSE
T537C 126:859.304 JLINK_IsHalted()
T537C 126:861.160 - 1.849ms returns FALSE
T537C 126:966.160 JLINK_IsHalted()
T537C 126:967.600 - 1.447ms returns FALSE
T537C 126:967.704 JLINK_IsHalted()
T537C 126:969.424 - 1.709ms returns FALSE
T1488 127:032.848 JLINK_IsHalted()
T1488 127:034.736 - 1.887ms returns FALSE
T1488 127:034.840 JLINK_IsHalted()
T1488 127:036.648 - 1.802ms returns FALSE
T537C 127:075.504 JLINK_IsHalted()
T537C 127:077.928 - 2.412ms returns FALSE
T537C 127:078.040 JLINK_IsHalted()
T537C 127:079.744 - 1.701ms returns FALSE
T537C 127:185.296 JLINK_IsHalted()
T537C 127:186.344 - 1.045ms returns FALSE
T537C 127:186.408 JLINK_IsHalted()
T537C 127:188.288 - 1.879ms returns FALSE
T537C 127:294.824 JLINK_IsHalted()
T537C 127:297.360 - 2.523ms returns FALSE
T537C 127:297.536 JLINK_IsHalted()
T537C 127:299.216 - 1.677ms returns FALSE
T537C 127:404.248 JLINK_IsHalted()
T537C 127:406.144 - 1.892ms returns FALSE
T537C 127:406.336 JLINK_IsHalted()
T537C 127:407.984 - 1.647ms returns FALSE
T537C 127:513.488 JLINK_IsHalted()
T537C 127:515.712 - 2.223ms returns FALSE
T537C 127:515.904 JLINK_IsHalted()
T537C 127:517.456 - 1.545ms returns FALSE
T537C 127:622.888 JLINK_IsHalted()
T537C 127:625.264 - 2.385ms returns FALSE
T537C 127:625.456 JLINK_IsHalted()
T537C 127:628.912 - 3.453ms returns FALSE
T537C 127:731.712 JLINK_IsHalted()
T537C 127:733.480 - 1.754ms returns FALSE
T537C 127:733.672 JLINK_IsHalted()
T537C 127:735.376 - 1.693ms returns FALSE
T537C 127:841.240 JLINK_IsHalted()
T537C 127:845.296 - 4.064ms returns FALSE
T537C 127:845.488 JLINK_IsHalted()
T537C 127:846.936 - 1.440ms returns FALSE
T537C 127:951.080 JLINK_IsHalted()
T537C 127:953.408 - 2.321ms returns FALSE
T537C 127:953.584 JLINK_IsHalted()
T537C 127:955.376 - 1.787ms returns FALSE
T1488 128:037.552 JLINK_IsHalted()
T1488 128:040.000 - 2.439ms returns FALSE
T1488 128:040.192 JLINK_IsHalted()
T1488 128:041.704 - 1.507ms returns FALSE
T537C 128:060.208 JLINK_IsHalted()
T537C 128:062.160 - 1.939ms returns FALSE
T537C 128:062.336 JLINK_IsHalted()
T537C 128:064.024 - 1.681ms returns FALSE
T537C 128:169.424 JLINK_IsHalted()
T537C 128:172.240 - 2.804ms returns FALSE
T537C 128:172.368 JLINK_IsHalted()
T537C 128:174.160 - 1.796ms returns FALSE
T537C 128:278.424 JLINK_IsHalted()
T537C 128:280.616 - 2.185ms returns FALSE
T537C 128:280.744 JLINK_IsHalted()
T537C 128:282.480 - 1.744ms returns FALSE
T537C 128:388.072 JLINK_IsHalted()
T537C 128:389.808 - 1.737ms returns FALSE
T537C 128:389.952 JLINK_IsHalted()
T537C 128:391.952 - 1.988ms returns FALSE
T537C 128:497.536 JLINK_IsHalted()
T537C 128:501.288 - 3.759ms returns FALSE
T537C 128:501.568 JLINK_IsHalted()
T537C 128:502.824 - 1.254ms returns FALSE
T537C 128:606.672 JLINK_IsHalted()
T537C 128:608.296 - 1.631ms returns FALSE
T537C 128:608.424 JLINK_IsHalted()
T537C 128:610.216 - 1.787ms returns FALSE
T537C 128:716.368 JLINK_IsHalted()
T537C 128:717.616 - 1.248ms returns FALSE
T537C 128:717.736 JLINK_IsHalted()
T537C 128:719.720 - 1.977ms returns FALSE
T537C 128:825.944 JLINK_IsHalted()
T537C 128:829.016 - 3.068ms returns FALSE
T537C 128:829.144 JLINK_IsHalted()
T537C 128:831.016 - 1.868ms returns FALSE
T537C 128:935.168 JLINK_IsHalted()
T537C 128:937.552 - 2.383ms returns FALSE
T537C 128:937.688 JLINK_IsHalted()
T537C 128:939.376 - 1.687ms returns FALSE
T1488 129:042.792 JLINK_IsHalted()
T1488 129:044.632 - 1.837ms returns FALSE
T1488 129:044.760 JLINK_IsHalted()
T1488 129:046.696 - 1.927ms returns FALSE
T537C 129:046.912 JLINK_IsHalted()
T537C 129:050.304 - 3.380ms returns FALSE
T537C 129:050.432 JLINK_IsHalted()
T537C 129:052.184 - 1.760ms returns FALSE
T537C 129:153.704 JLINK_IsHalted()
T537C 129:155.904 - 2.203ms returns FALSE
T537C 129:156.056 JLINK_IsHalted()
T537C 129:157.848 - 1.787ms returns FALSE
T537C 129:263.088 JLINK_IsHalted()
T537C 129:265.648 - 2.561ms returns FALSE
T537C 129:265.776 JLINK_IsHalted()
T537C 129:267.184 - 1.402ms returns FALSE
T537C 129:372.992 JLINK_IsHalted()
T537C 129:375.168 - 2.168ms returns FALSE
T537C 129:375.312 JLINK_IsHalted()
T537C 129:377.000 - 1.697ms returns FALSE
T537C 129:481.680 JLINK_IsHalted()
T537C 129:484.912 - 3.244ms returns FALSE
T537C 129:485.040 JLINK_IsHalted()
T537C 129:486.936 - 1.888ms returns FALSE
T537C 129:591.296 JLINK_IsHalted()
T537C 129:593.896 - 2.592ms returns FALSE
T537C 129:594.032 JLINK_IsHalted()
T537C 129:595.600 - 1.565ms returns FALSE
T537C 129:700.336 JLINK_IsHalted()
T537C 129:702.168 - 1.818ms returns FALSE
T537C 129:702.320 JLINK_IsHalted()
T537C 129:703.848 - 1.522ms returns FALSE
T537C 129:810.472 JLINK_IsHalted()
T537C 129:811.920 - 1.434ms returns FALSE
T537C 129:812.048 JLINK_IsHalted()
T537C 129:813.656 - 1.608ms returns FALSE
T537C 129:920.536 JLINK_IsHalted()
T537C 129:921.904 - 1.364ms returns FALSE
T537C 129:922.032 JLINK_IsHalted()
T537C 129:923.920 - 1.880ms returns FALSE
T537C 130:028.736 JLINK_IsHalted()
T537C 130:032.640 - 3.901ms returns FALSE
T537C 130:032.784 JLINK_IsHalted()
T537C 130:034.544 - 1.761ms returns FALSE
T1488 130:047.232 JLINK_IsHalted()
T1488 130:049.328 - 2.104ms returns FALSE
T1488 130:049.456 JLINK_IsHalted()
T1488 130:051.072 - 1.605ms returns FALSE
T537C 130:138.128 JLINK_IsHalted()
T537C 130:139.328 - 1.204ms returns FALSE
T537C 130:139.408 JLINK_IsHalted()
T537C 130:141.136 - 1.736ms returns FALSE
T537C 130:247.272 JLINK_IsHalted()
T537C 130:249.176 - 1.900ms returns FALSE
T537C 130:249.344 JLINK_IsHalted()
T537C 130:251.072 - 1.727ms returns FALSE
T537C 130:356.592 JLINK_IsHalted()
T537C 130:359.000 - 2.403ms returns FALSE
T537C 130:359.168 JLINK_IsHalted()
T537C 130:360.832 - 1.669ms returns FALSE
T537C 130:466.456 JLINK_IsHalted()
T537C 130:468.496 - 2.026ms returns FALSE
T537C 130:468.656 JLINK_IsHalted()
T537C 130:470.424 - 1.767ms returns FALSE
T537C 130:576.000 JLINK_IsHalted()
T537C 130:578.072 - 2.069ms returns FALSE
T537C 130:578.256 JLINK_IsHalted()
T537C 130:579.920 - 1.660ms returns FALSE
T537C 130:684.888 JLINK_IsHalted()
T537C 130:687.592 - 2.711ms returns FALSE
T537C 130:687.768 JLINK_IsHalted()
T537C 130:690.984 - 3.215ms returns FALSE
T537C 130:794.968 JLINK_IsHalted()
T537C 130:797.712 - 2.747ms returns FALSE
T537C 130:797.872 JLINK_IsHalted()
T537C 130:799.424 - 1.546ms returns FALSE
T537C 130:904.232 JLINK_IsHalted()
T537C 130:906.192 - 1.949ms returns FALSE
T537C 130:906.352 JLINK_IsHalted()
T537C 130:908.032 - 1.675ms returns FALSE
T537C 131:013.464 JLINK_IsHalted()
T537C 131:015.960 - 2.495ms returns FALSE
T537C 131:016.088 JLINK_IsHalted()
T537C 131:017.704 - 1.609ms returns FALSE
T1488 131:051.664 JLINK_IsHalted()
T1488 131:053.040 - 1.376ms returns FALSE
T1488 131:053.208 JLINK_IsHalted()
T1488 131:055.000 - 1.793ms returns FALSE
T537C 131:122.944 JLINK_IsHalted()
T537C 131:124.800 - 1.852ms returns FALSE
T537C 131:124.912 JLINK_IsHalted()
T537C 131:126.632 - 1.712ms returns FALSE
T537C 131:232.128 JLINK_IsHalted()
T537C 131:235.840 - 3.703ms returns FALSE
T537C 131:235.920 JLINK_IsHalted()
T537C 131:237.568 - 1.644ms returns FALSE
T537C 131:341.520 JLINK_IsHalted()
T537C 131:343.768 - 2.240ms returns FALSE
T537C 131:343.888 JLINK_IsHalted()
T537C 131:345.776 - 1.901ms returns FALSE
T537C 131:450.832 JLINK_IsHalted()
T537C 131:452.176 - 1.346ms returns FALSE
T537C 131:452.248 JLINK_IsHalted()
T537C 131:454.016 - 1.764ms returns FALSE
T537C 131:559.632 JLINK_IsHalted()
T537C 131:561.728 - 2.107ms returns FALSE
T537C 131:561.856 JLINK_IsHalted()
T537C 131:563.416 - 1.561ms returns FALSE
T537C 131:669.544 JLINK_IsHalted()
T537C 131:671.744 - 2.201ms returns FALSE
T537C 131:671.848 JLINK_IsHalted()
T537C 131:673.576 - 1.725ms returns FALSE
T537C 131:779.048 JLINK_IsHalted()
T537C 131:780.376 - 1.321ms returns FALSE
T537C 131:780.544 JLINK_IsHalted()
T537C 131:782.464 - 1.915ms returns FALSE
T537C 131:888.256 JLINK_IsHalted()
T537C 131:890.664 - 2.411ms returns FALSE
T537C 131:890.800 JLINK_IsHalted()
T537C 131:892.504 - 1.693ms returns FALSE
T537C 131:997.248 JLINK_IsHalted()
T537C 131:999.400 - 2.149ms returns FALSE
T537C 131:999.536 JLINK_IsHalted()
T537C 132:001.408 - 1.864ms returns FALSE
T1488 132:056.304 JLINK_IsHalted()
T1488 132:058.096 - 1.787ms returns FALSE
T1488 132:058.240 JLINK_IsHalted()
T1488 132:060.144 - 1.906ms returns FALSE
T537C 132:107.456 JLINK_IsHalted()
T537C 132:109.224 - 1.767ms returns FALSE
T537C 132:109.312 JLINK_IsHalted()
T537C 132:111.312 - 1.999ms returns FALSE
T537C 132:216.216 JLINK_IsHalted()
T537C 132:217.816 - 1.598ms returns FALSE
T537C 132:217.960 JLINK_IsHalted()
T537C 132:219.672 - 1.714ms returns FALSE
T537C 132:325.288 JLINK_IsHalted()
T537C 132:326.864 - 1.583ms returns FALSE
T537C 132:326.928 JLINK_IsHalted()
T537C 132:328.704 - 1.779ms returns FALSE
T537C 132:435.472 JLINK_IsHalted()
T537C 132:438.448 - 2.990ms returns FALSE
T537C 132:438.568 JLINK_IsHalted()
T537C 132:440.304 - 1.738ms returns FALSE
T537C 132:545.152 JLINK_IsHalted()
T537C 132:547.224 - 2.074ms returns FALSE
T537C 132:547.376 JLINK_IsHalted()
T537C 132:549.232 - 1.848ms returns FALSE
T537C 132:654.032 JLINK_IsHalted()
T537C 132:657.432 - 3.400ms returns FALSE
T537C 132:657.616 JLINK_IsHalted()
T537C 132:661.040 - 3.436ms returns FALSE
T537C 132:763.456 JLINK_IsHalted()
T537C 132:766.144 - 2.688ms returns FALSE
T537C 132:766.296 JLINK_IsHalted()
T537C 132:767.792 - 1.505ms returns FALSE
T537C 132:872.464 JLINK_IsHalted()
T537C 132:874.456 - 1.988ms returns FALSE
T537C 132:874.608 JLINK_IsHalted()
T537C 132:876.336 - 1.727ms returns FALSE
T537C 132:982.288 JLINK_IsHalted()
T537C 132:984.320 - 2.033ms returns FALSE
T537C 132:984.512 JLINK_IsHalted()
T537C 132:986.136 - 1.626ms returns FALSE
T1488 133:060.392 JLINK_IsHalted()
T1488 133:063.152 - 2.761ms returns FALSE
T1488 133:063.296 JLINK_IsHalted()
T1488 133:065.008 - 1.717ms returns FALSE
T537C 133:091.800 JLINK_IsHalted()
T537C 133:093.840 - 2.027ms returns FALSE
T537C 133:093.992 JLINK_IsHalted()
T537C 133:095.832 - 1.838ms returns FALSE
T537C 133:200.680 JLINK_IsHalted()
T537C 133:202.176 - 1.493ms returns FALSE
T537C 133:202.280 JLINK_IsHalted()
T537C 133:203.824 - 1.549ms returns FALSE
T537C 133:310.256 JLINK_IsHalted()
T537C 133:312.232 - 1.963ms returns FALSE
T537C 133:312.320 JLINK_IsHalted()
T537C 133:314.072 - 1.753ms returns FALSE
T537C 133:419.824 JLINK_IsHalted()
T537C 133:421.808 - 1.979ms returns FALSE
T537C 133:421.904 JLINK_IsHalted()
T537C 133:423.664 - 1.765ms returns FALSE
T537C 133:529.136 JLINK_IsHalted()
T537C 133:532.648 - 3.497ms returns FALSE
T537C 133:532.752 JLINK_IsHalted()
T537C 133:534.480 - 1.728ms returns FALSE
T537C 133:638.312 JLINK_IsHalted()
T537C 133:639.576 - 1.262ms returns FALSE
T537C 133:639.656 JLINK_IsHalted()
T537C 133:641.408 - 1.754ms returns FALSE
T537C 133:747.160 JLINK_IsHalted()
T537C 133:749.160 - 1.988ms returns FALSE
T537C 133:749.248 JLINK_IsHalted()
T537C 133:751.016 - 1.773ms returns FALSE
T537C 133:856.464 JLINK_IsHalted()
T537C 133:857.560 - 1.090ms returns FALSE
T537C 133:857.624 JLINK_IsHalted()
T537C 133:859.560 - 1.940ms returns FALSE
T537C 133:966.768 JLINK_IsHalted()
T537C 133:968.960 - 2.188ms returns FALSE
T537C 133:969.152 JLINK_IsHalted()
T537C 133:971.072 - 1.915ms returns FALSE
T1488 134:065.576 JLINK_IsHalted()
T1488 134:067.560 - 1.971ms returns FALSE
T1488 134:067.736 JLINK_IsHalted()
T1488 134:071.168 - 3.427ms returns FALSE
T537C 134:076.160 JLINK_IsHalted()
T537C 134:077.936 - 1.769ms returns FALSE
T537C 134:078.128 JLINK_IsHalted()
T537C 134:079.760 - 1.630ms returns FALSE
T537C 134:185.304 JLINK_IsHalted()
T537C 134:187.088 - 1.780ms returns FALSE
T537C 134:187.184 JLINK_IsHalted()
T537C 134:191.936 - 4.752ms returns FALSE
T537C 134:294.272 JLINK_IsHalted()
T537C 134:295.632 - 1.356ms returns FALSE
T537C 134:295.776 JLINK_IsHalted()
T537C 134:297.440 - 1.675ms returns FALSE
T537C 134:403.552 JLINK_IsHalted()
T537C 134:404.960 - 1.402ms returns FALSE
T537C 134:405.024 JLINK_IsHalted()
T537C 134:407.024 - 1.994ms returns FALSE
T537C 134:512.736 JLINK_IsHalted()
T537C 134:514.528 - 1.778ms returns FALSE
T537C 134:514.624 JLINK_IsHalted()
T537C 134:516.640 - 2.013ms returns FALSE
T537C 134:622.816 JLINK_IsHalted()
T537C 134:624.752 - 1.954ms returns FALSE
T537C 134:624.880 JLINK_IsHalted()
T537C 134:626.736 - 1.852ms returns FALSE
T537C 134:732.320 JLINK_IsHalted()
T537C 134:734.240 - 1.917ms returns FALSE
T537C 134:734.368 JLINK_IsHalted()
T537C 134:736.160 - 1.802ms returns FALSE
T537C 134:840.912 JLINK_IsHalted()
T537C 134:842.912 - 2.010ms returns FALSE
T537C 134:842.976 JLINK_IsHalted()
T537C 134:844.640 - 1.647ms returns FALSE
T537C 134:950.512 JLINK_IsHalted()
T537C 134:952.592 - 2.073ms returns FALSE
T537C 134:952.704 JLINK_IsHalted()
T537C 134:954.464 - 1.748ms returns FALSE
T537C 135:059.936 JLINK_IsHalted()
T537C 135:061.680 - 1.747ms returns FALSE
T537C 135:061.824 JLINK_IsHalted()
T537C 135:063.584 - 1.762ms returns FALSE
T1488 135:072.864 JLINK_IsHalted()
T1488 135:074.624 - 1.771ms returns FALSE
T1488 135:074.720 JLINK_IsHalted()
T1488 135:076.576 - 1.846ms returns FALSE
T537C 135:169.216 JLINK_IsHalted()
T537C 135:170.112 - 0.887ms returns FALSE
T537C 135:170.160 JLINK_IsHalted()
T537C 135:172.000 - 1.827ms returns FALSE
T537C 135:278.592 JLINK_IsHalted()
T537C 135:280.416 - 1.828ms returns FALSE
T537C 135:280.496 JLINK_IsHalted()
T537C 135:282.080 - 1.566ms returns FALSE
T537C 135:387.792 JLINK_IsHalted()
T537C 135:389.984 - 2.193ms returns FALSE
T537C 135:390.064 JLINK_IsHalted()
T537C 135:391.888 - 1.815ms returns FALSE
T537C 135:497.232 JLINK_IsHalted()
T537C 135:498.336 - 1.102ms returns FALSE
T537C 135:498.496 JLINK_IsHalted()
T537C 135:500.384 - 1.882ms returns FALSE
T537C 135:606.752 JLINK_IsHalted()
T537C 135:608.720 - 1.962ms returns FALSE
T537C 135:608.800 JLINK_IsHalted()
T537C 135:610.400 - 1.583ms returns FALSE
T537C 135:716.816 JLINK_IsHalted()
T537C 135:718.704 - 1.888ms returns FALSE
T537C 135:718.800 JLINK_IsHalted()
T537C 135:720.464 - 1.658ms returns FALSE
T537C 135:825.888 JLINK_IsHalted()
T537C 135:827.904 - 2.018ms returns FALSE
T537C 135:828.016 JLINK_IsHalted()
T537C 135:830.048 - 2.044ms returns FALSE
T537C 135:935.376 JLINK_IsHalted()
T537C 135:938.032 - 2.662ms returns FALSE
T537C 135:938.128 JLINK_IsHalted()
T537C 135:939.744 - 1.618ms returns FALSE
T537C 136:044.800 JLINK_IsHalted()
T537C 136:045.872 - 1.078ms returns FALSE
T537C 136:045.936 JLINK_IsHalted()
T537C 136:047.520 - 1.586ms returns FALSE
T1488 136:076.864 JLINK_IsHalted()
T1488 136:078.608 - 1.746ms returns FALSE
T1488 136:078.720 JLINK_IsHalted()
T1488 136:080.304 - 1.586ms returns FALSE
T537C 136:154.048 JLINK_IsHalted()
T537C 136:156.336 - 2.297ms returns FALSE
T537C 136:156.384 JLINK_IsHalted()
T537C 136:158.464 - 2.063ms returns FALSE
T537C 136:262.704 JLINK_IsHalted()
T537C 136:264.800 - 2.099ms returns FALSE
T537C 136:264.864 JLINK_IsHalted()
T537C 136:266.528 - 1.665ms returns FALSE
T537C 136:372.912 JLINK_IsHalted()
T537C 136:374.352 - 1.434ms returns FALSE
T537C 136:374.416 JLINK_IsHalted()
T537C 136:376.352 - 1.929ms returns FALSE
T537C 136:482.032 JLINK_IsHalted()
T537C 136:483.536 - 1.497ms returns FALSE
T537C 136:483.584 JLINK_IsHalted()
T537C 136:485.504 - 1.921ms returns FALSE
T537C 136:591.728 JLINK_IsHalted()
T537C 136:593.392 - 1.668ms returns FALSE
T537C 136:593.488 JLINK_IsHalted()
T537C 136:595.664 - 2.171ms returns FALSE
T537C 136:701.056 JLINK_IsHalted()
T537C 136:703.296 - 2.235ms returns FALSE
T537C 136:703.424 JLINK_IsHalted()
T537C 136:706.928 - 3.508ms returns FALSE
T537C 136:810.624 JLINK_IsHalted()
T537C 136:812.064 - 1.448ms returns FALSE
T537C 136:812.176 JLINK_IsHalted()
T537C 136:813.792 - 1.614ms returns FALSE
T537C 136:919.136 JLINK_IsHalted()
T537C 136:920.336 - 1.204ms returns FALSE
T537C 136:920.448 JLINK_IsHalted()
T537C 136:922.128 - 1.675ms returns FALSE
T537C 137:029.184 JLINK_IsHalted()
T537C 137:031.200 - 2.020ms returns FALSE
T537C 137:031.344 JLINK_IsHalted()
T537C 137:033.248 - 1.910ms returns FALSE
T1488 137:081.520 JLINK_IsHalted()
T1488 137:083.280 - 1.752ms returns FALSE
T1488 137:083.424 JLINK_IsHalted()
T1488 137:085.232 - 1.821ms returns FALSE
T537C 137:137.888 JLINK_IsHalted()
T537C 137:139.952 - 2.059ms returns FALSE
T537C 137:140.064 JLINK_IsHalted()
T537C 137:141.792 - 1.715ms returns FALSE
T537C 137:247.904 JLINK_IsHalted()
T537C 137:250.080 - 2.183ms returns FALSE
T537C 137:250.240 JLINK_IsHalted()
T537C 137:251.952 - 1.716ms returns FALSE
T537C 137:357.136 JLINK_IsHalted()
T537C 137:358.976 - 1.840ms returns FALSE
T537C 137:359.168 JLINK_IsHalted()
T537C 137:360.720 - 1.556ms returns FALSE
T537C 137:466.048 JLINK_IsHalted()
T537C 137:468.320 - 2.266ms returns FALSE
T537C 137:468.416 JLINK_IsHalted()
T537C 137:470.448 - 2.031ms returns FALSE
T537C 137:575.584 JLINK_IsHalted()
T537C 137:577.952 - 2.364ms returns FALSE
T537C 137:578.080 JLINK_IsHalted()
T537C 137:580.016 - 1.944ms returns FALSE
T537C 137:684.704 JLINK_IsHalted()
T537C 137:687.904 - 3.179ms returns FALSE
T537C 137:688.016 JLINK_IsHalted()
T537C 137:689.904 - 1.899ms returns FALSE
T537C 137:794.608 JLINK_IsHalted()
T537C 137:796.704 - 2.097ms returns FALSE
T537C 137:796.832 JLINK_IsHalted()
T537C 137:798.624 - 1.793ms returns FALSE
T537C 137:904.096 JLINK_IsHalted()
T537C 137:906.208 - 2.100ms returns FALSE
T537C 137:906.320 JLINK_IsHalted()
T537C 137:909.744 - 3.418ms returns FALSE
T537C 138:013.392 JLINK_IsHalted()
T537C 138:014.944 - 1.555ms returns FALSE
T537C 138:015.104 JLINK_IsHalted()
T537C 138:016.976 - 1.870ms returns FALSE
T1488 138:085.680 JLINK_IsHalted()
T1488 138:086.608 - 0.910ms returns FALSE
T1488 138:086.656 JLINK_IsHalted()
T1488 138:088.480 - 1.822ms returns FALSE
T537C 138:122.736 JLINK_IsHalted()
T537C 138:124.704 - 1.953ms returns FALSE
T537C 138:124.816 JLINK_IsHalted()
T537C 138:126.560 - 1.748ms returns FALSE
T537C 138:231.648 JLINK_IsHalted()
T537C 138:233.504 - 1.854ms returns FALSE
T537C 138:233.584 JLINK_IsHalted()
T537C 138:235.360 - 1.778ms returns FALSE
T537C 138:341.328 JLINK_IsHalted()
T537C 138:343.008 - 1.685ms returns FALSE
T537C 138:343.072 JLINK_IsHalted()
T537C 138:344.800 - 1.727ms returns FALSE
T537C 138:450.592 JLINK_IsHalted()
T537C 138:452.512 - 1.909ms returns FALSE
T537C 138:452.576 JLINK_IsHalted()
T537C 138:454.384 - 1.793ms returns FALSE
T537C 138:560.192 JLINK_IsHalted()
T537C 138:564.256 - 4.064ms returns FALSE
T537C 138:564.320 JLINK_IsHalted()
T537C 138:611.648 - 47.319ms returns FALSE
T537C 138:715.952 JLINK_IsHalted()
T537C 138:716.992 - 1.037ms returns FALSE
T537C 138:717.056 JLINK_IsHalted()
T537C 138:718.864 - 1.797ms returns FALSE
T537C 138:826.096 JLINK_IsHalted()
T537C 138:831.920 - 5.825ms returns FALSE
T537C 138:832.048 JLINK_IsHalted()
T537C 138:833.360 - 1.309ms returns FALSE
T537C 138:935.328 JLINK_IsHalted()
T537C 138:936.768 - 1.437ms returns FALSE
T537C 138:936.832 JLINK_IsHalted()
T537C 138:938.640 - 1.796ms returns FALSE
T537C 139:044.880 JLINK_IsHalted()
T537C 139:046.224 - 1.337ms returns FALSE
T537C 139:046.304 JLINK_IsHalted()
T537C 139:048.128 - 1.826ms returns FALSE
T1488 139:088.928 JLINK_IsHalted()
T1488 139:090.624 - 1.691ms returns FALSE
T1488 139:090.688 JLINK_IsHalted()
T1488 139:092.512 - 1.808ms returns FALSE
T537C 139:154.144 JLINK_IsHalted()
T537C 139:155.600 - 1.460ms returns FALSE
T537C 139:155.648 JLINK_IsHalted()
T537C 139:157.472 - 1.810ms returns FALSE
T537C 139:263.360 JLINK_IsHalted()
T537C 139:264.480 - 1.119ms returns FALSE
T537C 139:264.544 JLINK_IsHalted()
T537C 139:266.400 - 1.848ms returns FALSE
T537C 139:372.592 JLINK_IsHalted()
T537C 139:374.752 - 2.143ms returns FALSE
T537C 139:374.800 JLINK_IsHalted()
T537C 139:376.608 - 1.802ms returns FALSE
T537C 139:481.744 JLINK_IsHalted()
T537C 139:482.848 - 1.114ms returns FALSE
T537C 139:482.928 JLINK_IsHalted()
T537C 139:484.720 - 1.793ms returns FALSE
T537C 139:591.728 JLINK_IsHalted()
T537C 139:593.744 - 2.012ms returns FALSE
T537C 139:593.968 JLINK_IsHalted()
T537C 139:595.664 - 1.694ms returns FALSE
T537C 139:700.848 JLINK_IsHalted()
T537C 139:701.920 - 1.060ms returns FALSE
T537C 139:701.984 JLINK_IsHalted()
T537C 139:703.808 - 1.828ms returns FALSE
T537C 139:809.872 JLINK_IsHalted()
T537C 139:811.360 - 1.484ms returns FALSE
T537C 139:811.408 JLINK_IsHalted()
T537C 139:813.264 - 1.858ms returns FALSE
T537C 139:919.200 JLINK_IsHalted()
T537C 139:920.848 - 1.652ms returns FALSE
T537C 139:920.880 JLINK_IsHalted()
T537C 139:922.704 - 1.813ms returns FALSE
T537C 140:029.360 JLINK_IsHalted()
T537C 140:031.184 - 1.822ms returns FALSE
T537C 140:031.376 JLINK_IsHalted()
T537C 140:033.056 - 1.695ms returns FALSE
T1488 140:097.248 JLINK_IsHalted()
T1488 140:099.632 - 2.373ms returns FALSE
T1488 140:099.760 JLINK_IsHalted()
T1488 140:101.504 - 1.746ms returns FALSE
T537C 140:138.464 JLINK_IsHalted()
T537C 140:139.744 - 1.277ms returns FALSE
T537C 140:139.808 JLINK_IsHalted()
T537C 140:141.648 - 1.839ms returns FALSE
T537C 140:247.840 JLINK_IsHalted()
T537C 140:249.312 - 1.480ms returns FALSE
T537C 140:249.376 JLINK_IsHalted()
T537C 140:251.168 - 1.805ms returns FALSE
T537C 140:357.072 JLINK_IsHalted()
T537C 140:359.312 - 2.239ms returns FALSE
T537C 140:359.376 JLINK_IsHalted()
T537C 140:361.168 - 1.788ms returns FALSE
T537C 140:466.352 JLINK_IsHalted()
T537C 140:467.408 - 1.042ms returns FALSE
T537C 140:467.456 JLINK_IsHalted()
T537C 140:469.344 - 1.898ms returns FALSE
T537C 140:576.384 JLINK_IsHalted()
T537C 140:580.448 - 4.062ms returns FALSE
T537C 140:580.624 JLINK_IsHalted()
T537C 140:581.792 - 1.160ms returns FALSE
T537C 140:685.264 JLINK_IsHalted()
T537C 140:687.152 - 1.897ms returns FALSE
T537C 140:687.216 JLINK_IsHalted()
T537C 140:689.024 - 1.809ms returns FALSE
T537C 140:794.192 JLINK_IsHalted()
T537C 140:795.616 - 1.428ms returns FALSE
T537C 140:795.664 JLINK_IsHalted()
T537C 140:797.488 - 1.824ms returns FALSE
T537C 140:903.456 JLINK_IsHalted()
T537C 140:905.184 - 1.714ms returns FALSE
T537C 140:905.232 JLINK_IsHalted()
T537C 140:907.040 - 1.804ms returns FALSE
T537C 141:013.664 JLINK_IsHalted()
T537C 141:016.416 - 2.762ms returns FALSE
T537C 141:016.528 JLINK_IsHalted()
T537C 141:018.352 - 1.821ms returns FALSE
T1488 141:102.944 JLINK_IsHalted()
T1488 141:105.184 - 2.238ms returns FALSE
T1488 141:105.440 JLINK_IsHalted()
T1488 141:107.040 - 1.597ms returns FALSE
T537C 141:122.416 JLINK_IsHalted()
T537C 141:124.832 - 2.404ms returns FALSE
T537C 141:125.088 JLINK_IsHalted()
T537C 141:126.592 - 1.510ms returns FALSE
T537C 141:231.856 JLINK_IsHalted()
T537C 141:234.416 - 2.554ms returns FALSE
T537C 141:234.720 JLINK_IsHalted()
T537C 141:237.920 - 3.198ms returns FALSE
T537C 141:341.584 JLINK_IsHalted()
T537C 141:343.488 - 1.904ms returns FALSE
T537C 141:343.552 JLINK_IsHalted()
T537C 141:345.376 - 1.813ms returns FALSE
T537C 141:451.136 JLINK_IsHalted()
T537C 141:453.760 - 2.627ms returns FALSE
T537C 141:453.840 JLINK_IsHalted()
T537C 141:455.680 - 1.842ms returns FALSE
T537C 141:560.544 JLINK_IsHalted()
T537C 141:561.952 - 1.409ms returns FALSE
T537C 141:562.080 JLINK_IsHalted()
T537C 141:563.808 - 1.744ms returns FALSE
T537C 141:669.792 JLINK_IsHalted()
T537C 141:671.760 - 1.964ms returns FALSE
T537C 141:671.824 JLINK_IsHalted()
T537C 141:673.616 - 1.788ms returns FALSE
T537C 141:778.800 JLINK_IsHalted()
T537C 141:781.920 - 3.110ms returns FALSE
T537C 141:782.064 JLINK_IsHalted()
T537C 141:783.840 - 1.779ms returns FALSE
T537C 141:888.272 JLINK_IsHalted()
T537C 141:890.192 - 1.925ms returns FALSE
T537C 141:890.304 JLINK_IsHalted()
T537C 141:892.048 - 1.738ms returns FALSE
T537C 141:997.600 JLINK_IsHalted()
T537C 141:998.432 - 0.840ms returns FALSE
T537C 141:998.528 JLINK_IsHalted()
T537C 142:000.336 - 1.813ms returns FALSE
T537C 142:107.120 JLINK_IsHalted()
T537C 142:109.600 - 2.481ms returns FALSE
T537C 142:109.696 JLINK_IsHalted()
T537C 142:111.520 - 1.834ms returns FALSE
T1488 142:111.712 JLINK_IsHalted()
T1488 142:113.360 - 1.654ms returns FALSE
T1488 142:113.424 JLINK_IsHalted()
T1488 142:115.280 - 1.852ms returns FALSE
T537C 142:215.984 JLINK_IsHalted()
T537C 142:218.000 - 2.012ms returns FALSE
T537C 142:218.080 JLINK_IsHalted()
T537C 142:220.096 - 2.022ms returns FALSE
T537C 142:325.488 JLINK_IsHalted()
T537C 142:327.456 - 1.954ms returns FALSE
T537C 142:327.584 JLINK_IsHalted()
T537C 142:330.960 - 3.375ms returns FALSE
T537C 142:435.424 JLINK_IsHalted()
T537C 142:437.504 - 2.069ms returns FALSE
T537C 142:437.632 JLINK_IsHalted()
T537C 142:439.392 - 1.752ms returns FALSE
T537C 142:545.088 JLINK_IsHalted()
T537C 142:546.864 - 1.774ms returns FALSE
T537C 142:546.976 JLINK_IsHalted()
T537C 142:548.768 - 1.789ms returns FALSE
T537C 142:654.160 JLINK_IsHalted()
T537C 142:656.512 - 2.349ms returns FALSE
T537C 142:656.608 JLINK_IsHalted()
T537C 142:658.288 - 1.665ms returns FALSE
T537C 142:763.408 JLINK_IsHalted()
T537C 142:764.944 - 1.537ms returns FALSE
T537C 142:765.072 JLINK_IsHalted()
T537C 142:766.560 - 1.473ms returns FALSE
T537C 142:872.736 JLINK_IsHalted()
T537C 142:874.272 - 1.533ms returns FALSE
T537C 142:874.400 JLINK_IsHalted()
T537C 142:876.160 - 1.765ms returns FALSE
T537C 142:981.952 JLINK_IsHalted()
T537C 142:983.856 - 1.905ms returns FALSE
T537C 142:983.968 JLINK_IsHalted()
T537C 142:985.760 - 1.773ms returns FALSE
T537C 143:091.136 JLINK_IsHalted()
T537C 143:092.976 - 1.846ms returns FALSE
T537C 143:093.136 JLINK_IsHalted()
T537C 143:096.544 - 3.418ms returns FALSE
T1488 143:116.544 JLINK_IsHalted()
T1488 143:119.264 - 2.726ms returns FALSE
T1488 143:119.360 JLINK_IsHalted()
T1488 143:121.120 - 1.757ms returns FALSE
T537C 143:200.752 JLINK_IsHalted()
T537C 143:202.800 - 2.044ms returns FALSE
T537C 143:202.848 JLINK_IsHalted()
T537C 143:204.528 - 1.681ms returns FALSE
T537C 143:309.792 JLINK_IsHalted()
T537C 143:311.776 - 1.999ms returns FALSE
T537C 143:311.840 JLINK_IsHalted()
T537C 143:313.344 - 1.501ms returns FALSE
T537C 143:419.536 JLINK_IsHalted()
T537C 143:423.536 - 4.009ms returns FALSE
T537C 143:423.648 JLINK_IsHalted()
T537C 143:425.472 - 1.815ms returns FALSE
T537C 143:528.896 JLINK_IsHalted()
T537C 143:530.592 - 1.695ms returns FALSE
T537C 143:530.656 JLINK_IsHalted()
T537C 143:532.448 - 1.786ms returns FALSE
T537C 143:638.672 JLINK_IsHalted()
T537C 143:639.680 - 1.008ms returns FALSE
T537C 143:639.776 JLINK_IsHalted()
T537C 143:641.536 - 1.756ms returns FALSE
T537C 143:747.680 JLINK_IsHalted()
T537C 143:749.088 - 1.393ms returns FALSE
T537C 143:749.152 JLINK_IsHalted()
T537C 143:750.960 - 1.808ms returns FALSE
T537C 143:856.912 JLINK_IsHalted()
T537C 143:857.952 - 1.028ms returns FALSE
T537C 143:858.000 JLINK_IsHalted()
T537C 143:859.808 - 1.812ms returns FALSE
T537C 143:966.080 JLINK_IsHalted()
T537C 143:969.440 - 3.354ms returns FALSE
T537C 143:969.648 JLINK_IsHalted()
T537C 143:971.504 - 1.853ms returns FALSE
T537C 144:075.440 JLINK_IsHalted()
T537C 144:077.664 - 2.233ms returns FALSE
T537C 144:077.920 JLINK_IsHalted()
T537C 144:079.456 - 1.554ms returns FALSE
T1488 144:121.680 JLINK_IsHalted()
T1488 144:123.216 - 1.534ms returns FALSE
T1488 144:123.392 JLINK_IsHalted()
T1488 144:125.216 - 1.810ms returns FALSE
T537C 144:184.624 JLINK_IsHalted()
T537C 144:186.928 - 2.312ms returns FALSE
T537C 144:187.040 JLINK_IsHalted()
T537C 144:188.736 - 1.682ms returns FALSE
T537C 144:294.000 JLINK_IsHalted()
T537C 144:297.600 - 3.593ms returns FALSE
T537C 144:297.696 JLINK_IsHalted()
T537C 144:299.488 - 1.787ms returns FALSE
T537C 144:403.616 JLINK_IsHalted()
T537C 144:407.760 - 4.142ms returns FALSE
T537C 144:407.984 JLINK_IsHalted()
T537C 144:409.792 - 1.800ms returns FALSE
T537C 144:512.896 JLINK_IsHalted()
T537C 144:516.064 - 3.159ms returns FALSE
T537C 144:516.320 JLINK_IsHalted()
T537C 144:517.952 - 1.626ms returns FALSE
T537C 144:622.912 JLINK_IsHalted()
T537C 144:624.416 - 1.490ms returns FALSE
T537C 144:624.560 JLINK_IsHalted()
T537C 144:626.304 - 1.742ms returns FALSE
T537C 144:732.224 JLINK_IsHalted()
T537C 144:734.544 - 2.325ms returns FALSE
T537C 144:734.688 JLINK_IsHalted()
T537C 144:736.464 - 1.764ms returns FALSE
T537C 144:841.344 JLINK_IsHalted()
T537C 144:844.048 - 2.702ms returns FALSE
T537C 144:844.192 JLINK_IsHalted()
T537C 144:847.728 - 3.528ms returns FALSE
T537C 144:950.304 JLINK_IsHalted()
T537C 144:952.272 - 1.967ms returns FALSE
T537C 144:952.448 JLINK_IsHalted()
T537C 144:954.160 - 1.717ms returns FALSE
T537C 145:060.192 JLINK_IsHalted()
T537C 145:062.320 - 2.131ms returns FALSE
T537C 145:062.480 JLINK_IsHalted()
T537C 145:064.416 - 1.935ms returns FALSE
T1488 145:125.280 JLINK_IsHalted()
T1488 145:126.720 - 1.436ms returns FALSE
T1488 145:126.784 JLINK_IsHalted()
T1488 145:128.384 - 1.588ms returns FALSE
T537C 145:169.296 JLINK_IsHalted()
T537C 145:171.312 - 2.022ms returns FALSE
T537C 145:171.376 JLINK_IsHalted()
T537C 145:173.200 - 1.815ms returns FALSE
T537C 145:278.976 JLINK_IsHalted()
T537C 145:280.800 - 1.826ms returns FALSE
T537C 145:280.928 JLINK_IsHalted()
T537C 145:282.656 - 1.748ms returns FALSE
T537C 145:388.272 JLINK_IsHalted()
T537C 145:389.664 - 1.390ms returns FALSE
T537C 145:389.792 JLINK_IsHalted()
T537C 145:391.536 - 1.747ms returns FALSE
T537C 145:498.112 JLINK_IsHalted()
T537C 145:501.344 - 3.221ms returns FALSE
T537C 145:501.456 JLINK_IsHalted()
T537C 145:503.376 - 1.916ms returns FALSE
T537C 145:606.624 JLINK_IsHalted()
T537C 145:608.464 - 1.831ms returns FALSE
T537C 145:608.592 JLINK_IsHalted()
T537C 145:610.176 - 1.586ms returns FALSE
T537C 145:716.016 JLINK_IsHalted()
T537C 145:717.792 - 1.759ms returns FALSE
T537C 145:717.904 JLINK_IsHalted()
T537C 145:719.632 - 1.728ms returns FALSE
T537C 145:825.760 JLINK_IsHalted()
T537C 145:827.328 - 1.559ms returns FALSE
T537C 145:827.440 JLINK_IsHalted()
T537C 145:829.216 - 1.780ms returns FALSE
T537C 145:935.040 JLINK_IsHalted()
T537C 145:936.896 - 1.861ms returns FALSE
T537C 145:937.008 JLINK_IsHalted()
T537C 145:938.768 - 1.745ms returns FALSE
T537C 146:044.000 JLINK_IsHalted()
T537C 146:046.736 - 2.717ms returns FALSE
T537C 146:046.864 JLINK_IsHalted()
T537C 146:048.608 - 1.761ms returns FALSE
T1488 146:128.720 JLINK_IsHalted()
T1488 146:129.968 - 1.251ms returns FALSE
T1488 146:130.096 JLINK_IsHalted()
T1488 146:131.808 - 1.701ms returns FALSE
T537C 146:154.032 JLINK_IsHalted()
T537C 146:155.824 - 1.790ms returns FALSE
T537C 146:155.936 JLINK_IsHalted()
T537C 146:157.728 - 1.780ms returns FALSE
T537C 146:263.104 JLINK_IsHalted()
T537C 146:264.288 - 1.179ms returns FALSE
T537C 146:264.352 JLINK_IsHalted()
T537C 146:266.464 - 2.105ms returns FALSE
T537C 146:372.384 JLINK_IsHalted()
T537C 146:373.408 - 1.023ms returns FALSE
T537C 146:373.472 JLINK_IsHalted()
T537C 146:375.264 - 1.809ms returns FALSE
T537C 146:481.712 JLINK_IsHalted()
T537C 146:483.600 - 1.870ms returns FALSE
T537C 146:483.680 JLINK_IsHalted()
T537C 146:485.488 - 1.813ms returns FALSE
T537C 146:590.960 JLINK_IsHalted()
T537C 146:592.384 - 1.419ms returns FALSE
T537C 146:592.448 JLINK_IsHalted()
T537C 146:594.272 - 1.810ms returns FALSE
T537C 146:700.176 JLINK_IsHalted()
T537C 146:701.936 - 1.767ms returns FALSE
T537C 146:701.984 JLINK_IsHalted()
T537C 146:703.808 - 1.820ms returns FALSE
T537C 146:810.400 JLINK_IsHalted()
T537C 146:812.384 - 1.975ms returns FALSE
T537C 146:812.448 JLINK_IsHalted()
T537C 146:814.240 - 1.806ms returns FALSE
T537C 146:919.712 JLINK_IsHalted()
T537C 146:920.672 - 0.944ms returns FALSE
T537C 146:920.736 JLINK_IsHalted()
T537C 146:922.544 - 1.816ms returns FALSE
T537C 147:028.992 JLINK_IsHalted()
T537C 147:031.984 - 2.988ms returns FALSE
T537C 147:032.032 JLINK_IsHalted()
T537C 147:033.920 - 1.889ms returns FALSE
T1488 147:132.736 JLINK_IsHalted()
T1488 147:135.568 - 2.825ms returns FALSE
T1488 147:135.648 JLINK_IsHalted()
T1488 147:137.472 - 1.836ms returns FALSE
T537C 147:138.352 JLINK_IsHalted()
T537C 147:140.736 - 2.381ms returns FALSE
T537C 147:140.816 JLINK_IsHalted()
T537C 147:142.592 - 1.767ms returns FALSE
T537C 147:247.312 JLINK_IsHalted()
T537C 147:249.072 - 1.763ms returns FALSE
T537C 147:249.168 JLINK_IsHalted()
T537C 147:250.864 - 1.702ms returns FALSE
T537C 147:356.592 JLINK_IsHalted()
T537C 147:359.328 - 2.723ms returns FALSE
T537C 147:359.440 JLINK_IsHalted()
T537C 147:362.944 - 3.501ms returns FALSE
T537C 147:466.016 JLINK_IsHalted()
T537C 147:484.896 - 18.893ms returns FALSE
T537C 147:484.960 JLINK_IsHalted()
T537C 147:486.720 - 1.754ms returns FALSE
T537C 147:591.712 JLINK_IsHalted()
T537C 147:595.136 - 3.430ms returns FALSE
T537C 147:595.216 JLINK_IsHalted()
T537C 147:597.008 - 1.801ms returns FALSE
T537C 147:701.056 JLINK_IsHalted()
T537C 147:704.224 - 3.179ms returns FALSE
T537C 147:704.528 JLINK_IsHalted()
T537C 147:707.440 - 2.920ms returns FALSE
T537C 147:810.080 JLINK_IsHalted()
T537C 147:812.288 - 2.196ms returns FALSE
T537C 147:812.592 JLINK_IsHalted()
T537C 147:815.360 - 2.763ms returns FALSE
T537C 147:919.520 JLINK_IsHalted()
T537C 147:922.544 - 3.028ms returns FALSE
T537C 147:922.848 JLINK_IsHalted()
T537C 147:927.328 - 4.461ms returns FALSE
T537C 148:028.576 JLINK_IsHalted()
T537C 148:030.496 - 1.920ms returns FALSE
T537C 148:030.752 JLINK_IsHalted()
T537C 148:034.336 - 3.572ms returns FALSE
T537C 148:138.544 JLINK_IsHalted()
T537C 148:140.752 - 2.206ms returns FALSE
T537C 148:140.832 JLINK_IsHalted()
T537C 148:142.624 - 1.779ms returns FALSE
T1488 148:142.784 JLINK_IsHalted()
T1488 148:144.480 - 1.709ms returns FALSE
T1488 148:144.592 JLINK_IsHalted()
T1488 148:146.192 - 1.602ms returns FALSE
T537C 148:247.904 JLINK_IsHalted()
T537C 148:250.000 - 2.080ms returns FALSE
T537C 148:250.176 JLINK_IsHalted()
T537C 148:251.936 - 1.748ms returns FALSE
T537C 148:356.688 JLINK_IsHalted()
T537C 148:358.432 - 1.746ms returns FALSE
T537C 148:358.624 JLINK_IsHalted()
T537C 148:360.416 - 1.783ms returns FALSE
T537C 148:466.016 JLINK_IsHalted()
T537C 148:468.944 - 2.910ms returns FALSE
T537C 148:469.152 JLINK_IsHalted()
T537C 148:470.848 - 1.685ms returns FALSE
T537C 148:576.208 JLINK_IsHalted()
T537C 148:578.240 - 2.030ms returns FALSE
T537C 148:578.416 JLINK_IsHalted()
T537C 148:580.160 - 1.737ms returns FALSE
T537C 148:685.280 JLINK_IsHalted()
T537C 148:687.120 - 1.837ms returns FALSE
T537C 148:687.312 JLINK_IsHalted()
T537C 148:690.576 - 3.254ms returns FALSE
T537C 148:794.512 JLINK_IsHalted()
T537C 148:795.360 - 0.840ms returns FALSE
T537C 148:795.424 JLINK_IsHalted()
T537C 148:797.232 - 1.817ms returns FALSE
T537C 148:903.840 JLINK_IsHalted()
T537C 148:904.688 - 0.865ms returns FALSE
T537C 148:904.736 JLINK_IsHalted()
T537C 148:906.592 - 1.853ms returns FALSE
T537C 149:013.056 JLINK_IsHalted()
T537C 149:014.624 - 1.578ms returns FALSE
T537C 149:014.688 JLINK_IsHalted()
T537C 149:016.496 - 1.822ms returns FALSE
T537C 149:122.368 JLINK_IsHalted()
T537C 149:123.520 - 1.153ms returns FALSE
T537C 149:123.552 JLINK_IsHalted()
T537C 149:125.392 - 1.827ms returns FALSE
T1488 149:147.392 JLINK_IsHalted()
T1488 149:148.272 - 0.892ms returns FALSE
T1488 149:148.320 JLINK_IsHalted()
T1488 149:150.096 - 1.778ms returns FALSE
T537C 149:231.552 JLINK_IsHalted()
T537C 149:232.880 - 1.335ms returns FALSE
T537C 149:232.944 JLINK_IsHalted()
T537C 149:234.784 - 1.826ms returns FALSE
T537C 149:341.760 JLINK_IsHalted()
T537C 149:344.032 - 2.274ms returns FALSE
T537C 149:344.096 JLINK_IsHalted()
T537C 149:345.904 - 1.822ms returns FALSE
T537C 149:451.008 JLINK_IsHalted()
T537C 149:452.880 - 1.862ms returns FALSE
T537C 149:452.944 JLINK_IsHalted()
T537C 149:454.752 - 1.819ms returns FALSE
T537C 149:559.744 JLINK_IsHalted()
T537C 149:561.600 - 1.856ms returns FALSE
T537C 149:561.648 JLINK_IsHalted()
T537C 149:563.472 - 1.819ms returns FALSE
T537C 149:668.960 JLINK_IsHalted()
T537C 149:669.856 - 0.901ms returns FALSE
T537C 149:669.904 JLINK_IsHalted()
T537C 149:673.376 - 3.464ms returns FALSE
T537C 149:779.184 JLINK_IsHalted()
T537C 149:780.416 - 1.231ms returns FALSE
T537C 149:780.464 JLINK_IsHalted()
T537C 149:782.304 - 1.832ms returns FALSE
T537C 149:888.320 JLINK_IsHalted()
T537C 149:890.432 - 2.113ms returns FALSE
T537C 149:890.720 JLINK_IsHalted()
T537C 149:893.472 - 2.760ms returns FALSE
T537C 149:997.952 JLINK_IsHalted()
T537C 150:000.000 - 2.052ms returns FALSE
T537C 150:000.288 JLINK_IsHalted()
T537C 150:003.184 - 2.901ms returns FALSE
T537C 150:107.536 JLINK_IsHalted()
T537C 150:109.248 - 1.701ms returns FALSE
T537C 150:109.504 JLINK_IsHalted()
T537C 150:111.040 - 1.529ms returns FALSE
T1488 150:150.608 JLINK_IsHalted()
T1488 150:152.464 - 1.865ms returns FALSE
T1488 150:152.544 JLINK_IsHalted()
T1488 150:154.128 - 1.575ms returns FALSE
T537C 150:216.528 JLINK_IsHalted()
T537C 150:218.800 - 2.283ms returns FALSE
T537C 150:218.864 JLINK_IsHalted()
T537C 150:220.448 - 1.572ms returns FALSE
T537C 150:325.424 JLINK_IsHalted()
T537C 150:326.608 - 1.178ms returns FALSE
T537C 150:326.656 JLINK_IsHalted()
T537C 150:328.496 - 1.849ms returns FALSE
T537C 150:434.640 JLINK_IsHalted()
T537C 150:435.488 - 0.857ms returns FALSE
T537C 150:435.552 JLINK_IsHalted()
T537C 150:437.408 - 1.852ms returns FALSE
T537C 150:544.336 JLINK_IsHalted()
T537C 150:545.984 - 1.652ms returns FALSE
T537C 150:546.048 JLINK_IsHalted()
T537C 150:547.456 - 1.413ms returns FALSE
T537C 150:653.840 JLINK_IsHalted()
T537C 150:655.968 - 2.120ms returns FALSE
T537C 150:656.032 JLINK_IsHalted()
T537C 150:657.712 - 1.689ms returns FALSE
T537C 150:762.720 JLINK_IsHalted()
T537C 150:764.528 - 1.794ms returns FALSE
T537C 150:764.608 JLINK_IsHalted()
T537C 150:766.272 - 1.657ms returns FALSE
T537C 150:872.352 JLINK_IsHalted()
T537C 150:874.256 - 1.892ms returns FALSE
T537C 150:874.336 JLINK_IsHalted()
T537C 150:876.096 - 1.758ms returns FALSE
T537C 150:981.856 JLINK_IsHalted()
T537C 150:985.504 - 3.649ms returns FALSE
T537C 150:985.632 JLINK_IsHalted()
T537C 150:987.344 - 1.708ms returns FALSE
T537C 151:090.816 JLINK_IsHalted()
T537C 151:092.272 - 1.460ms returns FALSE
T537C 151:092.320 JLINK_IsHalted()
T537C 151:094.064 - 1.745ms returns FALSE
T1488 151:154.320 JLINK_IsHalted()
T1488 151:155.872 - 1.551ms returns FALSE
T1488 151:155.920 JLINK_IsHalted()
T1488 151:158.160 - 2.228ms returns FALSE
T537C 151:201.056 JLINK_IsHalted()
T537C 151:203.056 - 1.995ms returns FALSE
T537C 151:203.136 JLINK_IsHalted()
T537C 151:204.624 - 1.477ms returns FALSE
T537C 151:310.496 JLINK_IsHalted()
T537C 151:314.080 - 3.577ms returns FALSE
T537C 151:314.368 JLINK_IsHalted()
T537C 151:315.872 - 1.497ms returns FALSE
T537C 151:419.184 JLINK_IsHalted()
T537C 151:421.264 - 2.064ms returns FALSE
T537C 151:421.440 JLINK_IsHalted()
T537C 151:423.360 - 1.915ms returns FALSE
T537C 151:529.136 JLINK_IsHalted()
T537C 151:531.024 - 1.880ms returns FALSE
T537C 151:531.104 JLINK_IsHalted()
T537C 151:532.544 - 1.451ms returns FALSE
T537C 151:638.544 JLINK_IsHalted()
T537C 151:641.680 - 3.126ms returns FALSE
T537C 151:641.776 JLINK_IsHalted()
T537C 151:643.568 - 1.782ms returns FALSE
T537C 151:748.224 JLINK_IsHalted()
T537C 151:749.936 - 1.715ms returns FALSE
T537C 151:750.064 JLINK_IsHalted()
T537C 151:751.648 - 1.594ms returns FALSE
T537C 151:857.168 JLINK_IsHalted()
T537C 151:859.024 - 1.852ms returns FALSE
T537C 151:859.216 JLINK_IsHalted()
T537C 151:860.896 - 1.675ms returns FALSE
T537C 151:966.784 JLINK_IsHalted()
T537C 151:968.656 - 1.871ms returns FALSE
T537C 151:968.800 JLINK_IsHalted()
T537C 151:970.496 - 1.693ms returns FALSE
T537C 152:075.488 JLINK_IsHalted()
T537C 152:077.392 - 1.895ms returns FALSE
T537C 152:077.520 JLINK_IsHalted()
T537C 152:079.456 - 1.936ms returns FALSE
T1488 152:158.480 JLINK_IsHalted()
T1488 152:159.792 - 1.317ms returns FALSE
T1488 152:159.920 JLINK_IsHalted()
T1488 152:161.664 - 1.736ms returns FALSE
T537C 152:184.928 JLINK_IsHalted()
T537C 152:187.088 - 2.159ms returns FALSE
T537C 152:187.312 JLINK_IsHalted()
T537C 152:188.864 - 1.548ms returns FALSE
T537C 152:294.720 JLINK_IsHalted()
T537C 152:296.608 - 1.885ms returns FALSE
T537C 152:296.832 JLINK_IsHalted()
T537C 152:298.192 - 1.365ms returns FALSE
T537C 152:403.552 JLINK_IsHalted()
T537C 152:405.792 - 2.239ms returns FALSE
T537C 152:406.048 JLINK_IsHalted()
T537C 152:407.792 - 1.763ms returns FALSE
T537C 152:513.104 JLINK_IsHalted()
T537C 152:514.624 - 1.523ms returns FALSE
T537C 152:514.768 JLINK_IsHalted()
T537C 152:516.672 - 1.899ms returns FALSE
T537C 152:622.944 JLINK_IsHalted()
T537C 152:624.112 - 1.178ms returns FALSE
T537C 152:624.224 JLINK_IsHalted()
T537C 152:626.080 - 1.853ms returns FALSE
T537C 152:731.696 JLINK_IsHalted()
T537C 152:733.152 - 1.449ms returns FALSE
T537C 152:733.248 JLINK_IsHalted()
T537C 152:736.864 - 3.618ms returns FALSE
T537C 152:841.664 JLINK_IsHalted()
T537C 152:843.248 - 1.581ms returns FALSE
T537C 152:843.360 JLINK_IsHalted()
T537C 152:845.152 - 1.780ms returns FALSE
T537C 152:951.216 JLINK_IsHalted()
T537C 152:953.296 - 2.068ms returns FALSE
T537C 152:953.408 JLINK_IsHalted()
T537C 152:955.232 - 1.823ms returns FALSE
T537C 153:059.680 JLINK_IsHalted()
T537C 153:061.680 - 1.998ms returns FALSE
T537C 153:061.792 JLINK_IsHalted()
T537C 153:063.600 - 1.806ms returns FALSE
T1488 153:161.504 JLINK_IsHalted()
T1488 153:163.648 - 2.148ms returns FALSE
T1488 153:163.744 JLINK_IsHalted()
T1488 153:165.552 - 1.821ms returns FALSE
T537C 153:169.664 JLINK_IsHalted()
T537C 153:171.264 - 1.595ms returns FALSE
T537C 153:171.376 JLINK_IsHalted()
T537C 153:174.800 - 3.414ms returns FALSE
T537C 153:279.120 JLINK_IsHalted()
T537C 153:281.184 - 2.061ms returns FALSE
T537C 153:281.312 JLINK_IsHalted()
T537C 153:283.120 - 1.825ms returns FALSE
T537C 153:388.656 JLINK_IsHalted()
T537C 153:390.576 - 1.912ms returns FALSE
T537C 153:390.672 JLINK_IsHalted()
T537C 153:392.480 - 1.816ms returns FALSE
T537C 153:497.648 JLINK_IsHalted()
T537C 153:499.424 - 1.763ms returns FALSE
T537C 153:499.520 JLINK_IsHalted()
T537C 153:501.296 - 1.776ms returns FALSE
T537C 153:607.360 JLINK_IsHalted()
T537C 153:608.928 - 1.562ms returns FALSE
T537C 153:608.976 JLINK_IsHalted()
T537C 153:610.832 - 1.849ms returns FALSE
T537C 153:716.400 JLINK_IsHalted()
T537C 153:718.496 - 2.106ms returns FALSE
T537C 153:718.656 JLINK_IsHalted()
T537C 153:720.624 - 1.967ms returns FALSE
T537C 153:825.840 JLINK_IsHalted()
T537C 153:828.112 - 2.260ms returns FALSE
T537C 153:828.256 JLINK_IsHalted()
T537C 153:829.984 - 1.732ms returns FALSE
T537C 153:935.456 JLINK_IsHalted()
T537C 153:937.696 - 2.244ms returns FALSE
T537C 153:937.792 JLINK_IsHalted()
T537C 153:939.664 - 1.863ms returns FALSE
T537C 154:044.080 JLINK_IsHalted()
T537C 154:046.624 - 2.529ms returns FALSE
T537C 154:046.752 JLINK_IsHalted()
T537C 154:048.400 - 1.633ms returns FALSE
T537C 154:153.408 JLINK_IsHalted()
T537C 154:154.560 - 1.158ms returns FALSE
T537C 154:154.704 JLINK_IsHalted()
T537C 154:156.384 - 1.671ms returns FALSE
T1488 154:166.608 JLINK_IsHalted()
T1488 154:167.696 - 1.089ms returns FALSE
T1488 154:167.760 JLINK_IsHalted()
T1488 154:169.600 - 1.831ms returns FALSE
T537C 154:263.456 JLINK_IsHalted()
T537C 154:265.776 - 2.326ms returns FALSE
T537C 154:265.888 JLINK_IsHalted()
T537C 154:267.792 - 1.892ms returns FALSE
T537C 154:372.992 JLINK_IsHalted()
T537C 154:374.528 - 1.535ms returns FALSE
T537C 154:374.656 JLINK_IsHalted()
T537C 154:376.368 - 1.716ms returns FALSE
T537C 154:482.208 JLINK_IsHalted()
T537C 154:483.984 - 1.755ms returns FALSE
T537C 154:484.096 JLINK_IsHalted()
T537C 154:485.664 - 1.549ms returns FALSE
T537C 154:591.296 JLINK_IsHalted()
T537C 154:592.944 - 1.643ms returns FALSE
T537C 154:593.072 JLINK_IsHalted()
T537C 154:594.688 - 1.620ms returns FALSE
T537C 154:700.544 JLINK_IsHalted()
T537C 154:702.608 - 2.066ms returns FALSE
T537C 154:702.736 JLINK_IsHalted()
T537C 154:704.624 - 1.895ms returns FALSE
T537C 154:810.000 JLINK_IsHalted()
T537C 154:813.184 - 3.186ms returns FALSE
T537C 154:813.296 JLINK_IsHalted()
T537C 154:815.232 - 1.924ms returns FALSE
T537C 154:919.072 JLINK_IsHalted()
T537C 154:921.632 - 2.553ms returns FALSE
T537C 154:921.744 JLINK_IsHalted()
T537C 154:923.472 - 1.727ms returns FALSE
T537C 155:029.184 JLINK_IsHalted()
T537C 155:031.136 - 1.938ms returns FALSE
T537C 155:031.232 JLINK_IsHalted()
T537C 155:032.864 - 1.627ms returns FALSE
T537C 155:138.400 JLINK_IsHalted()
T537C 155:140.544 - 2.139ms returns FALSE
T537C 155:140.608 JLINK_IsHalted()
T537C 155:142.464 - 1.849ms returns FALSE
T1488 155:170.400 JLINK_IsHalted()
T1488 155:171.792 - 1.371ms returns FALSE
T1488 155:171.856 JLINK_IsHalted()
T1488 155:173.648 - 1.797ms returns FALSE
T537C 155:247.360 JLINK_IsHalted()
T537C 155:250.512 - 3.150ms returns FALSE
T537C 155:250.592 JLINK_IsHalted()
T537C 155:252.384 - 1.789ms returns FALSE
T537C 155:357.456 JLINK_IsHalted()
T537C 155:359.072 - 1.614ms returns FALSE
T537C 155:359.216 JLINK_IsHalted()
T537C 155:360.640 - 1.419ms returns FALSE
T537C 155:466.256 JLINK_IsHalted()
T537C 155:468.336 - 2.083ms returns FALSE
T537C 155:468.480 JLINK_IsHalted()
T537C 155:470.416 - 1.922ms returns FALSE
T537C 155:575.904 JLINK_IsHalted()
T537C 155:578.576 - 2.650ms returns FALSE
T537C 155:578.704 JLINK_IsHalted()
T537C 155:580.192 - 1.474ms returns FALSE
T537C 155:685.264 JLINK_IsHalted()
T537C 155:686.816 - 1.550ms returns FALSE
T537C 155:686.944 JLINK_IsHalted()
T537C 155:688.640 - 1.682ms returns FALSE
T537C 155:794.176 JLINK_IsHalted()
T537C 155:796.192 - 2.018ms returns FALSE
T537C 155:796.352 JLINK_IsHalted()
T537C 155:798.032 - 1.678ms returns FALSE
T537C 155:903.920 JLINK_IsHalted()
T537C 155:906.032 - 2.112ms returns FALSE
T537C 155:906.176 JLINK_IsHalted()
T537C 155:907.696 - 1.523ms returns FALSE
T537C 156:013.344 JLINK_IsHalted()
T537C 156:015.440 - 2.104ms returns FALSE
T537C 156:015.648 JLINK_IsHalted()
T537C 156:017.248 - 1.606ms returns FALSE
T537C 156:122.192 JLINK_IsHalted()
T537C 156:123.808 - 1.617ms returns FALSE
T537C 156:124.064 JLINK_IsHalted()
T537C 156:126.848 - 2.790ms returns FALSE
T1488 156:174.096 JLINK_IsHalted()
T1488 156:175.488 - 1.390ms returns FALSE
T1488 156:175.616 JLINK_IsHalted()
T1488 156:177.344 - 1.724ms returns FALSE
T537C 156:231.808 JLINK_IsHalted()
T537C 156:233.072 - 1.272ms returns FALSE
T537C 156:233.168 JLINK_IsHalted()
T537C 156:235.088 - 1.918ms returns FALSE
T537C 156:341.280 JLINK_IsHalted()
T537C 156:343.264 - 1.981ms returns FALSE
T537C 156:343.328 JLINK_IsHalted()
T537C 156:345.120 - 1.790ms returns FALSE
T537C 156:450.864 JLINK_IsHalted()
T537C 156:453.200 - 2.332ms returns FALSE
T537C 156:453.408 JLINK_IsHalted()
T537C 156:455.296 - 1.884ms returns FALSE
T537C 156:559.904 JLINK_IsHalted()
T537C 156:562.048 - 2.127ms returns FALSE
T537C 156:562.256 JLINK_IsHalted()
T537C 156:563.856 - 1.596ms returns FALSE
T537C 156:669.744 JLINK_IsHalted()
T537C 156:671.632 - 1.886ms returns FALSE
T537C 156:671.776 JLINK_IsHalted()
T537C 156:673.472 - 1.690ms returns FALSE
T537C 156:778.672 JLINK_IsHalted()
T537C 156:780.224 - 1.543ms returns FALSE
T537C 156:780.416 JLINK_IsHalted()
T537C 156:782.224 - 1.806ms returns FALSE
T537C 156:888.432 JLINK_IsHalted()
T537C 156:892.224 - 3.793ms returns FALSE
T537C 156:892.384 JLINK_IsHalted()
T537C 156:894.144 - 1.745ms returns FALSE
T537C 156:997.232 JLINK_IsHalted()
T537C 156:999.312 - 2.075ms returns FALSE
T537C 156:999.456 JLINK_IsHalted()
T537C 157:000.848 - 1.376ms returns FALSE
T537C 157:107.088 JLINK_IsHalted()
T537C 157:108.832 - 1.727ms returns FALSE
T537C 157:109.168 JLINK_IsHalted()
T537C 157:111.760 - 2.593ms returns FALSE
T1488 157:178.240 JLINK_IsHalted()
T1488 157:180.080 - 1.845ms returns FALSE
T1488 157:180.176 JLINK_IsHalted()
T1488 157:181.936 - 1.767ms returns FALSE
T537C 157:216.016 JLINK_IsHalted()
T537C 157:217.936 - 1.926ms returns FALSE
T537C 157:218.064 JLINK_IsHalted()
T537C 157:219.584 - 1.526ms returns FALSE
T537C 157:325.536 JLINK_IsHalted()
T537C 157:327.840 - 2.300ms returns FALSE
T537C 157:328.048 JLINK_IsHalted()
T537C 157:329.712 - 1.655ms returns FALSE
T537C 157:435.280 JLINK_IsHalted()
T537C 157:437.168 - 1.884ms returns FALSE
T537C 157:437.280 JLINK_IsHalted()
T537C 157:439.008 - 1.713ms returns FALSE
T537C 157:544.480 JLINK_IsHalted()
T537C 157:547.552 - 3.058ms returns FALSE
T537C 157:547.712 JLINK_IsHalted()
T537C 157:549.424 - 1.715ms returns FALSE
T537C 157:653.824 JLINK_IsHalted()
T537C 157:658.080 - 4.259ms returns FALSE
T537C 157:658.240 JLINK_IsHalted()
T537C 157:660.064 - 1.818ms returns FALSE
T537C 157:763.024 JLINK_IsHalted()
T537C 157:765.024 - 2.012ms returns FALSE
T537C 157:765.184 JLINK_IsHalted()
T537C 157:767.040 - 1.858ms returns FALSE
T537C 157:872.640 JLINK_IsHalted()
T537C 157:875.088 - 2.443ms returns FALSE
T537C 157:875.312 JLINK_IsHalted()
T537C 157:878.672 - 3.352ms returns FALSE
T537C 157:981.664 JLINK_IsHalted()
T537C 157:983.264 - 1.598ms returns FALSE
T537C 157:983.328 JLINK_IsHalted()
T537C 157:985.184 - 1.857ms returns FALSE
T537C 158:091.120 JLINK_IsHalted()
T537C 158:094.368 - 3.251ms returns FALSE
T537C 158:094.464 JLINK_IsHalted()
T537C 158:096.560 - 2.098ms returns FALSE
T1488 158:182.544 JLINK_IsHalted()
T1488 158:184.288 - 1.745ms returns FALSE
T1488 158:184.400 JLINK_IsHalted()
T1488 158:186.240 - 1.848ms returns FALSE
T537C 158:200.992 JLINK_IsHalted()
T537C 158:202.576 - 1.565ms returns FALSE
T537C 158:202.656 JLINK_IsHalted()
T537C 158:204.784 - 2.141ms returns FALSE
T537C 158:310.656 JLINK_IsHalted()
T537C 158:312.480 - 1.823ms returns FALSE
T537C 158:312.640 JLINK_IsHalted()
T537C 158:314.400 - 1.752ms returns FALSE
T537C 158:419.232 JLINK_IsHalted()
T537C 158:421.680 - 2.454ms returns FALSE
T537C 158:421.856 JLINK_IsHalted()
T537C 158:423.456 - 1.605ms returns FALSE
T537C 158:528.416 JLINK_IsHalted()
T537C 158:530.176 - 1.770ms returns FALSE
T537C 158:530.336 JLINK_IsHalted()
T537C 158:532.064 - 1.745ms returns FALSE
T537C 158:638.512 JLINK_IsHalted()
T537C 158:640.112 - 1.587ms returns FALSE
T537C 158:640.256 JLINK_IsHalted()
T537C 158:641.856 - 1.595ms returns FALSE
T537C 158:747.408 JLINK_IsHalted()
T537C 158:749.504 - 2.100ms returns FALSE
T537C 158:749.696 JLINK_IsHalted()
T537C 158:751.424 - 1.730ms returns FALSE
T537C 158:857.280 JLINK_IsHalted()
T537C 158:859.504 - 2.227ms returns FALSE
T537C 158:859.664 JLINK_IsHalted()
T537C 158:861.536 - 1.860ms returns FALSE
T537C 158:966.192 JLINK_IsHalted()
T537C 158:970.128 - 3.924ms returns FALSE
T537C 158:970.288 JLINK_IsHalted()
T537C 158:971.984 - 1.687ms returns FALSE
T537C 159:075.824 JLINK_IsHalted()
T537C 159:078.224 - 2.390ms returns FALSE
T537C 159:078.368 JLINK_IsHalted()
T537C 159:080.240 - 1.874ms returns FALSE
T537C 159:185.088 JLINK_IsHalted()
T537C 159:186.400 - 1.304ms returns FALSE
T537C 159:186.464 JLINK_IsHalted()
T537C 159:188.208 - 1.732ms returns FALSE
T1488 159:188.384 JLINK_IsHalted()
T1488 159:191.904 - 3.527ms returns FALSE
T1488 159:192.016 JLINK_IsHalted()
T1488 159:193.824 - 1.814ms returns FALSE
T537C 159:294.352 JLINK_IsHalted()
T537C 159:295.968 - 1.616ms returns FALSE
T537C 159:296.064 JLINK_IsHalted()
T537C 159:299.504 - 3.434ms returns FALSE
T537C 159:403.632 JLINK_IsHalted()
T537C 159:405.888 - 2.247ms returns FALSE
T537C 159:406.016 JLINK_IsHalted()
T537C 159:407.744 - 1.725ms returns FALSE
T537C 159:513.248 JLINK_IsHalted()
T537C 159:515.408 - 2.142ms returns FALSE
T537C 159:515.536 JLINK_IsHalted()
T537C 159:517.328 - 1.789ms returns FALSE
T537C 159:622.688 JLINK_IsHalted()
T537C 159:624.736 - 2.025ms returns FALSE
T537C 159:624.800 JLINK_IsHalted()
T537C 159:626.608 - 1.814ms returns FALSE
T537C 159:732.112 JLINK_IsHalted()
T537C 159:734.240 - 2.122ms returns FALSE
T537C 159:734.304 JLINK_IsHalted()
T537C 159:736.032 - 1.736ms returns FALSE
T537C 159:841.056 JLINK_IsHalted()
T537C 159:842.784 - 1.742ms returns FALSE
T537C 159:842.912 JLINK_IsHalted()
T537C 159:844.672 - 1.763ms returns FALSE
T537C 159:950.704 JLINK_IsHalted()
T537C 159:953.408 - 2.700ms returns FALSE
T537C 159:953.504 JLINK_IsHalted()
T537C 159:955.296 - 1.812ms returns FALSE
T537C 160:060.352 JLINK_IsHalted()
T537C 160:061.824 - 1.469ms returns FALSE
T537C 160:061.936 JLINK_IsHalted()
T537C 160:063.712 - 1.779ms returns FALSE
T537C 160:169.856 JLINK_IsHalted()
T537C 160:171.264 - 1.400ms returns FALSE
T537C 160:171.328 JLINK_IsHalted()
T537C 160:173.104 - 1.768ms returns FALSE
T1488 160:194.432 JLINK_IsHalted()
T1488 160:196.176 - 1.745ms returns FALSE
T1488 160:196.288 JLINK_IsHalted()
T1488 160:197.936 - 1.646ms returns FALSE
T537C 160:279.184 JLINK_IsHalted()
T537C 160:282.464 - 3.276ms returns FALSE
T537C 160:282.592 JLINK_IsHalted()
T537C 160:284.336 - 1.758ms returns FALSE
T537C 160:388.704 JLINK_IsHalted()
T537C 160:390.640 - 1.933ms returns FALSE
T537C 160:390.752 JLINK_IsHalted()
T537C 160:392.592 - 1.835ms returns FALSE
T537C 160:497.680 JLINK_IsHalted()
T537C 160:499.872 - 2.193ms returns FALSE
T537C 160:499.984 JLINK_IsHalted()
T537C 160:501.808 - 1.827ms returns FALSE
T537C 160:607.392 JLINK_IsHalted()
T537C 160:610.544 - 3.162ms returns FALSE
T537C 160:610.656 JLINK_IsHalted()
T537C 160:612.608 - 1.957ms returns FALSE
T537C 160:716.656 JLINK_IsHalted()
T537C 160:718.592 - 1.923ms returns FALSE
T537C 160:718.672 JLINK_IsHalted()
T537C 160:720.464 - 1.785ms returns FALSE
T537C 160:825.504 JLINK_IsHalted()
T537C 160:827.104 - 1.595ms returns FALSE
T537C 160:827.168 JLINK_IsHalted()
T537C 160:828.944 - 1.763ms returns FALSE
T537C 160:934.688 JLINK_IsHalted()
T537C 160:937.312 - 2.618ms returns FALSE
T537C 160:937.376 JLINK_IsHalted()
T537C 160:939.040 - 1.669ms returns FALSE
T537C 161:044.192 JLINK_IsHalted()
T537C 161:045.968 - 1.777ms returns FALSE
T537C 161:046.032 JLINK_IsHalted()
T537C 161:047.712 - 1.689ms returns FALSE
T537C 161:153.904 JLINK_IsHalted()
T537C 161:155.632 - 1.726ms returns FALSE
T537C 161:155.696 JLINK_IsHalted()
T537C 161:157.472 - 1.782ms returns FALSE
T1488 161:198.256 JLINK_IsHalted()
T1488 161:201.696 - 3.450ms returns FALSE
T1488 161:201.776 JLINK_IsHalted()
T1488 161:203.408 - 1.629ms returns FALSE
T537C 161:263.072 JLINK_IsHalted()
T537C 161:264.304 - 1.240ms returns FALSE
T537C 161:264.368 JLINK_IsHalted()
T537C 161:266.192 - 1.806ms returns FALSE
T537C 161:372.912 JLINK_IsHalted()
T537C 161:374.080 - 1.163ms returns FALSE
T537C 161:374.160 JLINK_IsHalted()
T537C 161:376.016 - 1.854ms returns FALSE
T537C 161:481.600 JLINK_IsHalted()
T537C 161:483.616 - 2.006ms returns FALSE
T537C 161:483.712 JLINK_IsHalted()
T537C 161:485.536 - 1.811ms returns FALSE
T537C 161:591.456 JLINK_IsHalted()
T537C 161:593.264 - 1.810ms returns FALSE
T537C 161:593.424 JLINK_IsHalted()
T537C 161:594.736 - 1.321ms returns FALSE
T537C 161:700.368 JLINK_IsHalted()
T537C 161:702.000 - 1.640ms returns FALSE
T537C 161:702.096 JLINK_IsHalted()
T537C 161:703.952 - 1.860ms returns FALSE
T537C 161:810.144 JLINK_IsHalted()
T537C 161:813.424 - 3.280ms returns FALSE
T537C 161:813.504 JLINK_IsHalted()
T537C 161:815.360 - 1.853ms returns FALSE
T537C 161:919.136 JLINK_IsHalted()
T537C 161:920.720 - 1.577ms returns FALSE
T537C 161:920.800 JLINK_IsHalted()
T537C 161:922.608 - 1.813ms returns FALSE
T537C 162:029.232 JLINK_IsHalted()
T537C 162:030.816 - 1.582ms returns FALSE
T537C 162:030.896 JLINK_IsHalted()
T537C 162:032.704 - 1.800ms returns FALSE
T537C 162:138.656 JLINK_IsHalted()
T537C 162:141.792 - 3.151ms returns FALSE
T537C 162:141.872 JLINK_IsHalted()
T537C 162:143.664 - 1.789ms returns FALSE
T1488 162:204.208 JLINK_IsHalted()
T1488 162:205.696 - 1.480ms returns FALSE
T1488 162:205.776 JLINK_IsHalted()
T1488 162:207.424 - 1.647ms returns FALSE
T537C 162:247.760 JLINK_IsHalted()
T537C 162:249.824 - 2.068ms returns FALSE
T537C 162:249.888 JLINK_IsHalted()
T537C 162:251.936 - 2.049ms returns FALSE
T537C 162:357.088 JLINK_IsHalted()
T537C 162:360.144 - 3.045ms returns FALSE
T537C 162:360.224 JLINK_IsHalted()
T537C 162:361.600 - 1.362ms returns FALSE
T537C 162:466.096 JLINK_IsHalted()
T537C 162:468.256 - 2.158ms returns FALSE
T537C 162:468.352 JLINK_IsHalted()
T537C 162:470.112 - 1.756ms returns FALSE
T537C 162:575.968 JLINK_IsHalted()
T537C 162:577.264 - 1.296ms returns FALSE
T537C 162:577.360 JLINK_IsHalted()
T537C 162:579.168 - 1.806ms returns FALSE
T537C 162:684.896 JLINK_IsHalted()
T537C 162:686.496 - 1.585ms returns FALSE
T537C 162:686.608 JLINK_IsHalted()
T537C 162:688.032 - 1.423ms returns FALSE
T537C 162:793.968 JLINK_IsHalted()
T537C 162:796.816 - 2.840ms returns FALSE
T537C 162:796.960 JLINK_IsHalted()
T537C 162:798.528 - 1.571ms returns FALSE
T537C 162:904.080 JLINK_IsHalted()
T537C 162:905.168 - 1.091ms returns FALSE
T537C 162:905.248 JLINK_IsHalted()
T537C 162:907.168 - 1.918ms returns FALSE
T537C 163:013.360 JLINK_IsHalted()
T537C 163:014.688 - 1.334ms returns FALSE
T537C 163:014.800 JLINK_IsHalted()
T537C 163:016.512 - 1.709ms returns FALSE
T537C 163:122.768 JLINK_IsHalted()
T537C 163:123.824 - 1.058ms returns FALSE
T537C 163:123.936 JLINK_IsHalted()
T537C 163:125.808 - 1.881ms returns FALSE
T1488 163:207.424 JLINK_IsHalted()
T1488 163:208.784 - 1.357ms returns FALSE
T1488 163:208.864 JLINK_IsHalted()
T1488 163:210.528 - 1.661ms returns FALSE
T537C 163:231.936 JLINK_IsHalted()
T537C 163:233.344 - 1.406ms returns FALSE
T537C 163:233.424 JLINK_IsHalted()
T537C 163:236.240 - 2.805ms returns FALSE
T537C 163:341.040 JLINK_IsHalted()
T537C 163:342.912 - 1.873ms returns FALSE
T537C 163:343.184 JLINK_IsHalted()
T537C 163:345.040 - 1.856ms returns FALSE
T537C 163:450.304 JLINK_IsHalted()
T537C 163:451.840 - 1.527ms returns FALSE
T537C 163:451.904 JLINK_IsHalted()
T537C 163:453.328 - 1.426ms returns FALSE
T537C 163:559.968 JLINK_IsHalted()
T537C 163:561.232 - 1.242ms returns FALSE
T537C 163:561.296 JLINK_IsHalted()
T537C 163:563.088 - 1.790ms returns FALSE
T537C 163:669.504 JLINK_IsHalted()
T537C 163:671.584 - 2.061ms returns FALSE
T537C 163:671.648 JLINK_IsHalted()
T537C 163:673.232 - 1.591ms returns FALSE
T537C 163:778.656 JLINK_IsHalted()
T537C 163:781.008 - 2.347ms returns FALSE
T537C 163:781.056 JLINK_IsHalted()
T537C 163:782.752 - 1.684ms returns FALSE
T537C 163:888.608 JLINK_IsHalted()
T537C 163:889.856 - 1.254ms returns FALSE
T537C 163:889.936 JLINK_IsHalted()
T537C 163:891.936 - 2.009ms returns FALSE
T537C 163:997.600 JLINK_IsHalted()
T537C 164:001.120 - 3.527ms returns FALSE
T537C 164:001.232 JLINK_IsHalted()
T537C 164:003.200 - 1.974ms returns FALSE
T537C 164:106.992 JLINK_IsHalted()
T537C 164:109.088 - 2.078ms returns FALSE
T537C 164:109.152 JLINK_IsHalted()
T537C 164:110.624 - 1.451ms returns FALSE
T1488 164:210.528 JLINK_IsHalted()
T1488 164:212.160 - 1.623ms returns FALSE
T1488 164:212.272 JLINK_IsHalted()
T1488 164:213.920 - 1.641ms returns FALSE
T537C 164:216.032 JLINK_IsHalted()
T537C 164:218.960 - 2.925ms returns FALSE
T537C 164:219.040 JLINK_IsHalted()
T537C 164:220.896 - 1.854ms returns FALSE
T537C 164:326.112 JLINK_IsHalted()
T537C 164:328.736 - 2.628ms returns FALSE
T537C 164:328.864 JLINK_IsHalted()
T537C 164:330.560 - 1.688ms returns FALSE
T537C 164:435.344 JLINK_IsHalted()
T537C 164:436.432 - 1.085ms returns FALSE
T537C 164:436.496 JLINK_IsHalted()
T537C 164:438.304 - 1.803ms returns FALSE
T537C 164:544.592 JLINK_IsHalted()
T537C 164:571.376 - 26.796ms returns FALSE
T537C 164:571.456 JLINK_IsHalted()
T537C 164:573.296 - 1.845ms returns FALSE
T537C 164:669.792 JLINK_IsHalted()
T537C 164:670.560 - 0.780ms returns FALSE
T537C 164:670.624 JLINK_IsHalted()
T537C 164:672.432 - 1.810ms returns FALSE
T537C 164:779.104 JLINK_IsHalted()
T537C 164:782.304 - 3.200ms returns FALSE
T537C 164:782.384 JLINK_IsHalted()
T537C 164:785.072 - 2.684ms returns FALSE
T537C 164:888.336 JLINK_IsHalted()
T537C 164:889.712 - 1.391ms returns FALSE
T537C 164:889.824 JLINK_IsHalted()
T537C 164:891.632 - 1.822ms returns FALSE
T537C 164:998.528 JLINK_IsHalted()
T537C 164:999.712 - 1.172ms returns FALSE
T537C 164:999.840 JLINK_IsHalted()
T537C 165:001.440 - 1.589ms returns FALSE
T537C 165:107.392 JLINK_IsHalted()
T537C 165:109.360 - 1.970ms returns FALSE
T537C 165:109.456 JLINK_IsHalted()
T537C 165:111.296 - 1.836ms returns FALSE
T1488 165:215.408 JLINK_IsHalted()
T1488 165:216.880 - 1.471ms returns FALSE
T1488 165:216.992 JLINK_IsHalted()
T1488 165:218.768 - 1.782ms returns FALSE
T537C 165:218.912 JLINK_IsHalted()
T537C 165:220.624 - 1.707ms returns FALSE
T537C 165:220.688 JLINK_IsHalted()
T537C 165:222.496 - 1.795ms returns FALSE
T537C 165:325.328 JLINK_IsHalted()
T537C 165:326.432 - 1.103ms returns FALSE
T537C 165:326.496 JLINK_IsHalted()
T537C 165:330.080 - 3.581ms returns FALSE
T537C 165:435.136 JLINK_IsHalted()
T537C 165:436.640 - 1.493ms returns FALSE
T537C 165:436.752 JLINK_IsHalted()
T537C 165:438.384 - 1.629ms returns FALSE
T537C 165:544.192 JLINK_IsHalted()
T537C 165:546.144 - 1.951ms returns FALSE
T537C 165:546.352 JLINK_IsHalted()
T537C 165:549.696 - 3.341ms returns FALSE
T537C 165:654.256 JLINK_IsHalted()
T537C 165:656.176 - 1.912ms returns FALSE
T537C 165:656.352 JLINK_IsHalted()
T537C 165:657.824 - 1.481ms returns FALSE
T537C 165:763.616 JLINK_IsHalted()
T537C 165:765.696 - 2.066ms returns FALSE
T537C 165:766.000 JLINK_IsHalted()
T537C 165:767.728 - 1.727ms returns FALSE
T537C 165:872.736 JLINK_IsHalted()
T537C 165:875.040 - 2.299ms returns FALSE
T537C 165:875.296 JLINK_IsHalted()
T537C 165:877.168 - 1.878ms returns FALSE
T537C 165:982.352 JLINK_IsHalted()
T537C 165:984.416 - 2.070ms returns FALSE
T537C 165:984.608 JLINK_IsHalted()
T537C 165:986.272 - 1.660ms returns FALSE
T537C 166:092.192 JLINK_IsHalted()
T537C 166:094.112 - 1.908ms returns FALSE
T537C 166:094.272 JLINK_IsHalted()
T537C 166:096.160 - 1.886ms returns FALSE
T537C 166:200.400 JLINK_IsHalted()
T537C 166:201.504 - 1.114ms returns FALSE
T537C 166:201.632 JLINK_IsHalted()
T537C 166:203.360 - 1.710ms returns FALSE
T1488 166:219.584 JLINK_IsHalted()
T1488 166:221.216 - 1.630ms returns FALSE
T1488 166:221.280 JLINK_IsHalted()
T1488 166:223.328 - 2.053ms returns FALSE
T537C 166:309.984 JLINK_IsHalted()
T537C 166:311.392 - 1.404ms returns FALSE
T537C 166:311.472 JLINK_IsHalted()
T537C 166:313.552 - 2.079ms returns FALSE
T537C 166:419.072 JLINK_IsHalted()
T537C 166:420.464 - 1.405ms returns FALSE
T537C 166:420.544 JLINK_IsHalted()
T537C 166:422.320 - 1.789ms returns FALSE
T537C 166:528.688 JLINK_IsHalted()
T537C 166:530.048 - 1.362ms returns FALSE
T537C 166:530.160 JLINK_IsHalted()
T537C 166:531.552 - 1.385ms returns FALSE
T537C 166:637.984 JLINK_IsHalted()
T537C 166:639.824 - 1.834ms returns FALSE
T537C 166:639.888 JLINK_IsHalted()
T537C 166:641.824 - 1.934ms returns FALSE
T537C 166:747.280 JLINK_IsHalted()
T537C 166:749.024 - 1.744ms returns FALSE
T537C 166:749.104 JLINK_IsHalted()
T537C 166:750.672 - 1.563ms returns FALSE
T537C 166:857.360 JLINK_IsHalted()
T537C 166:860.448 - 3.082ms returns FALSE
T537C 166:860.624 JLINK_IsHalted()
T537C 166:862.272 - 1.658ms returns FALSE
T537C 166:965.872 JLINK_IsHalted()
T537C 166:967.264 - 1.396ms returns FALSE
T537C 166:967.392 JLINK_IsHalted()
T537C 166:969.248 - 1.852ms returns FALSE
T537C 167:075.936 JLINK_IsHalted()
T537C 167:078.752 - 2.815ms returns FALSE
T537C 167:078.880 JLINK_IsHalted()
T537C 167:080.608 - 1.724ms returns FALSE
T537C 167:184.960 JLINK_IsHalted()
T537C 167:186.720 - 1.753ms returns FALSE
T537C 167:186.832 JLINK_IsHalted()
T537C 167:188.768 - 1.944ms returns FALSE
T1488 167:224.464 JLINK_IsHalted()
T1488 167:226.224 - 1.765ms returns FALSE
T1488 167:226.336 JLINK_IsHalted()
T1488 167:228.256 - 1.919ms returns FALSE
T537C 167:294.384 JLINK_IsHalted()
T537C 167:296.928 - 2.545ms returns FALSE
T537C 167:297.056 JLINK_IsHalted()
T537C 167:298.512 - 1.463ms returns FALSE
T537C 167:404.176 JLINK_IsHalted()
T537C 167:406.720 - 2.545ms returns FALSE
T537C 167:406.816 JLINK_IsHalted()
T537C 167:408.480 - 1.674ms returns FALSE
T537C 167:513.104 JLINK_IsHalted()
T537C 167:514.928 - 1.836ms returns FALSE
T537C 167:515.040 JLINK_IsHalted()
T537C 167:516.656 - 1.612ms returns FALSE
T537C 167:622.688 JLINK_IsHalted()
T537C 167:624.832 - 2.129ms returns FALSE
T537C 167:624.944 JLINK_IsHalted()
T537C 167:626.736 - 1.784ms returns FALSE
T537C 167:732.192 JLINK_IsHalted()
T537C 167:733.792 - 1.612ms returns FALSE
T537C 167:733.984 JLINK_IsHalted()
T537C 167:735.712 - 1.737ms returns FALSE
T537C 167:841.520 JLINK_IsHalted()
T537C 167:843.792 - 2.271ms returns FALSE
T537C 167:844.048 JLINK_IsHalted()
T537C 167:845.616 - 1.560ms returns FALSE
T537C 167:950.560 JLINK_IsHalted()
T537C 167:952.000 - 1.446ms returns FALSE
T537C 167:952.096 JLINK_IsHalted()
T537C 167:953.776 - 1.698ms returns FALSE
T537C 168:060.032 JLINK_IsHalted()
T537C 168:063.200 - 3.172ms returns FALSE
T537C 168:063.344 JLINK_IsHalted()
T537C 168:065.056 - 1.715ms returns FALSE
T537C 168:169.056 JLINK_IsHalted()
T537C 168:171.312 - 2.257ms returns FALSE
T537C 168:171.440 JLINK_IsHalted()
T537C 168:173.408 - 1.958ms returns FALSE
T1488 168:228.720 JLINK_IsHalted()
T1488 168:230.064 - 1.342ms returns FALSE
T1488 168:230.176 JLINK_IsHalted()
T1488 168:231.840 - 1.664ms returns FALSE
T537C 168:279.248 JLINK_IsHalted()
T537C 168:282.272 - 3.020ms returns FALSE
T537C 168:282.336 JLINK_IsHalted()
T537C 168:284.080 - 1.744ms returns FALSE
T537C 168:388.160 JLINK_IsHalted()
T537C 168:390.176 - 2.012ms returns FALSE
T537C 168:390.272 JLINK_IsHalted()
T537C 168:392.272 - 1.993ms returns FALSE
T537C 168:497.248 JLINK_IsHalted()
T537C 168:498.368 - 1.118ms returns FALSE
T537C 168:498.496 JLINK_IsHalted()
T537C 168:500.512 - 2.006ms returns FALSE
T537C 168:606.448 JLINK_IsHalted()
T537C 168:609.872 - 3.409ms returns FALSE
T537C 168:609.936 JLINK_IsHalted()
T537C 168:611.616 - 1.692ms returns FALSE
T537C 168:716.768 JLINK_IsHalted()
T537C 168:718.208 - 1.452ms returns FALSE
T537C 168:718.304 JLINK_IsHalted()
T537C 168:720.064 - 1.753ms returns FALSE
T537C 168:825.360 JLINK_IsHalted()
T537C 168:827.584 - 2.236ms returns FALSE
T537C 168:827.680 JLINK_IsHalted()
T537C 168:829.376 - 1.684ms returns FALSE
T537C 168:935.328 JLINK_IsHalted()
T537C 168:937.248 - 1.928ms returns FALSE
T537C 168:937.360 JLINK_IsHalted()
T537C 168:939.424 - 2.062ms returns FALSE
T537C 169:044.656 JLINK_IsHalted()
T537C 169:046.000 - 1.342ms returns FALSE
T537C 169:046.096 JLINK_IsHalted()
T537C 169:047.904 - 1.804ms returns FALSE
T537C 169:153.840 JLINK_IsHalted()
T537C 169:155.792 - 1.936ms returns FALSE
T537C 169:155.872 JLINK_IsHalted()
T537C 169:157.616 - 1.742ms returns FALSE
T1488 169:233.600 JLINK_IsHalted()
T1488 169:235.104 - 1.491ms returns FALSE
T1488 169:235.232 JLINK_IsHalted()
T1488 169:236.912 - 1.700ms returns FALSE
T537C 169:263.184 JLINK_IsHalted()
T537C 169:265.696 - 2.501ms returns FALSE
T537C 169:265.760 JLINK_IsHalted()
T537C 169:267.456 - 1.704ms returns FALSE
T537C 169:373.008 JLINK_IsHalted()
T537C 169:374.096 - 1.089ms returns FALSE
T537C 169:374.144 JLINK_IsHalted()
T537C 169:375.984 - 1.835ms returns FALSE
T537C 169:482.272 JLINK_IsHalted()
T537C 169:483.904 - 1.646ms returns FALSE
T537C 169:483.968 JLINK_IsHalted()
T537C 169:485.792 - 1.814ms returns FALSE
T537C 169:591.488 JLINK_IsHalted()
T537C 169:593.376 - 1.893ms returns FALSE
T537C 169:593.440 JLINK_IsHalted()
T537C 169:595.248 - 1.808ms returns FALSE
T537C 169:700.784 JLINK_IsHalted()
T537C 169:703.280 - 2.495ms returns FALSE
T537C 169:703.488 JLINK_IsHalted()
T537C 169:706.880 - 3.383ms returns FALSE
T537C 169:810.400 JLINK_IsHalted()
T537C 169:812.192 - 1.786ms returns FALSE
T537C 169:812.400 JLINK_IsHalted()
T537C 169:814.112 - 1.712ms returns FALSE
T537C 169:919.504 JLINK_IsHalted()
T537C 169:921.328 - 1.833ms returns FALSE
T537C 169:921.568 JLINK_IsHalted()
T537C 169:924.816 - 3.248ms returns FALSE
T537C 170:028.816 JLINK_IsHalted()
T537C 170:030.048 - 1.238ms returns FALSE
T537C 170:030.176 JLINK_IsHalted()
T537C 170:032.032 - 1.869ms returns FALSE
T537C 170:137.952 JLINK_IsHalted()
T537C 170:140.528 - 2.572ms returns FALSE
T537C 170:140.816 JLINK_IsHalted()
T537C 170:142.448 - 1.632ms returns FALSE
T1488 170:237.536 JLINK_IsHalted()
T1488 170:239.328 - 1.785ms returns FALSE
T1488 170:239.392 JLINK_IsHalted()
T1488 170:241.472 - 2.088ms returns FALSE
T537C 170:247.376 JLINK_IsHalted()
T537C 170:248.928 - 1.561ms returns FALSE
T537C 170:249.008 JLINK_IsHalted()
T537C 170:250.816 - 1.804ms returns FALSE
T537C 170:356.768 JLINK_IsHalted()
T537C 170:358.800 - 2.034ms returns FALSE
T537C 170:358.880 JLINK_IsHalted()
T537C 170:360.832 - 1.950ms returns FALSE
T537C 170:466.256 JLINK_IsHalted()
T537C 170:467.552 - 1.296ms returns FALSE
T537C 170:467.712 JLINK_IsHalted()
T537C 170:469.344 - 1.646ms returns FALSE
T537C 170:576.288 JLINK_IsHalted()
T537C 170:578.656 - 2.357ms returns FALSE
T537C 170:578.720 JLINK_IsHalted()
T537C 170:580.512 - 1.793ms returns FALSE
T537C 170:684.768 JLINK_IsHalted()
T537C 170:687.248 - 2.477ms returns FALSE
T537C 170:687.344 JLINK_IsHalted()
T537C 170:689.024 - 1.676ms returns FALSE
T537C 170:794.320 JLINK_IsHalted()
T537C 170:795.664 - 1.340ms returns FALSE
T537C 170:795.760 JLINK_IsHalted()
T537C 170:797.328 - 1.566ms returns FALSE
T537C 170:903.824 JLINK_IsHalted()
T537C 170:904.864 - 1.045ms returns FALSE
T537C 170:904.960 JLINK_IsHalted()
T537C 170:906.752 - 1.783ms returns FALSE
T537C 171:013.024 JLINK_IsHalted()
T537C 171:015.264 - 2.240ms returns FALSE
T537C 171:015.344 JLINK_IsHalted()
T537C 171:017.104 - 1.745ms returns FALSE
T537C 171:122.944 JLINK_IsHalted()
T537C 171:124.912 - 1.971ms returns FALSE
T537C 171:125.072 JLINK_IsHalted()
T537C 171:126.832 - 1.763ms returns FALSE
T537C 171:232.384 JLINK_IsHalted()
T537C 171:234.400 - 2.009ms returns FALSE
T537C 171:234.496 JLINK_IsHalted()
T537C 171:236.224 - 1.739ms returns FALSE
T1488 171:242.400 JLINK_IsHalted()
T1488 171:244.496 - 2.078ms returns FALSE
T1488 171:244.576 JLINK_IsHalted()
T1488 171:246.528 - 1.949ms returns FALSE
T537C 171:341.136 JLINK_IsHalted()
T537C 171:342.240 - 1.114ms returns FALSE
T537C 171:342.304 JLINK_IsHalted()
T537C 171:344.256 - 1.935ms returns FALSE
T537C 171:450.704 JLINK_IsHalted()
T537C 171:452.912 - 2.216ms returns FALSE
T537C 171:453.024 JLINK_IsHalted()
T537C 171:454.832 - 1.812ms returns FALSE
T537C 171:559.904 JLINK_IsHalted()
T537C 171:561.312 - 1.407ms returns FALSE
T537C 171:561.440 JLINK_IsHalted()
T537C 171:562.960 - 1.524ms returns FALSE
T537C 171:669.408 JLINK_IsHalted()
T537C 171:671.008 - 1.603ms returns FALSE
T537C 171:671.200 JLINK_IsHalted()
T537C 171:674.592 - 3.396ms returns FALSE
T537C 171:778.736 JLINK_IsHalted()
T537C 171:781.536 - 2.805ms returns FALSE
T537C 171:781.648 JLINK_IsHalted()
T537C 171:783.440 - 1.784ms returns FALSE
T537C 171:888.592 JLINK_IsHalted()
T537C 171:890.128 - 1.534ms returns FALSE
T537C 171:890.240 JLINK_IsHalted()
T537C 171:892.336 - 2.106ms returns FALSE
T537C 171:998.048 JLINK_IsHalted()
T537C 172:000.224 - 2.161ms returns FALSE
T537C 172:000.288 JLINK_IsHalted()
T537C 172:002.208 - 1.897ms returns FALSE
T537C 172:107.008 JLINK_IsHalted()
T537C 172:108.576 - 1.569ms returns FALSE
T537C 172:108.688 JLINK_IsHalted()
T537C 172:110.432 - 1.737ms returns FALSE
T537C 172:216.912 JLINK_IsHalted()
T537C 172:219.104 - 2.189ms returns FALSE
T537C 172:219.216 JLINK_IsHalted()
T537C 172:221.216 - 2.006ms returns FALSE
T1488 172:247.776 JLINK_IsHalted()
T1488 172:249.456 - 1.673ms returns FALSE
T1488 172:249.536 JLINK_IsHalted()
T1488 172:251.408 - 1.867ms returns FALSE
T537C 172:325.616 JLINK_IsHalted()
T537C 172:327.904 - 2.288ms returns FALSE
T537C 172:328.000 JLINK_IsHalted()
T537C 172:329.888 - 1.894ms returns FALSE
T537C 172:436.288 JLINK_IsHalted()
T537C 172:437.968 - 1.681ms returns FALSE
T537C 172:438.064 JLINK_IsHalted()
T537C 172:439.712 - 1.637ms returns FALSE
T537C 172:544.416 JLINK_IsHalted()
T537C 172:547.616 - 3.216ms returns FALSE
T537C 172:547.728 JLINK_IsHalted()
T537C 172:549.616 - 1.900ms returns FALSE
T537C 172:653.600 JLINK_IsHalted()
T537C 172:655.040 - 1.429ms returns FALSE
T537C 172:655.136 JLINK_IsHalted()
T537C 172:656.928 - 1.791ms returns FALSE
T537C 172:762.976 JLINK_IsHalted()
T537C 172:764.624 - 1.645ms returns FALSE
T537C 172:764.720 JLINK_IsHalted()
T537C 172:768.128 - 3.407ms returns FALSE
T537C 172:872.960 JLINK_IsHalted()
T537C 172:875.056 - 2.103ms returns FALSE
T537C 172:875.168 JLINK_IsHalted()
T537C 172:876.976 - 1.799ms returns FALSE
T537C 172:982.096 JLINK_IsHalted()
T537C 172:983.104 - 1.004ms returns FALSE
T537C 172:983.200 JLINK_IsHalted()
T537C 172:985.008 - 1.808ms returns FALSE
T537C 173:091.568 JLINK_IsHalted()
T537C 173:094.672 - 3.096ms returns FALSE
T537C 173:094.752 JLINK_IsHalted()
T537C 173:096.544 - 1.765ms returns FALSE
T537C 173:201.312 JLINK_IsHalted()
T537C 173:202.864 - 1.563ms returns FALSE
T537C 173:202.976 JLINK_IsHalted()
T537C 173:204.640 - 1.670ms returns FALSE
T1488 173:252.000 JLINK_IsHalted()
T1488 173:253.600 - 1.607ms returns FALSE
T1488 173:253.712 JLINK_IsHalted()
T1488 173:255.520 - 1.800ms returns FALSE
T537C 173:309.984 JLINK_IsHalted()
T537C 173:312.352 - 2.372ms returns FALSE
T537C 173:312.464 JLINK_IsHalted()
T537C 173:314.208 - 1.740ms returns FALSE
T537C 173:419.024 JLINK_IsHalted()
T537C 173:420.976 - 1.959ms returns FALSE
T537C 173:421.088 JLINK_IsHalted()
T537C 173:422.912 - 1.827ms returns FALSE
T537C 173:529.248 JLINK_IsHalted()
T537C 173:531.088 - 1.843ms returns FALSE
T537C 173:531.168 JLINK_IsHalted()
T537C 173:532.912 - 1.748ms returns FALSE
T537C 173:638.544 JLINK_IsHalted()
T537C 173:641.328 - 2.790ms returns FALSE
T537C 173:641.504 JLINK_IsHalted()
T537C 173:643.024 - 1.519ms returns FALSE
T537C 173:748.000 JLINK_IsHalted()
T537C 173:749.520 - 1.513ms returns FALSE
T537C 173:749.664 JLINK_IsHalted()
T537C 173:751.392 - 1.731ms returns FALSE
T537C 173:856.960 JLINK_IsHalted()
T537C 173:858.496 - 1.525ms returns FALSE
T537C 173:858.576 JLINK_IsHalted()
T537C 173:860.576 - 2.009ms returns FALSE
T537C 173:966.160 JLINK_IsHalted()
T537C 173:968.240 - 2.080ms returns FALSE
T537C 173:968.352 JLINK_IsHalted()
T537C 173:970.272 - 1.920ms returns FALSE
T537C 174:075.856 JLINK_IsHalted()
T537C 174:078.144 - 2.287ms returns FALSE
T537C 174:078.256 JLINK_IsHalted()
T537C 174:079.936 - 1.677ms returns FALSE
T537C 174:185.440 JLINK_IsHalted()
T537C 174:189.456 - 4.002ms returns FALSE
T537C 174:189.568 JLINK_IsHalted()
T537C 174:191.264 - 1.687ms returns FALSE
T1488 174:255.936 JLINK_IsHalted()
T1488 174:258.656 - 2.726ms returns FALSE
T1488 174:258.720 JLINK_IsHalted()
T1488 174:260.672 - 1.946ms returns FALSE
T537C 174:294.496 JLINK_IsHalted()
T537C 174:296.144 - 1.647ms returns FALSE
T537C 174:296.192 JLINK_IsHalted()
T537C 174:298.048 - 1.849ms returns FALSE
T537C 174:403.552 JLINK_IsHalted()
T537C 174:405.440 - 1.890ms returns FALSE
T537C 174:405.536 JLINK_IsHalted()
T537C 174:407.200 - 1.672ms returns FALSE
T537C 174:513.728 JLINK_IsHalted()
T537C 174:516.256 - 2.540ms returns FALSE
T537C 174:516.432 JLINK_IsHalted()
T537C 174:519.920 - 3.493ms returns FALSE
T537C 174:622.240 JLINK_IsHalted()
T537C 174:624.384 - 2.145ms returns FALSE
T537C 174:624.544 JLINK_IsHalted()
T537C 174:626.208 - 1.661ms returns FALSE
T537C 174:732.320 JLINK_IsHalted()
T537C 174:733.904 - 1.581ms returns FALSE
T537C 174:734.048 JLINK_IsHalted()
T537C 174:735.536 - 1.505ms returns FALSE
T537C 174:841.536 JLINK_IsHalted()
T537C 174:843.440 - 1.896ms returns FALSE
T537C 174:843.584 JLINK_IsHalted()
T537C 174:847.312 - 3.729ms returns FALSE
T537C 174:950.896 JLINK_IsHalted()
T537C 174:952.480 - 1.592ms returns FALSE
T537C 174:952.640 JLINK_IsHalted()
T537C 174:956.032 - 3.398ms returns FALSE
T537C 175:060.208 JLINK_IsHalted()
T537C 175:062.320 - 2.115ms returns FALSE
T537C 175:062.480 JLINK_IsHalted()
T537C 175:064.160 - 1.676ms returns FALSE
T537C 175:169.104 JLINK_IsHalted()
T537C 175:170.192 - 1.098ms returns FALSE
T537C 175:170.272 JLINK_IsHalted()
T537C 175:172.048 - 1.780ms returns FALSE
T1488 175:261.008 JLINK_IsHalted()
T1488 175:263.392 - 2.388ms returns FALSE
T1488 175:263.488 JLINK_IsHalted()
T1488 175:265.152 - 1.659ms returns FALSE
T537C 175:278.752 JLINK_IsHalted()
T537C 175:280.160 - 1.412ms returns FALSE
T537C 175:280.256 JLINK_IsHalted()
T537C 175:281.888 - 1.640ms returns FALSE
T537C 175:387.840 JLINK_IsHalted()
T537C 175:389.632 - 1.793ms returns FALSE
T537C 175:389.728 JLINK_IsHalted()
T537C 175:391.536 - 1.800ms returns FALSE
T537C 175:497.712 JLINK_IsHalted()
T537C 175:499.760 - 2.056ms returns FALSE
T537C 175:499.872 JLINK_IsHalted()
T537C 175:501.776 - 1.892ms returns FALSE
T537C 175:607.456 JLINK_IsHalted()
T537C 175:608.848 - 1.402ms returns FALSE
T537C 175:608.928 JLINK_IsHalted()
T537C 175:610.848 - 1.907ms returns FALSE
T537C 175:716.000 JLINK_IsHalted()
T537C 175:717.552 - 1.546ms returns FALSE
T537C 175:717.664 JLINK_IsHalted()
T537C 175:719.376 - 1.701ms returns FALSE
T537C 175:826.080 JLINK_IsHalted()
T537C 175:828.240 - 2.171ms returns FALSE
T537C 175:828.336 JLINK_IsHalted()
T537C 175:830.304 - 1.961ms returns FALSE
T537C 175:935.264 JLINK_IsHalted()
T537C 175:937.136 - 1.862ms returns FALSE
T537C 175:937.248 JLINK_IsHalted()
T537C 175:939.040 - 1.796ms returns FALSE
T537C 176:044.640 JLINK_IsHalted()
T537C 176:046.704 - 2.076ms returns FALSE
T537C 176:046.816 JLINK_IsHalted()
T537C 176:048.624 - 1.811ms returns FALSE
T537C 176:154.528 JLINK_IsHalted()
T537C 176:156.336 - 1.797ms returns FALSE
T537C 176:156.448 JLINK_IsHalted()
T537C 176:158.208 - 1.765ms returns FALSE
T537C 176:262.800 JLINK_IsHalted()
T537C 176:265.088 - 2.291ms returns FALSE
T537C 176:265.152 JLINK_IsHalted()
T537C 176:266.896 - 1.738ms returns FALSE
T1488 176:267.056 JLINK_IsHalted()
T1488 176:268.688 - 1.624ms returns FALSE
T1488 176:268.768 JLINK_IsHalted()
T1488 176:270.560 - 1.802ms returns FALSE
T537C 176:372.576 JLINK_IsHalted()
T537C 176:376.192 - 3.601ms returns FALSE
T537C 176:376.288 JLINK_IsHalted()
T537C 176:378.128 - 1.835ms returns FALSE
T537C 176:482.448 JLINK_IsHalted()
T537C 176:484.448 - 1.998ms returns FALSE
T537C 176:484.528 JLINK_IsHalted()
T537C 176:486.304 - 1.780ms returns FALSE
T537C 176:591.184 JLINK_IsHalted()
T537C 176:593.024 - 1.837ms returns FALSE
T537C 176:593.136 JLINK_IsHalted()
T537C 176:595.216 - 2.070ms returns FALSE
T537C 176:700.896 JLINK_IsHalted()
T537C 176:704.800 - 3.888ms returns FALSE
T537C 176:704.896 JLINK_IsHalted()
T537C 176:706.656 - 1.766ms returns FALSE
T537C 176:810.528 JLINK_IsHalted()
T537C 176:812.272 - 1.731ms returns FALSE
T537C 176:812.384 JLINK_IsHalted()
T537C 176:814.192 - 1.812ms returns FALSE
T537C 176:919.968 JLINK_IsHalted()
T537C 176:922.528 - 2.551ms returns FALSE
T537C 176:922.640 JLINK_IsHalted()
T537C 176:924.400 - 1.765ms returns FALSE
T537C 177:028.784 JLINK_IsHalted()
T537C 177:032.464 - 3.680ms returns FALSE
T537C 177:032.576 JLINK_IsHalted()
T537C 177:034.320 - 1.745ms returns FALSE
T537C 177:137.968 JLINK_IsHalted()
T537C 177:139.376 - 1.401ms returns FALSE
T537C 177:139.456 JLINK_IsHalted()
T537C 177:141.456 - 1.992ms returns FALSE
T537C 177:247.152 JLINK_IsHalted()
T537C 177:248.976 - 1.819ms returns FALSE
T537C 177:249.088 JLINK_IsHalted()
T537C 177:250.848 - 1.762ms returns FALSE
T1488 177:271.424 JLINK_IsHalted()
T1488 177:273.600 - 2.170ms returns FALSE
T1488 177:273.696 JLINK_IsHalted()
T1488 177:275.440 - 1.744ms returns FALSE
T537C 177:356.640 JLINK_IsHalted()
T537C 177:358.720 - 2.070ms returns FALSE
T537C 177:358.912 JLINK_IsHalted()
T537C 177:360.464 - 1.575ms returns FALSE
T537C 177:466.176 JLINK_IsHalted()
T537C 177:468.160 - 1.992ms returns FALSE
T537C 177:468.336 JLINK_IsHalted()
T537C 177:470.080 - 1.739ms returns FALSE
T537C 177:575.568 JLINK_IsHalted()
T537C 177:577.584 - 2.017ms returns FALSE
T537C 177:577.696 JLINK_IsHalted()
T537C 177:579.440 - 1.755ms returns FALSE
T537C 177:685.536 JLINK_IsHalted()
T537C 177:687.568 - 2.034ms returns FALSE
T537C 177:687.664 JLINK_IsHalted()
T537C 177:689.360 - 1.681ms returns FALSE
T537C 177:794.096 JLINK_IsHalted()
T537C 177:796.928 - 2.835ms returns FALSE
T537C 177:797.040 JLINK_IsHalted()
T537C 177:799.040 - 1.996ms returns FALSE
T537C 177:903.728 JLINK_IsHalted()
T537C 177:905.536 - 1.805ms returns FALSE
T537C 177:905.632 JLINK_IsHalted()
T537C 177:907.136 - 1.490ms returns FALSE
T537C 178:012.896 JLINK_IsHalted()
T537C 178:014.592 - 1.687ms returns FALSE
T537C 178:014.688 JLINK_IsHalted()
T537C 178:016.224 - 1.526ms returns FALSE
T537C 178:122.864 JLINK_IsHalted()
T537C 178:124.768 - 1.898ms returns FALSE
T537C 178:124.880 JLINK_IsHalted()
T537C 178:126.528 - 1.648ms returns FALSE
T537C 178:231.984 JLINK_IsHalted()
T537C 178:234.000 - 1.999ms returns FALSE
T537C 178:234.064 JLINK_IsHalted()
T537C 178:235.824 - 1.767ms returns FALSE
T1488 178:276.224 JLINK_IsHalted()
T1488 178:278.400 - 2.174ms returns FALSE
T1488 178:278.480 JLINK_IsHalted()
T1488 178:280.288 - 1.806ms returns FALSE
T537C 178:341.520 JLINK_IsHalted()
T537C 178:343.568 - 2.044ms returns FALSE
T537C 178:343.664 JLINK_IsHalted()
T537C 178:345.152 - 1.482ms returns FALSE
T537C 178:450.320 JLINK_IsHalted()
T537C 178:453.392 - 3.069ms returns FALSE
T537C 178:453.488 JLINK_IsHalted()
T537C 178:455.312 - 1.822ms returns FALSE
T537C 178:559.952 JLINK_IsHalted()
T537C 178:561.760 - 1.824ms returns FALSE
T537C 178:561.888 JLINK_IsHalted()
T537C 178:563.648 - 1.758ms returns FALSE
T537C 178:669.312 JLINK_IsHalted()
T537C 178:670.832 - 1.522ms returns FALSE
T537C 178:670.944 JLINK_IsHalted()
T537C 178:672.736 - 1.790ms returns FALSE
T537C 178:778.512 JLINK_IsHalted()
T537C 178:779.968 - 1.454ms returns FALSE
T537C 178:780.064 JLINK_IsHalted()
T537C 178:781.968 - 1.901ms returns FALSE
T537C 178:888.352 JLINK_IsHalted()
T537C 178:891.408 - 3.047ms returns FALSE
T537C 178:891.504 JLINK_IsHalted()
T537C 178:893.216 - 1.713ms returns FALSE
T537C 178:998.304 JLINK_IsHalted()
T537C 179:000.080 - 1.777ms returns FALSE
T537C 179:000.176 JLINK_IsHalted()
T537C 179:001.952 - 1.764ms returns FALSE
T537C 179:106.784 JLINK_IsHalted()
T537C 179:108.032 - 1.243ms returns FALSE
T537C 179:108.128 JLINK_IsHalted()
T537C 179:110.000 - 1.863ms returns FALSE
T537C 179:216.544 JLINK_IsHalted()
T537C 179:218.992 - 2.448ms returns FALSE
T537C 179:219.104 JLINK_IsHalted()
T537C 179:220.880 - 1.762ms returns FALSE
T1488 179:281.184 JLINK_IsHalted()
T1488 179:283.008 - 1.831ms returns FALSE
T1488 179:283.120 JLINK_IsHalted()
T1488 179:284.960 - 1.836ms returns FALSE
T537C 179:325.696 JLINK_IsHalted()
T537C 179:327.616 - 1.909ms returns FALSE
T537C 179:327.712 JLINK_IsHalted()
T537C 179:329.456 - 1.746ms returns FALSE
T537C 179:434.704 JLINK_IsHalted()
T537C 179:435.680 - 0.989ms returns FALSE
T537C 179:435.744 JLINK_IsHalted()
T537C 179:437.584 - 1.836ms returns FALSE
T537C 179:544.688 JLINK_IsHalted()
T537C 179:546.720 - 2.012ms returns FALSE
T537C 179:546.848 JLINK_IsHalted()
T537C 179:548.608 - 1.763ms returns FALSE
T537C 179:654.304 JLINK_IsHalted()
T537C 179:657.632 - 3.307ms returns FALSE
T537C 179:657.824 JLINK_IsHalted()
T537C 179:659.552 - 1.719ms returns FALSE
T537C 179:762.816 JLINK_IsHalted()
T537C 179:765.280 - 2.470ms returns FALSE
T537C 179:765.408 JLINK_IsHalted()
T537C 179:767.440 - 2.027ms returns FALSE
T537C 179:872.416 JLINK_IsHalted()
T537C 179:874.272 - 1.862ms returns FALSE
T537C 179:874.400 JLINK_IsHalted()
T537C 179:876.256 - 1.861ms returns FALSE
T537C 179:981.664 JLINK_IsHalted()
T537C 179:983.120 - 1.464ms returns FALSE
T537C 179:983.264 JLINK_IsHalted()
T537C 179:984.992 - 1.743ms returns FALSE
T537C 180:091.168 JLINK_IsHalted()
T537C 180:094.304 - 3.123ms returns FALSE
T537C 180:094.416 JLINK_IsHalted()
T537C 180:095.840 - 1.419ms returns FALSE
T537C 180:201.488 JLINK_IsHalted()
T537C 180:203.664 - 2.175ms returns FALSE
T537C 180:203.760 JLINK_IsHalted()
T537C 180:205.568 - 1.808ms returns FALSE
T1488 180:285.536 JLINK_IsHalted()
T1488 180:287.168 - 1.638ms returns FALSE
T1488 180:287.248 JLINK_IsHalted()
T1488 180:289.120 - 1.865ms returns FALSE
T537C 180:309.552 JLINK_IsHalted()
T537C 180:310.576 - 1.033ms returns FALSE
T537C 180:310.656 JLINK_IsHalted()
T537C 180:312.640 - 1.988ms returns FALSE
T537C 180:419.536 JLINK_IsHalted()
T537C 180:423.008 - 3.475ms returns FALSE
T537C 180:423.136 JLINK_IsHalted()
T537C 180:424.768 - 1.639ms returns FALSE
T537C 180:528.576 JLINK_IsHalted()
T537C 180:530.032 - 1.456ms returns FALSE
T537C 180:530.144 JLINK_IsHalted()
T537C 180:531.808 - 1.675ms returns FALSE
T537C 180:638.560 JLINK_IsHalted()
T537C 180:641.184 - 2.641ms returns FALSE
T537C 180:641.296 JLINK_IsHalted()
T537C 180:642.912 - 1.612ms returns FALSE
T537C 180:747.344 JLINK_IsHalted()
T537C 180:749.136 - 1.791ms returns FALSE
T537C 180:749.232 JLINK_IsHalted()
T537C 180:751.280 - 2.044ms returns FALSE
T537C 180:857.184 JLINK_IsHalted()
T537C 180:858.848 - 1.682ms returns FALSE
T537C 180:859.040 JLINK_IsHalted()
T537C 180:860.784 - 1.755ms returns FALSE
T537C 180:966.928 JLINK_IsHalted()
T537C 180:970.800 - 3.878ms returns FALSE
T537C 180:970.912 JLINK_IsHalted()
T537C 180:972.384 - 1.452ms returns FALSE
T537C 181:075.792 JLINK_IsHalted()
T537C 181:078.896 - 3.105ms returns FALSE
T537C 181:079.008 JLINK_IsHalted()
T537C 181:080.704 - 1.696ms returns FALSE
T537C 181:184.800 JLINK_IsHalted()
T537C 181:186.880 - 2.087ms returns FALSE
T537C 181:186.992 JLINK_IsHalted()
T537C 181:188.736 - 1.739ms returns FALSE
T1488 181:289.664 JLINK_IsHalted()
T1488 181:291.248 - 1.582ms returns FALSE
T1488 181:291.360 JLINK_IsHalted()
T1488 181:293.216 - 1.865ms returns FALSE
T537C 181:294.224 JLINK_IsHalted()
T537C 181:296.416 - 2.193ms returns FALSE
T537C 181:296.544 JLINK_IsHalted()
T537C 181:298.256 - 1.711ms returns FALSE
T537C 181:404.096 JLINK_IsHalted()
T537C 181:407.440 - 3.338ms returns FALSE
T537C 181:407.552 JLINK_IsHalted()
T537C 181:409.376 - 1.816ms returns FALSE
T537C 181:513.120 JLINK_IsHalted()
T537C 181:514.688 - 1.558ms returns FALSE
T537C 181:514.800 JLINK_IsHalted()
T537C 181:516.544 - 1.734ms returns FALSE
T537C 181:622.992 JLINK_IsHalted()
T537C 181:625.568 - 2.568ms returns FALSE
T537C 181:625.680 JLINK_IsHalted()
T537C 181:627.456 - 1.779ms returns FALSE
T537C 181:732.304 JLINK_IsHalted()
T537C 181:733.440 - 1.135ms returns FALSE
T537C 181:733.536 JLINK_IsHalted()
T537C 181:735.376 - 1.833ms returns FALSE
T537C 181:841.088 JLINK_IsHalted()
T537C 181:842.336 - 1.249ms returns FALSE
T537C 181:842.416 JLINK_IsHalted()
T537C 181:844.448 - 2.015ms returns FALSE
T537C 181:950.560 JLINK_IsHalted()
T537C 181:953.616 - 3.048ms returns FALSE
T537C 181:953.760 JLINK_IsHalted()
T537C 181:955.488 - 1.742ms returns FALSE
T537C 182:060.048 JLINK_IsHalted()
T537C 182:061.472 - 1.419ms returns FALSE
T537C 182:061.600 JLINK_IsHalted()
T537C 182:063.120 - 1.532ms returns FALSE
T537C 182:169.280 JLINK_IsHalted()
T537C 182:171.008 - 1.723ms returns FALSE
T537C 182:171.120 JLINK_IsHalted()
T537C 182:172.640 - 1.511ms returns FALSE
T537C 182:279.248 JLINK_IsHalted()
T537C 182:280.336 - 1.083ms returns FALSE
T537C 182:280.432 JLINK_IsHalted()
T537C 182:282.240 - 1.803ms returns FALSE
T1488 182:293.536 JLINK_IsHalted()
T1488 182:296.304 - 2.780ms returns FALSE
T1488 182:296.416 JLINK_IsHalted()
T1488 182:298.208 - 1.790ms returns FALSE
T537C 182:387.808 JLINK_IsHalted()
T537C 182:388.832 - 1.011ms returns FALSE
T537C 182:388.912 JLINK_IsHalted()
T537C 182:390.944 - 2.038ms returns FALSE
T537C 182:497.456 JLINK_IsHalted()
T537C 182:498.480 - 1.020ms returns FALSE
T537C 182:498.656 JLINK_IsHalted()
T537C 182:500.496 - 1.850ms returns FALSE
T537C 182:606.560 JLINK_IsHalted()
T537C 182:608.688 - 2.136ms returns FALSE
T537C 182:608.816 JLINK_IsHalted()
T537C 182:610.688 - 1.866ms returns FALSE
T537C 182:716.576 JLINK_IsHalted()
T537C 182:717.952 - 1.368ms returns FALSE
T537C 182:718.064 JLINK_IsHalted()
T537C 182:719.936 - 1.869ms returns FALSE
T537C 182:826.032 JLINK_IsHalted()
T537C 182:828.128 - 2.100ms returns FALSE
T537C 182:828.256 JLINK_IsHalted()
T537C 182:830.016 - 1.755ms returns FALSE
T537C 182:934.992 JLINK_IsHalted()
T537C 182:936.448 - 1.458ms returns FALSE
T537C 182:936.576 JLINK_IsHalted()
T537C 182:938.272 - 1.696ms returns FALSE
T537C 183:044.864 JLINK_IsHalted()
T537C 183:046.592 - 1.727ms returns FALSE
T537C 183:046.704 JLINK_IsHalted()
T537C 183:048.208 - 1.487ms returns FALSE
T537C 183:153.568 JLINK_IsHalted()
T537C 183:156.208 - 2.651ms returns FALSE
T537C 183:156.320 JLINK_IsHalted()
T537C 183:158.080 - 1.761ms returns FALSE
T537C 183:263.472 JLINK_IsHalted()
T537C 183:266.080 - 2.605ms returns FALSE
T537C 183:266.208 JLINK_IsHalted()
T537C 183:267.904 - 1.707ms returns FALSE
T1488 183:299.296 JLINK_IsHalted()
T1488 183:301.136 - 1.827ms returns FALSE
T1488 183:301.248 JLINK_IsHalted()
T1488 183:303.008 - 1.760ms returns FALSE
T537C 183:372.704 JLINK_IsHalted()
T537C 183:373.968 - 1.243ms returns FALSE
T537C 183:374.064 JLINK_IsHalted()
T537C 183:375.792 - 1.716ms returns FALSE
T537C 183:481.696 JLINK_IsHalted()
T537C 183:483.024 - 1.313ms returns FALSE
T537C 183:483.120 JLINK_IsHalted()
T537C 183:484.768 - 1.634ms returns FALSE
T537C 183:591.520 JLINK_IsHalted()
T537C 183:593.728 - 2.197ms returns FALSE
T537C 183:593.856 JLINK_IsHalted()
T537C 183:595.616 - 1.766ms returns FALSE
T537C 183:700.992 JLINK_IsHalted()
T537C 183:702.064 - 1.075ms returns FALSE
T537C 183:702.192 JLINK_IsHalted()
T537C 183:704.160 - 1.965ms returns FALSE
T537C 183:810.256 JLINK_IsHalted()
T537C 183:811.968 - 1.707ms returns FALSE
T537C 183:812.112 JLINK_IsHalted()
T537C 183:813.744 - 1.633ms returns FALSE
T537C 183:919.424 JLINK_IsHalted()
T537C 183:921.344 - 1.920ms returns FALSE
T537C 183:921.472 JLINK_IsHalted()
T537C 183:923.104 - 1.625ms returns FALSE
T537C 184:029.152 JLINK_IsHalted()
T537C 184:031.296 - 2.138ms returns FALSE
T537C 184:031.440 JLINK_IsHalted()
T537C 184:033.312 - 1.881ms returns FALSE
T537C 184:137.984 JLINK_IsHalted()
T537C 184:141.600 - 3.602ms returns FALSE
T537C 184:141.728 JLINK_IsHalted()
T537C 184:143.488 - 1.766ms returns FALSE
T537C 184:247.136 JLINK_IsHalted()
T537C 184:248.656 - 1.513ms returns FALSE
T537C 184:248.720 JLINK_IsHalted()
T537C 184:250.512 - 1.793ms returns FALSE
T1488 184:303.440 JLINK_IsHalted()
T1488 184:304.864 - 1.433ms returns FALSE
T1488 184:305.040 JLINK_IsHalted()
T1488 184:306.720 - 1.687ms returns FALSE
T537C 184:357.216 JLINK_IsHalted()
T537C 184:359.264 - 2.044ms returns FALSE
T537C 184:359.392 JLINK_IsHalted()
T537C 184:362.672 - 3.280ms returns FALSE
T537C 184:465.936 JLINK_IsHalted()
T537C 184:467.808 - 1.866ms returns FALSE
T537C 184:467.904 JLINK_IsHalted()
T537C 184:469.728 - 1.812ms returns FALSE
T537C 184:575.712 JLINK_IsHalted()
T537C 184:578.640 - 2.926ms returns FALSE
T537C 184:578.752 JLINK_IsHalted()
T537C 184:580.544 - 1.795ms returns FALSE
T537C 184:685.280 JLINK_IsHalted()
T537C 184:686.608 - 1.315ms returns FALSE
T537C 184:686.704 JLINK_IsHalted()
T537C 184:688.544 - 1.831ms returns FALSE
T537C 184:794.352 JLINK_IsHalted()
T537C 184:796.384 - 2.043ms returns FALSE
T537C 184:796.512 JLINK_IsHalted()
T537C 184:798.400 - 1.896ms returns FALSE
T537C 184:903.808 JLINK_IsHalted()
T537C 184:905.312 - 1.513ms returns FALSE
T537C 184:905.440 JLINK_IsHalted()
T537C 184:907.168 - 1.737ms returns FALSE
T537C 185:012.992 JLINK_IsHalted()
T537C 185:016.448 - 3.456ms returns FALSE
T537C 185:016.544 JLINK_IsHalted()
T537C 185:018.128 - 1.569ms returns FALSE
T537C 185:122.640 JLINK_IsHalted()
T537C 185:125.264 - 2.623ms returns FALSE
T537C 185:125.360 JLINK_IsHalted()
T537C 185:127.168 - 1.799ms returns FALSE
T537C 185:231.824 JLINK_IsHalted()
T537C 185:233.616 - 1.780ms returns FALSE
T537C 185:233.680 JLINK_IsHalted()
T537C 185:235.424 - 1.735ms returns FALSE
T1488 185:308.192 JLINK_IsHalted()
T1488 185:310.880 - 2.710ms returns FALSE
T1488 185:311.008 JLINK_IsHalted()
T1488 185:312.736 - 1.726ms returns FALSE
T537C 185:341.408 JLINK_IsHalted()
T537C 185:343.184 - 1.780ms returns FALSE
T537C 185:343.296 JLINK_IsHalted()
T537C 185:345.072 - 1.776ms returns FALSE
T537C 185:451.104 JLINK_IsHalted()
T537C 185:453.024 - 1.910ms returns FALSE
T537C 185:453.104 JLINK_IsHalted()
T537C 185:454.992 - 1.875ms returns FALSE
T537C 185:560.416 JLINK_IsHalted()
T537C 185:562.688 - 2.274ms returns FALSE
T537C 185:562.784 JLINK_IsHalted()
T537C 185:564.480 - 1.688ms returns FALSE
T537C 185:669.280 JLINK_IsHalted()
T537C 185:672.736 - 3.449ms returns FALSE
T537C 185:672.848 JLINK_IsHalted()
T537C 185:674.576 - 1.735ms returns FALSE
T537C 185:779.312 JLINK_IsHalted()
T537C 185:780.960 - 1.660ms returns FALSE
T537C 185:781.072 JLINK_IsHalted()
T537C 185:782.848 - 1.781ms returns FALSE
T537C 185:887.920 JLINK_IsHalted()
T537C 185:889.968 - 2.045ms returns FALSE
T537C 185:890.128 JLINK_IsHalted()
T537C 185:891.840 - 1.723ms returns FALSE
T537C 185:997.936 JLINK_IsHalted()
T537C 186:000.416 - 2.476ms returns FALSE
T537C 186:000.512 JLINK_IsHalted()
T537C 186:002.256 - 1.701ms returns FALSE
T537C 186:107.040 JLINK_IsHalted()
T537C 186:109.168 - 2.130ms returns FALSE
T537C 186:109.280 JLINK_IsHalted()
T537C 186:111.008 - 1.739ms returns FALSE
T537C 186:215.936 JLINK_IsHalted()
T537C 186:217.296 - 1.363ms returns FALSE
T537C 186:217.392 JLINK_IsHalted()
T537C 186:219.040 - 1.645ms returns FALSE
T1488 186:313.040 JLINK_IsHalted()
T1488 186:315.296 - 2.270ms returns FALSE
T1488 186:315.408 JLINK_IsHalted()
T1488 186:317.408 - 1.991ms returns FALSE
T537C 186:326.048 JLINK_IsHalted()
T537C 186:328.496 - 2.442ms returns FALSE
T537C 186:328.608 JLINK_IsHalted()
T537C 186:330.384 - 1.778ms returns FALSE
T537C 186:435.120 JLINK_IsHalted()
T537C 186:436.784 - 1.661ms returns FALSE
T537C 186:436.896 JLINK_IsHalted()
T537C 186:438.432 - 1.548ms returns FALSE
T537C 186:543.984 JLINK_IsHalted()
T537C 186:546.128 - 2.132ms returns FALSE
T537C 186:546.224 JLINK_IsHalted()
T537C 186:548.080 - 1.858ms returns FALSE
T537C 186:653.760 JLINK_IsHalted()
T537C 186:655.456 - 1.698ms returns FALSE
T537C 186:655.552 JLINK_IsHalted()
T537C 186:659.184 - 3.631ms returns FALSE
T537C 186:763.232 JLINK_IsHalted()
T537C 186:765.488 - 2.260ms returns FALSE
T537C 186:765.616 JLINK_IsHalted()
T537C 186:767.568 - 1.948ms returns FALSE
T537C 186:872.224 JLINK_IsHalted()
T537C 186:874.432 - 2.209ms returns FALSE
T537C 186:874.544 JLINK_IsHalted()
T537C 186:876.320 - 1.776ms returns FALSE
T537C 186:982.112 JLINK_IsHalted()
T537C 186:983.440 - 1.326ms returns FALSE
T537C 186:983.552 JLINK_IsHalted()
T537C 186:985.248 - 1.700ms returns FALSE
T537C 187:091.360 JLINK_IsHalted()
T537C 187:093.328 - 1.976ms returns FALSE
T537C 187:093.440 JLINK_IsHalted()
T537C 187:095.360 - 1.911ms returns FALSE
T537C 187:200.800 JLINK_IsHalted()
T537C 187:204.672 - 3.878ms returns FALSE
T537C 187:204.800 JLINK_IsHalted()
T537C 187:206.608 - 1.804ms returns FALSE
T537C 187:310.288 JLINK_IsHalted()
T537C 187:311.696 - 1.396ms returns FALSE
T537C 187:311.808 JLINK_IsHalted()
T537C 187:313.616 - 1.802ms returns FALSE
T1488 187:317.984 JLINK_IsHalted()
T1488 187:320.688 - 2.711ms returns FALSE
T1488 187:320.832 JLINK_IsHalted()
T1488 187:322.448 - 1.608ms returns FALSE
T537C 187:419.024 JLINK_IsHalted()
T537C 187:420.848 - 1.824ms returns FALSE
T537C 187:420.960 JLINK_IsHalted()
T537C 187:423.008 - 2.047ms returns FALSE
T537C 187:528.784 JLINK_IsHalted()
T537C 187:531.056 - 2.282ms returns FALSE
T537C 187:531.168 JLINK_IsHalted()
T537C 187:533.104 - 1.937ms returns FALSE
T537C 187:638.368 JLINK_IsHalted()
T537C 187:639.392 - 1.036ms returns FALSE
T537C 187:639.520 JLINK_IsHalted()
T537C 187:641.584 - 2.072ms returns FALSE
T537C 187:747.616 JLINK_IsHalted()
T537C 187:750.944 - 3.314ms returns FALSE
T537C 187:751.040 JLINK_IsHalted()
T537C 187:752.672 - 1.635ms returns FALSE
T537C 187:857.056 JLINK_IsHalted()
T537C 187:859.200 - 2.158ms returns FALSE
T537C 187:859.328 JLINK_IsHalted()
T537C 187:861.072 - 1.745ms returns FALSE
T537C 187:967.648 JLINK_IsHalted()
T537C 187:969.344 - 1.683ms returns FALSE
T537C 187:969.456 JLINK_IsHalted()
T537C 187:972.608 - 3.143ms returns FALSE
T537C 188:075.520 JLINK_IsHalted()
T537C 188:078.560 - 3.052ms returns FALSE
T537C 188:078.688 JLINK_IsHalted()
T537C 188:080.416 - 1.739ms returns FALSE
T537C 188:185.040 JLINK_IsHalted()
T537C 188:186.592 - 1.547ms returns FALSE
T537C 188:186.736 JLINK_IsHalted()
T537C 188:188.624 - 1.885ms returns FALSE
T537C 188:294.512 JLINK_IsHalted()
T537C 188:296.192 - 1.677ms returns FALSE
T537C 188:296.352 JLINK_IsHalted()
T537C 188:298.336 - 1.982ms returns FALSE
T1488 188:323.040 JLINK_IsHalted()
T1488 188:326.496 - 3.467ms returns FALSE
T1488 188:326.608 JLINK_IsHalted()
T1488 188:328.224 - 1.606ms returns FALSE
T537C 188:404.128 JLINK_IsHalted()
T537C 188:405.776 - 1.647ms returns FALSE
T537C 188:405.920 JLINK_IsHalted()
T537C 188:409.392 - 3.474ms returns FALSE
T537C 188:512.736 JLINK_IsHalted()
T537C 188:514.704 - 1.952ms returns FALSE
T537C 188:514.864 JLINK_IsHalted()
T537C 188:516.416 - 1.546ms returns FALSE
T537C 188:622.976 JLINK_IsHalted()
T537C 188:623.984 - 1.012ms returns FALSE
T537C 188:624.096 JLINK_IsHalted()
T537C 188:626.144 - 2.048ms returns FALSE
T537C 188:731.920 JLINK_IsHalted()
T537C 188:735.120 - 3.193ms returns FALSE
T537C 188:735.296 JLINK_IsHalted()
T537C 188:737.296 - 1.998ms returns FALSE
T537C 188:841.296 JLINK_IsHalted()
T537C 188:843.088 - 1.798ms returns FALSE
T537C 188:843.296 JLINK_IsHalted()
T537C 188:844.576 - 1.304ms returns FALSE
T537C 188:950.304 JLINK_IsHalted()
T537C 188:952.240 - 1.949ms returns FALSE
T537C 188:952.352 JLINK_IsHalted()
T537C 188:954.096 - 1.752ms returns FALSE
T537C 189:060.096 JLINK_IsHalted()
T537C 189:061.952 - 1.858ms returns FALSE
T537C 189:062.064 JLINK_IsHalted()
T537C 189:063.504 - 1.420ms returns FALSE
T537C 189:170.096 JLINK_IsHalted()
T537C 189:172.048 - 1.944ms returns FALSE
T537C 189:172.240 JLINK_IsHalted()
T537C 189:173.600 - 1.383ms returns FALSE
T537C 189:278.496 JLINK_IsHalted()
T537C 189:279.984 - 1.486ms returns FALSE
T537C 189:280.080 JLINK_IsHalted()
T537C 189:282.144 - 2.066ms returns FALSE
T1488 189:329.536 JLINK_IsHalted()
T1488 189:332.512 - 2.983ms returns FALSE
T1488 189:332.608 JLINK_IsHalted()
T1488 189:334.336 - 1.716ms returns FALSE
T537C 189:388.560 JLINK_IsHalted()
T537C 189:391.312 - 2.752ms returns FALSE
T537C 189:391.440 JLINK_IsHalted()
T537C 189:393.488 - 2.052ms returns FALSE
T537C 189:497.264 JLINK_IsHalted()
T537C 189:498.400 - 1.116ms returns FALSE
T537C 189:498.528 JLINK_IsHalted()
T537C 189:500.448 - 1.924ms returns FALSE
T537C 189:606.464 JLINK_IsHalted()
T537C 189:607.712 - 1.255ms returns FALSE
T537C 189:607.840 JLINK_IsHalted()
T537C 189:609.808 - 1.965ms returns FALSE
T537C 189:716.192 JLINK_IsHalted()
T537C 189:717.744 - 1.567ms returns FALSE
T537C 189:717.856 JLINK_IsHalted()
T537C 189:719.520 - 1.654ms returns FALSE
T537C 189:825.888 JLINK_IsHalted()
T537C 189:827.424 - 1.526ms returns FALSE
T537C 189:827.760 JLINK_IsHalted()
T537C 189:829.248 - 1.477ms returns FALSE
T537C 189:935.312 JLINK_IsHalted()
T537C 189:937.696 - 2.398ms returns FALSE
T537C 189:937.792 JLINK_IsHalted()
T537C 189:939.424 - 1.634ms returns FALSE
T537C 190:044.976 JLINK_IsHalted()
T537C 190:049.008 - 4.030ms returns FALSE
T537C 190:049.120 JLINK_IsHalted()
T537C 190:050.960 - 1.825ms returns FALSE
T537C 190:154.480 JLINK_IsHalted()
T537C 190:156.448 - 1.977ms returns FALSE
T537C 190:156.576 JLINK_IsHalted()
T537C 190:159.968 - 3.399ms returns FALSE
T537C 190:263.008 JLINK_IsHalted()
T537C 190:265.392 - 2.386ms returns FALSE
T537C 190:265.472 JLINK_IsHalted()
T537C 190:267.264 - 1.793ms returns FALSE
T1488 190:334.640 JLINK_IsHalted()
T1488 190:337.120 - 2.482ms returns FALSE
T1488 190:337.280 JLINK_IsHalted()
T1488 190:339.008 - 1.722ms returns FALSE
T537C 190:372.384 JLINK_IsHalted()
T537C 190:374.656 - 2.266ms returns FALSE
T537C 190:374.752 JLINK_IsHalted()
T537C 190:376.800 - 2.036ms returns FALSE
T537C 190:482.368 JLINK_IsHalted()
T537C 190:484.384 - 2.025ms returns FALSE
T537C 190:484.512 JLINK_IsHalted()
T537C 190:486.432 - 1.912ms returns FALSE
T537C 190:591.632 JLINK_IsHalted()
T537C 190:594.144 - 2.530ms returns FALSE
T537C 190:594.288 JLINK_IsHalted()
T537C 190:597.664 - 3.377ms returns FALSE
T537C 190:700.720 JLINK_IsHalted()
T537C 190:704.064 - 3.346ms returns FALSE
T537C 190:704.176 JLINK_IsHalted()
T537C 190:706.160 - 1.986ms returns FALSE
T537C 190:809.792 JLINK_IsHalted()
T537C 190:810.976 - 1.180ms returns FALSE
T537C 190:811.168 JLINK_IsHalted()
T537C 190:812.976 - 1.800ms returns FALSE
T537C 190:919.424 JLINK_IsHalted()
T537C 190:920.544 - 1.119ms returns FALSE
T537C 190:920.608 JLINK_IsHalted()
T537C 190:922.496 - 1.879ms returns FALSE
T537C 191:028.544 JLINK_IsHalted()
T537C 191:030.704 - 2.153ms returns FALSE
T537C 191:030.816 JLINK_IsHalted()
T537C 191:032.672 - 1.844ms returns FALSE
T537C 191:137.952 JLINK_IsHalted()
T537C 191:140.176 - 2.229ms returns FALSE
T537C 191:140.288 JLINK_IsHalted()
T537C 191:141.904 - 1.612ms returns FALSE
T537C 191:247.808 JLINK_IsHalted()
T537C 191:249.056 - 1.232ms returns FALSE
T537C 191:249.120 JLINK_IsHalted()
T537C 191:250.912 - 1.791ms returns FALSE
T1488 191:340.192 JLINK_IsHalted()
T1488 191:343.152 - 2.964ms returns FALSE
T1488 191:343.312 JLINK_IsHalted()
T1488 191:345.088 - 1.771ms returns FALSE
T537C 191:356.992 JLINK_IsHalted()
T537C 191:358.720 - 1.733ms returns FALSE
T537C 191:358.880 JLINK_IsHalted()
T537C 191:360.576 - 1.704ms returns FALSE
T537C 191:466.512 JLINK_IsHalted()
T537C 191:467.808 - 1.312ms returns FALSE
T537C 191:467.952 JLINK_IsHalted()
T537C 191:469.696 - 1.733ms returns FALSE
T537C 191:576.144 JLINK_IsHalted()
T537C 191:577.952 - 1.797ms returns FALSE
T537C 191:578.016 JLINK_IsHalted()
T537C 191:579.744 - 1.725ms returns FALSE
T537C 191:685.488 JLINK_IsHalted()
T537C 191:687.504 - 2.018ms returns FALSE
T537C 191:687.616 JLINK_IsHalted()
T537C 191:689.568 - 1.950ms returns FALSE
T537C 191:794.464 JLINK_IsHalted()
T537C 191:795.744 - 1.284ms returns FALSE
T537C 191:795.872 JLINK_IsHalted()
T537C 191:797.696 - 1.830ms returns FALSE
T537C 191:903.808 JLINK_IsHalted()
T537C 191:907.648 - 3.831ms returns FALSE
T537C 191:907.760 JLINK_IsHalted()
T537C 191:909.536 - 1.758ms returns FALSE
T537C 192:012.816 JLINK_IsHalted()
T537C 192:014.640 - 1.836ms returns FALSE
T537C 192:014.752 JLINK_IsHalted()
T537C 192:016.416 - 1.650ms returns FALSE
T537C 192:122.880 JLINK_IsHalted()
T537C 192:126.288 - 3.398ms returns FALSE
T537C 192:126.384 JLINK_IsHalted()
T537C 192:128.064 - 1.673ms returns FALSE
T537C 192:232.304 JLINK_IsHalted()
T537C 192:234.336 - 2.014ms returns FALSE
T537C 192:234.432 JLINK_IsHalted()
T537C 192:236.192 - 1.751ms returns FALSE
T537C 192:341.664 JLINK_IsHalted()
T537C 192:343.808 - 2.137ms returns FALSE
T537C 192:343.904 JLINK_IsHalted()
T537C 192:345.648 - 1.738ms returns FALSE
T1488 192:345.952 JLINK_IsHalted()
T1488 192:349.024 - 3.071ms returns FALSE
T1488 192:349.136 JLINK_IsHalted()
T1488 192:351.008 - 1.879ms returns FALSE
T537C 192:450.576 JLINK_IsHalted()
T537C 192:452.480 - 1.904ms returns FALSE
T537C 192:452.608 JLINK_IsHalted()
T537C 192:454.368 - 1.757ms returns FALSE
T537C 192:560.000 JLINK_IsHalted()
T537C 192:561.872 - 1.863ms returns FALSE
T537C 192:561.984 JLINK_IsHalted()
T537C 192:563.584 - 1.602ms returns FALSE
T537C 192:669.584 JLINK_IsHalted()
T537C 192:671.296 - 1.701ms returns FALSE
T537C 192:671.408 JLINK_IsHalted()
T537C 192:673.056 - 1.639ms returns FALSE
T537C 192:779.024 JLINK_IsHalted()
T537C 192:781.376 - 2.346ms returns FALSE
T537C 192:781.488 JLINK_IsHalted()
T537C 192:783.200 - 1.719ms returns FALSE
T537C 192:888.352 JLINK_IsHalted()
T537C 192:890.080 - 1.732ms returns FALSE
T537C 192:890.208 JLINK_IsHalted()
T537C 192:892.096 - 1.899ms returns FALSE
T537C 192:997.168 JLINK_IsHalted()
T537C 192:998.400 - 1.220ms returns FALSE
T537C 192:998.496 JLINK_IsHalted()
T537C 193:000.256 - 1.752ms returns FALSE
T537C 193:107.328 JLINK_IsHalted()
T537C 193:109.600 - 2.255ms returns FALSE
T537C 193:109.696 JLINK_IsHalted()
T537C 193:111.392 - 1.682ms returns FALSE
T537C 193:216.352 JLINK_IsHalted()
T537C 193:218.144 - 1.809ms returns FALSE
T537C 193:218.272 JLINK_IsHalted()
T537C 193:220.016 - 1.761ms returns FALSE
T537C 193:325.856 JLINK_IsHalted()
T537C 193:327.712 - 1.864ms returns FALSE
T537C 193:327.840 JLINK_IsHalted()
T537C 193:329.584 - 1.762ms returns FALSE
T1488 193:352.096 JLINK_IsHalted()
T1488 193:353.680 - 1.582ms returns FALSE
T1488 193:353.824 JLINK_IsHalted()
T1488 193:357.088 - 3.271ms returns FALSE
T537C 193:434.896 JLINK_IsHalted()
T537C 193:438.848 - 3.954ms returns FALSE
T537C 193:438.944 JLINK_IsHalted()
T537C 193:440.464 - 1.508ms returns FALSE
T537C 193:544.128 JLINK_IsHalted()
T537C 193:547.040 - 2.897ms returns FALSE
T537C 193:547.152 JLINK_IsHalted()
T537C 193:548.912 - 1.772ms returns FALSE
T537C 193:654.224 JLINK_IsHalted()
T537C 193:656.384 - 2.161ms returns FALSE
T537C 193:656.480 JLINK_IsHalted()
T537C 193:659.840 - 3.354ms returns FALSE
T537C 193:763.328 JLINK_IsHalted()
T537C 193:765.232 - 1.903ms returns FALSE
T537C 193:765.344 JLINK_IsHalted()
T537C 193:767.104 - 1.753ms returns FALSE
T537C 193:872.384 JLINK_IsHalted()
T537C 193:874.560 - 2.175ms returns FALSE
T537C 193:874.672 JLINK_IsHalted()
T537C 193:876.448 - 1.775ms returns FALSE
T537C 193:982.624 JLINK_IsHalted()
T537C 193:984.880 - 2.264ms returns FALSE
T537C 193:984.992 JLINK_IsHalted()
T537C 193:986.752 - 1.758ms returns FALSE
T537C 194:091.664 JLINK_IsHalted()
T537C 194:093.248 - 1.589ms returns FALSE
T537C 194:093.360 JLINK_IsHalted()
T537C 194:094.816 - 1.464ms returns FALSE
T537C 194:200.560 JLINK_IsHalted()
T537C 194:202.608 - 2.050ms returns FALSE
T537C 194:202.720 JLINK_IsHalted()
T537C 194:204.448 - 1.714ms returns FALSE
T537C 194:310.448 JLINK_IsHalted()
T537C 194:312.656 - 2.208ms returns FALSE
T537C 194:312.768 JLINK_IsHalted()
T537C 194:314.224 - 1.464ms returns FALSE
T1488 194:357.104 JLINK_IsHalted()
T1488 194:359.520 - 2.407ms returns FALSE
T1488 194:359.824 JLINK_IsHalted()
T1488 194:361.056 - 1.245ms returns FALSE
T537C 194:419.744 JLINK_IsHalted()
T537C 194:421.808 - 2.084ms returns FALSE
T537C 194:421.984 JLINK_IsHalted()
T537C 194:425.616 - 3.635ms returns FALSE
T537C 194:529.344 JLINK_IsHalted()
T537C 194:530.720 - 1.374ms returns FALSE
T537C 194:530.832 JLINK_IsHalted()
T537C 194:532.384 - 1.560ms returns FALSE
T537C 194:638.448 JLINK_IsHalted()
T537C 194:640.208 - 1.758ms returns FALSE
T537C 194:640.304 JLINK_IsHalted()
T537C 194:643.680 - 3.379ms returns FALSE
T537C 194:748.064 JLINK_IsHalted()
T537C 194:750.192 - 2.141ms returns FALSE
T537C 194:750.336 JLINK_IsHalted()
T537C 194:752.240 - 1.905ms returns FALSE
T537C 194:856.912 JLINK_IsHalted()
T537C 194:859.040 - 2.119ms returns FALSE
T537C 194:859.168 JLINK_IsHalted()
T537C 194:861.024 - 1.846ms returns FALSE
T537C 194:965.904 JLINK_IsHalted()
T537C 194:967.440 - 1.526ms returns FALSE
T537C 194:967.568 JLINK_IsHalted()
T537C 194:969.312 - 1.730ms returns FALSE
T537C 195:075.632 JLINK_IsHalted()
T537C 195:077.280 - 1.638ms returns FALSE
T537C 195:077.424 JLINK_IsHalted()
T537C 195:078.880 - 1.459ms returns FALSE
T537C 195:184.768 JLINK_IsHalted()
T537C 195:186.784 - 2.014ms returns FALSE
T537C 195:186.864 JLINK_IsHalted()
T537C 195:188.640 - 1.763ms returns FALSE
T537C 195:294.704 JLINK_IsHalted()
T537C 195:296.704 - 1.990ms returns FALSE
T537C 195:297.056 JLINK_IsHalted()
T537C 195:298.432 - 1.389ms returns FALSE
T1488 195:361.440 JLINK_IsHalted()
T1488 195:362.640 - 1.184ms returns FALSE
T1488 195:362.736 JLINK_IsHalted()
T1488 195:364.512 - 1.777ms returns FALSE
T537C 195:404.128 JLINK_IsHalted()
T537C 195:405.904 - 1.769ms returns FALSE
T537C 195:406.016 JLINK_IsHalted()
T537C 195:408.000 - 1.982ms returns FALSE
T537C 195:513.280 JLINK_IsHalted()
T537C 195:515.472 - 2.182ms returns FALSE
T537C 195:515.664 JLINK_IsHalted()
T537C 195:518.976 - 3.313ms returns FALSE
T537C 195:622.448 JLINK_IsHalted()
T537C 195:624.048 - 1.601ms returns FALSE
T537C 195:624.176 JLINK_IsHalted()
T537C 195:625.936 - 1.741ms returns FALSE
T537C 195:732.400 JLINK_IsHalted()
T537C 195:733.824 - 1.417ms returns FALSE
T537C 195:733.920 JLINK_IsHalted()
T537C 195:735.568 - 1.643ms returns FALSE
T537C 195:841.120 JLINK_IsHalted()
T537C 195:843.088 - 1.969ms returns FALSE
T537C 195:843.232 JLINK_IsHalted()
T537C 195:844.928 - 1.695ms returns FALSE
T537C 195:950.688 JLINK_IsHalted()
T537C 195:952.560 - 1.873ms returns FALSE
T537C 195:952.720 JLINK_IsHalted()
T537C 195:954.208 - 1.505ms returns FALSE
T537C 196:060.048 JLINK_IsHalted()
T537C 196:062.064 - 2.018ms returns FALSE
T537C 196:062.208 JLINK_IsHalted()
T537C 196:063.696 - 1.472ms returns FALSE
T537C 196:169.328 JLINK_IsHalted()
T537C 196:171.904 - 2.572ms returns FALSE
T537C 196:172.048 JLINK_IsHalted()
T537C 196:174.032 - 1.974ms returns FALSE
T537C 196:278.512 JLINK_IsHalted()
T537C 196:279.968 - 1.468ms returns FALSE
T537C 196:280.080 JLINK_IsHalted()
T537C 196:281.888 - 1.792ms returns FALSE
T1488 196:364.800 JLINK_IsHalted()
T1488 196:368.192 - 3.396ms returns FALSE
T1488 196:368.304 JLINK_IsHalted()
T1488 196:369.936 - 1.627ms returns FALSE
T537C 196:388.608 JLINK_IsHalted()
T537C 196:390.480 - 1.858ms returns FALSE
T537C 196:390.592 JLINK_IsHalted()
T537C 196:392.352 - 1.764ms returns FALSE
T537C 196:497.664 JLINK_IsHalted()
T537C 196:499.568 - 1.907ms returns FALSE
T537C 196:499.632 JLINK_IsHalted()
T537C 196:501.472 - 1.832ms returns FALSE
T537C 196:607.008 JLINK_IsHalted()
T537C 196:608.032 - 1.035ms returns FALSE
T537C 196:608.128 JLINK_IsHalted()
T537C 196:610.160 - 2.037ms returns FALSE
T537C 196:716.464 JLINK_IsHalted()
T537C 196:719.456 - 2.999ms returns FALSE
T537C 196:719.520 JLINK_IsHalted()
T537C 196:721.168 - 1.635ms returns FALSE
T537C 196:825.632 JLINK_IsHalted()
T537C 196:826.976 - 1.348ms returns FALSE
T537C 196:827.088 JLINK_IsHalted()
T537C 196:830.880 - 3.800ms returns FALSE
T537C 196:934.976 JLINK_IsHalted()
T537C 196:937.056 - 2.092ms returns FALSE
T537C 196:937.120 JLINK_IsHalted()
T537C 196:939.008 - 1.892ms returns FALSE
T537C 197:044.240 JLINK_IsHalted()
T537C 197:045.536 - 1.312ms returns FALSE
T537C 197:045.600 JLINK_IsHalted()
T537C 197:047.376 - 1.758ms returns FALSE
T537C 197:153.824 JLINK_IsHalted()
T537C 197:155.936 - 2.125ms returns FALSE
T537C 197:156.064 JLINK_IsHalted()
T537C 197:157.760 - 1.704ms returns FALSE
T537C 197:263.072 JLINK_IsHalted()
T537C 197:265.104 - 2.017ms returns FALSE
T537C 197:265.184 JLINK_IsHalted()
T537C 197:266.800 - 1.599ms returns FALSE
T1488 197:370.656 JLINK_IsHalted()
T1488 197:372.480 - 1.828ms returns FALSE
T1488 197:372.624 JLINK_IsHalted()
T1488 197:376.368 - 3.752ms returns FALSE
T537C 197:376.544 JLINK_IsHalted()
T537C 197:378.208 - 1.653ms returns FALSE
T537C 197:378.336 JLINK_IsHalted()
T537C 197:380.064 - 1.725ms returns FALSE
T537C 197:481.888 JLINK_IsHalted()
T537C 197:483.584 - 1.690ms returns FALSE
T537C 197:483.680 JLINK_IsHalted()
T537C 197:485.664 - 2.002ms returns FALSE
T537C 197:591.840 JLINK_IsHalted()
T537C 197:592.928 - 1.089ms returns FALSE
T537C 197:592.992 JLINK_IsHalted()
T537C 197:594.912 - 1.908ms returns FALSE
T537C 197:701.184 JLINK_IsHalted()
T537C 197:702.976 - 1.790ms returns FALSE
T537C 197:703.120 JLINK_IsHalted()
T537C 197:704.880 - 1.768ms returns FALSE
T537C 197:809.856 JLINK_IsHalted()
T537C 197:811.680 - 1.822ms returns FALSE
T537C 197:811.808 JLINK_IsHalted()
T537C 197:813.280 - 1.463ms returns FALSE
T537C 197:919.264 JLINK_IsHalted()
T537C 197:920.208 - 0.933ms returns FALSE
T537C 197:920.288 JLINK_IsHalted()
T537C 197:922.256 - 1.963ms returns FALSE
T537C 198:028.560 JLINK_IsHalted()
T537C 198:030.352 - 1.798ms returns FALSE
T537C 198:030.496 JLINK_IsHalted()
T537C 198:032.416 - 1.930ms returns FALSE
T537C 198:137.968 JLINK_IsHalted()
T537C 198:140.128 - 2.147ms returns FALSE
T537C 198:140.224 JLINK_IsHalted()
T537C 198:143.584 - 3.368ms returns FALSE
T537C 198:248.192 JLINK_IsHalted()
T537C 198:250.720 - 2.515ms returns FALSE
T537C 198:250.912 JLINK_IsHalted()
T537C 198:254.496 - 3.590ms returns FALSE
T537C 198:357.168 JLINK_IsHalted()
T537C 198:358.752 - 1.596ms returns FALSE
T537C 198:358.816 JLINK_IsHalted()
T537C 198:360.736 - 1.904ms returns FALSE
T1488 198:377.104 JLINK_IsHalted()
T1488 198:378.672 - 1.565ms returns FALSE
T1488 198:378.752 JLINK_IsHalted()
T1488 198:380.560 - 1.814ms returns FALSE
T537C 198:466.400 JLINK_IsHalted()
T537C 198:467.616 - 1.208ms returns FALSE
T537C 198:467.680 JLINK_IsHalted()
T537C 198:469.456 - 1.774ms returns FALSE
T537C 198:575.696 JLINK_IsHalted()
T537C 198:602.304 - 26.609ms returns FALSE
T537C 198:602.432 JLINK_IsHalted()
T537C 198:604.096 - 1.662ms returns FALSE
T537C 198:700.688 JLINK_IsHalted()
T537C 198:702.544 - 1.862ms returns FALSE
T537C 198:702.688 JLINK_IsHalted()
T537C 198:704.432 - 1.736ms returns FALSE
T537C 198:810.192 JLINK_IsHalted()
T537C 198:812.192 - 2.008ms returns FALSE
T537C 198:812.368 JLINK_IsHalted()
T537C 198:814.048 - 1.678ms returns FALSE
T537C 198:919.584 JLINK_IsHalted()
T537C 198:920.864 - 1.291ms returns FALSE
T537C 198:920.992 JLINK_IsHalted()
T537C 198:922.720 - 1.729ms returns FALSE
T537C 199:028.640 JLINK_IsHalted()
T537C 199:032.208 - 3.578ms returns FALSE
T537C 199:032.288 JLINK_IsHalted()
T537C 199:034.096 - 1.813ms returns FALSE
T537C 199:138.384 JLINK_IsHalted()
T537C 199:140.320 - 1.926ms returns FALSE
T537C 199:140.432 JLINK_IsHalted()
T537C 199:142.304 - 1.885ms returns FALSE
T537C 199:247.376 JLINK_IsHalted()
T537C 199:248.704 - 1.332ms returns FALSE
T537C 199:248.800 JLINK_IsHalted()
T537C 199:250.496 - 1.698ms returns FALSE
T537C 199:356.608 JLINK_IsHalted()
T537C 199:359.712 - 3.094ms returns FALSE
T537C 199:359.760 JLINK_IsHalted()
T537C 199:361.744 - 1.979ms returns FALSE
T1488 199:380.960 JLINK_IsHalted()
T1488 199:381.968 - 0.999ms returns FALSE
T1488 199:382.000 JLINK_IsHalted()
T1488 199:383.888 - 1.889ms returns FALSE
T537C 199:466.064 JLINK_IsHalted()
T537C 199:468.272 - 2.212ms returns FALSE
T537C 199:468.336 JLINK_IsHalted()
T537C 199:470.192 - 1.853ms returns FALSE
T537C 199:576.096 JLINK_IsHalted()
T537C 199:578.416 - 2.326ms returns FALSE
T537C 199:578.464 JLINK_IsHalted()
T537C 199:580.384 - 1.905ms returns FALSE
T537C 199:684.608 JLINK_IsHalted()
T537C 199:686.432 - 1.829ms returns FALSE
T537C 199:686.560 JLINK_IsHalted()
T537C 199:688.528 - 1.979ms returns FALSE
T537C 199:794.272 JLINK_IsHalted()
T537C 199:795.760 - 1.480ms returns FALSE
T537C 199:795.824 JLINK_IsHalted()
T537C 199:797.664 - 1.838ms returns FALSE
T537C 199:903.584 JLINK_IsHalted()
T537C 199:905.616 - 2.041ms returns FALSE
T537C 199:905.680 JLINK_IsHalted()
T537C 199:907.472 - 1.787ms returns FALSE
T537C 200:013.424 JLINK_IsHalted()
T537C 200:015.456 - 2.043ms returns FALSE
T537C 200:015.536 JLINK_IsHalted()
T537C 200:017.440 - 1.906ms returns FALSE
T537C 200:122.976 JLINK_IsHalted()
T537C 200:125.232 - 2.257ms returns FALSE
T537C 200:125.312 JLINK_IsHalted()
T537C 200:126.992 - 1.657ms returns FALSE
T537C 200:231.520 JLINK_IsHalted()
T537C 200:233.056 - 1.515ms returns FALSE
T537C 200:233.120 JLINK_IsHalted()
T537C 200:234.960 - 1.841ms returns FALSE
T537C 200:341.408 JLINK_IsHalted()
T537C 200:343.136 - 1.724ms returns FALSE
T537C 200:343.280 JLINK_IsHalted()
T537C 200:345.312 - 2.021ms returns FALSE
T1488 200:384.800 JLINK_IsHalted()
T1488 200:387.216 - 2.397ms returns FALSE
T1488 200:387.456 JLINK_IsHalted()
T1488 200:389.056 - 1.605ms returns FALSE
T537C 200:451.328 JLINK_IsHalted()
T537C 200:453.472 - 2.149ms returns FALSE
T537C 200:453.648 JLINK_IsHalted()
T537C 200:455.328 - 1.691ms returns FALSE
T537C 200:560.416 JLINK_IsHalted()
T537C 200:562.976 - 2.572ms returns FALSE
T537C 200:563.168 JLINK_IsHalted()
T537C 200:564.816 - 1.644ms returns FALSE
T537C 200:670.048 JLINK_IsHalted()
T537C 200:672.336 - 2.294ms returns FALSE
T537C 200:672.608 JLINK_IsHalted()
T537C 200:674.336 - 1.732ms returns FALSE
T537C 200:778.480 JLINK_IsHalted()
T537C 200:780.448 - 1.963ms returns FALSE
T537C 200:780.624 JLINK_IsHalted()
T537C 200:782.608 - 1.972ms returns FALSE
T537C 200:887.824 JLINK_IsHalted()
T537C 200:890.352 - 2.534ms returns FALSE
T537C 200:890.512 JLINK_IsHalted()
T537C 200:892.320 - 1.820ms returns FALSE
T537C 200:997.440 JLINK_IsHalted()
T537C 200:998.640 - 1.196ms returns FALSE
T537C 200:998.688 JLINK_IsHalted()
T537C 201:000.496 - 1.802ms returns FALSE
T537C 201:106.992 JLINK_IsHalted()
T537C 201:108.672 - 1.675ms returns FALSE
T537C 201:108.736 JLINK_IsHalted()
T537C 201:110.784 - 2.046ms returns FALSE
T537C 201:215.936 JLINK_IsHalted()
T537C 201:217.056 - 1.109ms returns FALSE
T537C 201:217.120 JLINK_IsHalted()
T537C 201:218.816 - 1.697ms returns FALSE
T537C 201:325.600 JLINK_IsHalted()
T537C 201:327.648 - 2.054ms returns FALSE
T537C 201:327.712 JLINK_IsHalted()
T537C 201:329.760 - 2.045ms returns FALSE
T1488 201:390.240 JLINK_IsHalted()
T1488 201:391.472 - 1.228ms returns FALSE
T1488 201:391.520 JLINK_IsHalted()
T1488 201:393.264 - 1.740ms returns FALSE
T537C 201:435.424 JLINK_IsHalted()
T537C 201:436.512 - 1.090ms returns FALSE
T537C 201:436.592 JLINK_IsHalted()
T537C 201:438.416 - 1.809ms returns FALSE
T537C 201:544.064 JLINK_IsHalted()
T537C 201:546.144 - 2.075ms returns FALSE
T537C 201:546.256 JLINK_IsHalted()
T537C 201:548.048 - 1.789ms returns FALSE
T537C 201:653.696 JLINK_IsHalted()
T537C 201:657.408 - 3.707ms returns FALSE
T537C 201:657.504 JLINK_IsHalted()
T537C 201:659.280 - 1.763ms returns FALSE
T537C 201:763.104 JLINK_IsHalted()
T537C 201:764.400 - 1.297ms returns FALSE
T537C 201:764.512 JLINK_IsHalted()
T537C 201:766.080 - 1.576ms returns FALSE
T537C 201:872.160 JLINK_IsHalted()
T537C 201:873.616 - 1.449ms returns FALSE
T537C 201:873.680 JLINK_IsHalted()
T537C 201:875.456 - 1.786ms returns FALSE
T537C 201:981.552 JLINK_IsHalted()
T537C 201:983.184 - 1.625ms returns FALSE
T537C 201:983.248 JLINK_IsHalted()
T537C 201:984.960 - 1.716ms returns FALSE
T537C 202:091.616 JLINK_IsHalted()
T537C 202:117.792 - 26.190ms returns FALSE
T537C 202:117.904 JLINK_IsHalted()
T537C 202:119.424 - 1.529ms returns FALSE
T537C 202:216.736 JLINK_IsHalted()
T537C 202:217.856 - 1.111ms returns FALSE
T537C 202:217.920 JLINK_IsHalted()
T537C 202:219.712 - 1.795ms returns FALSE
T537C 202:325.984 JLINK_IsHalted()
T537C 202:328.992 - 3.012ms returns FALSE
T537C 202:329.104 JLINK_IsHalted()
T537C 202:331.408 - 2.307ms returns FALSE
T1488 202:393.552 JLINK_IsHalted()
T1488 202:394.576 - 1.025ms returns FALSE
T1488 202:394.624 JLINK_IsHalted()
T1488 202:396.432 - 1.796ms returns FALSE
T537C 202:436.464 JLINK_IsHalted()
T537C 202:438.304 - 1.834ms returns FALSE
T537C 202:438.368 JLINK_IsHalted()
T537C 202:440.224 - 1.864ms returns FALSE
T537C 202:544.800 JLINK_IsHalted()
T537C 202:546.848 - 2.043ms returns FALSE
T537C 202:546.912 JLINK_IsHalted()
T537C 202:548.720 - 1.807ms returns FALSE
T537C 202:653.824 JLINK_IsHalted()
T537C 202:654.896 - 1.076ms returns FALSE
T537C 202:654.960 JLINK_IsHalted()
T537C 202:658.448 - 3.469ms returns FALSE
T537C 202:763.536 JLINK_IsHalted()
T537C 202:765.344 - 1.798ms returns FALSE
T537C 202:765.456 JLINK_IsHalted()
T537C 202:767.104 - 1.646ms returns FALSE
T537C 202:872.784 JLINK_IsHalted()
T537C 202:876.144 - 3.365ms returns FALSE
T537C 202:876.224 JLINK_IsHalted()
T537C 202:878.192 - 1.977ms returns FALSE
T537C 202:981.856 JLINK_IsHalted()
T537C 202:983.232 - 1.362ms returns FALSE
T537C 202:983.264 JLINK_IsHalted()
T537C 202:984.864 - 1.593ms returns FALSE
T537C 203:090.992 JLINK_IsHalted()
T537C 203:093.408 - 2.403ms returns FALSE
T537C 203:093.456 JLINK_IsHalted()
T537C 203:094.896 - 1.436ms returns FALSE
T537C 203:200.224 JLINK_IsHalted()
T537C 203:201.360 - 1.135ms returns FALSE
T537C 203:201.392 JLINK_IsHalted()
T537C 203:203.200 - 1.799ms returns FALSE
T537C 203:310.496 JLINK_IsHalted()
T537C 203:311.344 - 0.858ms returns FALSE
T537C 203:311.408 JLINK_IsHalted()
T537C 203:313.264 - 1.854ms returns FALSE
T1488 203:397.200 JLINK_IsHalted()
T1488 203:399.248 - 2.044ms returns FALSE
T1488 203:399.312 JLINK_IsHalted()
T1488 203:401.472 - 2.157ms returns FALSE
T537C 203:419.584 JLINK_IsHalted()
T537C 203:421.552 - 1.973ms returns FALSE
T537C 203:421.664 JLINK_IsHalted()
T537C 203:423.712 - 2.053ms returns FALSE
T537C 203:529.424 JLINK_IsHalted()
T537C 203:532.624 - 3.187ms returns FALSE
T537C 203:532.800 JLINK_IsHalted()
T537C 203:534.368 - 1.579ms returns FALSE
T537C 203:638.096 JLINK_IsHalted()
T537C 203:640.128 - 2.043ms returns FALSE
T537C 203:640.336 JLINK_IsHalted()
T537C 203:642.000 - 1.666ms returns FALSE
T537C 203:747.344 JLINK_IsHalted()
T537C 203:750.592 - 3.240ms returns FALSE
T537C 203:750.880 JLINK_IsHalted()
T537C 203:753.440 - 2.555ms returns FALSE
T537C 203:857.536 JLINK_IsHalted()
T537C 203:860.768 - 3.243ms returns FALSE
T537C 203:861.056 JLINK_IsHalted()
T537C 203:863.664 - 2.602ms returns FALSE
T537C 203:966.624 JLINK_IsHalted()
T537C 203:968.688 - 2.057ms returns FALSE
T537C 203:968.768 JLINK_IsHalted()
T537C 203:970.416 - 1.643ms returns FALSE
T537C 204:075.872 JLINK_IsHalted()
T537C 204:077.664 - 1.784ms returns FALSE
T537C 204:077.728 JLINK_IsHalted()
T537C 204:079.504 - 1.769ms returns FALSE
T537C 204:184.992 JLINK_IsHalted()
T537C 204:186.080 - 1.084ms returns FALSE
T537C 204:186.144 JLINK_IsHalted()
T537C 204:188.016 - 1.886ms returns FALSE
T537C 204:293.968 JLINK_IsHalted()
T537C 204:297.312 - 3.336ms returns FALSE
T537C 204:297.376 JLINK_IsHalted()
T537C 204:299.056 - 1.674ms returns FALSE
T1488 204:402.080 JLINK_IsHalted()
T1488 204:404.976 - 2.911ms returns FALSE
T1488 204:405.152 JLINK_IsHalted()
T1488 204:406.864 - 1.709ms returns FALSE
T537C 204:407.152 JLINK_IsHalted()
T537C 204:408.592 - 1.440ms returns FALSE
T537C 204:408.752 JLINK_IsHalted()
T537C 204:410.464 - 1.699ms returns FALSE
T537C 204:515.616 JLINK_IsHalted()
T537C 204:519.456 - 3.821ms returns FALSE
T537C 204:519.616 JLINK_IsHalted()
T537C 204:521.312 - 1.686ms returns FALSE
T537C 204:622.752 JLINK_IsHalted()
T537C 204:624.672 - 1.906ms returns FALSE
T537C 204:624.848 JLINK_IsHalted()
T537C 204:628.432 - 3.592ms returns FALSE
T537C 204:731.872 JLINK_IsHalted()
T537C 204:734.432 - 2.565ms returns FALSE
T537C 204:734.560 JLINK_IsHalted()
T537C 204:736.288 - 1.726ms returns FALSE
T537C 204:841.776 JLINK_IsHalted()
T537C 204:843.632 - 1.857ms returns FALSE
T537C 204:843.760 JLINK_IsHalted()
T537C 204:845.664 - 1.900ms returns FALSE
T537C 204:950.832 JLINK_IsHalted()
T537C 204:952.736 - 1.880ms returns FALSE
T537C 204:952.832 JLINK_IsHalted()
T537C 204:954.560 - 1.724ms returns FALSE
T537C 205:059.776 JLINK_IsHalted()
T537C 205:060.992 - 1.215ms returns FALSE
T537C 205:061.072 JLINK_IsHalted()
T537C 205:062.816 - 1.755ms returns FALSE
T537C 205:169.408 JLINK_IsHalted()
T537C 205:171.920 - 2.510ms returns FALSE
T537C 205:172.192 JLINK_IsHalted()
T537C 205:175.392 - 3.207ms returns FALSE
T537C 205:278.496 JLINK_IsHalted()
T537C 205:280.720 - 2.217ms returns FALSE
T537C 205:280.800 JLINK_IsHalted()
T537C 205:282.560 - 1.765ms returns FALSE
T537C 205:387.744 JLINK_IsHalted()
T537C 205:389.168 - 1.419ms returns FALSE
T537C 205:389.344 JLINK_IsHalted()
T537C 205:391.056 - 1.715ms returns FALSE
T1488 205:407.936 JLINK_IsHalted()
T1488 205:408.928 - 0.981ms returns FALSE
T1488 205:409.120 JLINK_IsHalted()
T1488 205:410.704 - 1.586ms returns FALSE
T537C 205:498.240 JLINK_IsHalted()
T537C 205:500.704 - 2.466ms returns FALSE
T537C 205:500.784 JLINK_IsHalted()
T537C 205:502.528 - 1.739ms returns FALSE
T537C 205:607.280 JLINK_IsHalted()
T537C 205:609.376 - 2.086ms returns FALSE
T537C 205:609.472 JLINK_IsHalted()
T537C 205:611.344 - 1.875ms returns FALSE
T537C 205:716.560 JLINK_IsHalted()
T537C 205:718.816 - 2.241ms returns FALSE
T537C 205:718.944 JLINK_IsHalted()
T537C 205:720.848 - 1.890ms returns FALSE
T537C 205:826.080 JLINK_IsHalted()
T537C 205:827.552 - 1.476ms returns FALSE
T537C 205:827.680 JLINK_IsHalted()
T537C 205:829.664 - 1.988ms returns FALSE
T537C 205:935.120 JLINK_IsHalted()
T537C 205:937.184 - 2.049ms returns FALSE
T537C 205:937.312 JLINK_IsHalted()
T537C 205:939.072 - 1.752ms returns FALSE
T537C 206:044.016 JLINK_IsHalted()
T537C 206:045.264 - 1.243ms returns FALSE
T537C 206:045.328 JLINK_IsHalted()
T537C 206:047.232 - 1.890ms returns FALSE
T537C 206:154.160 JLINK_IsHalted()
T537C 206:156.272 - 2.113ms returns FALSE
T537C 206:156.336 JLINK_IsHalted()
T537C 206:158.112 - 1.777ms returns FALSE
T537C 206:262.704 JLINK_IsHalted()
T537C 206:264.576 - 1.861ms returns FALSE
T537C 206:264.720 JLINK_IsHalted()
T537C 206:266.432 - 1.707ms returns FALSE
T537C 206:372.896 JLINK_IsHalted()
T537C 206:374.880 - 1.976ms returns FALSE
T537C 206:374.928 JLINK_IsHalted()
T537C 206:376.736 - 1.801ms returns FALSE
T1488 206:411.568 JLINK_IsHalted()
T1488 206:413.296 - 1.729ms returns FALSE
T1488 206:413.488 JLINK_IsHalted()
T1488 206:415.136 - 1.654ms returns FALSE
T537C 206:481.456 JLINK_IsHalted()
T537C 206:483.744 - 2.296ms returns FALSE
T537C 206:483.840 JLINK_IsHalted()
T537C 206:485.600 - 1.752ms returns FALSE
T537C 206:591.072 JLINK_IsHalted()
T537C 206:592.864 - 1.771ms returns FALSE
T537C 206:593.056 JLINK_IsHalted()
T537C 206:594.720 - 1.645ms returns FALSE
T537C 206:700.672 JLINK_IsHalted()
T537C 206:702.928 - 2.252ms returns FALSE
T537C 206:703.024 JLINK_IsHalted()
T537C 206:704.800 - 1.777ms returns FALSE
T537C 206:810.752 JLINK_IsHalted()
T537C 206:813.536 - 2.796ms returns FALSE
T537C 206:813.712 JLINK_IsHalted()
T537C 206:815.264 - 1.563ms returns FALSE
T537C 206:919.328 JLINK_IsHalted()
T537C 206:921.168 - 1.833ms returns FALSE
T537C 206:921.248 JLINK_IsHalted()
T537C 206:923.104 - 1.863ms returns FALSE
T537C 207:028.512 JLINK_IsHalted()
T537C 207:030.528 - 2.015ms returns FALSE
T537C 207:030.592 JLINK_IsHalted()
T537C 207:032.400 - 1.802ms returns FALSE
T537C 207:137.744 JLINK_IsHalted()
T537C 207:139.424 - 1.667ms returns FALSE
T537C 207:139.488 JLINK_IsHalted()
T537C 207:141.296 - 1.812ms returns FALSE
T537C 207:247.904 JLINK_IsHalted()
T537C 207:249.728 - 1.833ms returns FALSE
T537C 207:249.776 JLINK_IsHalted()
T537C 207:251.648 - 1.859ms returns FALSE
T537C 207:357.200 JLINK_IsHalted()
T537C 207:358.096 - 0.888ms returns FALSE
T537C 207:358.144 JLINK_IsHalted()
T537C 207:359.952 - 1.809ms returns FALSE
T1488 207:425.840 JLINK_IsHalted()
T1488 207:428.752 - 2.903ms returns FALSE
T1488 207:428.832 JLINK_IsHalted()
T1488 207:433.376 - 4.548ms returns FALSE
T537C 207:465.888 JLINK_IsHalted()
T537C 207:467.904 - 2.002ms returns FALSE
T537C 207:467.952 JLINK_IsHalted()
T537C 207:469.712 - 1.755ms returns FALSE
T537C 207:576.160 JLINK_IsHalted()
T537C 207:589.088 - 12.934ms returns FALSE
T537C 207:589.200 JLINK_IsHalted()
T537C 207:600.992 - 11.801ms returns FALSE
T537C 207:700.512 JLINK_IsHalted()
T537C 207:703.456 - 2.924ms returns FALSE
T537C 207:703.520 JLINK_IsHalted()
T537C 207:705.584 - 2.069ms returns FALSE
T537C 207:810.752 JLINK_IsHalted()
T537C 207:812.464 - 1.717ms returns FALSE
T537C 207:812.528 JLINK_IsHalted()
T537C 207:814.336 - 1.804ms returns FALSE
T537C 207:919.904 JLINK_IsHalted()
T537C 207:934.896 - 15.002ms returns FALSE
T537C 207:934.976 JLINK_IsHalted()
T537C 207:936.784 - 1.804ms returns FALSE
T537C 208:043.920 JLINK_IsHalted()
T537C 208:045.792 - 1.888ms returns FALSE
T537C 208:046.016 JLINK_IsHalted()
T537C 208:047.600 - 1.582ms returns FALSE
T537C 208:154.176 JLINK_IsHalted()
T537C 208:160.176 - 6.002ms returns FALSE
T537C 208:160.352 JLINK_IsHalted()
T537C 208:161.952 - 1.598ms returns FALSE
T537C 208:263.424 JLINK_IsHalted()
T537C 208:265.168 - 1.749ms returns FALSE
T537C 208:265.248 JLINK_IsHalted()
T537C 208:267.040 - 1.791ms returns FALSE
T537C 208:372.432 JLINK_IsHalted()
T537C 208:374.576 - 2.144ms returns FALSE
T537C 208:374.656 JLINK_IsHalted()
T537C 208:376.416 - 1.775ms returns FALSE
T1488 208:438.032 JLINK_IsHalted()
T1488 208:441.184 - 3.142ms returns FALSE
T1488 208:441.248 JLINK_IsHalted()
T1488 208:443.024 - 1.766ms returns FALSE
T537C 208:482.352 JLINK_IsHalted()
T537C 208:484.512 - 2.159ms returns FALSE
T537C 208:484.576 JLINK_IsHalted()
T537C 208:486.592 - 2.015ms returns FALSE
T537C 208:591.824 JLINK_IsHalted()
T537C 208:602.512 - 10.678ms returns FALSE
T537C 208:602.656 JLINK_IsHalted()
T537C 208:604.256 - 1.618ms returns FALSE
T537C 208:700.768 JLINK_IsHalted()
T537C 208:702.816 - 2.023ms returns FALSE
T537C 208:702.880 JLINK_IsHalted()
T537C 208:704.560 - 1.699ms returns FALSE
T537C 208:810.032 JLINK_IsHalted()
T537C 208:810.944 - 0.901ms returns FALSE
T537C 208:810.992 JLINK_IsHalted()
T537C 208:812.816 - 1.824ms returns FALSE
T537C 208:919.824 JLINK_IsHalted()
T537C 208:921.040 - 1.216ms returns FALSE
T537C 208:921.104 JLINK_IsHalted()
T537C 208:922.912 - 1.821ms returns FALSE
T537C 209:028.736 JLINK_IsHalted()
T537C 209:030.704 - 1.970ms returns FALSE
T537C 209:030.768 JLINK_IsHalted()
T537C 209:032.448 - 1.668ms returns FALSE
T537C 209:138.080 JLINK_IsHalted()
T537C 209:144.864 - 6.777ms returns FALSE
T537C 209:144.928 JLINK_IsHalted()
T537C 209:146.576 - 1.645ms returns FALSE
T537C 209:247.200 JLINK_IsHalted()
T537C 209:252.880 - 5.678ms returns FALSE
T537C 209:252.944 JLINK_IsHalted()
T537C 209:254.768 - 1.831ms returns FALSE
T537C 209:356.416 JLINK_IsHalted()
T537C 209:357.392 - 0.973ms returns FALSE
T537C 209:357.456 JLINK_IsHalted()
T537C 209:359.264 - 1.809ms returns FALSE
T1488 209:446.848 JLINK_IsHalted()
T1488 209:447.680 - 0.834ms returns FALSE
T1488 209:447.744 JLINK_IsHalted()
T1488 209:449.552 - 1.809ms returns FALSE
T537C 209:466.848 JLINK_IsHalted()
T537C 209:468.640 - 1.789ms returns FALSE
T537C 209:468.720 JLINK_IsHalted()
T537C 209:470.624 - 1.907ms returns FALSE
T537C 209:576.064 JLINK_IsHalted()
T537C 209:577.616 - 1.540ms returns FALSE
T537C 209:577.680 JLINK_IsHalted()
T537C 209:579.456 - 1.776ms returns FALSE
T537C 209:685.280 JLINK_IsHalted()
T537C 209:687.072 - 1.799ms returns FALSE
T537C 209:687.200 JLINK_IsHalted()
T537C 209:688.912 - 1.715ms returns FALSE
T537C 209:794.528 JLINK_IsHalted()
T537C 209:796.640 - 2.105ms returns FALSE
T537C 209:796.800 JLINK_IsHalted()
T537C 209:798.480 - 1.672ms returns FALSE
T537C 209:903.872 JLINK_IsHalted()
T537C 209:905.120 - 1.252ms returns FALSE
T537C 209:905.200 JLINK_IsHalted()
T537C 209:907.872 - 2.662ms returns FALSE
T537C 210:012.896 JLINK_IsHalted()
T537C 210:014.416 - 1.528ms returns FALSE
T537C 210:014.480 JLINK_IsHalted()
T537C 210:016.272 - 1.796ms returns FALSE
T537C 210:122.112 JLINK_IsHalted()
T537C 210:123.920 - 1.794ms returns FALSE
T537C 210:123.984 JLINK_IsHalted()
T537C 210:125.792 - 1.794ms returns FALSE
T537C 210:232.352 JLINK_IsHalted()
T537C 210:235.136 - 2.794ms returns FALSE
T537C 210:235.216 JLINK_IsHalted()
T537C 210:237.008 - 1.794ms returns FALSE
T537C 210:341.152 JLINK_IsHalted()
T537C 210:342.128 - 0.977ms returns FALSE
T537C 210:342.208 JLINK_IsHalted()
T537C 210:344.000 - 1.794ms returns FALSE
T537C 210:450.464 JLINK_IsHalted()
T537C 210:451.504 - 1.042ms returns FALSE
T537C 210:451.568 JLINK_IsHalted()
T537C 210:453.376 - 1.801ms returns FALSE
T1488 210:453.584 JLINK_IsHalted()
T1488 210:455.216 - 1.648ms returns FALSE
T1488 210:455.328 JLINK_IsHalted()
T1488 210:457.168 - 1.833ms returns FALSE
T537C 210:559.600 JLINK_IsHalted()
T537C 210:561.120 - 1.502ms returns FALSE
T537C 210:561.168 JLINK_IsHalted()
T537C 210:564.688 - 3.518ms returns FALSE
T537C 210:669.360 JLINK_IsHalted()
T537C 210:674.720 - 5.367ms returns FALSE
T537C 210:674.784 JLINK_IsHalted()
T537C 210:676.832 - 2.026ms returns FALSE
T537C 210:778.592 JLINK_IsHalted()
T537C 210:780.592 - 2.016ms returns FALSE
T537C 210:780.672 JLINK_IsHalted()
T537C 210:782.432 - 1.759ms returns FALSE
T537C 210:887.904 JLINK_IsHalted()
T537C 210:890.128 - 2.210ms returns FALSE
T537C 210:890.208 JLINK_IsHalted()
T537C 210:892.000 - 1.804ms returns FALSE
T537C 210:998.000 JLINK_IsHalted()
T537C 211:000.112 - 2.102ms returns FALSE
T537C 211:000.176 JLINK_IsHalted()
T537C 211:001.984 - 1.804ms returns FALSE
T537C 211:107.296 JLINK_IsHalted()
T537C 211:108.320 - 1.025ms returns FALSE
T537C 211:108.368 JLINK_IsHalted()
T537C 211:110.176 - 1.798ms returns FALSE
T537C 211:216.640 JLINK_IsHalted()
T537C 211:217.904 - 1.270ms returns FALSE
T537C 211:218.080 JLINK_IsHalted()
T537C 211:219.744 - 1.672ms returns FALSE
T537C 211:326.480 JLINK_IsHalted()
T537C 211:328.736 - 2.265ms returns FALSE
T537C 211:328.960 JLINK_IsHalted()
T537C 211:330.560 - 1.592ms returns FALSE
T537C 211:435.440 JLINK_IsHalted()
T537C 211:438.624 - 3.165ms returns FALSE
T537C 211:438.816 JLINK_IsHalted()
T537C 211:440.464 - 1.655ms returns FALSE
T1488 211:458.752 JLINK_IsHalted()
T1488 211:460.448 - 1.687ms returns FALSE
T1488 211:460.640 JLINK_IsHalted()
T1488 211:462.736 - 2.094ms returns FALSE
T537C 211:544.688 JLINK_IsHalted()
T537C 211:547.104 - 2.418ms returns FALSE
T537C 211:547.264 JLINK_IsHalted()
T537C 211:548.944 - 1.665ms returns FALSE
T537C 211:654.096 JLINK_IsHalted()
T537C 211:655.392 - 1.291ms returns FALSE
T537C 211:655.568 JLINK_IsHalted()
T537C 211:657.248 - 1.675ms returns FALSE
T537C 211:763.200 JLINK_IsHalted()
T537C 211:765.040 - 1.834ms returns FALSE
T537C 211:765.200 JLINK_IsHalted()
T537C 211:766.848 - 1.642ms returns FALSE
T537C 211:872.192 JLINK_IsHalted()
T537C 211:874.864 - 2.550ms returns FALSE
T537C 211:875.040 JLINK_IsHalted()
T537C 211:876.768 - 1.731ms returns FALSE
T537C 211:982.112 JLINK_IsHalted()
T537C 211:983.248 - 1.139ms returns FALSE
T537C 211:983.360 JLINK_IsHalted()
T537C 211:985.136 - 1.770ms returns FALSE
T537C 212:091.456 JLINK_IsHalted()
T537C 212:094.944 - 3.476ms returns FALSE
T537C 212:095.152 JLINK_IsHalted()
T537C 212:097.840 - 2.684ms returns FALSE
T537C 212:201.136 JLINK_IsHalted()
T537C 212:202.848 - 1.708ms returns FALSE
T537C 212:202.944 JLINK_IsHalted()
T537C 212:204.624 - 1.672ms returns FALSE
T537C 212:310.304 JLINK_IsHalted()
T537C 212:312.032 - 1.719ms returns FALSE
T537C 212:312.112 JLINK_IsHalted()
T537C 212:313.904 - 1.799ms returns FALSE
T537C 212:419.536 JLINK_IsHalted()
T537C 212:421.984 - 2.455ms returns FALSE
T537C 212:422.048 JLINK_IsHalted()
T537C 212:423.904 - 1.859ms returns FALSE
T1488 212:464.816 JLINK_IsHalted()
T1488 212:469.808 - 4.993ms returns FALSE
T1488 212:469.872 JLINK_IsHalted()
T1488 212:474.224 - 4.353ms returns FALSE
T537C 212:528.784 JLINK_IsHalted()
T537C 212:529.856 - 1.072ms returns FALSE
T537C 212:529.920 JLINK_IsHalted()
T537C 212:531.744 - 1.832ms returns FALSE
T537C 212:640.208 JLINK_IsHalted()
T537C 212:643.376 - 3.182ms returns FALSE
T537C 212:643.472 JLINK_IsHalted()
T537C 212:646.928 - 3.454ms returns FALSE
T537C 212:747.456 JLINK_IsHalted()
T537C 212:749.040 - 1.586ms returns FALSE
T537C 212:749.088 JLINK_IsHalted()
T537C 212:751.296 - 2.198ms returns FALSE
T537C 212:856.528 JLINK_IsHalted()
T537C 212:865.184 - 8.662ms returns FALSE
T537C 212:865.248 JLINK_IsHalted()
T537C 212:866.832 - 1.570ms returns FALSE
T537C 212:966.752 JLINK_IsHalted()
T537C 212:968.368 - 1.631ms returns FALSE
T537C 212:968.448 JLINK_IsHalted()
T537C 212:970.224 - 1.777ms returns FALSE
T537C 213:075.552 JLINK_IsHalted()
T537C 213:077.280 - 1.740ms returns FALSE
T537C 213:077.376 JLINK_IsHalted()
T537C 213:079.200 - 1.810ms returns FALSE
T537C 213:184.768 JLINK_IsHalted()
T537C 213:190.640 - 5.879ms returns FALSE
T537C 213:190.704 JLINK_IsHalted()
T537C 213:192.496 - 1.789ms returns FALSE
T537C 213:294.048 JLINK_IsHalted()
T537C 213:296.032 - 1.960ms returns FALSE
T537C 213:296.096 JLINK_IsHalted()
T537C 213:297.856 - 1.763ms returns FALSE
T537C 213:404.272 JLINK_IsHalted()
T537C 213:405.456 - 1.173ms returns FALSE
T537C 213:405.520 JLINK_IsHalted()
T537C 213:407.296 - 1.782ms returns FALSE
T1488 213:481.264 JLINK_IsHalted()
T1488 213:482.320 - 1.056ms returns FALSE
T1488 213:482.592 JLINK_IsHalted()
T1488 213:484.128 - 1.529ms returns FALSE
T537C 213:513.456 JLINK_IsHalted()
T537C 213:514.976 - 1.515ms returns FALSE
T537C 213:515.040 JLINK_IsHalted()
T537C 213:516.848 - 1.796ms returns FALSE
T537C 213:622.688 JLINK_IsHalted()
T537C 213:623.744 - 1.054ms returns FALSE
T537C 213:623.824 JLINK_IsHalted()
T537C 213:625.632 - 1.799ms returns FALSE
T537C 213:731.920 JLINK_IsHalted()
T537C 213:734.448 - 2.531ms returns FALSE
T537C 213:734.528 JLINK_IsHalted()
T537C 213:736.288 - 1.768ms returns FALSE
T537C 213:841.136 JLINK_IsHalted()
T537C 213:842.672 - 1.530ms returns FALSE
T537C 213:842.752 JLINK_IsHalted()
T537C 213:870.944 - 28.198ms returns FALSE
T537C 213:966.416 JLINK_IsHalted()
T537C 213:969.136 - 2.716ms returns FALSE
T537C 213:969.200 JLINK_IsHalted()
T537C 213:971.120 - 1.918ms returns FALSE
T537C 214:076.128 JLINK_IsHalted()
T537C 214:079.264 - 3.141ms returns FALSE
T537C 214:079.328 JLINK_IsHalted()
T537C 214:089.328 - 9.996ms returns FALSE
T537C 214:185.360 JLINK_IsHalted()
T537C 214:186.464 - 1.111ms returns FALSE
T537C 214:186.640 JLINK_IsHalted()
T537C 214:188.336 - 1.692ms returns FALSE
T537C 214:294.592 JLINK_IsHalted()
T537C 214:295.408 - 0.825ms returns FALSE
T537C 214:295.472 JLINK_IsHalted()
T537C 214:297.248 - 1.782ms returns FALSE
T537C 214:404.000 JLINK_IsHalted()
T537C 214:406.112 - 2.107ms returns FALSE
T537C 214:406.304 JLINK_IsHalted()
T537C 214:407.936 - 1.623ms returns FALSE
T1488 214:484.320 JLINK_IsHalted()
T1488 214:485.312 - 0.995ms returns FALSE
T1488 214:485.392 JLINK_IsHalted()
T1488 214:487.200 - 1.820ms returns FALSE
T537C 214:513.056 JLINK_IsHalted()
T537C 214:515.488 - 2.430ms returns FALSE
T537C 214:515.568 JLINK_IsHalted()
T537C 214:517.376 - 1.805ms returns FALSE
T537C 214:622.336 JLINK_IsHalted()
T537C 214:624.416 - 2.070ms returns FALSE
T537C 214:624.480 JLINK_IsHalted()
T537C 214:626.272 - 1.792ms returns FALSE
T537C 214:731.536 JLINK_IsHalted()
T537C 214:733.360 - 1.826ms returns FALSE
T537C 214:733.424 JLINK_IsHalted()
T537C 214:735.248 - 1.811ms returns FALSE
T537C 214:841.760 JLINK_IsHalted()
T537C 214:842.976 - 1.221ms returns FALSE
T537C 214:843.040 JLINK_IsHalted()
T537C 214:845.056 - 2.010ms returns FALSE
T537C 214:951.008 JLINK_IsHalted()
T537C 214:952.448 - 1.438ms returns FALSE
T537C 214:952.528 JLINK_IsHalted()
T537C 214:954.288 - 1.784ms returns FALSE
T537C 215:060.224 JLINK_IsHalted()
T537C 215:061.888 - 1.661ms returns FALSE
T537C 215:061.968 JLINK_IsHalted()
T537C 215:063.776 - 1.815ms returns FALSE
T537C 215:169.456 JLINK_IsHalted()
T537C 215:173.120 - 3.656ms returns FALSE
T537C 215:173.200 JLINK_IsHalted()
T537C 215:174.960 - 1.782ms returns FALSE
T537C 215:279.200 JLINK_IsHalted()
T537C 215:282.592 - 3.376ms returns FALSE
T537C 215:282.656 JLINK_IsHalted()
T537C 215:284.944 - 2.264ms returns FALSE
T537C 215:388.800 JLINK_IsHalted()
T537C 215:390.752 - 1.952ms returns FALSE
T537C 215:390.816 JLINK_IsHalted()
T537C 215:392.608 - 1.779ms returns FALSE
T1488 215:489.488 JLINK_IsHalted()
T1488 215:491.168 - 1.676ms returns FALSE
T1488 215:491.248 JLINK_IsHalted()
T1488 215:493.168 - 1.931ms returns FALSE
T537C 215:497.648 JLINK_IsHalted()
T537C 215:499.040 - 1.368ms returns FALSE
T537C 215:499.088 JLINK_IsHalted()
T537C 215:500.848 - 1.777ms returns FALSE
T537C 215:606.960 JLINK_IsHalted()
T537C 215:608.576 - 1.601ms returns FALSE
T537C 215:608.656 JLINK_IsHalted()
T537C 215:610.416 - 1.764ms returns FALSE
T537C 215:716.176 JLINK_IsHalted()
T537C 215:718.016 - 1.839ms returns FALSE
T537C 215:718.176 JLINK_IsHalted()
T537C 215:719.984 - 1.823ms returns FALSE
T537C 215:825.360 JLINK_IsHalted()
T537C 215:826.256 - 0.895ms returns FALSE
T537C 215:826.304 JLINK_IsHalted()
T537C 215:828.128 - 1.822ms returns FALSE
T537C 215:934.688 JLINK_IsHalted()
T537C 215:943.856 - 9.149ms returns FALSE
T537C 215:943.968 JLINK_IsHalted()
T537C 215:945.824 - 1.878ms returns FALSE
T537C 216:044.832 JLINK_IsHalted()
T537C 216:046.800 - 1.972ms returns FALSE
T537C 216:046.880 JLINK_IsHalted()
T537C 216:050.304 - 3.428ms returns FALSE
T537C 216:154.192 JLINK_IsHalted()
T537C 216:155.552 - 1.355ms returns FALSE
T537C 216:155.616 JLINK_IsHalted()
T537C 216:157.440 - 1.819ms returns FALSE
T537C 216:263.264 JLINK_IsHalted()
T537C 216:266.704 - 3.433ms returns FALSE
T537C 216:266.784 JLINK_IsHalted()
T537C 216:268.720 - 1.923ms returns FALSE
T537C 216:372.528 JLINK_IsHalted()
T537C 216:373.680 - 1.158ms returns FALSE
T537C 216:373.760 JLINK_IsHalted()
T537C 216:375.584 - 1.815ms returns FALSE
T537C 216:482.256 JLINK_IsHalted()
T537C 216:483.200 - 0.941ms returns FALSE
T537C 216:483.248 JLINK_IsHalted()
T537C 216:485.072 - 1.809ms returns FALSE
T1488 216:494.384 JLINK_IsHalted()
T1488 216:496.176 - 1.783ms returns FALSE
T1488 216:496.256 JLINK_IsHalted()
T1488 216:498.208 - 1.962ms returns FALSE
T537C 216:591.536 JLINK_IsHalted()
T537C 216:592.720 - 1.182ms returns FALSE
T537C 216:592.800 JLINK_IsHalted()
T537C 216:594.592 - 1.783ms returns FALSE
T537C 216:700.720 JLINK_IsHalted()
T537C 216:701.520 - 0.785ms returns FALSE
T537C 216:701.600 JLINK_IsHalted()
T537C 216:703.408 - 1.821ms returns FALSE
T537C 216:810.032 JLINK_IsHalted()
T537C 216:812.192 - 2.156ms returns FALSE
T537C 216:812.320 JLINK_IsHalted()
T537C 216:815.712 - 3.401ms returns FALSE
T537C 216:919.248 JLINK_IsHalted()
T537C 216:923.392 - 4.141ms returns FALSE
T537C 216:923.472 JLINK_IsHalted()
T537C 216:925.344 - 1.867ms returns FALSE
T537C 217:028.736 JLINK_IsHalted()
T537C 217:031.040 - 2.318ms returns FALSE
T537C 217:031.216 JLINK_IsHalted()
T537C 217:032.832 - 1.603ms returns FALSE
T537C 217:138.400 JLINK_IsHalted()
T537C 217:139.552 - 1.145ms returns FALSE
T537C 217:139.632 JLINK_IsHalted()
T537C 217:141.456 - 1.809ms returns FALSE
T537C 217:247.744 JLINK_IsHalted()
T537C 217:249.712 - 1.948ms returns FALSE
T537C 217:249.888 JLINK_IsHalted()
T537C 217:251.680 - 1.775ms returns FALSE
T537C 217:356.928 JLINK_IsHalted()
T537C 217:358.800 - 1.869ms returns FALSE
T537C 217:358.944 JLINK_IsHalted()
T537C 217:360.672 - 1.717ms returns FALSE
T537C 217:466.112 JLINK_IsHalted()
T537C 217:468.256 - 2.148ms returns FALSE
T537C 217:468.320 JLINK_IsHalted()
T537C 217:470.288 - 1.973ms returns FALSE
T1488 217:498.912 JLINK_IsHalted()
T1488 217:500.512 - 1.604ms returns FALSE
T1488 217:500.576 JLINK_IsHalted()
T1488 217:504.288 - 3.715ms returns FALSE
T537C 217:575.344 JLINK_IsHalted()
T537C 217:576.576 - 1.221ms returns FALSE
T537C 217:576.624 JLINK_IsHalted()
T537C 217:578.400 - 1.757ms returns FALSE
T537C 217:685.088 JLINK_IsHalted()
T537C 217:686.112 - 1.045ms returns FALSE
T537C 217:686.224 JLINK_IsHalted()
T537C 217:687.984 - 1.774ms returns FALSE
T537C 217:794.352 JLINK_IsHalted()
T537C 217:795.584 - 1.234ms returns FALSE
T537C 217:795.680 JLINK_IsHalted()
T537C 217:797.424 - 1.761ms returns FALSE
T537C 217:903.696 JLINK_IsHalted()
T537C 217:905.504 - 1.813ms returns FALSE
T537C 217:905.888 JLINK_IsHalted()
T537C 217:909.600 - 3.711ms returns FALSE
T537C 218:012.976 JLINK_IsHalted()
T537C 218:014.624 - 1.644ms returns FALSE
T537C 218:014.848 JLINK_IsHalted()
T537C 218:016.384 - 1.548ms returns FALSE
T537C 218:122.336 JLINK_IsHalted()
T537C 218:125.344 - 2.979ms returns FALSE
T537C 218:125.568 JLINK_IsHalted()
T537C 218:127.312 - 1.736ms returns FALSE
T537C 218:232.320 JLINK_IsHalted()
T537C 218:233.984 - 1.650ms returns FALSE
T537C 218:234.064 JLINK_IsHalted()
T537C 218:235.824 - 1.769ms returns FALSE
T537C 218:341.632 JLINK_IsHalted()
T537C 218:343.472 - 1.845ms returns FALSE
T537C 218:343.632 JLINK_IsHalted()
T537C 218:345.440 - 1.820ms returns FALSE
T537C 218:450.944 JLINK_IsHalted()
T537C 218:454.112 - 3.184ms returns FALSE
T537C 218:454.480 JLINK_IsHalted()
T537C 218:456.672 - 2.201ms returns FALSE
T1488 218:505.504 JLINK_IsHalted()
T1488 218:507.568 - 2.059ms returns FALSE
T1488 218:507.680 JLINK_IsHalted()
T1488 218:509.408 - 1.744ms returns FALSE
T537C 218:560.336 JLINK_IsHalted()
T537C 218:562.640 - 2.292ms returns FALSE
T537C 218:562.816 JLINK_IsHalted()
T537C 218:564.480 - 1.661ms returns FALSE
T537C 218:669.600 JLINK_IsHalted()
T537C 218:671.056 - 1.464ms returns FALSE
T537C 218:671.232 JLINK_IsHalted()
T537C 218:674.208 - 2.966ms returns FALSE
T537C 218:778.976 JLINK_IsHalted()
T537C 218:781.024 - 2.046ms returns FALSE
T537C 218:781.232 JLINK_IsHalted()
T537C 218:782.848 - 1.606ms returns FALSE
T537C 218:888.400 JLINK_IsHalted()
T537C 218:889.952 - 1.569ms returns FALSE
T537C 218:890.064 JLINK_IsHalted()
T537C 218:891.600 - 1.541ms returns FALSE
T537C 218:997.408 JLINK_IsHalted()
T537C 219:000.704 - 3.324ms returns FALSE
T537C 219:000.784 JLINK_IsHalted()
T537C 219:002.544 - 1.758ms returns FALSE
T537C 219:106.976 JLINK_IsHalted()
T537C 219:108.640 - 1.671ms returns FALSE
T537C 219:108.704 JLINK_IsHalted()
T537C 219:110.480 - 1.773ms returns FALSE
T537C 219:216.592 JLINK_IsHalted()
T537C 219:218.512 - 1.910ms returns FALSE
T537C 219:218.640 JLINK_IsHalted()
T537C 219:220.144 - 1.489ms returns FALSE
T537C 219:326.176 JLINK_IsHalted()
T537C 219:328.992 - 2.805ms returns FALSE
T537C 219:329.120 JLINK_IsHalted()
T537C 219:331.104 - 1.950ms returns FALSE
T537C 219:434.656 JLINK_IsHalted()
T537C 219:436.032 - 1.359ms returns FALSE
T537C 219:436.160 JLINK_IsHalted()
T537C 219:437.744 - 1.586ms returns FALSE
T1488 219:510.096 JLINK_IsHalted()
T1488 219:511.456 - 1.344ms returns FALSE
T1488 219:511.584 JLINK_IsHalted()
T1488 219:513.520 - 1.941ms returns FALSE
T537C 219:544.864 JLINK_IsHalted()
T537C 219:546.544 - 1.695ms returns FALSE
T537C 219:546.704 JLINK_IsHalted()
T537C 219:548.416 - 1.708ms returns FALSE
T537C 219:653.728 JLINK_IsHalted()
T537C 219:655.904 - 2.168ms returns FALSE
T537C 219:655.968 JLINK_IsHalted()
T537C 219:659.184 - 3.238ms returns FALSE
T537C 219:762.976 JLINK_IsHalted()
T537C 219:764.896 - 1.908ms returns FALSE
T537C 219:764.992 JLINK_IsHalted()
T537C 219:766.192 - 1.209ms returns FALSE
T537C 219:872.208 JLINK_IsHalted()
T537C 219:873.616 - 1.389ms returns FALSE
T537C 219:873.664 JLINK_IsHalted()
T537C 219:875.456 - 1.789ms returns FALSE
T537C 219:981.440 JLINK_IsHalted()
T537C 219:982.624 - 1.177ms returns FALSE
T537C 219:982.672 JLINK_IsHalted()
T537C 219:984.464 - 1.793ms returns FALSE
T537C 220:091.344 JLINK_IsHalted()
T537C 220:095.008 - 3.667ms returns FALSE
T537C 220:095.072 JLINK_IsHalted()
T537C 220:096.864 - 1.794ms returns FALSE
T537C 220:200.416 JLINK_IsHalted()
T537C 220:203.296 - 2.842ms returns FALSE
T537C 220:203.344 JLINK_IsHalted()
T537C 220:207.136 - 3.781ms returns FALSE
T537C 220:309.632 JLINK_IsHalted()
T537C 220:311.504 - 1.858ms returns FALSE
T537C 220:311.552 JLINK_IsHalted()
T537C 220:313.344 - 1.789ms returns FALSE
T537C 220:420.320 JLINK_IsHalted()
T537C 220:422.368 - 2.049ms returns FALSE
T537C 220:422.560 JLINK_IsHalted()
T537C 220:424.112 - 1.551ms returns FALSE
T1488 220:514.016 JLINK_IsHalted()
T1488 220:515.120 - 1.102ms returns FALSE
T1488 220:515.200 JLINK_IsHalted()
T1488 220:516.992 - 1.784ms returns FALSE
T537C 220:528.736 JLINK_IsHalted()
T537C 220:530.592 - 1.846ms returns FALSE
T537C 220:530.640 JLINK_IsHalted()
T537C 220:532.512 - 1.866ms returns FALSE
T537C 220:638.112 JLINK_IsHalted()
T537C 220:639.056 - 0.966ms returns FALSE
T537C 220:639.136 JLINK_IsHalted()
T537C 220:640.928 - 1.790ms returns FALSE
T537C 220:747.232 JLINK_IsHalted()
T537C 220:749.136 - 1.886ms returns FALSE
T537C 220:749.216 JLINK_IsHalted()
T537C 220:751.008 - 1.787ms returns FALSE
T537C 220:856.528 JLINK_IsHalted()
T537C 220:857.376 - 0.852ms returns FALSE
T537C 220:857.440 JLINK_IsHalted()
T537C 220:859.232 - 1.805ms returns FALSE
T537C 220:966.704 JLINK_IsHalted()
T537C 220:968.368 - 1.664ms returns FALSE
T537C 220:968.480 JLINK_IsHalted()
T537C 220:971.264 - 2.808ms returns FALSE
T537C 221:077.200 JLINK_IsHalted()
T537C 221:082.784 - 5.572ms returns FALSE
T537C 221:082.848 JLINK_IsHalted()
T537C 221:086.000 - 3.133ms returns FALSE
T537C 221:185.184 JLINK_IsHalted()
T537C 221:187.968 - 2.802ms returns FALSE
T537C 221:188.016 JLINK_IsHalted()
T537C 221:189.840 - 1.812ms returns FALSE
T537C 221:294.768 JLINK_IsHalted()
T537C 221:295.792 - 1.013ms returns FALSE
T537C 221:295.872 JLINK_IsHalted()
T537C 221:297.632 - 1.780ms returns FALSE
T537C 221:404.416 JLINK_IsHalted()
T537C 221:408.080 - 3.658ms returns FALSE
T537C 221:408.208 JLINK_IsHalted()
T537C 221:409.840 - 1.630ms returns FALSE
T537C 221:513.216 JLINK_IsHalted()
T537C 221:514.912 - 1.682ms returns FALSE
T537C 221:514.976 JLINK_IsHalted()
T537C 221:516.720 - 1.748ms returns FALSE
T1488 221:517.344 JLINK_IsHalted()
T1488 221:522.976 - 5.632ms returns FALSE
T1488 221:523.152 JLINK_IsHalted()
T1488 221:524.784 - 1.645ms returns FALSE
T537C 221:622.272 JLINK_IsHalted()
T537C 221:624.400 - 2.117ms returns FALSE
T537C 221:624.544 JLINK_IsHalted()
T537C 221:627.856 - 3.319ms returns FALSE
T537C 221:731.712 JLINK_IsHalted()
T537C 221:733.200 - 1.483ms returns FALSE
T537C 221:733.280 JLINK_IsHalted()
T537C 221:735.120 - 1.856ms returns FALSE
T537C 221:841.696 JLINK_IsHalted()
T537C 221:842.768 - 1.055ms returns FALSE
T537C 221:842.816 JLINK_IsHalted()
T537C 221:844.656 - 1.848ms returns FALSE
T537C 221:951.008 JLINK_IsHalted()
T537C 221:952.976 - 1.991ms returns FALSE
T537C 221:953.056 JLINK_IsHalted()
T537C 221:954.864 - 1.805ms returns FALSE
T537C 222:060.160 JLINK_IsHalted()
T537C 222:063.536 - 3.397ms returns FALSE
T537C 222:063.616 JLINK_IsHalted()
T537C 222:065.440 - 1.833ms returns FALSE
T537C 222:170.240 JLINK_IsHalted()
T537C 222:171.776 - 1.543ms returns FALSE
T537C 222:171.872 JLINK_IsHalted()
T537C 222:173.616 - 1.750ms returns FALSE
T537C 222:279.264 JLINK_IsHalted()
T537C 222:281.216 - 1.939ms returns FALSE
T537C 222:281.264 JLINK_IsHalted()
T537C 222:283.088 - 1.810ms returns FALSE
T537C 222:388.512 JLINK_IsHalted()
T537C 222:391.216 - 2.699ms returns FALSE
T537C 222:391.264 JLINK_IsHalted()
T537C 222:393.120 - 1.826ms returns FALSE
T537C 222:497.952 JLINK_IsHalted()
T537C 222:499.504 - 1.547ms returns FALSE
T537C 222:499.552 JLINK_IsHalted()
T537C 222:501.424 - 1.863ms returns FALSE
T1488 222:525.856 JLINK_IsHalted()
T1488 222:526.800 - 0.946ms returns FALSE
T1488 222:526.880 JLINK_IsHalted()
T1488 222:528.864 - 1.993ms returns FALSE
T537C 222:607.184 JLINK_IsHalted()
T537C 222:608.976 - 1.799ms returns FALSE
T537C 222:609.072 JLINK_IsHalted()
T537C 222:610.784 - 1.717ms returns FALSE
T537C 222:716.416 JLINK_IsHalted()
T537C 222:717.488 - 1.083ms returns FALSE
T537C 222:717.600 JLINK_IsHalted()
T537C 222:720.288 - 2.698ms returns FALSE
T537C 222:825.600 JLINK_IsHalted()
T537C 222:827.552 - 1.926ms returns FALSE
T537C 222:827.616 JLINK_IsHalted()
T537C 222:829.392 - 1.785ms returns FALSE
T537C 222:935.520 JLINK_IsHalted()
T537C 222:937.216 - 1.702ms returns FALSE
T537C 222:937.312 JLINK_IsHalted()
T537C 222:939.104 - 1.800ms returns FALSE
T537C 223:044.656 JLINK_IsHalted()
T537C 223:047.840 - 3.167ms returns FALSE
T537C 223:047.888 JLINK_IsHalted()
T537C 223:049.728 - 1.833ms returns FALSE
T537C 223:153.872 JLINK_IsHalted()
T537C 223:155.552 - 1.680ms returns FALSE
T537C 223:155.632 JLINK_IsHalted()
T537C 223:157.408 - 1.748ms returns FALSE
T537C 223:263.072 JLINK_IsHalted()
T537C 223:265.104 - 2.022ms returns FALSE
T537C 223:265.152 JLINK_IsHalted()
T537C 223:266.864 - 1.700ms returns FALSE
T537C 223:372.464 JLINK_IsHalted()
T537C 223:375.744 - 3.274ms returns FALSE
T537C 223:375.824 JLINK_IsHalted()
T537C 223:377.632 - 1.801ms returns FALSE
T537C 223:481.680 JLINK_IsHalted()
T537C 223:483.296 - 1.629ms returns FALSE
T537C 223:483.360 JLINK_IsHalted()
T537C 223:485.152 - 1.793ms returns FALSE
T1488 223:530.144 JLINK_IsHalted()
T1488 223:531.472 - 1.331ms returns FALSE
T1488 223:531.520 JLINK_IsHalted()
T1488 223:533.360 - 1.839ms returns FALSE
T537C 223:590.864 JLINK_IsHalted()
T537C 223:592.736 - 1.868ms returns FALSE
T537C 223:592.800 JLINK_IsHalted()
T537C 223:594.960 - 2.170ms returns FALSE
T537C 223:700.576 JLINK_IsHalted()
T537C 223:701.632 - 1.035ms returns FALSE
T537C 223:701.680 JLINK_IsHalted()
T537C 223:703.504 - 1.819ms returns FALSE
T537C 223:809.872 JLINK_IsHalted()
T537C 223:811.072 - 1.218ms returns FALSE
T537C 223:811.152 JLINK_IsHalted()
T537C 223:812.992 - 1.838ms returns FALSE
T537C 223:919.072 JLINK_IsHalted()
T537C 223:920.720 - 1.625ms returns FALSE
T537C 223:920.768 JLINK_IsHalted()
T537C 223:922.528 - 1.769ms returns FALSE
T537C 224:028.320 JLINK_IsHalted()
T537C 224:030.128 - 1.814ms returns FALSE
T537C 224:030.208 JLINK_IsHalted()
T537C 224:032.048 - 1.843ms returns FALSE
T537C 224:139.440 JLINK_IsHalted()
T537C 224:145.072 - 5.615ms returns FALSE
T537C 224:145.328 JLINK_IsHalted()
T537C 224:147.792 - 2.440ms returns FALSE
T537C 224:247.760 JLINK_IsHalted()
T537C 224:249.696 - 1.954ms returns FALSE
T537C 224:249.776 JLINK_IsHalted()
T537C 224:251.696 - 1.908ms returns FALSE
T537C 224:357.376 JLINK_IsHalted()
T537C 224:360.096 - 2.725ms returns FALSE
T537C 224:360.160 JLINK_IsHalted()
T537C 224:361.936 - 1.777ms returns FALSE
T537C 224:466.144 JLINK_IsHalted()
T537C 224:468.144 - 1.976ms returns FALSE
T537C 224:468.352 JLINK_IsHalted()
T537C 224:469.936 - 1.573ms returns FALSE
T1488 224:534.016 JLINK_IsHalted()
T1488 224:535.712 - 1.703ms returns FALSE
T1488 224:535.904 JLINK_IsHalted()
T1488 224:537.696 - 1.777ms returns FALSE
T537C 224:575.408 JLINK_IsHalted()
T537C 224:577.760 - 2.348ms returns FALSE
T537C 224:577.968 JLINK_IsHalted()
T537C 224:579.408 - 1.437ms returns FALSE
T537C 224:684.672 JLINK_IsHalted()
T537C 224:685.776 - 1.093ms returns FALSE
T537C 224:685.856 JLINK_IsHalted()
T537C 224:687.792 - 1.946ms returns FALSE
T537C 224:795.168 JLINK_IsHalted()
T537C 224:797.216 - 2.048ms returns FALSE
T537C 224:797.488 JLINK_IsHalted()
T537C 224:800.336 - 2.836ms returns FALSE
T537C 224:903.472 JLINK_IsHalted()
T537C 224:905.520 - 2.045ms returns FALSE
T537C 224:905.600 JLINK_IsHalted()
T537C 224:907.568 - 1.979ms returns FALSE
T537C 225:013.888 JLINK_IsHalted()
T537C 225:015.856 - 1.987ms returns FALSE
T537C 225:016.064 JLINK_IsHalted()
T537C 225:017.936 - 1.863ms returns FALSE
T537C 225:122.912 JLINK_IsHalted()
T537C 225:124.896 - 1.991ms returns FALSE
T537C 225:125.120 JLINK_IsHalted()
T537C 225:128.752 - 3.627ms returns FALSE
T537C 225:231.568 JLINK_IsHalted()
T537C 225:232.992 - 1.419ms returns FALSE
T537C 225:233.200 JLINK_IsHalted()
T537C 225:234.848 - 1.650ms returns FALSE
T537C 225:341.344 JLINK_IsHalted()
T537C 225:344.512 - 3.160ms returns FALSE
T537C 225:344.672 JLINK_IsHalted()
T537C 225:346.352 - 1.697ms returns FALSE
T537C 225:451.040 JLINK_IsHalted()
T537C 225:452.752 - 1.699ms returns FALSE
T537C 225:452.896 JLINK_IsHalted()
T537C 225:454.592 - 1.693ms returns FALSE
T1488 225:539.152 JLINK_IsHalted()
T1488 225:541.808 - 2.654ms returns FALSE
T1488 225:541.984 JLINK_IsHalted()
T1488 225:543.648 - 1.668ms returns FALSE
T537C 225:559.760 JLINK_IsHalted()
T537C 225:561.520 - 1.771ms returns FALSE
T537C 225:561.760 JLINK_IsHalted()
T537C 225:563.424 - 1.661ms returns FALSE
T537C 225:669.216 JLINK_IsHalted()
T537C 225:670.912 - 1.685ms returns FALSE
T537C 225:671.088 JLINK_IsHalted()
T537C 225:672.576 - 1.475ms returns FALSE
T537C 225:778.864 JLINK_IsHalted()
T537C 225:780.704 - 1.834ms returns FALSE
T537C 225:780.832 JLINK_IsHalted()
T537C 225:782.432 - 1.577ms returns FALSE
T537C 225:887.792 JLINK_IsHalted()
T537C 225:889.744 - 1.954ms returns FALSE
T537C 225:889.920 JLINK_IsHalted()
T537C 225:891.632 - 1.715ms returns FALSE
T537C 225:997.472 JLINK_IsHalted()
T537C 225:998.944 - 1.495ms returns FALSE
T537C 225:999.104 JLINK_IsHalted()
T537C 226:000.992 - 1.890ms returns FALSE
T537C 226:106.928 JLINK_IsHalted()
T537C 226:109.152 - 2.213ms returns FALSE
T537C 226:109.392 JLINK_IsHalted()
T537C 226:112.688 - 3.298ms returns FALSE
T537C 226:216.320 JLINK_IsHalted()
T537C 226:218.336 - 2.038ms returns FALSE
T537C 226:218.624 JLINK_IsHalted()
T537C 226:219.872 - 1.249ms returns FALSE
T537C 226:325.456 JLINK_IsHalted()
T537C 226:327.584 - 2.128ms returns FALSE
T537C 226:327.776 JLINK_IsHalted()
T537C 226:329.376 - 1.584ms returns FALSE
T537C 226:435.072 JLINK_IsHalted()
T537C 226:436.784 - 1.708ms returns FALSE
T537C 226:436.864 JLINK_IsHalted()
T537C 226:438.656 - 1.787ms returns FALSE
T537C 226:544.080 JLINK_IsHalted()
T537C 226:546.304 - 2.231ms returns FALSE
T537C 226:546.384 JLINK_IsHalted()
T537C 226:547.968 - 1.610ms returns FALSE
T1488 226:548.064 JLINK_IsHalted()
T1488 226:549.920 - 1.844ms returns FALSE
T1488 226:549.936 JLINK_IsHalted()
T1488 226:551.904 - 1.982ms returns FALSE
T537C 226:653.728 JLINK_IsHalted()
T537C 226:798.336 - 144.597ms returns FALSE
T537C 226:798.544 JLINK_IsHalted()
T537C 226:800.256 - 1.709ms returns FALSE
T537C 226:903.680 JLINK_IsHalted()
T537C 226:905.760 - 2.092ms returns FALSE
T537C 226:905.824 JLINK_IsHalted()
T537C 226:907.600 - 1.749ms returns FALSE
T537C 227:012.736 JLINK_IsHalted()
T537C 227:014.048 - 1.307ms returns FALSE
T537C 227:014.144 JLINK_IsHalted()
T537C 227:015.904 - 1.771ms returns FALSE
T537C 227:122.384 JLINK_IsHalted()
T537C 227:125.248 - 2.859ms returns FALSE
T537C 227:125.456 JLINK_IsHalted()
T537C 227:127.072 - 1.622ms returns FALSE
T537C 227:231.792 JLINK_IsHalted()
T537C 227:233.616 - 1.818ms returns FALSE
T537C 227:233.696 JLINK_IsHalted()
T537C 227:235.504 - 1.805ms returns FALSE
T537C 227:341.392 JLINK_IsHalted()
T537C 227:343.232 - 1.832ms returns FALSE
T537C 227:343.456 JLINK_IsHalted()
T537C 227:346.736 - 3.271ms returns FALSE
T537C 227:450.448 JLINK_IsHalted()
T537C 227:451.696 - 1.241ms returns FALSE
T537C 227:451.808 JLINK_IsHalted()
T537C 227:453.776 - 1.971ms returns FALSE
T1488 227:552.608 JLINK_IsHalted()
T1488 227:555.248 - 2.627ms returns FALSE
T1488 227:555.376 JLINK_IsHalted()
T1488 227:557.072 - 1.684ms returns FALSE
T537C 227:560.352 JLINK_IsHalted()
T537C 227:561.632 - 1.274ms returns FALSE
T537C 227:561.760 JLINK_IsHalted()
T537C 227:563.856 - 2.109ms returns FALSE
T537C 227:669.120 JLINK_IsHalted()
T537C 227:671.344 - 2.239ms returns FALSE
T537C 227:671.504 JLINK_IsHalted()
T537C 227:673.344 - 1.839ms returns FALSE
T537C 227:778.400 JLINK_IsHalted()
T537C 227:779.632 - 1.214ms returns FALSE
T537C 227:779.760 JLINK_IsHalted()
T537C 227:781.632 - 1.860ms returns FALSE
T537C 227:888.432 JLINK_IsHalted()
T537C 227:889.872 - 1.444ms returns FALSE
T537C 227:890.016 JLINK_IsHalted()
T537C 227:891.552 - 1.529ms returns FALSE
T537C 227:997.312 JLINK_IsHalted()
T537C 227:998.624 - 1.326ms returns FALSE
T537C 227:998.720 JLINK_IsHalted()
T537C 228:000.688 - 1.953ms returns FALSE
T537C 228:107.520 JLINK_IsHalted()
T537C 228:109.600 - 2.063ms returns FALSE
T537C 228:109.728 JLINK_IsHalted()
T537C 228:111.440 - 1.718ms returns FALSE
T537C 228:216.544 JLINK_IsHalted()
T537C 228:217.760 - 1.214ms returns FALSE
T537C 228:217.824 JLINK_IsHalted()
T537C 228:219.600 - 1.773ms returns FALSE
T537C 228:325.808 JLINK_IsHalted()
T537C 228:327.840 - 2.015ms returns FALSE
T537C 228:327.904 JLINK_IsHalted()
T537C 228:329.776 - 1.876ms returns FALSE
T537C 228:434.896 JLINK_IsHalted()
T537C 228:436.912 - 2.029ms returns FALSE
T537C 228:437.072 JLINK_IsHalted()
T537C 228:438.736 - 1.641ms returns FALSE
T537C 228:544.848 JLINK_IsHalted()
T537C 228:546.864 - 2.034ms returns FALSE
T537C 228:547.072 JLINK_IsHalted()
T537C 228:548.864 - 1.810ms returns FALSE
T1488 228:557.312 JLINK_IsHalted()
T1488 228:558.880 - 1.572ms returns FALSE
T1488 228:559.008 JLINK_IsHalted()
T1488 228:560.336 - 1.328ms returns FALSE
T537C 228:653.440 JLINK_IsHalted()
T537C 228:654.720 - 1.299ms returns FALSE
T537C 228:654.816 JLINK_IsHalted()
T537C 228:656.736 - 1.921ms returns FALSE
T537C 228:763.824 JLINK_IsHalted()
T537C 228:767.568 - 3.744ms returns FALSE
T537C 228:767.776 JLINK_IsHalted()
T537C 228:769.408 - 1.648ms returns FALSE
T537C 228:872.736 JLINK_IsHalted()
T537C 228:875.040 - 2.313ms returns FALSE
T537C 228:875.184 JLINK_IsHalted()
T537C 228:877.104 - 1.913ms returns FALSE
T537C 228:981.920 JLINK_IsHalted()
T537C 228:983.936 - 2.025ms returns FALSE
T537C 228:984.160 JLINK_IsHalted()
T537C 228:987.520 - 3.353ms returns FALSE
T537C 229:091.200 JLINK_IsHalted()
T537C 229:093.584 - 2.380ms returns FALSE
T537C 229:093.760 JLINK_IsHalted()
T537C 229:095.520 - 1.766ms returns FALSE
T537C 229:200.384 JLINK_IsHalted()
T537C 229:202.768 - 2.398ms returns FALSE
T537C 229:202.896 JLINK_IsHalted()
T537C 229:204.656 - 1.763ms returns FALSE
T537C 229:310.256 JLINK_IsHalted()
T537C 229:312.512 - 2.236ms returns FALSE
T537C 229:312.608 JLINK_IsHalted()
T537C 229:314.208 - 1.578ms returns FALSE
T537C 229:419.296 JLINK_IsHalted()
T537C 229:421.216 - 1.928ms returns FALSE
T537C 229:421.488 JLINK_IsHalted()
T537C 229:423.136 - 1.635ms returns FALSE
T537C 229:528.704 JLINK_IsHalted()
T537C 229:530.832 - 2.126ms returns FALSE
T537C 229:530.976 JLINK_IsHalted()
T537C 229:532.720 - 1.728ms returns FALSE
T1488 229:560.224 JLINK_IsHalted()
T1488 229:562.192 - 1.964ms returns FALSE
T1488 229:562.368 JLINK_IsHalted()
T1488 229:564.080 - 1.716ms returns FALSE
T537C 229:637.808 JLINK_IsHalted()
T537C 229:639.984 - 2.178ms returns FALSE
T537C 229:640.160 JLINK_IsHalted()
T537C 229:642.016 - 1.836ms returns FALSE
T537C 229:747.968 JLINK_IsHalted()
T537C 229:749.536 - 1.560ms returns FALSE
T537C 229:749.664 JLINK_IsHalted()
T537C 229:751.328 - 1.644ms returns FALSE
T537C 229:857.152 JLINK_IsHalted()
T537C 229:858.176 - 1.037ms returns FALSE
T537C 229:858.224 JLINK_IsHalted()
T537C 229:860.128 - 1.898ms returns FALSE
T537C 229:966.640 JLINK_IsHalted()
T537C 229:968.096 - 1.446ms returns FALSE
T537C 229:968.160 JLINK_IsHalted()
T537C 229:970.384 - 2.227ms returns FALSE
T537C 230:076.064 JLINK_IsHalted()
T537C 230:078.032 - 1.966ms returns FALSE
T537C 230:078.208 JLINK_IsHalted()
T537C 230:081.440 - 3.208ms returns FALSE
T537C 230:184.704 JLINK_IsHalted()
T537C 230:186.704 - 1.986ms returns FALSE
T537C 230:186.752 JLINK_IsHalted()
T537C 230:188.576 - 1.805ms returns FALSE
T537C 230:294.832 JLINK_IsHalted()
T537C 230:296.544 - 1.710ms returns FALSE
T537C 230:296.656 JLINK_IsHalted()
T537C 230:298.464 - 1.812ms returns FALSE
T537C 230:403.792 JLINK_IsHalted()
T537C 230:407.728 - 3.938ms returns FALSE
T537C 230:408.016 JLINK_IsHalted()
T537C 230:410.832 - 2.809ms returns FALSE
T537C 230:513.824 JLINK_IsHalted()
T537C 230:517.088 - 3.251ms returns FALSE
T537C 230:517.280 JLINK_IsHalted()
T537C 230:518.912 - 1.627ms returns FALSE
T1488 230:565.120 JLINK_IsHalted()
T1488 230:582.448 - 17.353ms returns FALSE
T1488 230:582.576 JLINK_IsHalted()
T1488 230:586.656 - 4.049ms returns FALSE
T537C 230:622.384 JLINK_IsHalted()
T537C 230:623.904 - 1.494ms returns FALSE
T537C 230:623.968 JLINK_IsHalted()
T537C 230:625.888 - 1.915ms returns FALSE
T537C 230:731.776 JLINK_IsHalted()
T537C 230:733.568 - 1.783ms returns FALSE
T537C 230:733.616 JLINK_IsHalted()
T537C 230:735.104 - 1.467ms returns FALSE
T537C 230:841.552 JLINK_IsHalted()
T537C 230:844.928 - 3.384ms returns FALSE
T537C 230:845.216 JLINK_IsHalted()
T537C 230:846.928 - 1.732ms returns FALSE
T537C 230:950.912 JLINK_IsHalted()
T537C 230:952.704 - 1.792ms returns FALSE
T537C 230:952.784 JLINK_IsHalted()
T537C 230:954.528 - 1.754ms returns FALSE
T537C 231:060.352 JLINK_IsHalted()
T537C 231:062.112 - 1.766ms returns FALSE
T537C 231:062.192 JLINK_IsHalted()
T537C 231:064.224 - 2.033ms returns FALSE
T537C 231:169.072 JLINK_IsHalted()
T537C 231:172.400 - 3.331ms returns FALSE
T537C 231:172.480 JLINK_IsHalted()
T537C 231:174.272 - 1.790ms returns FALSE
T537C 231:279.520 JLINK_IsHalted()
T537C 231:281.920 - 2.393ms returns FALSE
T537C 231:282.048 JLINK_IsHalted()
T537C 231:283.664 - 1.632ms returns FALSE
T537C 231:388.064 JLINK_IsHalted()
T537C 231:391.520 - 3.455ms returns FALSE
T537C 231:391.616 JLINK_IsHalted()
T537C 231:393.376 - 1.773ms returns FALSE
T537C 231:497.856 JLINK_IsHalted()
T537C 231:500.128 - 2.269ms returns FALSE
T537C 231:500.208 JLINK_IsHalted()
T537C 231:501.872 - 1.679ms returns FALSE
T1488 231:588.704 JLINK_IsHalted()
T1488 231:590.112 - 1.385ms returns FALSE
T1488 231:590.176 JLINK_IsHalted()
T1488 231:591.984 - 1.820ms returns FALSE
T537C 231:606.528 JLINK_IsHalted()
T537C 231:608.112 - 1.571ms returns FALSE
T537C 231:608.160 JLINK_IsHalted()
T537C 231:609.984 - 1.801ms returns FALSE
T537C 231:715.936 JLINK_IsHalted()
T537C 231:717.840 - 1.882ms returns FALSE
T537C 231:717.888 JLINK_IsHalted()
T537C 231:719.680 - 1.795ms returns FALSE
T537C 231:825.616 JLINK_IsHalted()
T537C 231:827.200 - 1.586ms returns FALSE
T537C 231:827.280 JLINK_IsHalted()
T537C 231:829.120 - 1.830ms returns FALSE
T537C 231:935.184 JLINK_IsHalted()
T537C 231:937.024 - 1.833ms returns FALSE
T537C 232:205.664 JLINK_IsHalted()
T537C 232:209.568 - 3.880ms returns FALSE
T537C 232:309.936 JLINK_IsHalted()
T537C 232:312.912 - 2.965ms returns FALSE
T537C 232:312.992 JLINK_IsHalted()
T537C 232:314.784 - 1.781ms returns FALSE
T537C 232:419.232 JLINK_IsHalted()
T537C 232:420.944 - 1.723ms returns FALSE
T537C 232:421.120 JLINK_IsHalted()
T537C 232:422.784 - 1.667ms returns FALSE
T537C 232:528.976 JLINK_IsHalted()
T537C 232:530.480 - 1.504ms returns FALSE
T537C 232:530.528 JLINK_IsHalted()
T537C 232:532.320 - 1.795ms returns FALSE
T1488 232:592.464 JLINK_IsHalted()
T1488 232:594.272 - 1.826ms returns FALSE
T1488 232:594.352 JLINK_IsHalted()
T1488 232:596.192 - 1.849ms returns FALSE
T537C 232:638.288 JLINK_IsHalted()
T537C 232:639.952 - 1.667ms returns FALSE
T537C 232:640.032 JLINK_IsHalted()
T537C 232:641.840 - 1.824ms returns FALSE
T537C 232:747.424 JLINK_IsHalted()
T537C 232:748.368 - 0.939ms returns FALSE
T537C 232:748.464 JLINK_IsHalted()
T537C 232:750.288 - 1.812ms returns FALSE
T537C 232:856.656 JLINK_IsHalted()
T537C 232:858.784 - 2.103ms returns FALSE
T537C 232:858.832 JLINK_IsHalted()
T537C 232:860.512 - 1.684ms returns FALSE
T537C 232:965.920 JLINK_IsHalted()
T537C 232:969.120 - 3.191ms returns FALSE
T537C 232:969.248 JLINK_IsHalted()
T537C 232:971.168 - 1.916ms returns FALSE
T537C 233:076.144 JLINK_IsHalted()
T537C 233:077.296 - 1.147ms returns FALSE
T537C 233:077.376 JLINK_IsHalted()
T537C 233:079.200 - 1.836ms returns FALSE
T537C 233:185.376 JLINK_IsHalted()
T537C 233:186.992 - 1.602ms returns FALSE
T537C 233:187.040 JLINK_IsHalted()
T537C 233:191.328 - 4.251ms returns FALSE
T537C 233:294.672 JLINK_IsHalted()
T537C 233:298.560 - 3.895ms returns FALSE
T537C 233:298.608 JLINK_IsHalted()
T537C 233:300.432 - 1.804ms returns FALSE
T537C 233:403.936 JLINK_IsHalted()
T537C 233:405.664 - 1.748ms returns FALSE
T537C 233:405.744 JLINK_IsHalted()
T537C 233:407.536 - 1.786ms returns FALSE
T537C 233:513.136 JLINK_IsHalted()
T537C 233:515.184 - 2.030ms returns FALSE
T537C 233:515.296 JLINK_IsHalted()
T537C 233:517.024 - 1.740ms returns FALSE
T1488 233:598.928 JLINK_IsHalted()
T1488 233:601.280 - 2.369ms returns FALSE
T1488 233:601.456 JLINK_IsHalted()
T1488 233:603.168 - 1.700ms returns FALSE
T537C 233:622.992 JLINK_IsHalted()
T537C 233:624.624 - 1.628ms returns FALSE
T537C 233:624.704 JLINK_IsHalted()
T537C 233:626.400 - 1.702ms returns FALSE
T537C 233:732.176 JLINK_IsHalted()
T537C 233:734.352 - 2.166ms returns FALSE
T537C 233:734.400 JLINK_IsHalted()
T537C 233:737.296 - 2.886ms returns FALSE
T537C 233:841.408 JLINK_IsHalted()
T537C 233:842.976 - 1.558ms returns FALSE
T537C 233:843.120 JLINK_IsHalted()
T537C 233:844.768 - 1.651ms returns FALSE
T537C 233:950.688 JLINK_IsHalted()
T537C 233:952.304 - 1.609ms returns FALSE
T537C 233:952.464 JLINK_IsHalted()
T537C 233:954.208 - 1.721ms returns FALSE
T537C 234:060.032 JLINK_IsHalted()
T537C 234:062.032 - 1.977ms returns FALSE
T537C 234:062.160 JLINK_IsHalted()
T537C 234:065.568 - 3.398ms returns FALSE
T537C 234:169.424 JLINK_IsHalted()
T537C 234:170.976 - 1.543ms returns FALSE
T537C 234:171.088 JLINK_IsHalted()
T537C 234:172.640 - 1.568ms returns FALSE
T537C 234:278.576 JLINK_IsHalted()
T537C 234:280.400 - 1.802ms returns FALSE
T537C 234:280.480 JLINK_IsHalted()
T537C 234:282.160 - 1.694ms returns FALSE
T537C 234:388.176 JLINK_IsHalted()
T537C 234:390.224 - 2.033ms returns FALSE
T537C 234:390.304 JLINK_IsHalted()
T537C 234:392.112 - 1.811ms returns FALSE
T537C 234:497.744 JLINK_IsHalted()
T537C 234:499.744 - 2.003ms returns FALSE
T537C 234:499.840 JLINK_IsHalted()
T537C 234:503.584 - 3.729ms returns FALSE
T1488 234:604.128 JLINK_IsHalted()
T1488 234:605.904 - 1.779ms returns FALSE
T1488 234:605.984 JLINK_IsHalted()
T1488 234:607.952 - 1.967ms returns FALSE
T537C 234:608.080 JLINK_IsHalted()
T537C 234:609.712 - 1.645ms returns FALSE
T537C 234:609.792 JLINK_IsHalted()
T537C 234:611.632 - 1.856ms returns FALSE
T537C 234:716.880 JLINK_IsHalted()
T537C 234:719.328 - 2.443ms returns FALSE
T537C 234:719.520 JLINK_IsHalted()
T537C 234:721.312 - 1.792ms returns FALSE
T537C 234:826.144 JLINK_IsHalted()
T537C 234:827.952 - 1.811ms returns FALSE
T537C 234:828.160 JLINK_IsHalted()
T537C 234:829.792 - 1.621ms returns FALSE
T537C 234:935.552 JLINK_IsHalted()
T537C 234:936.800 - 1.260ms returns FALSE
T537C 234:936.960 JLINK_IsHalted()
T537C 234:938.624 - 1.683ms returns FALSE
T537C 235:044.176 JLINK_IsHalted()
T537C 235:045.680 - 1.512ms returns FALSE
T537C 235:045.792 JLINK_IsHalted()
T537C 235:047.456 - 1.676ms returns FALSE
T537C 235:153.328 JLINK_IsHalted()
T537C 235:154.976 - 1.631ms returns FALSE
T537C 235:155.024 JLINK_IsHalted()
T537C 235:156.912 - 1.872ms returns FALSE
T537C 235:263.584 JLINK_IsHalted()
T537C 235:271.472 - 7.869ms returns FALSE
T537C 235:271.552 JLINK_IsHalted()
T537C 235:273.376 - 1.834ms returns FALSE
T537C 235:372.848 JLINK_IsHalted()
T537C 235:374.592 - 1.751ms returns FALSE
T537C 235:374.672 JLINK_IsHalted()
T537C 235:376.464 - 1.796ms returns FALSE
T537C 235:482.080 JLINK_IsHalted()
T537C 235:483.984 - 1.898ms returns FALSE
T537C 235:484.064 JLINK_IsHalted()
T537C 235:485.824 - 1.763ms returns FALSE
T537C 235:591.328 JLINK_IsHalted()
T537C 235:592.576 - 1.241ms returns FALSE
T537C 235:592.656 JLINK_IsHalted()
T537C 235:594.464 - 1.829ms returns FALSE
T1488 235:608.400 JLINK_IsHalted()
T1488 235:609.312 - 0.938ms returns FALSE
T1488 235:609.392 JLINK_IsHalted()
T1488 235:611.216 - 1.830ms returns FALSE
T537C 235:700.608 JLINK_IsHalted()
T537C 235:701.472 - 0.879ms returns FALSE
T537C 235:701.552 JLINK_IsHalted()
T537C 235:703.504 - 1.913ms returns FALSE
T537C 235:809.792 JLINK_IsHalted()
T537C 235:811.456 - 1.651ms returns FALSE
T537C 235:811.504 JLINK_IsHalted()
T537C 235:813.344 - 1.834ms returns FALSE
T537C 235:919.056 JLINK_IsHalted()
T537C 235:920.256 - 1.201ms returns FALSE
T537C 235:920.336 JLINK_IsHalted()
T537C 235:922.144 - 1.828ms returns FALSE
T537C 236:028.800 JLINK_IsHalted()
T537C 236:031.280 - 2.483ms returns FALSE
T537C 236:031.392 JLINK_IsHalted()
T537C 236:033.280 - 1.905ms returns FALSE
T537C 236:138.016 JLINK_IsHalted()
T537C 236:139.424 - 1.397ms returns FALSE
T537C 236:139.472 JLINK_IsHalted()
T537C 236:141.312 - 1.823ms returns FALSE
T537C 236:247.216 JLINK_IsHalted()
T537C 236:248.928 - 1.690ms returns FALSE
T537C 236:248.960 JLINK_IsHalted()
T537C 236:250.784 - 1.812ms returns FALSE
T537C 236:356.640 JLINK_IsHalted()
T537C 236:373.664 - 17.023ms returns FALSE
T537C 236:373.856 JLINK_IsHalted()
T537C 236:377.056 - 3.201ms returns FALSE
T537C 236:482.000 JLINK_IsHalted()
T537C 236:484.896 - 2.895ms returns FALSE
T537C 236:485.088 JLINK_IsHalted()
T537C 236:486.576 - 1.485ms returns FALSE
T537C 236:591.008 JLINK_IsHalted()
T537C 236:592.736 - 1.725ms returns FALSE
T537C 236:592.800 JLINK_IsHalted()
T537C 236:594.608 - 1.806ms returns FALSE
T1488 236:614.608 JLINK_IsHalted()
T1488 236:617.504 - 2.890ms returns FALSE
T1488 236:617.600 JLINK_IsHalted()
T1488 236:619.472 - 1.874ms returns FALSE
T537C 236:700.592 JLINK_IsHalted()
T537C 236:701.616 - 1.025ms returns FALSE
T537C 236:701.696 JLINK_IsHalted()
T537C 236:703.520 - 1.816ms returns FALSE
T537C 236:810.784 JLINK_IsHalted()
T537C 236:812.640 - 1.875ms returns FALSE
T537C 236:812.848 JLINK_IsHalted()
T537C 236:814.512 - 1.657ms returns FALSE
T537C 236:920.032 JLINK_IsHalted()
T537C 236:922.160 - 2.117ms returns FALSE
T537C 236:922.368 JLINK_IsHalted()
T537C 236:923.984 - 1.591ms returns FALSE
T537C 237:028.768 JLINK_IsHalted()
T537C 237:031.040 - 2.264ms returns FALSE
T537C 237:031.248 JLINK_IsHalted()
T537C 237:032.752 - 1.498ms returns FALSE
T537C 237:137.968 JLINK_IsHalted()
T537C 237:139.552 - 1.592ms returns FALSE
T537C 237:139.632 JLINK_IsHalted()
T537C 237:141.408 - 1.768ms returns FALSE
T537C 237:247.152 JLINK_IsHalted()
T537C 237:248.976 - 1.797ms returns FALSE
T537C 237:249.056 JLINK_IsHalted()
T537C 237:250.864 - 1.819ms returns FALSE
T537C 237:356.416 JLINK_IsHalted()
T537C 237:358.368 - 1.956ms returns FALSE
T537C 237:358.416 JLINK_IsHalted()
T537C 237:360.224 - 1.817ms returns FALSE
T537C 237:466.672 JLINK_IsHalted()
T537C 237:469.264 - 2.575ms returns FALSE
T537C 237:469.360 JLINK_IsHalted()
T537C 237:471.024 - 1.657ms returns FALSE
T537C 237:575.888 JLINK_IsHalted()
T537C 237:577.376 - 1.496ms returns FALSE
T537C 237:577.440 JLINK_IsHalted()
T537C 237:579.232 - 1.787ms returns FALSE
T1488 237:620.432 JLINK_IsHalted()
T1488 237:621.920 - 1.489ms returns FALSE
T1488 237:621.984 JLINK_IsHalted()
T1488 237:623.808 - 1.835ms returns FALSE
T537C 237:685.280 JLINK_IsHalted()
T537C 237:686.992 - 1.734ms returns FALSE
T537C 237:687.088 JLINK_IsHalted()
T537C 237:688.864 - 1.771ms returns FALSE
T537C 237:794.336 JLINK_IsHalted()
T537C 237:795.280 - 0.956ms returns FALSE
T537C 237:795.360 JLINK_IsHalted()
T537C 237:797.216 - 1.862ms returns FALSE
T537C 237:903.568 JLINK_IsHalted()
T537C 237:904.768 - 1.195ms returns FALSE
T537C 237:904.816 JLINK_IsHalted()
T537C 237:906.640 - 1.817ms returns FALSE
T537C 238:012.800 JLINK_IsHalted()
T537C 238:014.624 - 1.819ms returns FALSE
T537C 238:014.688 JLINK_IsHalted()
T537C 238:016.480 - 1.790ms returns FALSE
T537C 238:122.112 JLINK_IsHalted()
T537C 238:124.080 - 1.977ms returns FALSE
T537C 238:124.160 JLINK_IsHalted()
T537C 238:125.952 - 1.794ms returns FALSE
T537C 238:234.064 JLINK_IsHalted()
T537C 238:235.808 - 1.721ms returns FALSE
T537C 238:235.856 JLINK_IsHalted()
T537C 238:237.648 - 1.777ms returns FALSE
T537C 238:341.024 JLINK_IsHalted()
T537C 238:342.656 - 1.667ms returns FALSE
T537C 238:342.736 JLINK_IsHalted()
T537C 238:344.528 - 1.791ms returns FALSE
T537C 238:450.464 JLINK_IsHalted()
T537C 238:453.920 - 3.464ms returns FALSE
T537C 238:454.064 JLINK_IsHalted()
T537C 238:456.160 - 2.115ms returns FALSE
T537C 238:560.512 JLINK_IsHalted()
T537C 238:561.920 - 1.410ms returns FALSE
T537C 238:561.968 JLINK_IsHalted()
T537C 238:563.808 - 1.830ms returns FALSE
T1488 238:625.312 JLINK_IsHalted()
T1488 238:628.736 - 3.412ms returns FALSE
T1488 238:628.864 JLINK_IsHalted()
T1488 238:630.576 - 1.692ms returns FALSE
T537C 238:669.920 JLINK_IsHalted()
T537C 238:671.536 - 1.594ms returns FALSE
T537C 238:671.776 JLINK_IsHalted()
T537C 238:673.312 - 1.534ms returns FALSE
T537C 238:779.424 JLINK_IsHalted()
T537C 238:781.008 - 1.601ms returns FALSE
T537C 238:781.104 JLINK_IsHalted()
T537C 238:782.848 - 1.763ms returns FALSE
T537C 238:887.936 JLINK_IsHalted()
T537C 238:889.936 - 2.005ms returns FALSE
T537C 238:890.144 JLINK_IsHalted()
T537C 238:891.904 - 1.752ms returns FALSE
T537C 238:998.192 JLINK_IsHalted()
T537C 239:018.320 - 20.115ms returns FALSE
T537C 239:018.400 JLINK_IsHalted()
T537C 239:020.112 - 1.705ms returns FALSE
T537C 239:122.304 JLINK_IsHalted()
T537C 239:124.560 - 2.257ms returns FALSE
T537C 239:124.608 JLINK_IsHalted()
T537C 239:126.432 - 1.805ms returns FALSE
T537C 239:231.536 JLINK_IsHalted()
T537C 239:233.632 - 2.105ms returns FALSE
T537C 239:233.712 JLINK_IsHalted()
T537C 239:235.104 - 1.397ms returns FALSE
T537C 239:341.264 JLINK_IsHalted()
T537C 239:342.640 - 1.363ms returns FALSE
T537C 239:342.688 JLINK_IsHalted()
T537C 239:344.544 - 1.831ms returns FALSE
T537C 239:450.496 JLINK_IsHalted()
T537C 239:451.904 - 1.409ms returns FALSE
T537C 239:451.984 JLINK_IsHalted()
T537C 239:464.368 - 12.397ms returns FALSE
T537C 239:559.888 JLINK_IsHalted()
T537C 239:561.376 - 1.489ms returns FALSE
T537C 239:561.440 JLINK_IsHalted()
T537C 239:563.344 - 1.898ms returns FALSE
T1488 239:630.688 JLINK_IsHalted()
T1488 239:632.992 - 2.287ms returns FALSE
T1488 239:633.024 JLINK_IsHalted()
T1488 239:634.896 - 1.844ms returns FALSE
T537C 239:669.072 JLINK_IsHalted()
T537C 239:670.736 - 1.679ms returns FALSE
T537C 239:670.816 JLINK_IsHalted()
T537C 239:672.672 - 1.875ms returns FALSE
T537C 239:779.248 JLINK_IsHalted()
T537C 239:780.272 - 1.041ms returns FALSE
T537C 239:780.352 JLINK_IsHalted()
T537C 239:782.144 - 1.809ms returns FALSE
T537C 239:888.512 JLINK_IsHalted()
T537C 239:890.256 - 1.721ms returns FALSE
T537C 239:890.352 JLINK_IsHalted()
T537C 239:892.144 - 1.792ms returns FALSE
T537C 239:997.088 JLINK_IsHalted()
T537C 239:999.184 - 2.103ms returns FALSE
T537C 239:999.312 JLINK_IsHalted()
T537C 240:000.896 - 1.595ms returns FALSE
T537C 240:107.680 JLINK_IsHalted()
T537C 240:109.904 - 2.237ms returns FALSE
T537C 240:110.048 JLINK_IsHalted()
T537C 240:111.792 - 1.734ms returns FALSE
T537C 240:216.832 JLINK_IsHalted()
T537C 240:218.800 - 1.980ms returns FALSE
T537C 240:218.928 JLINK_IsHalted()
T537C 240:220.448 - 1.515ms returns FALSE
T537C 240:325.376 JLINK_IsHalted()
T537C 240:327.136 - 1.765ms returns FALSE
T537C 240:327.248 JLINK_IsHalted()
T537C 240:329.056 - 1.822ms returns FALSE
T537C 240:436.400 JLINK_IsHalted()
T537C 240:438.304 - 1.896ms returns FALSE
T537C 240:438.448 JLINK_IsHalted()
T537C 240:440.416 - 1.964ms returns FALSE
T537C 240:544.336 JLINK_IsHalted()
T537C 240:546.640 - 2.294ms returns FALSE
T537C 240:546.848 JLINK_IsHalted()
T537C 240:548.528 - 1.688ms returns FALSE
T1488 240:635.600 JLINK_IsHalted()
T1488 240:636.928 - 1.340ms returns FALSE
T1488 240:637.136 JLINK_IsHalted()
T1488 240:638.848 - 1.711ms returns FALSE
T537C 240:653.744 JLINK_IsHalted()
T537C 240:655.264 - 1.522ms returns FALSE
T537C 240:655.456 JLINK_IsHalted()
T537C 240:656.976 - 1.508ms returns FALSE
T537C 240:763.776 JLINK_IsHalted()
T537C 240:767.744 - 3.960ms returns FALSE
T537C 240:767.920 JLINK_IsHalted()
T537C 240:769.664 - 1.735ms returns FALSE
T537C 240:873.184 JLINK_IsHalted()
T537C 240:876.000 - 2.805ms returns FALSE
T537C 240:876.160 JLINK_IsHalted()
T537C 240:878.000 - 1.821ms returns FALSE
T537C 240:981.792 JLINK_IsHalted()
T537C 240:983.968 - 2.168ms returns FALSE
T537C 240:984.096 JLINK_IsHalted()
T537C 240:986.032 - 1.946ms returns FALSE
T537C 241:091.200 JLINK_IsHalted()
T537C 241:092.400 - 1.211ms returns FALSE
T537C 241:092.512 JLINK_IsHalted()
T537C 241:094.320 - 1.822ms returns FALSE
T537C 241:200.720 JLINK_IsHalted()
T537C 241:202.096 - 1.369ms returns FALSE
T537C 241:202.208 JLINK_IsHalted()
T537C 241:203.888 - 1.691ms returns FALSE
T537C 241:309.952 JLINK_IsHalted()
T537C 241:311.008 - 1.062ms returns FALSE
T537C 241:311.072 JLINK_IsHalted()
T537C 241:312.816 - 1.732ms returns FALSE
T537C 241:419.856 JLINK_IsHalted()
T537C 241:421.824 - 1.980ms returns FALSE
T537C 241:421.904 JLINK_IsHalted()
T537C 241:423.904 - 2.000ms returns FALSE
T537C 241:528.368 JLINK_IsHalted()
T537C 241:530.192 - 1.799ms returns FALSE
T537C 241:530.240 JLINK_IsHalted()
T537C 241:532.112 - 1.842ms returns FALSE
T537C 241:638.528 JLINK_IsHalted()
T537C 241:641.392 - 2.875ms returns FALSE
T537C 241:641.568 JLINK_IsHalted()
T537C 241:643.424 - 1.836ms returns FALSE
T1488 241:643.696 JLINK_IsHalted()
T1488 241:645.280 - 1.567ms returns FALSE
T1488 241:645.472 JLINK_IsHalted()
T1488 241:647.184 - 1.707ms returns FALSE
T537C 241:747.376 JLINK_IsHalted()
T537C 241:749.424 - 2.037ms returns FALSE
T537C 241:749.584 JLINK_IsHalted()
T537C 241:751.584 - 1.993ms returns FALSE
T537C 241:856.672 JLINK_IsHalted()
T537C 241:859.104 - 2.448ms returns FALSE
T537C 241:859.248 JLINK_IsHalted()
T537C 241:860.816 - 1.551ms returns FALSE
T537C 241:966.416 JLINK_IsHalted()
T537C 241:970.096 - 3.665ms returns FALSE
T537C 241:970.256 JLINK_IsHalted()
T537C 241:971.936 - 1.690ms returns FALSE
T537C 242:075.856 JLINK_IsHalted()
T537C 242:077.904 - 2.034ms returns FALSE
T537C 242:078.000 JLINK_IsHalted()
T537C 242:079.776 - 1.760ms returns FALSE
T537C 242:185.376 JLINK_IsHalted()
T537C 242:186.976 - 1.593ms returns FALSE
T537C 242:187.136 JLINK_IsHalted()
T537C 242:189.088 - 1.949ms returns FALSE
T537C 242:294.400 JLINK_IsHalted()
T537C 242:296.224 - 1.824ms returns FALSE
T537C 242:296.288 JLINK_IsHalted()
T537C 242:298.080 - 1.807ms returns FALSE
T537C 242:403.632 JLINK_IsHalted()
T537C 242:404.864 - 1.238ms returns FALSE
T537C 242:404.912 JLINK_IsHalted()
T537C 242:406.736 - 1.815ms returns FALSE
T537C 242:512.864 JLINK_IsHalted()
T537C 242:514.336 - 1.470ms returns FALSE
T537C 242:514.384 JLINK_IsHalted()
T537C 242:516.224 - 1.850ms returns FALSE
T537C 242:622.160 JLINK_IsHalted()
T537C 242:623.744 - 1.599ms returns FALSE
T537C 242:623.824 JLINK_IsHalted()
T537C 242:625.616 - 1.788ms returns FALSE
T1488 242:647.808 JLINK_IsHalted()
T1488 242:648.864 - 1.048ms returns FALSE
T1488 242:648.912 JLINK_IsHalted()
T1488 242:650.752 - 1.832ms returns FALSE
T537C 242:731.440 JLINK_IsHalted()
T537C 242:732.320 - 0.869ms returns FALSE
T537C 242:732.368 JLINK_IsHalted()
T537C 242:734.176 - 1.823ms returns FALSE
T537C 242:842.160 JLINK_IsHalted()
T537C 242:843.616 - 1.458ms returns FALSE
T537C 242:843.680 JLINK_IsHalted()
T537C 242:845.488 - 1.827ms returns FALSE
T537C 242:950.400 JLINK_IsHalted()
T537C 242:951.216 - 0.831ms returns FALSE
T537C 242:951.264 JLINK_IsHalted()
T537C 242:953.088 - 1.821ms returns FALSE
T537C 243:059.664 JLINK_IsHalted()
T537C 243:062.688 - 3.026ms returns FALSE
T537C 243:062.704 JLINK_IsHalted()
T537C 243:064.528 - 1.820ms returns FALSE
T537C 243:169.120 JLINK_IsHalted()
T537C 243:172.096 - 2.967ms returns FALSE
T537C 243:172.192 JLINK_IsHalted()
T537C 243:173.968 - 1.755ms returns FALSE
T537C 243:279.280 JLINK_IsHalted()
T537C 243:281.440 - 2.154ms returns FALSE
T537C 243:281.568 JLINK_IsHalted()
T537C 243:283.424 - 1.872ms returns FALSE
T537C 243:388.368 JLINK_IsHalted()
T537C 243:389.824 - 1.446ms returns FALSE
T537C 243:389.920 JLINK_IsHalted()
T537C 243:391.648 - 1.717ms returns FALSE
T537C 243:497.440 JLINK_IsHalted()
T537C 243:499.744 - 2.303ms returns FALSE
T537C 243:499.856 JLINK_IsHalted()
T537C 243:501.776 - 1.934ms returns FALSE
T537C 243:606.624 JLINK_IsHalted()
T537C 243:607.808 - 1.182ms returns FALSE
T537C 243:607.904 JLINK_IsHalted()
T537C 243:609.648 - 1.734ms returns FALSE
T1488 243:651.664 JLINK_IsHalted()
T1488 243:653.728 - 2.064ms returns FALSE
T1488 243:653.808 JLINK_IsHalted()
T1488 243:655.504 - 1.697ms returns FALSE
T537C 243:715.968 JLINK_IsHalted()
T537C 243:717.984 - 2.025ms returns FALSE
T537C 243:718.112 JLINK_IsHalted()
T537C 243:719.936 - 1.813ms returns FALSE
T537C 243:825.744 JLINK_IsHalted()
T537C 243:827.760 - 2.025ms returns FALSE
T537C 243:827.888 JLINK_IsHalted()
T537C 243:829.632 - 1.746ms returns FALSE
T537C 243:935.584 JLINK_IsHalted()
T537C 243:937.744 - 2.148ms returns FALSE
T537C 243:937.872 JLINK_IsHalted()
T537C 243:939.616 - 1.714ms returns FALSE
T537C 244:045.216 JLINK_IsHalted()
T537C 244:047.264 - 2.057ms returns FALSE
T537C 244:047.392 JLINK_IsHalted()
T537C 244:049.184 - 1.766ms returns FALSE
T537C 244:153.552 JLINK_IsHalted()
T537C 244:155.728 - 2.193ms returns FALSE
T537C 244:155.856 JLINK_IsHalted()
T537C 244:157.904 - 2.038ms returns FALSE
T537C 244:263.584 JLINK_IsHalted()
T537C 244:265.520 - 1.949ms returns FALSE
T537C 244:265.600 JLINK_IsHalted()
T537C 244:267.360 - 1.780ms returns FALSE
T537C 244:372.608 JLINK_IsHalted()
T537C 244:374.096 - 1.488ms returns FALSE
T537C 244:374.176 JLINK_IsHalted()
T537C 244:375.776 - 1.597ms returns FALSE
T537C 244:481.664 JLINK_IsHalted()
T537C 244:483.744 - 2.056ms returns FALSE
T537C 244:483.792 JLINK_IsHalted()
T537C 244:485.584 - 1.788ms returns FALSE
T537C 244:590.896 JLINK_IsHalted()
T537C 244:591.904 - 1.000ms returns FALSE
T537C 244:591.952 JLINK_IsHalted()
T537C 244:593.824 - 1.860ms returns FALSE
T1488 244:656.384 JLINK_IsHalted()
T1488 244:657.312 - 0.926ms returns FALSE
T1488 244:657.376 JLINK_IsHalted()
T1488 244:659.200 - 1.813ms returns FALSE
T537C 244:701.136 JLINK_IsHalted()
T537C 244:703.056 - 1.933ms returns FALSE
T537C 244:703.104 JLINK_IsHalted()
T537C 244:704.944 - 1.830ms returns FALSE
T537C 244:810.336 JLINK_IsHalted()
T537C 244:811.344 - 1.001ms returns FALSE
T537C 244:811.424 JLINK_IsHalted()
T537C 244:813.216 - 1.807ms returns FALSE
T537C 244:919.680 JLINK_IsHalted()
T537C 244:921.184 - 1.516ms returns FALSE
T537C 244:921.376 JLINK_IsHalted()
T537C 244:923.088 - 1.715ms returns FALSE
T537C 245:028.864 JLINK_IsHalted()
T537C 245:031.040 - 2.164ms returns FALSE
T537C 245:031.296 JLINK_IsHalted()
T537C 245:035.904 - 4.607ms returns FALSE
T537C 245:137.952 JLINK_IsHalted()
T537C 245:139.712 - 1.763ms returns FALSE
T537C 245:139.968 JLINK_IsHalted()
T537C 245:141.552 - 1.582ms returns FALSE
T537C 245:247.568 JLINK_IsHalted()
T537C 245:250.128 - 2.569ms returns FALSE
T537C 245:250.384 JLINK_IsHalted()
T537C 245:251.872 - 1.485ms returns FALSE
T537C 245:357.008 JLINK_IsHalted()
T537C 245:358.112 - 1.093ms returns FALSE
T537C 245:358.176 JLINK_IsHalted()
T537C 245:360.048 - 1.866ms returns FALSE
T537C 245:467.008 JLINK_IsHalted()
T537C 245:469.824 - 2.790ms returns FALSE
T537C 245:470.080 JLINK_IsHalted()
T537C 245:472.640 - 2.529ms returns FALSE
T537C 245:576.352 JLINK_IsHalted()
T537C 245:579.312 - 2.974ms returns FALSE
T537C 245:579.600 JLINK_IsHalted()
T537C 245:582.496 - 2.890ms returns FALSE
T1488 245:660.368 JLINK_IsHalted()
T1488 245:662.384 - 2.034ms returns FALSE
T1488 245:662.560 JLINK_IsHalted()
T1488 245:664.416 - 1.852ms returns FALSE
T537C 245:685.024 JLINK_IsHalted()
T537C 245:687.424 - 2.399ms returns FALSE
T537C 245:687.600 JLINK_IsHalted()
T537C 245:689.264 - 1.646ms returns FALSE
T537C 245:794.176 JLINK_IsHalted()
T537C 245:795.744 - 1.559ms returns FALSE
T537C 245:795.920 JLINK_IsHalted()
T537C 245:797.536 - 1.596ms returns FALSE
T537C 245:903.824 JLINK_IsHalted()
T537C 245:907.040 - 3.213ms returns FALSE
T537C 245:907.200 JLINK_IsHalted()
T537C 245:908.896 - 1.670ms returns FALSE
T537C 246:013.280 JLINK_IsHalted()
T537C 246:015.696 - 2.404ms returns FALSE
T537C 246:015.776 JLINK_IsHalted()
T537C 246:017.440 - 1.670ms returns FALSE
T537C 246:122.496 JLINK_IsHalted()
T537C 246:125.520 - 3.028ms returns FALSE
T537C 246:125.616 JLINK_IsHalted()
T537C 246:127.568 - 1.932ms returns FALSE
T537C 246:232.400 JLINK_IsHalted()
T537C 246:234.400 - 2.018ms returns FALSE
T537C 246:234.448 JLINK_IsHalted()
T537C 246:236.464 - 2.028ms returns FALSE
T537C 246:341.040 JLINK_IsHalted()
T537C 246:343.472 - 2.439ms returns FALSE
T537C 246:343.584 JLINK_IsHalted()
T537C 246:345.168 - 1.589ms returns FALSE
T537C 246:450.464 JLINK_IsHalted()
T537C 246:452.944 - 2.496ms returns FALSE
T537C 246:453.072 JLINK_IsHalted()
T537C 246:454.688 - 1.615ms returns FALSE
T537C 246:560.032 JLINK_IsHalted()
T537C 246:562.176 - 2.143ms returns FALSE
T537C 246:562.304 JLINK_IsHalted()
T537C 246:564.128 - 1.832ms returns FALSE
T1488 246:666.240 JLINK_IsHalted()
T1488 246:667.872 - 1.648ms returns FALSE
T1488 246:668.000 JLINK_IsHalted()
T1488 246:669.856 - 1.844ms returns FALSE
T537C 246:670.080 JLINK_IsHalted()
T537C 246:671.776 - 1.668ms returns FALSE
T537C 246:671.872 JLINK_IsHalted()
T537C 246:673.616 - 1.745ms returns FALSE
T537C 246:779.232 JLINK_IsHalted()
T537C 246:781.312 - 2.069ms returns FALSE
T537C 246:781.408 JLINK_IsHalted()
T537C 246:783.232 - 1.814ms returns FALSE
T537C 246:888.288 JLINK_IsHalted()
T537C 246:890.720 - 2.442ms returns FALSE
T537C 246:890.848 JLINK_IsHalted()
T537C 246:892.720 - 1.891ms returns FALSE
T537C 246:997.792 JLINK_IsHalted()
T537C 246:999.136 - 1.356ms returns FALSE
T537C 246:999.248 JLINK_IsHalted()
T537C 247:000.864 - 1.593ms returns FALSE
T537C 247:106.992 JLINK_IsHalted()
T537C 247:109.248 - 2.261ms returns FALSE
T537C 247:109.376 JLINK_IsHalted()
T537C 247:111.040 - 1.656ms returns FALSE
T537C 247:216.288 JLINK_IsHalted()
T537C 247:218.144 - 1.880ms returns FALSE
T537C 247:218.272 JLINK_IsHalted()
T537C 247:220.064 - 1.773ms returns FALSE
T537C 247:325.280 JLINK_IsHalted()
T537C 247:328.208 - 2.923ms returns FALSE
T537C 247:328.304 JLINK_IsHalted()
T537C 247:330.000 - 1.695ms returns FALSE
T537C 247:435.680 JLINK_IsHalted()
T537C 247:437.600 - 1.929ms returns FALSE
T537C 247:437.696 JLINK_IsHalted()
T537C 247:439.360 - 1.650ms returns FALSE
T537C 247:544.928 JLINK_IsHalted()
T537C 247:547.056 - 2.128ms returns FALSE
T537C 247:547.168 JLINK_IsHalted()
T537C 247:548.976 - 1.820ms returns FALSE
T537C 247:653.728 JLINK_IsHalted()
T537C 247:658.576 - 4.828ms returns FALSE
T537C 247:658.800 JLINK_IsHalted()
T537C 247:660.464 - 1.676ms returns FALSE
T1488 247:671.088 JLINK_IsHalted()
T1488 247:672.608 - 1.512ms returns FALSE
T1488 247:672.864 JLINK_IsHalted()
T1488 247:674.656 - 1.782ms returns FALSE
T537C 247:763.744 JLINK_IsHalted()
T537C 247:765.680 - 1.938ms returns FALSE
T537C 247:765.840 JLINK_IsHalted()
T537C 247:767.552 - 1.722ms returns FALSE
T537C 247:872.336 JLINK_IsHalted()
T537C 247:875.616 - 3.278ms returns FALSE
T537C 247:875.760 JLINK_IsHalted()
T537C 247:877.152 - 1.397ms returns FALSE
T537C 247:982.256 JLINK_IsHalted()
T537C 247:983.696 - 1.424ms returns FALSE
T537C 247:983.792 JLINK_IsHalted()
T537C 247:985.616 - 1.808ms returns FALSE
T537C 248:091.008 JLINK_IsHalted()
T537C 248:092.288 - 1.265ms returns FALSE
T537C 248:092.384 JLINK_IsHalted()
T537C 248:094.288 - 1.896ms returns FALSE
T537C 248:200.832 JLINK_IsHalted()
T537C 248:202.656 - 1.835ms returns FALSE
T537C 248:202.784 JLINK_IsHalted()
T537C 248:204.496 - 1.706ms returns FALSE
T537C 248:309.728 JLINK_IsHalted()
T537C 248:311.840 - 2.109ms returns FALSE
T537C 248:311.968 JLINK_IsHalted()
T537C 248:313.824 - 1.858ms returns FALSE
T537C 248:418.912 JLINK_IsHalted()
T537C 248:421.328 - 2.391ms returns FALSE
T537C 248:421.408 JLINK_IsHalted()
T537C 248:423.216 - 1.808ms returns FALSE
T537C 248:529.152 JLINK_IsHalted()
T537C 248:531.120 - 1.960ms returns FALSE
T537C 248:531.328 JLINK_IsHalted()
T537C 248:532.784 - 1.459ms returns FALSE
T537C 248:637.824 JLINK_IsHalted()
T537C 248:640.352 - 2.555ms returns FALSE
T537C 248:640.560 JLINK_IsHalted()
T537C 248:642.096 - 1.550ms returns FALSE
T1488 248:675.936 JLINK_IsHalted()
T1488 248:677.840 - 1.891ms returns FALSE
T1488 248:678.016 JLINK_IsHalted()
T1488 248:679.584 - 1.577ms returns FALSE
T537C 248:747.808 JLINK_IsHalted()
T537C 248:749.776 - 1.968ms returns FALSE
T537C 248:749.872 JLINK_IsHalted()
T537C 248:751.696 - 1.806ms returns FALSE
T537C 248:856.528 JLINK_IsHalted()
T537C 248:858.032 - 1.508ms returns FALSE
T537C 248:858.144 JLINK_IsHalted()
T537C 248:859.808 - 1.650ms returns FALSE
T537C 248:966.816 JLINK_IsHalted()
T537C 248:968.192 - 1.387ms returns FALSE
T537C 248:968.288 JLINK_IsHalted()
T537C 248:970.080 - 1.769ms returns FALSE
T537C 249:075.888 JLINK_IsHalted()
T537C 249:077.984 - 2.091ms returns FALSE
T537C 249:078.096 JLINK_IsHalted()
T537C 249:079.984 - 1.887ms returns FALSE
T537C 249:184.976 JLINK_IsHalted()
T537C 249:187.024 - 2.056ms returns FALSE
T537C 249:187.152 JLINK_IsHalted()
T537C 249:188.896 - 1.749ms returns FALSE
T537C 249:294.816 JLINK_IsHalted()
T537C 249:296.464 - 1.644ms returns FALSE
T537C 249:296.560 JLINK_IsHalted()
T537C 249:298.224 - 1.656ms returns FALSE
T537C 249:403.616 JLINK_IsHalted()
T537C 249:405.264 - 1.643ms returns FALSE
T537C 249:405.360 JLINK_IsHalted()
T537C 249:406.896 - 1.526ms returns FALSE
T537C 249:513.008 JLINK_IsHalted()
T537C 249:515.040 - 2.000ms returns FALSE
T537C 249:515.184 JLINK_IsHalted()
T537C 249:517.024 - 1.844ms returns FALSE
T537C 249:622.752 JLINK_IsHalted()
T537C 249:624.800 - 2.051ms returns FALSE
T537C 249:625.008 JLINK_IsHalted()
T537C 249:626.448 - 1.438ms returns FALSE
T1488 249:679.904 JLINK_IsHalted()
T1488 249:682.096 - 2.208ms returns FALSE
T1488 249:682.208 JLINK_IsHalted()
T1488 249:683.936 - 1.727ms returns FALSE
T537C 249:732.304 JLINK_IsHalted()
T537C 249:734.448 - 2.152ms returns FALSE
T537C 249:734.560 JLINK_IsHalted()
T537C 249:736.144 - 1.591ms returns FALSE
T537C 249:841.232 JLINK_IsHalted()
T537C 249:842.864 - 1.635ms returns FALSE
T537C 249:842.976 JLINK_IsHalted()
T537C 249:844.528 - 1.568ms returns FALSE
T537C 249:950.848 JLINK_IsHalted()
T537C 249:952.208 - 1.341ms returns FALSE
T537C 249:952.304 JLINK_IsHalted()
T537C 249:954.016 - 1.710ms returns FALSE
T537C 250:060.496 JLINK_IsHalted()
T537C 250:062.720 - 2.233ms returns FALSE
T537C 250:062.816 JLINK_IsHalted()
T537C 250:064.432 - 1.608ms returns FALSE
T537C 250:169.040 JLINK_IsHalted()
T537C 250:171.184 - 2.137ms returns FALSE
T537C 250:171.296 JLINK_IsHalted()
T537C 250:173.024 - 1.748ms returns FALSE
T537C 250:278.704 JLINK_IsHalted()
T537C 250:280.544 - 1.822ms returns FALSE
T537C 250:280.608 JLINK_IsHalted()
T537C 250:282.192 - 1.573ms returns FALSE
T537C 250:387.888 JLINK_IsHalted()
T537C 250:389.968 - 2.066ms returns FALSE
T537C 250:390.096 JLINK_IsHalted()
T537C 250:391.840 - 1.733ms returns FALSE
T537C 250:497.152 JLINK_IsHalted()
T537C 250:498.976 - 1.807ms returns FALSE
T537C 250:499.040 JLINK_IsHalted()
T537C 250:500.864 - 1.803ms returns FALSE
T537C 250:607.312 JLINK_IsHalted()
T537C 250:609.824 - 2.507ms returns FALSE
T537C 250:609.952 JLINK_IsHalted()
T537C 250:611.792 - 1.842ms returns FALSE
T1488 250:684.800 JLINK_IsHalted()
T1488 250:687.056 - 2.240ms returns FALSE
T1488 250:687.184 JLINK_IsHalted()
T1488 250:688.928 - 1.721ms returns FALSE
T537C 250:716.464 JLINK_IsHalted()
T537C 250:718.640 - 2.174ms returns FALSE
T537C 250:718.768 JLINK_IsHalted()
T537C 250:720.384 - 1.598ms returns FALSE
T537C 250:825.632 JLINK_IsHalted()
T537C 250:827.952 - 2.341ms returns FALSE
T537C 250:828.112 JLINK_IsHalted()
T537C 250:829.744 - 1.627ms returns FALSE
T537C 250:935.040 JLINK_IsHalted()
T537C 250:937.392 - 2.361ms returns FALSE
T537C 250:937.600 JLINK_IsHalted()
T537C 250:939.568 - 1.951ms returns FALSE
T537C 251:044.320 JLINK_IsHalted()
T537C 251:045.840 - 1.509ms returns FALSE
T537C 251:045.968 JLINK_IsHalted()
T537C 251:049.568 - 3.587ms returns FALSE
T537C 251:153.632 JLINK_IsHalted()
T537C 251:155.808 - 2.159ms returns FALSE
T537C 251:156.016 JLINK_IsHalted()
T537C 251:157.728 - 1.716ms returns FALSE
T537C 251:262.976 JLINK_IsHalted()
T537C 251:265.504 - 2.545ms returns FALSE
T537C 251:265.616 JLINK_IsHalted()
T537C 251:267.360 - 1.751ms returns FALSE
T537C 251:372.464 JLINK_IsHalted()
T537C 251:373.920 - 1.459ms returns FALSE
T537C 251:374.048 JLINK_IsHalted()
T537C 251:376.000 - 1.934ms returns FALSE
T537C 251:482.144 JLINK_IsHalted()
T537C 251:483.984 - 1.852ms returns FALSE
T537C 251:484.128 JLINK_IsHalted()
T537C 251:486.128 - 1.985ms returns FALSE
T537C 251:591.472 JLINK_IsHalted()
T537C 251:592.832 - 1.351ms returns FALSE
T537C 251:592.928 JLINK_IsHalted()
T537C 251:594.784 - 1.819ms returns FALSE
T1488 251:690.016 JLINK_IsHalted()
T1488 251:692.000 - 1.992ms returns FALSE
T1488 251:692.128 JLINK_IsHalted()
T1488 251:693.776 - 1.634ms returns FALSE
T537C 251:700.640 JLINK_IsHalted()
T537C 251:702.624 - 1.995ms returns FALSE
T537C 251:702.784 JLINK_IsHalted()
T537C 251:704.528 - 1.732ms returns FALSE
T537C 251:810.128 JLINK_IsHalted()
T537C 251:812.272 - 2.139ms returns FALSE
T537C 251:812.432 JLINK_IsHalted()
T537C 251:814.432 - 2.000ms returns FALSE
T537C 251:919.408 JLINK_IsHalted()
T537C 251:921.872 - 2.442ms returns FALSE
T537C 251:922.048 JLINK_IsHalted()
T537C 251:923.872 - 1.832ms returns FALSE
T537C 252:028.896 JLINK_IsHalted()
T537C 252:030.800 - 1.879ms returns FALSE
T537C 252:030.976 JLINK_IsHalted()
T537C 252:032.432 - 1.460ms returns FALSE
T537C 252:138.368 JLINK_IsHalted()
T537C 252:140.208 - 1.838ms returns FALSE
T537C 252:140.384 JLINK_IsHalted()
T537C 252:141.792 - 1.415ms returns FALSE
T537C 252:247.264 JLINK_IsHalted()
T537C 252:250.544 - 3.276ms returns FALSE
T537C 252:250.784 JLINK_IsHalted()
T537C 252:252.544 - 1.769ms returns FALSE
T537C 252:356.480 JLINK_IsHalted()
T537C 252:357.920 - 1.409ms returns FALSE
T537C 252:358.016 JLINK_IsHalted()
T537C 252:359.504 - 1.485ms returns FALSE
T537C 252:466.592 JLINK_IsHalted()
T537C 252:468.768 - 2.179ms returns FALSE
T537C 252:468.864 JLINK_IsHalted()
T537C 252:472.288 - 3.435ms returns FALSE
T537C 252:576.128 JLINK_IsHalted()
T537C 252:579.248 - 3.127ms returns FALSE
T537C 252:579.504 JLINK_IsHalted()
T537C 252:581.152 - 1.635ms returns FALSE
T537C 252:685.600 JLINK_IsHalted()
T537C 252:687.440 - 1.847ms returns FALSE
T537C 252:687.584 JLINK_IsHalted()
T537C 252:689.536 - 1.930ms returns FALSE
T1488 252:694.992 JLINK_IsHalted()
T1488 252:696.704 - 1.714ms returns FALSE
T1488 252:696.832 JLINK_IsHalted()
T1488 252:698.704 - 1.844ms returns FALSE
T537C 252:794.192 JLINK_IsHalted()
T537C 252:795.472 - 1.267ms returns FALSE
T537C 252:795.552 JLINK_IsHalted()
T537C 252:797.648 - 2.113ms returns FALSE
T537C 252:903.904 JLINK_IsHalted()
T537C 252:906.016 - 2.109ms returns FALSE
T537C 252:906.080 JLINK_IsHalted()
T537C 252:908.064 - 1.974ms returns FALSE
T537C 253:012.864 JLINK_IsHalted()
T537C 253:014.112 - 1.255ms returns FALSE
T537C 253:014.224 JLINK_IsHalted()
T537C 253:016.016 - 1.810ms returns FALSE
T537C 253:122.256 JLINK_IsHalted()
T537C 253:124.144 - 1.902ms returns FALSE
T537C 253:124.256 JLINK_IsHalted()
T537C 253:126.192 - 1.962ms returns FALSE
T537C 253:231.648 JLINK_IsHalted()
T537C 253:233.744 - 2.089ms returns FALSE
T537C 253:233.792 JLINK_IsHalted()
T537C 253:235.424 - 1.638ms returns FALSE
T537C 253:341.264 JLINK_IsHalted()
T537C 253:343.200 - 1.954ms returns FALSE
T537C 253:343.360 JLINK_IsHalted()
T537C 253:346.896 - 3.527ms returns FALSE
T537C 253:451.008 JLINK_IsHalted()
T537C 253:453.056 - 2.044ms returns FALSE
T537C 253:453.152 JLINK_IsHalted()
T537C 253:455.024 - 1.868ms returns FALSE
T537C 253:560.288 JLINK_IsHalted()
T537C 253:562.080 - 1.806ms returns FALSE
T537C 253:562.240 JLINK_IsHalted()
T537C 253:563.872 - 1.631ms returns FALSE
T537C 253:669.680 JLINK_IsHalted()
T537C 253:671.680 - 2.000ms returns FALSE
T537C 253:671.760 JLINK_IsHalted()
T537C 253:673.904 - 2.154ms returns FALSE
T1488 253:698.992 JLINK_IsHalted()
T1488 253:700.176 - 1.170ms returns FALSE
T1488 253:700.224 JLINK_IsHalted()
T1488 253:702.016 - 1.780ms returns FALSE
T537C 253:778.336 JLINK_IsHalted()
T537C 253:780.000 - 1.667ms returns FALSE
T537C 253:780.096 JLINK_IsHalted()
T537C 253:781.888 - 1.810ms returns FALSE
T537C 253:888.432 JLINK_IsHalted()
T537C 253:889.664 - 1.228ms returns FALSE
T537C 253:889.744 JLINK_IsHalted()
T537C 253:891.680 - 1.944ms returns FALSE
T537C 253:997.344 JLINK_IsHalted()
T537C 253:998.368 - 1.013ms returns FALSE
T537C 253:998.464 JLINK_IsHalted()
T537C 254:000.096 - 1.620ms returns FALSE
T537C 254:107.312 JLINK_IsHalted()
T537C 254:109.408 - 2.104ms returns FALSE
T537C 254:109.472 JLINK_IsHalted()
T537C 254:111.008 - 1.531ms returns FALSE
T537C 254:216.448 JLINK_IsHalted()
T537C 254:218.208 - 1.755ms returns FALSE
T537C 254:218.320 JLINK_IsHalted()
T537C 254:219.744 - 1.432ms returns FALSE
T537C 254:325.968 JLINK_IsHalted()
T537C 254:328.352 - 2.390ms returns FALSE
T537C 254:328.416 JLINK_IsHalted()
T537C 254:330.160 - 1.749ms returns FALSE
T537C 254:434.656 JLINK_IsHalted()
T537C 254:436.736 - 2.070ms returns FALSE
T537C 254:436.784 JLINK_IsHalted()
T537C 254:438.656 - 1.866ms returns FALSE
T537C 254:543.920 JLINK_IsHalted()
T537C 254:545.248 - 1.345ms returns FALSE
T537C 254:545.328 JLINK_IsHalted()
T537C 254:546.912 - 1.598ms returns FALSE
T537C 254:653.728 JLINK_IsHalted()
T537C 254:655.616 - 1.889ms returns FALSE
T537C 254:655.696 JLINK_IsHalted()
T537C 254:657.280 - 1.582ms returns FALSE
T1488 254:702.416 JLINK_IsHalted()
T1488 254:703.520 - 1.090ms returns FALSE
T1488 254:703.616 JLINK_IsHalted()
T1488 254:707.072 - 3.458ms returns FALSE
T537C 254:762.800 JLINK_IsHalted()
T537C 254:764.752 - 1.951ms returns FALSE
T537C 254:764.832 JLINK_IsHalted()
T537C 254:766.624 - 1.779ms returns FALSE
T537C 254:872.288 JLINK_IsHalted()
T537C 254:875.040 - 2.727ms returns FALSE
T537C 254:875.088 JLINK_IsHalted()
T537C 254:876.848 - 1.760ms returns FALSE
T537C 254:981.536 JLINK_IsHalted()
T537C 254:983.680 - 2.156ms returns FALSE
T537C 254:983.760 JLINK_IsHalted()
T537C 254:989.776 - 6.013ms returns FALSE
T537C 255:091.424 JLINK_IsHalted()
T537C 255:093.344 - 1.907ms returns FALSE
T537C 255:093.408 JLINK_IsHalted()
T537C 255:095.216 - 1.823ms returns FALSE
T537C 255:200.336 JLINK_IsHalted()
T537C 255:201.664 - 1.351ms returns FALSE
T537C 255:201.712 JLINK_IsHalted()
T537C 255:203.792 - 2.048ms returns FALSE
T537C 255:310.368 JLINK_IsHalted()
T537C 255:311.920 - 1.554ms returns FALSE
T537C 255:311.968 JLINK_IsHalted()
T537C 255:314.080 - 2.099ms returns FALSE
T537C 255:419.056 JLINK_IsHalted()
T537C 255:420.128 - 1.056ms returns FALSE
T537C 255:420.240 JLINK_IsHalted()
T537C 255:422.240 - 2.002ms returns FALSE
T537C 255:529.424 JLINK_IsHalted()
T537C 255:531.552 - 2.127ms returns FALSE
T537C 255:531.648 JLINK_IsHalted()
T537C 255:533.520 - 1.850ms returns FALSE
T537C 255:638.448 JLINK_IsHalted()
T537C 255:640.528 - 2.086ms returns FALSE
T537C 255:640.656 JLINK_IsHalted()
T537C 255:642.496 - 1.837ms returns FALSE
T1488 255:707.520 JLINK_IsHalted()
T1488 255:709.280 - 1.764ms returns FALSE
T1488 255:709.392 JLINK_IsHalted()
T1488 255:711.200 - 1.817ms returns FALSE
T537C 255:748.128 JLINK_IsHalted()
T537C 255:749.984 - 1.872ms returns FALSE
T537C 255:750.112 JLINK_IsHalted()
T537C 255:751.936 - 1.824ms returns FALSE
T537C 255:856.800 JLINK_IsHalted()
T537C 255:858.096 - 1.323ms returns FALSE
T537C 255:858.208 JLINK_IsHalted()
T537C 255:859.936 - 1.741ms returns FALSE
T537C 255:966.080 JLINK_IsHalted()
T537C 255:968.000 - 1.898ms returns FALSE
T537C 255:968.080 JLINK_IsHalted()
T537C 255:969.824 - 1.738ms returns FALSE
T537C 256:076.240 JLINK_IsHalted()
T537C 256:079.392 - 3.144ms returns FALSE
T537C 256:079.488 JLINK_IsHalted()
T537C 256:081.328 - 1.850ms returns FALSE
T537C 256:185.600 JLINK_IsHalted()
T537C 256:186.832 - 1.225ms returns FALSE
T537C 256:186.960 JLINK_IsHalted()
T537C 256:188.576 - 1.630ms returns FALSE
T537C 256:294.320 JLINK_IsHalted()
T537C 256:298.016 - 3.681ms returns FALSE
T537C 256:298.112 JLINK_IsHalted()
T537C 256:299.808 - 1.677ms returns FALSE
T537C 256:403.584 JLINK_IsHalted()
T537C 256:404.912 - 1.315ms returns FALSE
T537C 256:404.960 JLINK_IsHalted()
T537C 256:406.864 - 1.892ms returns FALSE
T537C 256:512.992 JLINK_IsHalted()
T537C 256:514.640 - 1.633ms returns FALSE
T537C 256:514.720 JLINK_IsHalted()
T537C 256:516.320 - 1.613ms returns FALSE
T537C 256:622.384 JLINK_IsHalted()
T537C 256:624.336 - 1.945ms returns FALSE
T537C 256:624.464 JLINK_IsHalted()
T537C 256:626.464 - 1.997ms returns FALSE
T1488 256:711.584 JLINK_IsHalted()
T1488 256:713.424 - 1.847ms returns FALSE
T1488 256:713.552 JLINK_IsHalted()
T1488 256:715.296 - 1.728ms returns FALSE
T537C 256:732.128 JLINK_IsHalted()
T537C 256:733.152 - 1.040ms returns FALSE
T537C 256:733.280 JLINK_IsHalted()
T537C 256:734.976 - 1.704ms returns FALSE
T537C 256:840.928 JLINK_IsHalted()
T537C 256:841.984 - 1.054ms returns FALSE
T537C 256:842.080 JLINK_IsHalted()
T537C 256:843.872 - 1.813ms returns FALSE
T537C 256:951.216 JLINK_IsHalted()
T537C 256:954.160 - 2.941ms returns FALSE
T537C 256:954.208 JLINK_IsHalted()
T537C 256:955.952 - 1.744ms returns FALSE
T537C 257:060.176 JLINK_IsHalted()
T537C 257:062.320 - 2.137ms returns FALSE
T537C 257:062.432 JLINK_IsHalted()
T537C 257:064.192 - 1.769ms returns FALSE
T537C 257:169.152 JLINK_IsHalted()
T537C 257:171.408 - 2.246ms returns FALSE
T537C 257:171.504 JLINK_IsHalted()
T537C 257:173.280 - 1.750ms returns FALSE
T537C 257:279.152 JLINK_IsHalted()
T537C 257:281.232 - 2.061ms returns FALSE
T537C 257:281.376 JLINK_IsHalted()
T537C 257:282.864 - 1.478ms returns FALSE
T537C 257:388.240 JLINK_IsHalted()
T537C 257:390.080 - 1.838ms returns FALSE
T537C 257:390.208 JLINK_IsHalted()
T537C 257:391.648 - 1.418ms returns FALSE
T537C 257:497.600 JLINK_IsHalted()
T537C 257:499.984 - 2.376ms returns FALSE
T537C 257:500.080 JLINK_IsHalted()
T537C 257:501.520 - 1.442ms returns FALSE
T537C 257:606.656 JLINK_IsHalted()
T537C 257:608.240 - 1.578ms returns FALSE
T537C 257:608.400 JLINK_IsHalted()
T537C 257:609.824 - 1.443ms returns FALSE
T537C 257:716.304 JLINK_IsHalted()
T537C 257:720.144 - 3.842ms returns FALSE
T537C 257:720.352 JLINK_IsHalted()
T537C 257:721.984 - 1.640ms returns FALSE
T1488 257:722.272 JLINK_IsHalted()
T1488 257:723.952 - 1.694ms returns FALSE
T1488 257:724.112 JLINK_IsHalted()
T1488 257:725.872 - 1.756ms returns FALSE
T537C 257:825.792 JLINK_IsHalted()
T537C 257:828.016 - 2.237ms returns FALSE
T537C 257:828.176 JLINK_IsHalted()
T537C 257:829.840 - 1.665ms returns FALSE
T537C 257:935.312 JLINK_IsHalted()
T537C 257:936.416 - 1.108ms returns FALSE
T537C 257:936.512 JLINK_IsHalted()
T537C 257:938.144 - 1.643ms returns FALSE
T537C 258:044.592 JLINK_IsHalted()
T537C 258:046.944 - 2.332ms returns FALSE
T537C 258:047.024 JLINK_IsHalted()
T537C 258:048.640 - 1.630ms returns FALSE
T537C 258:153.648 JLINK_IsHalted()
T537C 258:156.240 - 2.581ms returns FALSE
T537C 258:156.368 JLINK_IsHalted()
T537C 258:158.112 - 1.742ms returns FALSE
T537C 258:263.008 JLINK_IsHalted()
T537C 258:264.656 - 1.631ms returns FALSE
T537C 258:264.784 JLINK_IsHalted()
T537C 258:266.528 - 1.736ms returns FALSE
T537C 258:373.328 JLINK_IsHalted()
T537C 258:375.136 - 1.825ms returns FALSE
T537C 258:375.248 JLINK_IsHalted()
T537C 258:377.056 - 1.832ms returns FALSE
T537C 258:481.616 JLINK_IsHalted()
T537C 258:483.680 - 2.066ms returns FALSE
T537C 258:483.968 JLINK_IsHalted()
T537C 258:485.536 - 1.571ms returns FALSE
T537C 258:591.696 JLINK_IsHalted()
T537C 258:594.992 - 3.308ms returns FALSE
T537C 258:595.152 JLINK_IsHalted()
T537C 258:596.896 - 1.722ms returns FALSE
T537C 258:701.024 JLINK_IsHalted()
T537C 258:703.184 - 2.136ms returns FALSE
T537C 258:703.232 JLINK_IsHalted()
T537C 258:704.976 - 1.738ms returns FALSE
T1488 258:726.272 JLINK_IsHalted()
T1488 258:727.840 - 1.555ms returns FALSE
T1488 258:727.936 JLINK_IsHalted()
T1488 258:729.680 - 1.741ms returns FALSE
T537C 258:809.984 JLINK_IsHalted()
T537C 258:811.728 - 1.748ms returns FALSE
T537C 258:811.952 JLINK_IsHalted()
T537C 258:813.856 - 1.894ms returns FALSE
T537C 258:919.632 JLINK_IsHalted()
T537C 258:921.888 - 2.253ms returns FALSE
T537C 258:922.032 JLINK_IsHalted()
T537C 258:923.696 - 1.669ms returns FALSE
T537C 259:028.688 JLINK_IsHalted()
T537C 259:030.432 - 1.724ms returns FALSE
T537C 259:030.480 JLINK_IsHalted()
T537C 259:032.064 - 1.577ms returns FALSE
T537C 259:138.224 JLINK_IsHalted()
T537C 259:140.016 - 1.790ms returns FALSE
T537C 259:140.144 JLINK_IsHalted()
T537C 259:141.728 - 1.587ms returns FALSE
T537C 259:247.840 JLINK_IsHalted()
T537C 259:249.760 - 1.906ms returns FALSE
T537C 259:249.872 JLINK_IsHalted()
T537C 259:251.680 - 1.822ms returns FALSE
T537C 259:356.576 JLINK_IsHalted()
T537C 259:359.056 - 2.489ms returns FALSE
T537C 259:359.152 JLINK_IsHalted()
T537C 259:360.992 - 1.831ms returns FALSE
T537C 259:466.464 JLINK_IsHalted()
T537C 259:470.304 - 3.825ms returns FALSE
T537C 259:470.432 JLINK_IsHalted()
T537C 259:472.176 - 1.735ms returns FALSE
T537C 259:575.456 JLINK_IsHalted()
T537C 259:576.960 - 1.497ms returns FALSE
T537C 259:577.040 JLINK_IsHalted()
T537C 259:578.928 - 1.896ms returns FALSE
T537C 259:684.816 JLINK_IsHalted()
T537C 259:686.400 - 1.564ms returns FALSE
T537C 259:686.528 JLINK_IsHalted()
T537C 259:688.480 - 1.941ms returns FALSE
T1488 259:731.248 JLINK_IsHalted()
T1488 259:733.376 - 2.138ms returns FALSE
T1488 259:733.536 JLINK_IsHalted()
T1488 259:735.392 - 1.853ms returns FALSE
T537C 259:794.896 JLINK_IsHalted()
T537C 259:798.432 - 3.520ms returns FALSE
T537C 259:798.496 JLINK_IsHalted()
T537C 259:800.160 - 1.657ms returns FALSE
T537C 259:903.840 JLINK_IsHalted()
T537C 259:905.584 - 1.743ms returns FALSE
T537C 259:905.712 JLINK_IsHalted()
T537C 259:907.504 - 1.777ms returns FALSE
T537C 260:012.880 JLINK_IsHalted()
T537C 260:014.752 - 1.879ms returns FALSE
T537C 260:014.880 JLINK_IsHalted()
T537C 260:016.688 - 1.830ms returns FALSE
T537C 260:122.288 JLINK_IsHalted()
T537C 260:124.368 - 2.090ms returns FALSE
T537C 260:124.464 JLINK_IsHalted()
T537C 260:128.128 - 3.652ms returns FALSE
T537C 260:232.096 JLINK_IsHalted()
T537C 260:233.120 - 1.024ms returns FALSE
T537C 260:233.248 JLINK_IsHalted()
T537C 260:234.976 - 1.730ms returns FALSE
T537C 260:341.552 JLINK_IsHalted()
T537C 260:342.656 - 1.123ms returns FALSE
T537C 260:342.736 JLINK_IsHalted()
T537C 260:344.656 - 1.915ms returns FALSE
T537C 260:450.640 JLINK_IsHalted()
T537C 260:452.896 - 2.260ms returns FALSE
T537C 260:452.992 JLINK_IsHalted()
T537C 260:454.752 - 1.779ms returns FALSE
T537C 260:560.256 JLINK_IsHalted()
T537C 260:562.848 - 2.586ms returns FALSE
T537C 260:562.992 JLINK_IsHalted()
T537C 260:564.896 - 1.875ms returns FALSE
T537C 260:669.952 JLINK_IsHalted()
T537C 260:671.488 - 1.547ms returns FALSE
T537C 260:671.696 JLINK_IsHalted()
T537C 260:673.408 - 1.727ms returns FALSE
T1488 260:736.464 JLINK_IsHalted()
T1488 260:738.000 - 1.522ms returns FALSE
T1488 260:738.128 JLINK_IsHalted()
T1488 260:740.048 - 1.912ms returns FALSE
T537C 260:778.784 JLINK_IsHalted()
T537C 260:780.896 - 2.117ms returns FALSE
T537C 260:781.024 JLINK_IsHalted()
T537C 260:782.976 - 1.929ms returns FALSE
T537C 260:888.656 JLINK_IsHalted()
T537C 260:891.344 - 2.689ms returns FALSE
T537C 260:891.488 JLINK_IsHalted()
T537C 260:893.472 - 1.972ms returns FALSE
T537C 260:997.248 JLINK_IsHalted()
T537C 260:998.912 - 1.670ms returns FALSE
T537C 260:999.072 JLINK_IsHalted()
T537C 261:001.056 - 2.012ms returns FALSE
T537C 261:107.104 JLINK_IsHalted()
T537C 261:108.608 - 1.506ms returns FALSE
T537C 261:108.704 JLINK_IsHalted()
T537C 261:110.368 - 1.667ms returns FALSE
T537C 261:215.952 JLINK_IsHalted()
T537C 261:219.536 - 3.577ms returns FALSE
T537C 261:219.632 JLINK_IsHalted()
T537C 261:221.376 - 1.729ms returns FALSE
T537C 261:326.176 JLINK_IsHalted()
T537C 261:327.712 - 1.537ms returns FALSE
T537C 261:327.776 JLINK_IsHalted()
T537C 261:329.568 - 1.801ms returns FALSE
T537C 261:435.488 JLINK_IsHalted()
T537C 261:436.592 - 1.119ms returns FALSE
T537C 261:436.672 JLINK_IsHalted()
T537C 261:438.496 - 1.818ms returns FALSE
T537C 261:544.096 JLINK_IsHalted()
T537C 261:546.288 - 2.197ms returns FALSE
T537C 261:546.368 JLINK_IsHalted()
T537C 261:548.336 - 1.992ms returns FALSE
T537C 261:653.424 JLINK_IsHalted()
T537C 261:656.368 - 2.944ms returns FALSE
T537C 261:656.528 JLINK_IsHalted()
T537C 261:658.240 - 1.696ms returns FALSE
T1488 261:740.752 JLINK_IsHalted()
T1488 261:742.256 - 1.514ms returns FALSE
T1488 261:742.384 JLINK_IsHalted()
T1488 261:744.304 - 1.900ms returns FALSE
T537C 261:763.456 JLINK_IsHalted()
T537C 261:765.936 - 2.462ms returns FALSE
T537C 261:766.096 JLINK_IsHalted()
T537C 261:767.680 - 1.601ms returns FALSE
T537C 261:872.928 JLINK_IsHalted()
T537C 261:874.736 - 1.821ms returns FALSE
T537C 261:874.896 JLINK_IsHalted()
T537C 261:876.448 - 1.548ms returns FALSE
T537C 261:982.176 JLINK_IsHalted()
T537C 261:983.840 - 1.667ms returns FALSE
T537C 261:983.920 JLINK_IsHalted()
T537C 261:985.696 - 1.772ms returns FALSE
T537C 262:091.472 JLINK_IsHalted()
T537C 262:093.792 - 2.330ms returns FALSE
T537C 262:093.872 JLINK_IsHalted()
T537C 262:095.664 - 1.795ms returns FALSE
T537C 262:200.752 JLINK_IsHalted()
T537C 262:202.544 - 1.796ms returns FALSE
T537C 262:202.656 JLINK_IsHalted()
T537C 262:204.448 - 1.773ms returns FALSE
T537C 262:310.304 JLINK_IsHalted()
T537C 262:312.400 - 2.108ms returns FALSE
T537C 262:312.528 JLINK_IsHalted()
T537C 262:314.288 - 1.753ms returns FALSE
T537C 262:419.920 JLINK_IsHalted()
T537C 262:421.792 - 1.851ms returns FALSE
T537C 262:421.888 JLINK_IsHalted()
T537C 262:423.776 - 1.876ms returns FALSE
T537C 262:528.896 JLINK_IsHalted()
T537C 262:531.072 - 2.163ms returns FALSE
T537C 262:531.168 JLINK_IsHalted()
T537C 262:533.120 - 1.933ms returns FALSE
T537C 262:637.952 JLINK_IsHalted()
T537C 262:639.648 - 1.679ms returns FALSE
T537C 262:639.776 JLINK_IsHalted()
T537C 262:641.408 - 1.632ms returns FALSE
T1488 262:745.472 JLINK_IsHalted()
T1488 262:747.392 - 1.913ms returns FALSE
T1488 262:747.472 JLINK_IsHalted()
T1488 262:749.440 - 1.970ms returns FALSE
T537C 262:749.568 JLINK_IsHalted()
T537C 262:753.232 - 3.656ms returns FALSE
T537C 262:753.328 JLINK_IsHalted()
T537C 262:755.040 - 1.707ms returns FALSE
T537C 262:857.440 JLINK_IsHalted()
T537C 262:858.576 - 1.129ms returns FALSE
T537C 262:858.656 JLINK_IsHalted()
T537C 262:860.592 - 1.953ms returns FALSE
T537C 262:966.560 JLINK_IsHalted()
T537C 262:968.752 - 2.189ms returns FALSE
T537C 262:968.880 JLINK_IsHalted()
T537C 262:970.752 - 1.864ms returns FALSE
T537C 263:075.456 JLINK_IsHalted()
T537C 263:076.896 - 1.429ms returns FALSE
T537C 263:077.024 JLINK_IsHalted()
T537C 263:078.912 - 1.887ms returns FALSE
T537C 263:184.608 JLINK_IsHalted()
T537C 263:186.144 - 1.519ms returns FALSE
T537C 263:186.224 JLINK_IsHalted()
T537C 263:188.320 - 2.103ms returns FALSE
T537C 263:294.464 JLINK_IsHalted()
T537C 263:296.176 - 1.727ms returns FALSE
T537C 263:296.256 JLINK_IsHalted()
T537C 263:297.968 - 1.706ms returns FALSE
T537C 263:404.192 JLINK_IsHalted()
T537C 263:405.648 - 1.463ms returns FALSE
T537C 263:405.776 JLINK_IsHalted()
T537C 263:407.776 - 2.009ms returns FALSE
T537C 263:512.960 JLINK_IsHalted()
T537C 263:514.752 - 1.802ms returns FALSE
T537C 263:514.960 JLINK_IsHalted()
T537C 263:516.416 - 1.457ms returns FALSE
T537C 263:622.224 JLINK_IsHalted()
T537C 263:626.080 - 3.852ms returns FALSE
T537C 263:626.208 JLINK_IsHalted()
T537C 263:627.952 - 1.740ms returns FALSE
T537C 263:732.048 JLINK_IsHalted()
T537C 263:734.320 - 2.293ms returns FALSE
T537C 263:734.480 JLINK_IsHalted()
T537C 263:735.888 - 1.414ms returns FALSE
T1488 263:749.376 JLINK_IsHalted()
T1488 263:750.784 - 1.388ms returns FALSE
T1488 263:750.912 JLINK_IsHalted()
T1488 263:752.880 - 1.972ms returns FALSE
T537C 263:841.536 JLINK_IsHalted()
T537C 263:843.840 - 2.287ms returns FALSE
T537C 263:843.936 JLINK_IsHalted()
T537C 263:847.008 - 3.075ms returns FALSE
T537C 263:950.416 JLINK_IsHalted()
T537C 263:952.512 - 2.114ms returns FALSE
T537C 263:952.672 JLINK_IsHalted()
T537C 263:954.080 - 1.395ms returns FALSE
T537C 264:060.448 JLINK_IsHalted()
T537C 264:062.176 - 1.729ms returns FALSE
T537C 264:062.336 JLINK_IsHalted()
T537C 264:063.696 - 1.350ms returns FALSE
T537C 264:169.168 JLINK_IsHalted()
T537C 264:170.400 - 1.231ms returns FALSE
T537C 264:170.528 JLINK_IsHalted()
T537C 264:172.208 - 1.703ms returns FALSE
T537C 264:278.576 JLINK_IsHalted()
T537C 264:280.352 - 1.774ms returns FALSE
T537C 264:280.416 JLINK_IsHalted()
T537C 264:282.400 - 1.965ms returns FALSE
T537C 264:387.920 JLINK_IsHalted()
T537C 264:389.936 - 2.019ms returns FALSE
T537C 264:390.048 JLINK_IsHalted()
T537C 264:391.968 - 1.921ms returns FALSE
T537C 264:497.920 JLINK_IsHalted()
T537C 264:499.936 - 2.033ms returns FALSE
T537C 264:500.176 JLINK_IsHalted()
T537C 264:503.760 - 3.580ms returns FALSE
T537C 264:606.720 JLINK_IsHalted()
T537C 264:608.816 - 2.113ms returns FALSE
T537C 264:608.928 JLINK_IsHalted()
T537C 264:610.688 - 1.757ms returns FALSE
T537C 264:716.416 JLINK_IsHalted()
T537C 264:718.368 - 1.947ms returns FALSE
T537C 264:718.512 JLINK_IsHalted()
T537C 264:722.128 - 3.609ms returns FALSE
T1488 264:753.504 JLINK_IsHalted()
T1488 264:755.408 - 1.900ms returns FALSE
T1488 264:755.488 JLINK_IsHalted()
T1488 264:757.248 - 1.777ms returns FALSE
T537C 264:825.696 JLINK_IsHalted()
T537C 264:827.264 - 1.571ms returns FALSE
T537C 264:827.344 JLINK_IsHalted()
T537C 264:829.024 - 1.693ms returns FALSE
T537C 264:934.784 JLINK_IsHalted()
T537C 264:936.624 - 1.844ms returns FALSE
T537C 264:936.800 JLINK_IsHalted()
T537C 264:938.336 - 1.538ms returns FALSE
T537C 265:044.192 JLINK_IsHalted()
T537C 265:046.784 - 2.583ms returns FALSE
T537C 265:046.880 JLINK_IsHalted()
T537C 265:048.480 - 1.574ms returns FALSE
T537C 265:154.224 JLINK_IsHalted()
T537C 265:157.552 - 3.338ms returns FALSE
T537C 265:157.680 JLINK_IsHalted()
T537C 265:159.392 - 1.706ms returns FALSE
T537C 265:265.120 JLINK_IsHalted()
T537C 265:267.168 - 2.031ms returns FALSE
T537C 265:267.232 JLINK_IsHalted()
T537C 265:269.040 - 1.802ms returns FALSE
T537C 265:372.832 JLINK_IsHalted()
T537C 265:373.792 - 0.969ms returns FALSE
T537C 265:373.872 JLINK_IsHalted()
T537C 265:375.648 - 1.757ms returns FALSE
T537C 265:481.936 JLINK_IsHalted()
T537C 265:483.952 - 2.017ms returns FALSE
T537C 265:484.080 JLINK_IsHalted()
T537C 265:485.792 - 1.731ms returns FALSE
T537C 265:591.120 JLINK_IsHalted()
T537C 265:592.416 - 1.294ms returns FALSE
T537C 265:592.544 JLINK_IsHalted()
T537C 265:594.400 - 1.829ms returns FALSE
T537C 265:700.656 JLINK_IsHalted()
T537C 265:703.200 - 2.531ms returns FALSE
T537C 265:703.328 JLINK_IsHalted()
T537C 265:704.992 - 1.665ms returns FALSE
T1488 265:757.792 JLINK_IsHalted()
T1488 265:759.104 - 1.290ms returns FALSE
T1488 265:759.232 JLINK_IsHalted()
T1488 265:760.976 - 1.727ms returns FALSE
T537C 265:809.888 JLINK_IsHalted()
T537C 265:811.104 - 1.214ms returns FALSE
T537C 265:811.168 JLINK_IsHalted()
T537C 265:813.152 - 1.971ms returns FALSE
T537C 265:919.104 JLINK_IsHalted()
T537C 265:922.480 - 3.381ms returns FALSE
T537C 265:922.608 JLINK_IsHalted()
T537C 265:924.320 - 1.713ms returns FALSE
T537C 266:028.848 JLINK_IsHalted()
T537C 266:030.336 - 1.464ms returns FALSE
T537C 266:030.464 JLINK_IsHalted()
T537C 266:032.224 - 1.757ms returns FALSE
T537C 266:138.320 JLINK_IsHalted()
T537C 266:140.064 - 1.742ms returns FALSE
T537C 266:140.192 JLINK_IsHalted()
T537C 266:141.920 - 1.722ms returns FALSE
T537C 266:247.088 JLINK_IsHalted()
T537C 266:248.288 - 1.218ms returns FALSE
T537C 266:248.368 JLINK_IsHalted()
T537C 266:250.528 - 2.161ms returns FALSE
T537C 266:356.528 JLINK_IsHalted()
T537C 266:357.728 - 1.207ms returns FALSE
T537C 266:357.792 JLINK_IsHalted()
T537C 266:359.648 - 1.863ms returns FALSE
T537C 266:466.560 JLINK_IsHalted()
T537C 266:467.920 - 1.360ms returns FALSE
T537C 266:468.000 JLINK_IsHalted()
T537C 266:469.856 - 1.866ms returns FALSE
T537C 266:575.280 JLINK_IsHalted()
T537C 266:576.848 - 1.544ms returns FALSE
T537C 266:576.976 JLINK_IsHalted()
T537C 266:578.608 - 1.639ms returns FALSE
T537C 266:685.184 JLINK_IsHalted()
T537C 266:687.920 - 2.747ms returns FALSE
T537C 266:688.000 JLINK_IsHalted()
T537C 266:689.952 - 1.931ms returns FALSE
T1488 266:761.248 JLINK_IsHalted()
T1488 266:763.216 - 1.967ms returns FALSE
T1488 266:763.264 JLINK_IsHalted()
T1488 266:765.344 - 2.075ms returns FALSE
T537C 266:794.240 JLINK_IsHalted()
T537C 266:796.256 - 2.019ms returns FALSE
T537C 266:796.336 JLINK_IsHalted()
T537C 266:798.176 - 1.842ms returns FALSE
T537C 266:903.712 JLINK_IsHalted()
T537C 266:905.888 - 2.155ms returns FALSE
T537C 266:906.016 JLINK_IsHalted()
T537C 266:907.744 - 1.741ms returns FALSE
T537C 267:013.728 JLINK_IsHalted()
T537C 267:015.168 - 1.446ms returns FALSE
T537C 267:015.328 JLINK_IsHalted()
T537C 267:017.056 - 1.760ms returns FALSE
T537C 267:122.080 JLINK_IsHalted()
T537C 267:123.536 - 1.467ms returns FALSE
T537C 267:123.616 JLINK_IsHalted()
T537C 267:125.376 - 1.779ms returns FALSE
T537C 267:232.336 JLINK_IsHalted()
T537C 267:234.464 - 2.120ms returns FALSE
T537C 267:234.640 JLINK_IsHalted()
T537C 267:236.432 - 1.784ms returns FALSE
T537C 267:341.728 JLINK_IsHalted()
T537C 267:343.776 - 2.058ms returns FALSE
T537C 267:343.872 JLINK_IsHalted()
T537C 267:345.616 - 1.723ms returns FALSE
T537C 267:450.832 JLINK_IsHalted()
T537C 267:453.360 - 2.554ms returns FALSE
T537C 267:453.488 JLINK_IsHalted()
T537C 267:455.056 - 1.550ms returns FALSE
T537C 267:560.192 JLINK_IsHalted()
T537C 267:562.528 - 2.317ms returns FALSE
T537C 267:562.592 JLINK_IsHalted()
T537C 267:564.368 - 1.754ms returns FALSE
T537C 267:669.632 JLINK_IsHalted()
T537C 267:671.680 - 2.067ms returns FALSE
T537C 267:671.776 JLINK_IsHalted()
T537C 267:673.552 - 1.761ms returns FALSE
T1488 267:765.152 JLINK_IsHalted()
T1488 267:766.960 - 1.811ms returns FALSE
T1488 267:767.008 JLINK_IsHalted()
T1488 267:768.864 - 1.838ms returns FALSE
T537C 267:778.864 JLINK_IsHalted()
T537C 267:779.920 - 1.035ms returns FALSE
T537C 267:779.968 JLINK_IsHalted()
T537C 267:781.808 - 1.858ms returns FALSE
T537C 267:888.160 JLINK_IsHalted()
T537C 267:889.488 - 1.324ms returns FALSE
T537C 267:889.536 JLINK_IsHalted()
T537C 267:891.328 - 1.804ms returns FALSE
T537C 267:997.648 JLINK_IsHalted()
T537C 267:999.744 - 2.092ms returns FALSE
T537C 267:999.824 JLINK_IsHalted()
T537C 268:001.616 - 1.810ms returns FALSE
T537C 268:107.568 JLINK_IsHalted()
T537C 268:109.952 - 2.387ms returns FALSE
T537C 268:110.112 JLINK_IsHalted()
T537C 268:111.920 - 1.803ms returns FALSE
T537C 268:216.704 JLINK_IsHalted()
T537C 268:218.800 - 2.095ms returns FALSE
T537C 268:218.960 JLINK_IsHalted()
T537C 268:220.704 - 1.737ms returns FALSE
T537C 268:325.248 JLINK_IsHalted()
T537C 268:326.944 - 1.691ms returns FALSE
T537C 268:327.120 JLINK_IsHalted()
T537C 268:328.800 - 1.702ms returns FALSE
T537C 268:435.200 JLINK_IsHalted()
T537C 268:437.056 - 1.853ms returns FALSE
T537C 268:437.184 JLINK_IsHalted()
T537C 268:438.816 - 1.613ms returns FALSE
T537C 268:544.192 JLINK_IsHalted()
T537C 268:545.600 - 1.426ms returns FALSE
T537C 268:545.696 JLINK_IsHalted()
T537C 268:547.424 - 1.741ms returns FALSE
T537C 268:653.760 JLINK_IsHalted()
T537C 268:655.872 - 2.129ms returns FALSE
T537C 268:656.064 JLINK_IsHalted()
T537C 268:657.696 - 1.646ms returns FALSE
T537C 268:763.328 JLINK_IsHalted()
T537C 268:765.504 - 2.177ms returns FALSE
T537C 268:765.696 JLINK_IsHalted()
T537C 268:767.328 - 1.629ms returns FALSE
T1488 268:769.888 JLINK_IsHalted()
T1488 268:771.616 - 1.721ms returns FALSE
T1488 268:771.776 JLINK_IsHalted()
T1488 268:773.504 - 1.714ms returns FALSE
T537C 268:873.088 JLINK_IsHalted()
T537C 268:874.944 - 1.870ms returns FALSE
T537C 268:875.168 JLINK_IsHalted()
T537C 268:876.864 - 1.707ms returns FALSE
T537C 268:981.664 JLINK_IsHalted()
T537C 268:984.000 - 2.327ms returns FALSE
T537C 268:984.160 JLINK_IsHalted()
T537C 268:986.048 - 1.847ms returns FALSE
T537C 269:091.040 JLINK_IsHalted()
T537C 269:092.864 - 1.807ms returns FALSE
T537C 269:093.056 JLINK_IsHalted()
T537C 269:094.848 - 1.790ms returns FALSE
T537C 269:200.416 JLINK_IsHalted()
T537C 269:202.464 - 2.044ms returns FALSE
T537C 269:202.592 JLINK_IsHalted()
T537C 269:204.544 - 1.924ms returns FALSE
T537C 269:310.528 JLINK_IsHalted()
T537C 269:312.288 - 1.753ms returns FALSE
T537C 269:312.384 JLINK_IsHalted()
T537C 269:314.112 - 1.745ms returns FALSE
T537C 269:419.136 JLINK_IsHalted()
T537C 269:420.992 - 1.874ms returns FALSE
T537C 269:421.088 JLINK_IsHalted()
T537C 269:422.880 - 1.803ms returns FALSE
T537C 269:528.864 JLINK_IsHalted()
T537C 269:530.752 - 1.884ms returns FALSE
T537C 269:530.816 JLINK_IsHalted()
T537C 269:532.544 - 1.732ms returns FALSE
T537C 269:638.336 JLINK_IsHalted()
T537C 269:641.984 - 3.615ms returns FALSE
T537C 269:642.080 JLINK_IsHalted()
T537C 269:643.776 - 1.669ms returns FALSE
T537C 269:747.168 JLINK_IsHalted()
T537C 269:748.832 - 1.658ms returns FALSE
T537C 269:748.928 JLINK_IsHalted()
T537C 269:750.720 - 1.771ms returns FALSE
T1488 269:775.200 JLINK_IsHalted()
T1488 269:777.216 - 2.016ms returns FALSE
T1488 269:777.312 JLINK_IsHalted()
T1488 269:779.104 - 1.805ms returns FALSE
T537C 269:857.440 JLINK_IsHalted()
T537C 269:859.392 - 1.985ms returns FALSE
T537C 269:859.488 JLINK_IsHalted()
T537C 269:861.248 - 1.774ms returns FALSE
T537C 269:966.624 JLINK_IsHalted()
T537C 269:968.384 - 1.758ms returns FALSE
T537C 269:968.448 JLINK_IsHalted()
T537C 269:970.208 - 1.775ms returns FALSE
T537C 270:076.064 JLINK_IsHalted()
T537C 270:078.144 - 2.046ms returns FALSE
T537C 270:078.400 JLINK_IsHalted()
T537C 270:081.728 - 3.333ms returns FALSE
T537C 270:184.832 JLINK_IsHalted()
T537C 270:187.520 - 2.666ms returns FALSE
T537C 270:187.712 JLINK_IsHalted()
T537C 270:189.440 - 1.710ms returns FALSE
T537C 270:294.592 JLINK_IsHalted()
T537C 270:296.576 - 1.970ms returns FALSE
T537C 270:296.608 JLINK_IsHalted()
T537C 270:298.432 - 1.813ms returns FALSE
T537C 270:403.584 JLINK_IsHalted()
T537C 270:405.696 - 2.109ms returns FALSE
T537C 270:405.760 JLINK_IsHalted()
T537C 270:407.552 - 1.786ms returns FALSE
T537C 270:513.312 JLINK_IsHalted()
T537C 270:514.752 - 1.443ms returns FALSE
T537C 270:514.784 JLINK_IsHalted()
T537C 270:516.640 - 1.835ms returns FALSE
T537C 270:622.624 JLINK_IsHalted()
T537C 270:623.456 - 0.848ms returns FALSE
T537C 270:623.520 JLINK_IsHalted()
T537C 270:625.408 - 1.895ms returns FALSE
T537C 270:732.288 JLINK_IsHalted()
T537C 270:733.920 - 1.625ms returns FALSE
T537C 270:734.016 JLINK_IsHalted()
T537C 270:735.808 - 1.779ms returns FALSE
T1488 270:779.712 JLINK_IsHalted()
T1488 270:782.144 - 2.419ms returns FALSE
T1488 270:782.272 JLINK_IsHalted()
T1488 270:784.064 - 1.789ms returns FALSE
T537C 270:841.248 JLINK_IsHalted()
T537C 270:843.264 - 2.024ms returns FALSE
T537C 270:843.360 JLINK_IsHalted()
T537C 270:845.088 - 1.723ms returns FALSE
T537C 270:951.360 JLINK_IsHalted()
T537C 270:953.824 - 2.478ms returns FALSE
T537C 270:953.920 JLINK_IsHalted()
T537C 270:955.712 - 1.789ms returns FALSE
T537C 271:060.000 JLINK_IsHalted()
T537C 271:063.456 - 3.437ms returns FALSE
T537C 271:063.520 JLINK_IsHalted()
T537C 271:065.408 - 1.883ms returns FALSE
T537C 271:169.312 JLINK_IsHalted()
T537C 271:171.200 - 1.912ms returns FALSE
T537C 271:171.264 JLINK_IsHalted()
T537C 271:173.248 - 1.962ms returns FALSE
T537C 271:279.232 JLINK_IsHalted()
T537C 271:280.576 - 1.352ms returns FALSE
T537C 271:280.704 JLINK_IsHalted()
T537C 271:282.592 - 1.902ms returns FALSE
T537C 271:387.968 JLINK_IsHalted()
T537C 271:389.600 - 1.611ms returns FALSE
T537C 271:389.696 JLINK_IsHalted()
T537C 271:391.552 - 1.845ms returns FALSE
T537C 271:497.344 JLINK_IsHalted()
T537C 271:499.168 - 1.810ms returns FALSE
T537C 271:499.264 JLINK_IsHalted()
T537C 271:501.056 - 1.802ms returns FALSE
T537C 271:606.464 JLINK_IsHalted()
T537C 271:608.096 - 1.614ms returns FALSE
T537C 271:608.160 JLINK_IsHalted()
T537C 271:609.824 - 1.658ms returns FALSE
T537C 271:716.448 JLINK_IsHalted()
T537C 271:718.176 - 1.730ms returns FALSE
T537C 271:718.208 JLINK_IsHalted()
T537C 271:720.096 - 1.853ms returns FALSE
T1488 271:784.512 JLINK_IsHalted()
T1488 271:786.080 - 1.595ms returns FALSE
T1488 271:786.176 JLINK_IsHalted()
T1488 271:788.064 - 1.898ms returns FALSE
T537C 271:825.600 JLINK_IsHalted()
T537C 271:826.880 - 1.292ms returns FALSE
T537C 271:826.944 JLINK_IsHalted()
T537C 271:829.088 - 2.151ms returns FALSE
T537C 271:935.744 JLINK_IsHalted()
T537C 271:937.856 - 2.095ms returns FALSE
T537C 271:937.984 JLINK_IsHalted()
T537C 271:939.936 - 1.970ms returns FALSE
T537C 272:044.704 JLINK_IsHalted()
T537C 272:045.856 - 1.139ms returns FALSE
T537C 272:045.888 JLINK_IsHalted()
T537C 272:047.712 - 1.817ms returns FALSE
T537C 272:153.856 JLINK_IsHalted()
T537C 272:155.968 - 2.102ms returns FALSE
T537C 272:156.096 JLINK_IsHalted()
T537C 272:158.016 - 1.915ms returns FALSE
T537C 272:263.232 JLINK_IsHalted()
T537C 272:264.736 - 1.481ms returns FALSE
T537C 272:264.800 JLINK_IsHalted()
T537C 272:266.592 - 1.794ms returns FALSE
T537C 272:372.768 JLINK_IsHalted()
T537C 272:374.368 - 1.609ms returns FALSE
T537C 272:374.592 JLINK_IsHalted()
T537C 272:376.256 - 1.651ms returns FALSE
T537C 272:482.560 JLINK_IsHalted()
T537C 272:484.160 - 1.577ms returns FALSE
T537C 272:484.224 JLINK_IsHalted()
T537C 272:485.696 - 1.496ms returns FALSE
T537C 272:591.200 JLINK_IsHalted()
T537C 272:592.992 - 1.803ms returns FALSE
T537C 272:593.088 JLINK_IsHalted()
T537C 272:594.720 - 1.620ms returns FALSE
T537C 272:701.184 JLINK_IsHalted()
T537C 272:703.136 - 1.954ms returns FALSE
T537C 272:703.296 JLINK_IsHalted()
T537C 272:704.736 - 1.428ms returns FALSE
T1488 272:789.792 JLINK_IsHalted()
T1488 272:791.520 - 1.721ms returns FALSE
T1488 272:791.712 JLINK_IsHalted()
T1488 272:793.504 - 1.782ms returns FALSE
T537C 272:809.920 JLINK_IsHalted()
T537C 272:811.552 - 1.649ms returns FALSE
T537C 272:811.712 JLINK_IsHalted()
T537C 272:813.504 - 1.767ms returns FALSE
T537C 272:919.680 JLINK_IsHalted()
T537C 272:922.336 - 2.671ms returns FALSE
T537C 272:922.528 JLINK_IsHalted()
T537C 272:923.904 - 1.378ms returns FALSE
T537C 273:028.960 JLINK_IsHalted()
T537C 273:032.768 - 3.776ms returns FALSE
T537C 273:032.864 JLINK_IsHalted()
T537C 273:034.688 - 1.835ms returns FALSE
T537C 273:138.176 JLINK_IsHalted()
T537C 273:139.840 - 1.660ms returns FALSE
T537C 273:140.000 JLINK_IsHalted()
T537C 273:141.440 - 1.426ms returns FALSE
T537C 273:247.808 JLINK_IsHalted()
T537C 273:250.400 - 2.599ms returns FALSE
T537C 273:250.496 JLINK_IsHalted()
T537C 273:252.032 - 1.496ms returns FALSE
T537C 273:356.960 JLINK_IsHalted()
T537C 273:358.976 - 1.998ms returns FALSE
T537C 273:359.040 JLINK_IsHalted()
T537C 273:360.832 - 1.752ms returns FALSE
T537C 273:466.688 JLINK_IsHalted()
T537C 273:468.416 - 1.724ms returns FALSE
T537C 273:468.608 JLINK_IsHalted()
T537C 273:471.744 - 3.165ms returns FALSE
T537C 273:575.744 JLINK_IsHalted()
T537C 273:579.456 - 3.702ms returns FALSE
T537C 273:579.584 JLINK_IsHalted()
T537C 273:581.248 - 1.698ms returns FALSE
T537C 273:685.440 JLINK_IsHalted()
T537C 273:688.288 - 2.840ms returns FALSE
T537C 273:688.384 JLINK_IsHalted()
T537C 273:690.176 - 1.747ms returns FALSE
T537C 273:794.944 JLINK_IsHalted()
T537C 273:796.224 - 1.273ms returns FALSE
T537C 273:796.288 JLINK_IsHalted()
T537C 273:798.080 - 1.745ms returns FALSE
T1488 273:798.208 JLINK_IsHalted()
T1488 273:800.192 - 1.997ms returns FALSE
T1488 273:800.256 JLINK_IsHalted()
T1488 273:802.080 - 1.796ms returns FALSE
T537C 273:903.424 JLINK_IsHalted()
T537C 273:905.728 - 2.315ms returns FALSE
T537C 273:905.888 JLINK_IsHalted()
T537C 273:907.520 - 1.624ms returns FALSE
T537C 274:013.664 JLINK_IsHalted()
T537C 274:015.872 - 2.189ms returns FALSE
T537C 274:016.000 JLINK_IsHalted()
T537C 274:017.760 - 1.744ms returns FALSE
T537C 274:122.496 JLINK_IsHalted()
T537C 274:124.192 - 1.702ms returns FALSE
T537C 274:124.352 JLINK_IsHalted()
T537C 274:125.760 - 1.438ms returns FALSE
T537C 274:232.000 JLINK_IsHalted()
T537C 274:233.920 - 1.926ms returns FALSE
T537C 274:234.080 JLINK_IsHalted()
T537C 274:236.096 - 2.030ms returns FALSE
T537C 274:341.696 JLINK_IsHalted()
T537C 274:342.752 - 1.046ms returns FALSE
T537C 274:342.848 JLINK_IsHalted()
T537C 274:344.864 - 1.989ms returns FALSE
T537C 274:450.720 JLINK_IsHalted()
T537C 274:452.992 - 2.255ms returns FALSE
T537C 274:453.152 JLINK_IsHalted()
T537C 274:456.736 - 3.567ms returns FALSE
T537C 274:559.744 JLINK_IsHalted()
T537C 274:561.536 - 1.776ms returns FALSE
T537C 274:561.600 JLINK_IsHalted()
T537C 274:563.392 - 1.817ms returns FALSE
T537C 274:668.992 JLINK_IsHalted()
T537C 274:670.080 - 1.064ms returns FALSE
T537C 274:670.144 JLINK_IsHalted()
T537C 274:672.064 - 1.937ms returns FALSE
T537C 274:779.136 JLINK_IsHalted()
T537C 274:938.944 - 159.817ms returns FALSE
T537C 274:939.040 JLINK_IsHalted()
T537C 274:989.952 - 50.913ms returns FALSE
T1488 274:990.144 JLINK_IsHalted()
T1488 274:992.064 - 1.919ms returns FALSE
T1488 274:992.096 JLINK_IsHalted()
T1488 274:993.888 - 1.778ms returns FALSE
T537C 275:090.880 JLINK_IsHalted()
T537C 275:094.720 - 3.849ms returns FALSE
T537C 275:094.784 JLINK_IsHalted()
T537C 275:096.608 - 1.795ms returns FALSE
T537C 275:201.088 JLINK_IsHalted()
T537C 275:202.496 - 1.413ms returns FALSE
T537C 275:202.560 JLINK_IsHalted()
T537C 275:204.320 - 1.773ms returns FALSE
T537C 275:309.952 JLINK_IsHalted()
T537C 275:311.936 - 2.003ms returns FALSE
T537C 275:312.032 JLINK_IsHalted()
T537C 275:315.040 - 3.014ms returns FALSE
T537C 275:419.072 JLINK_IsHalted()
T537C 275:420.736 - 1.663ms returns FALSE
T537C 275:420.800 JLINK_IsHalted()
T537C 275:422.560 - 1.759ms returns FALSE
T537C 275:529.312 JLINK_IsHalted()
T537C 275:535.456 - 6.151ms returns FALSE
T537C 275:535.552 JLINK_IsHalted()
T537C 275:537.344 - 1.800ms returns FALSE
T537C 275:638.496 JLINK_IsHalted()
T537C 275:648.064 - 9.572ms returns FALSE
T537C 275:648.160 JLINK_IsHalted()
T537C 275:649.920 - 1.761ms returns FALSE
T537C 275:747.744 JLINK_IsHalted()
T537C 275:749.504 - 1.775ms returns FALSE
T537C 275:749.600 JLINK_IsHalted()
T537C 275:751.360 - 1.761ms returns FALSE
T537C 275:856.960 JLINK_IsHalted()
T537C 275:872.192 - 15.241ms returns FALSE
T537C 275:872.288 JLINK_IsHalted()
T537C 275:881.344 - 9.063ms returns FALSE
T537C 275:982.144 JLINK_IsHalted()
T537C 276:274.240 - 292.088ms returns FALSE
T537C 276:274.304 JLINK_IsHalted()
T537C 276:576.928 - 302.605ms returns FALSE
T1488 276:781.600 JLINK_IsHalted()
T1488 276:783.264 - 1.652ms returns FALSE
T1488 276:783.296 JLINK_IsHalted()
T1488 276:787.008 - 3.675ms returns FALSE
T537C 276:787.104 JLINK_IsHalted()
T537C 276:788.832 - 1.735ms returns FALSE
T537C 276:788.928 JLINK_IsHalted()
T537C 276:790.720 - 1.792ms returns FALSE
T537C 276:888.416 JLINK_IsHalted()
T537C 276:890.304 - 1.899ms returns FALSE
T537C 276:890.400 JLINK_IsHalted()
T537C 276:893.856 - 3.461ms returns FALSE
T537C 276:997.664 JLINK_IsHalted()
T537C 276:999.616 - 1.992ms returns FALSE
T537C 276:999.744 JLINK_IsHalted()
T537C 277:003.200 - 3.477ms returns FALSE
T537C 277:106.880 JLINK_IsHalted()
T537C 277:108.288 - 1.415ms returns FALSE
T537C 277:108.352 JLINK_IsHalted()
T537C 277:110.176 - 1.809ms returns FALSE
T537C 277:216.576 JLINK_IsHalted()
T537C 277:217.664 - 1.089ms returns FALSE
T537C 277:217.728 JLINK_IsHalted()
T537C 277:219.520 - 1.799ms returns FALSE
T537C 277:325.824 JLINK_IsHalted()
T537C 277:327.040 - 1.207ms returns FALSE
T537C 277:327.072 JLINK_IsHalted()
T537C 277:328.896 - 1.797ms returns FALSE
T537C 277:435.040 JLINK_IsHalted()
T537C 277:437.024 - 1.998ms returns FALSE
T537C 277:437.120 JLINK_IsHalted()
T537C 277:439.264 - 2.146ms returns FALSE
T537C 277:544.256 JLINK_IsHalted()
T537C 277:546.080 - 1.818ms returns FALSE
T537C 277:546.176 JLINK_IsHalted()
T537C 277:552.064 - 5.900ms returns FALSE
T537C 277:653.504 JLINK_IsHalted()
T537C 277:655.456 - 1.951ms returns FALSE
T537C 277:655.520 JLINK_IsHalted()
T537C 277:657.344 - 1.807ms returns FALSE
T537C 277:762.752 JLINK_IsHalted()
T537C 277:764.160 - 1.443ms returns FALSE
T537C 277:764.256 JLINK_IsHalted()
T537C 277:765.984 - 1.734ms returns FALSE
T1488 277:787.776 JLINK_IsHalted()
T1488 277:788.704 - 0.921ms returns FALSE
T1488 277:788.768 JLINK_IsHalted()
T1488 277:790.624 - 1.839ms returns FALSE
T537C 277:872.960 JLINK_IsHalted()
T537C 277:874.720 - 1.773ms returns FALSE
T537C 277:874.784 JLINK_IsHalted()
T537C 277:876.608 - 1.813ms returns FALSE
T537C 277:982.208 JLINK_IsHalted()
T537C 277:984.096 - 1.896ms returns FALSE
T537C 277:984.192 JLINK_IsHalted()
T537C 277:986.048 - 1.866ms returns FALSE
T537C 278:091.456 JLINK_IsHalted()
T537C 278:093.280 - 1.863ms returns FALSE
T537C 278:093.376 JLINK_IsHalted()
T537C 278:101.952 - 8.569ms returns FALSE
T537C 278:200.672 JLINK_IsHalted()
T537C 278:202.304 - 1.635ms returns FALSE
T537C 278:202.400 JLINK_IsHalted()
T537C 278:204.224 - 1.820ms returns FALSE
T537C 278:309.952 JLINK_IsHalted()
T537C 278:310.976 - 0.983ms returns FALSE
T537C 278:311.008 JLINK_IsHalted()
T537C 278:312.832 - 1.792ms returns FALSE
T537C 278:419.648 JLINK_IsHalted()
T537C 278:421.184 - 1.519ms returns FALSE
T537C 278:421.248 JLINK_IsHalted()
T537C 278:427.232 - 5.996ms returns FALSE
T537C 278:528.832 JLINK_IsHalted()
T537C 278:533.632 - 4.789ms returns FALSE
T537C 278:533.696 JLINK_IsHalted()
T537C 278:535.488 - 1.803ms returns FALSE
T537C 278:638.048 JLINK_IsHalted()
T537C 278:641.472 - 3.422ms returns FALSE
T537C 278:641.536 JLINK_IsHalted()
T537C 278:643.328 - 1.785ms returns FALSE
T537C 278:747.264 JLINK_IsHalted()
T537C 278:748.448 - 1.175ms returns FALSE
T537C 278:748.512 JLINK_IsHalted()
T537C 278:750.400 - 1.886ms returns FALSE
T1488 278:791.296 JLINK_IsHalted()
T1488 278:792.512 - 1.225ms returns FALSE
T1488 278:792.576 JLINK_IsHalted()
T1488 278:794.720 - 2.140ms returns FALSE
T537C 278:856.512 JLINK_IsHalted()
T537C 278:858.464 - 1.934ms returns FALSE
T537C 278:858.528 JLINK_IsHalted()
T537C 278:860.352 - 1.807ms returns FALSE
T537C 278:966.720 JLINK_IsHalted()
T537C 278:968.672 - 1.942ms returns FALSE
T537C 278:968.768 JLINK_IsHalted()
T537C 278:970.528 - 1.759ms returns FALSE
T537C 279:076.000 JLINK_IsHalted()
T537C 279:090.368 - 14.378ms returns FALSE
T537C 279:090.432 JLINK_IsHalted()
T537C 279:092.192 - 1.760ms returns FALSE
T537C 279:201.184 JLINK_IsHalted()
T537C 279:202.176 - 0.999ms returns FALSE
T537C 279:202.240 JLINK_IsHalted()
T537C 279:204.096 - 1.857ms returns FALSE
T537C 279:310.368 JLINK_IsHalted()
T537C 279:312.192 - 1.815ms returns FALSE
T537C 279:312.256 JLINK_IsHalted()
T537C 279:314.112 - 1.827ms returns FALSE
T537C 279:419.104 JLINK_IsHalted()
T537C 279:420.480 - 1.394ms returns FALSE
T537C 279:420.576 JLINK_IsHalted()
T537C 279:422.400 - 1.825ms returns FALSE
T537C 279:528.320 JLINK_IsHalted()
T537C 279:539.648 - 11.321ms returns FALSE
T537C 279:539.680 JLINK_IsHalted()
T537C 279:541.504 - 1.797ms returns FALSE
T537C 279:638.560 JLINK_IsHalted()
T537C 279:639.520 - 0.986ms returns FALSE
T537C 279:639.584 JLINK_IsHalted()
T537C 279:641.376 - 1.779ms returns FALSE
T537C 279:747.776 JLINK_IsHalted()
T537C 279:749.792 - 1.995ms returns FALSE
T537C 279:749.888 JLINK_IsHalted()
T537C 279:751.584 - 1.687ms returns FALSE
T1488 279:794.784 JLINK_IsHalted()
T1488 279:796.672 - 1.889ms returns FALSE
T1488 279:796.768 JLINK_IsHalted()
T1488 279:798.528 - 1.775ms returns FALSE
T537C 279:856.992 JLINK_IsHalted()
T537C 279:858.464 - 1.450ms returns FALSE
T537C 279:858.528 JLINK_IsHalted()
T537C 279:860.288 - 1.771ms returns FALSE
T537C 279:966.272 JLINK_IsHalted()
T537C 279:990.240 - 24.006ms returns FALSE
T537C 279:990.336 JLINK_IsHalted()
T537C 279:992.128 - 1.793ms returns FALSE
T537C 280:091.424 JLINK_IsHalted()
T537C 280:092.224 - 0.795ms returns FALSE
T537C 280:092.288 JLINK_IsHalted()
T537C 280:094.112 - 1.813ms returns FALSE
T537C 280:200.672 JLINK_IsHalted()
T537C 280:201.792 - 1.102ms returns FALSE
T537C 280:201.856 JLINK_IsHalted()
T537C 280:204.032 - 2.179ms returns FALSE
T537C 280:309.888 JLINK_IsHalted()
T537C 280:311.776 - 1.900ms returns FALSE
T537C 280:311.872 JLINK_IsHalted()
T537C 280:313.664 - 1.812ms returns FALSE
T537C 280:419.648 JLINK_IsHalted()
T537C 280:421.056 - 1.409ms returns FALSE
T537C 280:421.120 JLINK_IsHalted()
T537C 280:422.912 - 1.800ms returns FALSE
T537C 280:528.928 JLINK_IsHalted()
T537C 280:530.496 - 1.594ms returns FALSE
T537C 280:530.560 JLINK_IsHalted()
T537C 280:532.352 - 1.785ms returns FALSE
T537C 280:638.464 JLINK_IsHalted()
T537C 280:640.576 - 2.085ms returns FALSE
T537C 280:640.608 JLINK_IsHalted()
T537C 280:642.400 - 1.789ms returns FALSE
T537C 280:747.424 JLINK_IsHalted()
T537C 280:748.800 - 1.393ms returns FALSE
T537C 280:748.864 JLINK_IsHalted()
T537C 280:750.848 - 1.955ms returns FALSE
T1488 280:799.424 JLINK_IsHalted()
T1488 280:801.184 - 1.727ms returns FALSE
T1488 280:801.216 JLINK_IsHalted()
T1488 280:803.008 - 1.800ms returns FALSE
T537C 280:857.216 JLINK_IsHalted()
T537C 280:858.784 - 1.542ms returns FALSE
T537C 280:858.816 JLINK_IsHalted()
T537C 280:860.640 - 1.826ms returns FALSE
T537C 280:966.496 JLINK_IsHalted()
T537C 280:970.048 - 3.538ms returns FALSE
T537C 280:970.112 JLINK_IsHalted()
T537C 280:971.968 - 1.858ms returns FALSE
T537C 281:075.648 JLINK_IsHalted()
T537C 281:076.480 - 0.834ms returns FALSE
T537C 281:076.544 JLINK_IsHalted()
T537C 281:078.336 - 1.769ms returns FALSE
T537C 281:184.960 JLINK_IsHalted()
T537C 281:187.200 - 2.239ms returns FALSE
T537C 281:187.360 JLINK_IsHalted()
T537C 281:190.784 - 3.423ms returns FALSE
T537C 281:294.176 JLINK_IsHalted()
T537C 281:296.064 - 1.900ms returns FALSE
T537C 281:296.128 JLINK_IsHalted()
T537C 281:297.984 - 1.847ms returns FALSE
T537C 281:403.680 JLINK_IsHalted()
T537C 281:405.760 - 2.081ms returns FALSE
T537C 281:405.920 JLINK_IsHalted()
T537C 281:407.680 - 1.729ms returns FALSE
T537C 281:513.024 JLINK_IsHalted()
T537C 281:515.072 - 2.065ms returns FALSE
T537C 281:515.200 JLINK_IsHalted()
T537C 281:516.928 - 1.732ms returns FALSE
T537C 281:622.208 JLINK_IsHalted()
T537C 281:623.584 - 1.378ms returns FALSE
T537C 281:623.616 JLINK_IsHalted()
T537C 281:625.376 - 1.732ms returns FALSE
T537C 281:732.384 JLINK_IsHalted()
T537C 281:734.496 - 2.149ms returns FALSE
T537C 281:734.624 JLINK_IsHalted()
T537C 281:736.384 - 1.771ms returns FALSE
T1488 281:803.040 JLINK_IsHalted()
T1488 281:804.896 - 1.853ms returns FALSE
T1488 281:805.056 JLINK_IsHalted()
T1488 281:806.848 - 1.795ms returns FALSE
T537C 281:841.472 JLINK_IsHalted()
T537C 281:844.672 - 3.164ms returns FALSE
T537C 281:844.864 JLINK_IsHalted()
T537C 281:846.560 - 1.693ms returns FALSE
T537C 281:950.656 JLINK_IsHalted()
T537C 281:952.576 - 1.888ms returns FALSE
T537C 281:952.640 JLINK_IsHalted()
T537C 281:956.096 - 3.451ms returns FALSE
T537C 282:060.224 JLINK_IsHalted()
T537C 282:062.304 - 2.083ms returns FALSE
T537C 282:062.464 JLINK_IsHalted()
T537C 282:065.856 - 3.416ms returns FALSE
T537C 282:170.080 JLINK_IsHalted()
T537C 282:172.096 - 1.993ms returns FALSE
T537C 282:172.224 JLINK_IsHalted()
T537C 282:173.984 - 1.745ms returns FALSE
T537C 282:279.104 JLINK_IsHalted()
T537C 282:281.280 - 2.174ms returns FALSE
T537C 282:281.440 JLINK_IsHalted()
T537C 282:283.104 - 1.666ms returns FALSE
T537C 282:388.544 JLINK_IsHalted()
T537C 282:390.400 - 1.863ms returns FALSE
T537C 282:390.496 JLINK_IsHalted()
T537C 282:392.256 - 1.756ms returns FALSE
T537C 282:497.856 JLINK_IsHalted()
T537C 282:499.936 - 2.089ms returns FALSE
T537C 282:500.032 JLINK_IsHalted()
T537C 282:501.824 - 1.793ms returns FALSE
T537C 282:607.200 JLINK_IsHalted()
T537C 282:609.856 - 2.665ms returns FALSE
T537C 282:609.984 JLINK_IsHalted()
T537C 282:611.776 - 1.796ms returns FALSE
T537C 282:716.608 JLINK_IsHalted()
T537C 282:717.824 - 1.220ms returns FALSE
T537C 282:717.920 JLINK_IsHalted()
T537C 282:719.872 - 1.945ms returns FALSE
T1488 282:808.320 JLINK_IsHalted()
T1488 282:810.496 - 2.183ms returns FALSE
T1488 282:810.592 JLINK_IsHalted()
T1488 282:812.352 - 1.715ms returns FALSE
T537C 282:826.080 JLINK_IsHalted()
T537C 282:827.520 - 1.434ms returns FALSE
T537C 282:827.616 JLINK_IsHalted()
T537C 282:829.216 - 1.601ms returns FALSE
T537C 282:934.976 JLINK_IsHalted()
T537C 282:936.416 - 1.442ms returns FALSE
T537C 282:936.544 JLINK_IsHalted()
T537C 282:938.176 - 1.631ms returns FALSE
T537C 283:044.832 JLINK_IsHalted()
T537C 283:046.880 - 2.044ms returns FALSE
T537C 283:046.976 JLINK_IsHalted()
T537C 283:048.896 - 1.889ms returns FALSE
T537C 283:153.856 JLINK_IsHalted()
T537C 283:155.872 - 2.013ms returns FALSE
T537C 283:156.000 JLINK_IsHalted()
T537C 283:157.728 - 1.741ms returns FALSE
T537C 283:262.816 JLINK_IsHalted()
T537C 283:264.000 - 1.174ms returns FALSE
T537C 283:264.064 JLINK_IsHalted()
T537C 283:265.856 - 1.817ms returns FALSE
T537C 283:372.352 JLINK_IsHalted()
T537C 283:373.760 - 1.429ms returns FALSE
T537C 283:373.824 JLINK_IsHalted()
T537C 283:375.552 - 1.727ms returns FALSE
T537C 283:482.432 JLINK_IsHalted()
T537C 283:484.384 - 1.958ms returns FALSE
T537C 283:484.480 JLINK_IsHalted()
T537C 283:486.400 - 1.910ms returns FALSE
T537C 283:591.712 JLINK_IsHalted()
T537C 283:593.792 - 2.051ms returns FALSE
T537C 283:593.856 JLINK_IsHalted()
T537C 283:595.584 - 1.741ms returns FALSE
T537C 283:700.928 JLINK_IsHalted()
T537C 283:702.816 - 1.851ms returns FALSE
T537C 283:702.880 JLINK_IsHalted()
T537C 283:704.704 - 1.804ms returns FALSE
T537C 283:810.080 JLINK_IsHalted()
T537C 283:812.192 - 2.127ms returns FALSE
T537C 283:812.320 JLINK_IsHalted()
T537C 283:813.920 - 1.571ms returns FALSE
T1488 283:814.112 JLINK_IsHalted()
T1488 283:815.904 - 1.803ms returns FALSE
T1488 283:816.032 JLINK_IsHalted()
T1488 283:817.856 - 1.817ms returns FALSE
T537C 283:919.296 JLINK_IsHalted()
T537C 283:921.056 - 1.733ms returns FALSE
T537C 283:921.184 JLINK_IsHalted()
T537C 283:922.816 - 1.645ms returns FALSE
T537C 284:028.416 JLINK_IsHalted()
T537C 284:030.400 - 1.965ms returns FALSE
T537C 284:030.464 JLINK_IsHalted()
T537C 284:032.224 - 1.761ms returns FALSE
T537C 284:138.112 JLINK_IsHalted()
T537C 284:139.360 - 1.255ms returns FALSE
T537C 284:139.456 JLINK_IsHalted()
T537C 284:141.280 - 1.827ms returns FALSE
T537C 284:247.488 JLINK_IsHalted()
T537C 284:250.176 - 2.701ms returns FALSE
T537C 284:250.240 JLINK_IsHalted()
T537C 284:252.064 - 1.799ms returns FALSE
T537C 284:356.672 JLINK_IsHalted()
T537C 284:358.368 - 1.694ms returns FALSE
T537C 284:358.432 JLINK_IsHalted()
T537C 284:360.256 - 1.832ms returns FALSE
T537C 284:466.176 JLINK_IsHalted()
T537C 284:468.352 - 2.176ms returns FALSE
T537C 284:468.416 JLINK_IsHalted()
T537C 284:470.208 - 1.786ms returns FALSE
T537C 284:575.264 JLINK_IsHalted()
T537C 284:576.736 - 1.503ms returns FALSE
T537C 284:576.800 JLINK_IsHalted()
T537C 284:578.624 - 1.825ms returns FALSE
T537C 284:684.768 JLINK_IsHalted()
T537C 284:686.656 - 1.854ms returns FALSE
T537C 284:686.720 JLINK_IsHalted()
T537C 284:688.544 - 1.818ms returns FALSE
T537C 284:794.336 JLINK_IsHalted()
T537C 284:796.128 - 1.786ms returns FALSE
T537C 284:796.320 JLINK_IsHalted()
T537C 284:798.016 - 1.731ms returns FALSE
T1488 284:819.040 JLINK_IsHalted()
T1488 284:820.544 - 1.495ms returns FALSE
T1488 284:820.672 JLINK_IsHalted()
T1488 284:822.688 - 1.992ms returns FALSE
T537C 284:903.968 JLINK_IsHalted()
T537C 284:905.440 - 1.472ms returns FALSE
T537C 284:905.504 JLINK_IsHalted()
T537C 284:907.200 - 1.703ms returns FALSE
T537C 285:013.568 JLINK_IsHalted()
T537C 285:014.592 - 1.058ms returns FALSE
T537C 285:014.688 JLINK_IsHalted()
T537C 285:016.608 - 1.901ms returns FALSE
T537C 285:122.752 JLINK_IsHalted()
T537C 285:124.288 - 1.527ms returns FALSE
T537C 285:124.416 JLINK_IsHalted()
T537C 285:126.208 - 1.782ms returns FALSE
T537C 285:232.224 JLINK_IsHalted()
T537C 285:234.624 - 2.391ms returns FALSE
T537C 285:234.688 JLINK_IsHalted()
T537C 285:236.512 - 1.814ms returns FALSE
T537C 285:341.472 JLINK_IsHalted()
T537C 285:342.912 - 1.454ms returns FALSE
T537C 285:342.976 JLINK_IsHalted()
T537C 285:344.800 - 1.822ms returns FALSE
T537C 285:450.688 JLINK_IsHalted()
T537C 285:452.448 - 1.739ms returns FALSE
T537C 285:452.512 JLINK_IsHalted()
T537C 285:454.272 - 1.779ms returns FALSE
T537C 285:559.936 JLINK_IsHalted()
T537C 285:561.920 - 1.999ms returns FALSE
T537C 285:562.048 JLINK_IsHalted()
T537C 285:563.808 - 1.752ms returns FALSE
T537C 285:669.152 JLINK_IsHalted()
T537C 285:669.984 - 0.842ms returns FALSE
T537C 285:670.048 JLINK_IsHalted()
T537C 285:673.568 - 3.534ms returns FALSE
T537C 285:779.008 JLINK_IsHalted()
T537C 285:780.000 - 0.999ms returns FALSE
T537C 285:780.032 JLINK_IsHalted()
T537C 285:781.888 - 1.824ms returns FALSE
T1488 285:823.008 JLINK_IsHalted()
T1488 285:824.512 - 1.504ms returns FALSE
T1488 285:824.576 JLINK_IsHalted()
T1488 285:826.368 - 1.792ms returns FALSE
T537C 285:888.192 JLINK_IsHalted()
T537C 285:889.440 - 1.223ms returns FALSE
T537C 285:889.472 JLINK_IsHalted()
T537C 285:891.296 - 1.825ms returns FALSE
T537C 285:997.440 JLINK_IsHalted()
T537C 285:999.424 - 1.971ms returns FALSE
T537C 285:999.488 JLINK_IsHalted()
T537C 286:001.344 - 1.841ms returns FALSE
T537C 286:106.688 JLINK_IsHalted()
T537C 286:107.584 - 0.923ms returns FALSE
T537C 286:107.648 JLINK_IsHalted()
T537C 286:109.440 - 1.799ms returns FALSE
T537C 286:215.904 JLINK_IsHalted()
T537C 286:216.704 - 0.794ms returns FALSE
T537C 286:216.768 JLINK_IsHalted()
T537C 286:218.592 - 1.832ms returns FALSE
T537C 286:326.112 JLINK_IsHalted()
T537C 286:327.456 - 1.345ms returns FALSE
T537C 286:327.520 JLINK_IsHalted()
T537C 286:329.408 - 1.867ms returns FALSE
T537C 286:436.960 JLINK_IsHalted()
T537C 286:438.688 - 1.732ms returns FALSE
T537C 286:438.720 JLINK_IsHalted()
T537C 286:440.544 - 1.812ms returns FALSE
T537C 286:544.576 JLINK_IsHalted()
T537C 286:545.600 - 1.034ms returns FALSE
T537C 286:545.664 JLINK_IsHalted()
T537C 286:547.456 - 1.790ms returns FALSE
T537C 286:653.824 JLINK_IsHalted()
T537C 286:655.168 - 1.328ms returns FALSE
T537C 286:655.232 JLINK_IsHalted()
T537C 286:657.024 - 1.788ms returns FALSE
T537C 286:763.040 JLINK_IsHalted()
T537C 286:764.608 - 1.585ms returns FALSE
T537C 286:764.704 JLINK_IsHalted()
T537C 286:766.496 - 1.801ms returns FALSE
T1488 286:827.136 JLINK_IsHalted()
T1488 286:828.896 - 1.749ms returns FALSE
T1488 286:828.960 JLINK_IsHalted()
T1488 286:830.752 - 1.790ms returns FALSE
T537C 286:872.256 JLINK_IsHalted()
T537C 286:873.280 - 1.010ms returns FALSE
T537C 286:873.312 JLINK_IsHalted()
T537C 286:875.136 - 1.804ms returns FALSE
T537C 286:981.504 JLINK_IsHalted()
T537C 286:983.232 - 1.724ms returns FALSE
T537C 286:983.296 JLINK_IsHalted()
T537C 286:985.088 - 1.798ms returns FALSE
T537C 287:091.712 JLINK_IsHalted()
T537C 287:092.736 - 1.032ms returns FALSE
T537C 287:092.800 JLINK_IsHalted()
T537C 287:094.592 - 1.816ms returns FALSE
T537C 287:200.960 JLINK_IsHalted()
T537C 287:202.688 - 1.735ms returns FALSE
T537C 287:202.752 JLINK_IsHalted()
T537C 287:204.576 - 1.851ms returns FALSE
T537C 287:310.208 JLINK_IsHalted()
T537C 287:311.520 - 1.293ms returns FALSE
T537C 287:311.552 JLINK_IsHalted()
T537C 287:313.344 - 1.792ms returns FALSE
T537C 287:419.424 JLINK_IsHalted()
T537C 287:421.024 - 1.630ms returns FALSE
T537C 287:421.120 JLINK_IsHalted()
T537C 287:423.264 - 2.167ms returns FALSE
T537C 287:528.768 JLINK_IsHalted()
T537C 287:530.880 - 2.085ms returns FALSE
T537C 287:531.008 JLINK_IsHalted()
T537C 287:532.736 - 1.699ms returns FALSE
T537C 287:638.496 JLINK_IsHalted()
T537C 287:640.288 - 1.801ms returns FALSE
T537C 287:640.352 JLINK_IsHalted()
T537C 287:642.272 - 1.920ms returns FALSE
T537C 287:747.552 JLINK_IsHalted()
T537C 287:748.544 - 0.971ms returns FALSE
T537C 287:748.544 JLINK_IsHalted()
T537C 287:752.128 - 3.546ms returns FALSE
T1488 287:830.848 JLINK_IsHalted()
T1488 287:833.792 - 2.914ms returns FALSE
T1488 287:833.984 JLINK_IsHalted()
T1488 287:835.584 - 1.603ms returns FALSE
T537C 287:856.928 JLINK_IsHalted()
T537C 287:858.368 - 1.446ms returns FALSE
T537C 287:858.400 JLINK_IsHalted()
T537C 287:860.160 - 1.744ms returns FALSE
T537C 287:966.400 JLINK_IsHalted()
T537C 287:967.648 - 1.244ms returns FALSE
T537C 287:967.712 JLINK_IsHalted()
T537C 287:969.376 - 1.643ms returns FALSE
T537C 288:075.328 JLINK_IsHalted()
T537C 288:077.152 - 1.832ms returns FALSE
T537C 288:077.216 JLINK_IsHalted()
T537C 288:079.008 - 1.783ms returns FALSE
T537C 288:185.312 JLINK_IsHalted()
T537C 288:187.264 - 1.950ms returns FALSE
T537C 288:187.328 JLINK_IsHalted()
T537C 288:189.120 - 1.773ms returns FALSE
T537C 288:294.816 JLINK_IsHalted()
T537C 288:295.968 - 1.161ms returns FALSE
T537C 288:296.000 JLINK_IsHalted()
T537C 288:297.856 - 1.823ms returns FALSE
T537C 288:404.032 JLINK_IsHalted()
T537C 288:405.440 - 1.450ms returns FALSE
T537C 288:405.504 JLINK_IsHalted()
T537C 288:407.328 - 1.817ms returns FALSE
T537C 288:513.312 JLINK_IsHalted()
T537C 288:515.008 - 1.676ms returns FALSE
T537C 288:515.040 JLINK_IsHalted()
T537C 288:517.216 - 2.180ms returns FALSE
T537C 288:622.464 JLINK_IsHalted()
T537C 288:623.648 - 1.184ms returns FALSE
T537C 288:623.680 JLINK_IsHalted()
T537C 288:625.504 - 1.823ms returns FALSE
T537C 288:731.840 JLINK_IsHalted()
T537C 288:733.312 - 1.473ms returns FALSE
T537C 288:733.504 JLINK_IsHalted()
T537C 288:735.232 - 1.728ms returns FALSE
T1488 288:836.576 JLINK_IsHalted()
T1488 288:837.728 - 1.144ms returns FALSE
T1488 288:837.792 JLINK_IsHalted()
T1488 288:839.616 - 1.850ms returns FALSE
T537C 288:841.472 JLINK_IsHalted()
T537C 288:843.232 - 1.778ms returns FALSE
T537C 288:843.296 JLINK_IsHalted()
T537C 288:845.120 - 1.811ms returns FALSE
T537C 288:950.688 JLINK_IsHalted()
T537C 288:952.640 - 1.963ms returns FALSE
T537C 288:952.704 JLINK_IsHalted()
T537C 288:954.528 - 1.832ms returns FALSE
T537C 289:059.904 JLINK_IsHalted()
T537C 289:061.504 - 1.597ms returns FALSE
T537C 289:061.568 JLINK_IsHalted()
T537C 289:063.360 - 1.813ms returns FALSE
T537C 289:169.376 JLINK_IsHalted()
T537C 289:173.120 - 3.718ms returns FALSE
T537C 289:173.312 JLINK_IsHalted()
T537C 289:174.976 - 1.672ms returns FALSE
T537C 289:278.592 JLINK_IsHalted()
T537C 289:279.744 - 1.145ms returns FALSE
T537C 289:279.904 JLINK_IsHalted()
T537C 289:281.600 - 1.710ms returns FALSE
T537C 289:388.480 JLINK_IsHalted()
T537C 289:391.936 - 3.451ms returns FALSE
T537C 289:392.160 JLINK_IsHalted()
T537C 289:393.856 - 1.676ms returns FALSE
T537C 289:497.728 JLINK_IsHalted()
T537C 289:499.552 - 1.811ms returns FALSE
T537C 289:499.744 JLINK_IsHalted()
T537C 289:501.472 - 1.706ms returns FALSE
T537C 289:607.072 JLINK_IsHalted()
T537C 289:608.768 - 1.722ms returns FALSE
T537C 289:608.992 JLINK_IsHalted()
T537C 289:610.848 - 1.882ms returns FALSE
T537C 289:716.736 JLINK_IsHalted()
T537C 289:718.784 - 2.061ms returns FALSE
T537C 289:718.976 JLINK_IsHalted()
T537C 289:720.768 - 1.787ms returns FALSE
T537C 289:825.984 JLINK_IsHalted()
T537C 289:828.224 - 2.248ms returns FALSE
T537C 289:828.416 JLINK_IsHalted()
T537C 289:832.256 - 3.823ms returns FALSE
T1488 289:840.800 JLINK_IsHalted()
T1488 289:844.288 - 3.480ms returns FALSE
T1488 289:844.480 JLINK_IsHalted()
T1488 289:846.208 - 1.694ms returns FALSE
T537C 289:935.456 JLINK_IsHalted()
T537C 289:936.960 - 1.483ms returns FALSE
T537C 289:937.152 JLINK_IsHalted()
T537C 289:939.008 - 1.862ms returns FALSE
T537C 290:044.800 JLINK_IsHalted()
T537C 290:047.168 - 2.373ms returns FALSE
T537C 290:047.360 JLINK_IsHalted()
T537C 290:049.184 - 1.800ms returns FALSE
T537C 290:154.016 JLINK_IsHalted()
T537C 290:155.712 - 1.672ms returns FALSE
T537C 290:155.872 JLINK_IsHalted()
T537C 290:157.536 - 1.664ms returns FALSE
T537C 290:263.232 JLINK_IsHalted()
T537C 290:264.672 - 1.442ms returns FALSE
T537C 290:264.768 JLINK_IsHalted()
T537C 290:266.560 - 1.796ms returns FALSE
T537C 290:372.544 JLINK_IsHalted()
T537C 290:374.368 - 1.826ms returns FALSE
T537C 290:374.464 JLINK_IsHalted()
T537C 290:376.256 - 1.776ms returns FALSE
T537C 290:481.632 JLINK_IsHalted()
T537C 290:483.616 - 1.971ms returns FALSE
T537C 290:483.776 JLINK_IsHalted()
T537C 290:485.440 - 1.700ms returns FALSE
T537C 290:591.040 JLINK_IsHalted()
T537C 290:594.752 - 3.738ms returns FALSE
T537C 290:594.848 JLINK_IsHalted()
T537C 290:596.928 - 2.089ms returns FALSE
T537C 290:700.896 JLINK_IsHalted()
T537C 290:703.232 - 2.318ms returns FALSE
T537C 290:703.392 JLINK_IsHalted()
T537C 290:704.960 - 1.576ms returns FALSE
T537C 290:809.888 JLINK_IsHalted()
T537C 290:812.896 - 3.003ms returns FALSE
T537C 290:812.992 JLINK_IsHalted()
T537C 290:814.816 - 1.829ms returns FALSE
T1488 290:846.720 JLINK_IsHalted()
T1488 290:848.288 - 1.561ms returns FALSE
T1488 290:848.352 JLINK_IsHalted()
T1488 290:850.368 - 1.981ms returns FALSE
T537C 290:919.488 JLINK_IsHalted()
T537C 290:921.408 - 1.958ms returns FALSE
T537C 290:921.536 JLINK_IsHalted()
T537C 290:923.360 - 1.851ms returns FALSE
T537C 291:028.960 JLINK_IsHalted()
T537C 291:030.752 - 1.804ms returns FALSE
T537C 291:030.848 JLINK_IsHalted()
T537C 291:032.640 - 1.800ms returns FALSE
T537C 291:139.040 JLINK_IsHalted()
T537C 291:140.288 - 1.247ms returns FALSE
T537C 291:140.384 JLINK_IsHalted()
T537C 291:142.144 - 1.756ms returns FALSE
T537C 291:247.744 JLINK_IsHalted()
T537C 291:249.952 - 2.190ms returns FALSE
T537C 291:250.048 JLINK_IsHalted()
T537C 291:251.872 - 1.815ms returns FALSE
T537C 291:357.312 JLINK_IsHalted()
T537C 291:359.040 - 1.738ms returns FALSE
T537C 291:359.168 JLINK_IsHalted()
T537C 291:362.592 - 3.436ms returns FALSE
T537C 291:466.624 JLINK_IsHalted()
T537C 291:468.832 - 2.217ms returns FALSE
T537C 291:468.928 JLINK_IsHalted()
T537C 291:470.592 - 1.666ms returns FALSE
T537C 291:575.360 JLINK_IsHalted()
T537C 291:577.408 - 2.057ms returns FALSE
T537C 291:577.504 JLINK_IsHalted()
T537C 291:579.296 - 1.798ms returns FALSE
T537C 291:685.184 JLINK_IsHalted()
T537C 291:687.488 - 2.280ms returns FALSE
T537C 291:687.616 JLINK_IsHalted()
T537C 291:689.312 - 1.697ms returns FALSE
T537C 291:794.240 JLINK_IsHalted()
T537C 291:796.576 - 2.329ms returns FALSE
T537C 291:796.736 JLINK_IsHalted()
T537C 291:798.464 - 1.749ms returns FALSE
T1488 291:851.648 JLINK_IsHalted()
T1488 291:852.992 - 1.323ms returns FALSE
T1488 291:853.120 JLINK_IsHalted()
T1488 291:854.848 - 1.733ms returns FALSE
T537C 291:904.192 JLINK_IsHalted()
T537C 291:906.368 - 2.149ms returns FALSE
T537C 291:906.496 JLINK_IsHalted()
T537C 291:909.952 - 3.461ms returns FALSE
T537C 292:013.024 JLINK_IsHalted()
T537C 292:014.688 - 1.671ms returns FALSE
T537C 292:014.784 JLINK_IsHalted()
T537C 292:016.544 - 1.777ms returns FALSE
T537C 292:122.464 JLINK_IsHalted()
T537C 292:123.840 - 1.380ms returns FALSE
T537C 292:123.936 JLINK_IsHalted()
T537C 292:125.824 - 1.885ms returns FALSE
T537C 292:231.840 JLINK_IsHalted()
T537C 292:233.920 - 2.071ms returns FALSE
T537C 292:234.048 JLINK_IsHalted()
T537C 292:235.840 - 1.764ms returns FALSE
T537C 292:341.216 JLINK_IsHalted()
T537C 292:343.488 - 2.232ms returns FALSE
T537C 292:343.584 JLINK_IsHalted()
T537C 292:345.280 - 1.702ms returns FALSE
T537C 292:451.008 JLINK_IsHalted()
T537C 292:452.352 - 1.337ms returns FALSE
T537C 292:452.448 JLINK_IsHalted()
T537C 292:454.080 - 1.633ms returns FALSE
T537C 292:560.736 JLINK_IsHalted()
T537C 292:562.816 - 2.071ms returns FALSE
T537C 292:562.912 JLINK_IsHalted()
T537C 292:564.448 - 1.537ms returns FALSE
T537C 292:669.184 JLINK_IsHalted()
T537C 292:671.040 - 1.887ms returns FALSE
T537C 292:671.168 JLINK_IsHalted()
T537C 292:672.960 - 1.792ms returns FALSE
T537C 292:779.072 JLINK_IsHalted()
T537C 292:780.608 - 1.531ms returns FALSE
T537C 292:780.704 JLINK_IsHalted()
T537C 292:782.304 - 1.611ms returns FALSE
T1488 292:855.360 JLINK_IsHalted()
T1488 292:857.440 - 2.079ms returns FALSE
T1488 292:857.568 JLINK_IsHalted()
T1488 292:859.328 - 1.756ms returns FALSE
T537C 292:887.936 JLINK_IsHalted()
T537C 292:889.248 - 1.306ms returns FALSE
T537C 292:889.312 JLINK_IsHalted()
T537C 292:890.816 - 1.471ms returns FALSE
T537C 292:997.920 JLINK_IsHalted()
T537C 293:000.128 - 2.195ms returns FALSE
T537C 293:000.288 JLINK_IsHalted()
T537C 293:001.984 - 1.688ms returns FALSE
T537C 293:107.200 JLINK_IsHalted()
T537C 293:108.672 - 1.462ms returns FALSE
T537C 293:108.768 JLINK_IsHalted()
T537C 293:110.464 - 1.682ms returns FALSE
T537C 293:216.736 JLINK_IsHalted()
T537C 293:219.648 - 2.912ms returns FALSE
T537C 293:219.744 JLINK_IsHalted()
T537C 293:221.472 - 1.761ms returns FALSE
T537C 293:325.984 JLINK_IsHalted()
T537C 293:326.784 - 0.819ms returns FALSE
T537C 293:326.880 JLINK_IsHalted()
T537C 293:328.672 - 1.810ms returns FALSE
T537C 293:435.328 JLINK_IsHalted()
T537C 293:436.512 - 1.185ms returns FALSE
T537C 293:436.576 JLINK_IsHalted()
T537C 293:438.272 - 1.720ms returns FALSE
T537C 293:544.064 JLINK_IsHalted()
T537C 293:545.632 - 1.557ms returns FALSE
T537C 293:545.664 JLINK_IsHalted()
T537C 293:547.456 - 1.781ms returns FALSE
T537C 293:653.408 JLINK_IsHalted()
T537C 293:655.616 - 2.196ms returns FALSE
T537C 293:655.744 JLINK_IsHalted()
T537C 293:657.408 - 1.685ms returns FALSE
T537C 293:763.520 JLINK_IsHalted()
T537C 293:765.088 - 1.595ms returns FALSE
T537C 293:765.280 JLINK_IsHalted()
T537C 293:766.784 - 1.504ms returns FALSE
T1488 293:860.032 JLINK_IsHalted()
T1488 293:861.408 - 1.347ms returns FALSE
T1488 293:861.536 JLINK_IsHalted()
T1488 293:863.232 - 1.706ms returns FALSE
T537C 293:872.832 JLINK_IsHalted()
T537C 293:874.400 - 1.555ms returns FALSE
T537C 293:874.624 JLINK_IsHalted()
T537C 293:876.480 - 1.864ms returns FALSE
T537C 293:982.400 JLINK_IsHalted()
T537C 293:984.320 - 1.928ms returns FALSE
T537C 293:984.480 JLINK_IsHalted()
T537C 293:986.368 - 1.895ms returns FALSE
T537C 294:091.648 JLINK_IsHalted()
T537C 294:092.512 - 0.874ms returns FALSE
T537C 294:092.576 JLINK_IsHalted()
T537C 294:094.432 - 1.876ms returns FALSE
T537C 294:200.832 JLINK_IsHalted()
T537C 294:202.176 - 1.331ms returns FALSE
T537C 294:202.208 JLINK_IsHalted()
T537C 294:203.968 - 1.761ms returns FALSE
T537C 294:310.400 JLINK_IsHalted()
T537C 294:313.440 - 3.044ms returns FALSE
T537C 294:313.536 JLINK_IsHalted()
T537C 294:315.456 - 1.919ms returns FALSE
T537C 294:419.392 JLINK_IsHalted()
T537C 294:421.728 - 2.346ms returns FALSE
T537C 294:421.920 JLINK_IsHalted()
T537C 294:423.840 - 1.920ms returns FALSE
T537C 294:529.088 JLINK_IsHalted()
T537C 294:530.400 - 1.343ms returns FALSE
T537C 294:530.496 JLINK_IsHalted()
T537C 294:532.288 - 1.784ms returns FALSE
T537C 294:638.368 JLINK_IsHalted()
T537C 294:640.448 - 2.068ms returns FALSE
T537C 294:640.512 JLINK_IsHalted()
T537C 294:642.304 - 1.794ms returns FALSE
T537C 294:747.808 JLINK_IsHalted()
T537C 294:748.736 - 0.914ms returns FALSE
T537C 294:748.768 JLINK_IsHalted()
T537C 294:750.560 - 1.798ms returns FALSE
T537C 294:856.576 JLINK_IsHalted()
T537C 294:858.208 - 1.651ms returns FALSE
T537C 294:858.304 JLINK_IsHalted()
T537C 294:860.032 - 1.755ms returns FALSE
T1488 294:864.704 JLINK_IsHalted()
T1488 294:866.176 - 1.459ms returns FALSE
T1488 294:866.240 JLINK_IsHalted()
T1488 294:868.032 - 1.797ms returns FALSE
T537C 294:966.272 JLINK_IsHalted()
T537C 294:968.448 - 2.181ms returns FALSE
T537C 294:968.576 JLINK_IsHalted()
T537C 294:970.304 - 1.729ms returns FALSE
T537C 295:075.648 JLINK_IsHalted()
T537C 295:078.208 - 2.552ms returns FALSE
T537C 295:078.336 JLINK_IsHalted()
T537C 295:080.000 - 1.651ms returns FALSE
T537C 295:184.704 JLINK_IsHalted()
T537C 295:186.784 - 2.064ms returns FALSE
T537C 295:186.944 JLINK_IsHalted()
T537C 295:188.800 - 1.864ms returns FALSE
T537C 295:294.272 JLINK_IsHalted()
T537C 295:295.808 - 1.519ms returns FALSE
T537C 295:295.904 JLINK_IsHalted()
T537C 295:297.696 - 1.778ms returns FALSE
T537C 295:403.488 JLINK_IsHalted()
T537C 295:405.376 - 1.862ms returns FALSE
T537C 295:405.472 JLINK_IsHalted()
T537C 295:407.264 - 1.782ms returns FALSE
T537C 295:513.408 JLINK_IsHalted()
T537C 295:516.416 - 2.985ms returns FALSE
T537C 295:516.480 JLINK_IsHalted()
T537C 295:518.272 - 1.805ms returns FALSE
T537C 295:622.208 JLINK_IsHalted()
T537C 295:624.736 - 2.546ms returns FALSE
T537C 295:624.896 JLINK_IsHalted()
T537C 295:626.624 - 1.713ms returns FALSE
T537C 295:731.648 JLINK_IsHalted()
T537C 295:733.056 - 1.404ms returns FALSE
T537C 295:733.184 JLINK_IsHalted()
T537C 295:734.912 - 1.727ms returns FALSE
T537C 295:841.600 JLINK_IsHalted()
T537C 295:845.440 - 3.855ms returns FALSE
T537C 295:845.600 JLINK_IsHalted()
T537C 295:847.328 - 1.708ms returns FALSE
T1488 295:868.480 JLINK_IsHalted()
T1488 295:870.272 - 1.786ms returns FALSE
T1488 295:870.400 JLINK_IsHalted()
T1488 295:872.064 - 1.690ms returns FALSE
T537C 295:950.720 JLINK_IsHalted()
T537C 295:953.824 - 3.087ms returns FALSE
T537C 295:953.952 JLINK_IsHalted()
T537C 295:955.680 - 1.737ms returns FALSE
T537C 296:059.840 JLINK_IsHalted()
T537C 296:062.112 - 2.250ms returns FALSE
T537C 296:062.240 JLINK_IsHalted()
T537C 296:063.904 - 1.662ms returns FALSE
T537C 296:169.504 JLINK_IsHalted()
T537C 296:173.312 - 3.809ms returns FALSE
T537C 296:173.440 JLINK_IsHalted()
T537C 296:175.296 - 1.859ms returns FALSE
T537C 296:279.232 JLINK_IsHalted()
T537C 296:281.408 - 2.178ms returns FALSE
T537C 296:281.536 JLINK_IsHalted()
T537C 296:283.424 - 1.865ms returns FALSE
T537C 296:388.064 JLINK_IsHalted()
T537C 296:390.112 - 2.038ms returns FALSE
T537C 296:390.240 JLINK_IsHalted()
T537C 296:392.032 - 1.775ms returns FALSE
T537C 296:498.144 JLINK_IsHalted()
T537C 296:500.928 - 2.792ms returns FALSE
T537C 296:501.056 JLINK_IsHalted()
T537C 296:503.104 - 2.054ms returns FALSE
T537C 296:606.784 JLINK_IsHalted()
T537C 296:608.928 - 2.158ms returns FALSE
T537C 296:609.056 JLINK_IsHalted()
T537C 296:610.880 - 1.811ms returns FALSE
T537C 296:716.544 JLINK_IsHalted()
T537C 296:718.496 - 1.931ms returns FALSE
T537C 296:718.624 JLINK_IsHalted()
T537C 296:720.352 - 1.752ms returns FALSE
T537C 296:825.280 JLINK_IsHalted()
T537C 296:826.784 - 1.517ms returns FALSE
T537C 296:826.912 JLINK_IsHalted()
T537C 296:828.544 - 1.625ms returns FALSE
T1488 296:872.512 JLINK_IsHalted()
T1488 296:873.472 - 0.932ms returns FALSE
T1488 296:873.536 JLINK_IsHalted()
T1488 296:875.328 - 1.803ms returns FALSE
T537C 296:935.264 JLINK_IsHalted()
T537C 296:936.096 - 0.834ms returns FALSE
T537C 296:936.128 JLINK_IsHalted()
T537C 296:938.016 - 1.871ms returns FALSE
T537C 297:044.896 JLINK_IsHalted()
T537C 297:048.288 - 3.413ms returns FALSE
T537C 297:048.448 JLINK_IsHalted()
T537C 297:050.048 - 1.587ms returns FALSE
T537C 297:154.368 JLINK_IsHalted()
T537C 297:155.968 - 1.606ms returns FALSE
T537C 297:156.128 JLINK_IsHalted()
T537C 297:157.792 - 1.662ms returns FALSE
T537C 297:263.296 JLINK_IsHalted()
T537C 297:264.992 - 1.681ms returns FALSE
T537C 297:265.024 JLINK_IsHalted()
T537C 297:266.880 - 1.829ms returns FALSE
T537C 297:372.608 JLINK_IsHalted()
T537C 297:373.728 - 1.133ms returns FALSE
T537C 297:373.792 JLINK_IsHalted()
T537C 297:375.584 - 1.778ms returns FALSE
T537C 297:481.856 JLINK_IsHalted()
T537C 297:483.232 - 1.386ms returns FALSE
T537C 297:483.296 JLINK_IsHalted()
T537C 297:485.120 - 1.825ms returns FALSE
T537C 297:591.456 JLINK_IsHalted()
T537C 297:593.920 - 2.470ms returns FALSE
T537C 297:594.016 JLINK_IsHalted()
T537C 297:595.808 - 1.800ms returns FALSE
T537C 297:701.152 JLINK_IsHalted()
T537C 297:703.232 - 2.112ms returns FALSE
T537C 297:703.456 JLINK_IsHalted()
T537C 297:705.280 - 1.838ms returns FALSE
T537C 297:809.888 JLINK_IsHalted()
T537C 297:811.776 - 1.848ms returns FALSE
T537C 297:811.936 JLINK_IsHalted()
T537C 297:813.568 - 1.660ms returns FALSE
T1488 297:875.904 JLINK_IsHalted()
T1488 297:877.280 - 1.374ms returns FALSE
T1488 297:877.376 JLINK_IsHalted()
T1488 297:879.232 - 1.863ms returns FALSE
T537C 297:919.488 JLINK_IsHalted()
T537C 297:921.600 - 2.106ms returns FALSE
T537C 297:921.760 JLINK_IsHalted()
T537C 297:923.648 - 1.882ms returns FALSE
T537C 298:028.640 JLINK_IsHalted()
T537C 298:031.104 - 2.458ms returns FALSE
T537C 298:031.232 JLINK_IsHalted()
T537C 298:032.832 - 1.588ms returns FALSE
T537C 298:138.688 JLINK_IsHalted()
T537C 298:139.872 - 1.198ms returns FALSE
T537C 298:140.000 JLINK_IsHalted()
T537C 298:141.760 - 1.741ms returns FALSE
T537C 298:247.872 JLINK_IsHalted()
T537C 298:249.664 - 1.776ms returns FALSE
T537C 298:249.760 JLINK_IsHalted()
T537C 298:251.488 - 1.747ms returns FALSE
T537C 298:357.312 JLINK_IsHalted()
T537C 298:359.296 - 2.001ms returns FALSE
T537C 298:359.392 JLINK_IsHalted()
T537C 298:361.120 - 1.708ms returns FALSE
T537C 298:465.888 JLINK_IsHalted()
T537C 298:469.312 - 3.381ms returns FALSE
T537C 298:469.440 JLINK_IsHalted()
T537C 298:471.360 - 1.886ms returns FALSE
T537C 298:575.744 JLINK_IsHalted()
T537C 298:577.472 - 1.727ms returns FALSE
T537C 298:577.696 JLINK_IsHalted()
T537C 298:579.136 - 1.448ms returns FALSE
T537C 298:685.376 JLINK_IsHalted()
T537C 298:687.456 - 2.075ms returns FALSE
T537C 298:687.680 JLINK_IsHalted()
T537C 298:688.992 - 1.308ms returns FALSE
T537C 298:794.016 JLINK_IsHalted()
T537C 298:795.552 - 1.532ms returns FALSE
T537C 298:795.712 JLINK_IsHalted()
T537C 298:797.184 - 1.486ms returns FALSE
T1488 298:880.448 JLINK_IsHalted()
T1488 298:881.696 - 1.242ms returns FALSE
T1488 298:881.792 JLINK_IsHalted()
T1488 298:883.584 - 1.797ms returns FALSE
T537C 298:903.392 JLINK_IsHalted()
T537C 298:905.312 - 1.933ms returns FALSE
T537C 298:905.408 JLINK_IsHalted()
T537C 298:907.392 - 1.996ms returns FALSE
T537C 299:013.280 JLINK_IsHalted()
T537C 299:015.008 - 1.747ms returns FALSE
T537C 299:015.136 JLINK_IsHalted()
T537C 299:016.768 - 1.639ms returns FALSE
T537C 299:122.336 JLINK_IsHalted()
T537C 299:124.256 - 1.916ms returns FALSE
T537C 299:124.384 JLINK_IsHalted()
T537C 299:126.208 - 1.805ms returns FALSE
T537C 299:231.488 JLINK_IsHalted()
T537C 299:233.152 - 1.677ms returns FALSE
T537C 299:233.248 JLINK_IsHalted()
T537C 299:236.672 - 3.443ms returns FALSE
T537C 299:341.984 JLINK_IsHalted()
T537C 299:345.280 - 3.317ms returns FALSE
T537C 299:345.408 JLINK_IsHalted()
T537C 299:347.136 - 1.703ms returns FALSE
T537C 299:450.528 JLINK_IsHalted()
T537C 299:452.480 - 1.944ms returns FALSE
T537C 299:452.672 JLINK_IsHalted()
T537C 299:454.400 - 1.691ms returns FALSE
T537C 299:560.416 JLINK_IsHalted()
T537C 299:561.664 - 1.252ms returns FALSE
T537C 299:561.792 JLINK_IsHalted()
T537C 299:563.520 - 1.737ms returns FALSE
T537C 299:669.696 JLINK_IsHalted()
T537C 299:672.000 - 2.300ms returns FALSE
T537C 299:672.096 JLINK_IsHalted()
T537C 299:673.920 - 1.828ms returns FALSE
T537C 299:778.688 JLINK_IsHalted()
T537C 299:779.904 - 1.233ms returns FALSE
T537C 299:780.064 JLINK_IsHalted()
T537C 299:782.080 - 2.019ms returns FALSE
T1488 299:884.128 JLINK_IsHalted()
T1488 299:885.920 - 1.785ms returns FALSE
T1488 299:885.984 JLINK_IsHalted()
T1488 299:887.808 - 1.803ms returns FALSE
T537C 299:887.904 JLINK_IsHalted()
T537C 299:889.696 - 1.793ms returns FALSE
T537C 299:889.760 JLINK_IsHalted()
T537C 299:891.648 - 1.897ms returns FALSE
T537C 299:997.376 JLINK_IsHalted()
T537C 299:998.912 - 1.534ms returns FALSE
T537C 299:999.040 JLINK_IsHalted()
T537C 300:002.464 - 3.443ms returns FALSE
T537C 300:106.624 JLINK_IsHalted()
T537C 300:107.872 - 1.243ms returns FALSE
T537C 300:107.936 JLINK_IsHalted()
T537C 300:110.752 - 2.815ms returns FALSE
T537C 300:216.064 JLINK_IsHalted()
T537C 300:217.856 - 1.777ms returns FALSE
T537C 300:217.920 JLINK_IsHalted()
T537C 300:219.488 - 1.569ms returns FALSE
T537C 300:325.696 JLINK_IsHalted()
T537C 300:328.832 - 3.136ms returns FALSE
T537C 300:329.056 JLINK_IsHalted()
T537C 300:331.008 - 1.935ms returns FALSE
T537C 300:435.648 JLINK_IsHalted()
T537C 300:437.184 - 1.529ms returns FALSE
T537C 300:437.376 JLINK_IsHalted()
T537C 300:439.328 - 1.935ms returns FALSE
T537C 300:544.320 JLINK_IsHalted()
T537C 300:545.472 - 1.143ms returns FALSE
T537C 300:545.568 JLINK_IsHalted()
T537C 300:547.456 - 1.882ms returns FALSE
T537C 300:653.600 JLINK_IsHalted()
T537C 300:655.296 - 1.713ms returns FALSE
T537C 300:655.488 JLINK_IsHalted()
T537C 300:657.184 - 1.692ms returns FALSE
T537C 300:763.424 JLINK_IsHalted()
T537C 300:765.440 - 2.033ms returns FALSE
T537C 300:765.504 JLINK_IsHalted()
T537C 300:767.264 - 1.756ms returns FALSE
T537C 300:872.896 JLINK_IsHalted()
T537C 300:874.208 - 1.326ms returns FALSE
T537C 300:874.304 JLINK_IsHalted()
T537C 300:876.192 - 1.848ms returns FALSE
T1488 300:888.288 JLINK_IsHalted()
T1488 300:890.176 - 1.844ms returns FALSE
T1488 300:890.368 JLINK_IsHalted()
T1488 300:891.744 - 1.393ms returns FALSE
T537C 300:981.824 JLINK_IsHalted()
T537C 300:984.096 - 2.262ms returns FALSE
T537C 300:984.256 JLINK_IsHalted()
T537C 300:985.696 - 1.432ms returns FALSE
T537C 301:091.264 JLINK_IsHalted()
T537C 301:093.440 - 2.144ms returns FALSE
T537C 301:093.568 JLINK_IsHalted()
T537C 301:095.584 - 2.017ms returns FALSE
T537C 301:201.024 JLINK_IsHalted()
T537C 301:202.496 - 1.462ms returns FALSE
T537C 301:202.624 JLINK_IsHalted()
T537C 301:204.160 - 1.546ms returns FALSE
T537C 301:309.728 JLINK_IsHalted()
T537C 301:312.320 - 2.633ms returns FALSE
T537C 301:312.448 JLINK_IsHalted()
T537C 301:314.240 - 1.821ms returns FALSE
T537C 301:419.072 JLINK_IsHalted()
T537C 301:420.832 - 1.743ms returns FALSE
T537C 301:420.960 JLINK_IsHalted()
T537C 301:422.720 - 1.777ms returns FALSE
T537C 301:529.184 JLINK_IsHalted()
T537C 301:530.912 - 1.721ms returns FALSE
T537C 301:531.040 JLINK_IsHalted()
T537C 301:532.768 - 1.735ms returns FALSE
T537C 301:638.112 JLINK_IsHalted()
T537C 301:640.160 - 2.039ms returns FALSE
T537C 301:640.288 JLINK_IsHalted()
T537C 301:642.112 - 1.816ms returns FALSE
T537C 301:748.000 JLINK_IsHalted()
T537C 301:750.784 - 2.787ms returns FALSE
T537C 301:750.848 JLINK_IsHalted()
T537C 301:752.672 - 1.845ms returns FALSE
T537C 301:856.512 JLINK_IsHalted()
T537C 301:857.344 - 0.794ms returns FALSE
T537C 301:857.376 JLINK_IsHalted()
T537C 301:859.168 - 1.793ms returns FALSE
T1488 301:892.864 JLINK_IsHalted()
T1488 301:894.048 - 1.185ms returns FALSE
T1488 301:894.208 JLINK_IsHalted()
T1488 301:895.776 - 1.546ms returns FALSE
T537C 301:966.336 JLINK_IsHalted()
T537C 301:968.288 - 1.916ms returns FALSE
T537C 301:968.320 JLINK_IsHalted()
T537C 301:970.080 - 1.744ms returns FALSE
T537C 302:075.840 JLINK_IsHalted()
T537C 302:076.992 - 1.149ms returns FALSE
T537C 302:077.120 JLINK_IsHalted()
T537C 302:079.008 - 1.891ms returns FALSE
T537C 302:185.152 JLINK_IsHalted()
T537C 302:186.848 - 1.704ms returns FALSE
T537C 302:186.944 JLINK_IsHalted()
T537C 302:188.480 - 1.549ms returns FALSE
T537C 302:294.464 JLINK_IsHalted()
T537C 302:297.216 - 2.740ms returns FALSE
T537C 302:297.280 JLINK_IsHalted()
T537C 302:299.328 - 2.027ms returns FALSE
T537C 302:403.616 JLINK_IsHalted()
T537C 302:405.760 - 2.128ms returns FALSE
T537C 302:405.888 JLINK_IsHalted()
T537C 302:407.680 - 1.799ms returns FALSE
T537C 302:513.088 JLINK_IsHalted()
T537C 302:515.264 - 2.169ms returns FALSE
T537C 302:515.392 JLINK_IsHalted()
T537C 302:517.152 - 1.717ms returns FALSE
T537C 302:623.104 JLINK_IsHalted()
T537C 302:625.472 - 2.371ms returns FALSE
T537C 302:625.600 JLINK_IsHalted()
T537C 302:627.488 - 1.862ms returns FALSE
T537C 302:732.352 JLINK_IsHalted()
T537C 302:734.176 - 1.841ms returns FALSE
T537C 302:734.272 JLINK_IsHalted()
T537C 302:736.352 - 2.087ms returns FALSE
T537C 302:840.992 JLINK_IsHalted()
T537C 302:843.104 - 2.122ms returns FALSE
T537C 302:843.200 JLINK_IsHalted()
T537C 302:844.992 - 1.787ms returns FALSE
T1488 302:896.896 JLINK_IsHalted()
T1488 302:900.480 - 3.573ms returns FALSE
T1488 302:900.608 JLINK_IsHalted()
T1488 302:902.336 - 1.743ms returns FALSE
T537C 302:950.848 JLINK_IsHalted()
T537C 302:952.384 - 1.546ms returns FALSE
T537C 302:952.512 JLINK_IsHalted()
T537C 302:954.080 - 1.584ms returns FALSE
T537C 303:060.160 JLINK_IsHalted()
T537C 303:062.208 - 2.078ms returns FALSE
T537C 303:062.336 JLINK_IsHalted()
T537C 303:064.320 - 1.970ms returns FALSE
T537C 303:169.600 JLINK_IsHalted()
T537C 303:171.744 - 2.110ms returns FALSE
T537C 303:171.872 JLINK_IsHalted()
T537C 303:173.632 - 1.767ms returns FALSE
T537C 303:279.168 JLINK_IsHalted()
T537C 303:280.320 - 1.165ms returns FALSE
T537C 303:280.416 JLINK_IsHalted()
T537C 303:282.496 - 2.095ms returns FALSE
T537C 303:387.840 JLINK_IsHalted()
T537C 303:390.016 - 2.181ms returns FALSE
T537C 303:390.144 JLINK_IsHalted()
T537C 303:391.904 - 1.748ms returns FALSE
T537C 303:497.632 JLINK_IsHalted()
T537C 303:499.584 - 1.975ms returns FALSE
T537C 303:499.712 JLINK_IsHalted()
T537C 303:501.408 - 1.691ms returns FALSE
T537C 303:607.360 JLINK_IsHalted()
T537C 303:609.248 - 1.874ms returns FALSE
T537C 303:609.376 JLINK_IsHalted()
T537C 303:611.104 - 1.742ms returns FALSE
T537C 303:716.352 JLINK_IsHalted()
T537C 303:720.768 - 3.998ms returns FALSE
T537C 303:721.728 JLINK_IsHalted()
T537C 303:723.232 - 1.484ms returns FALSE
T537C 303:825.728 JLINK_IsHalted()
T537C 303:827.904 - 2.189ms returns FALSE
T537C 303:828.032 JLINK_IsHalted()
T537C 303:829.728 - 1.706ms returns FALSE
T1488 303:903.104 JLINK_IsHalted()
T1488 303:904.576 - 1.475ms returns FALSE
T1488 303:904.704 JLINK_IsHalted()
T1488 303:906.528 - 1.827ms returns FALSE
T537C 303:934.784 JLINK_IsHalted()
T537C 303:936.960 - 2.153ms returns FALSE
T537C 303:937.056 JLINK_IsHalted()
T537C 303:938.752 - 1.686ms returns FALSE
T537C 304:044.832 JLINK_IsHalted()
T537C 304:046.176 - 1.348ms returns FALSE
T537C 304:046.304 JLINK_IsHalted()
T537C 304:047.936 - 1.629ms returns FALSE
T537C 304:153.664 JLINK_IsHalted()
T537C 304:155.648 - 2.007ms returns FALSE
T537C 304:155.776 JLINK_IsHalted()
T537C 304:157.536 - 1.757ms returns FALSE
T537C 304:263.104 JLINK_IsHalted()
T537C 304:264.352 - 1.233ms returns FALSE
T537C 304:264.480 JLINK_IsHalted()
T537C 304:266.144 - 1.679ms returns FALSE
T537C 304:372.928 JLINK_IsHalted()
T537C 304:374.816 - 1.913ms returns FALSE
T537C 304:374.976 JLINK_IsHalted()
T537C 304:376.704 - 1.727ms returns FALSE
T537C 304:481.952 JLINK_IsHalted()
T537C 304:484.224 - 2.260ms returns FALSE
T537C 304:484.384 JLINK_IsHalted()
T537C 304:486.112 - 1.741ms returns FALSE
T537C 304:591.008 JLINK_IsHalted()
T537C 304:593.728 - 2.690ms returns FALSE
T537C 304:593.856 JLINK_IsHalted()
T537C 304:595.552 - 1.686ms returns FALSE
T537C 304:701.504 JLINK_IsHalted()
T537C 304:703.072 - 1.571ms returns FALSE
T537C 304:703.264 JLINK_IsHalted()
T537C 304:706.560 - 3.299ms returns FALSE
T537C 304:810.560 JLINK_IsHalted()
T537C 304:812.480 - 1.940ms returns FALSE
T537C 304:812.640 JLINK_IsHalted()
T537C 304:814.336 - 1.675ms returns FALSE
T1488 304:907.168 JLINK_IsHalted()
T1488 304:908.896 - 1.749ms returns FALSE
T1488 304:909.120 JLINK_IsHalted()
T1488 304:912.640 - 3.542ms returns FALSE
T537C 304:919.904 JLINK_IsHalted()
T537C 304:923.616 - 3.712ms returns FALSE
T537C 304:923.776 JLINK_IsHalted()
T537C 304:925.536 - 1.751ms returns FALSE
T537C 305:028.736 JLINK_IsHalted()
T537C 305:030.560 - 1.837ms returns FALSE
T537C 305:030.720 JLINK_IsHalted()
T537C 305:032.416 - 1.710ms returns FALSE
T537C 305:138.560 JLINK_IsHalted()
T537C 305:140.544 - 1.970ms returns FALSE
T537C 305:140.704 JLINK_IsHalted()
T537C 305:142.464 - 1.737ms returns FALSE
T537C 305:247.680 JLINK_IsHalted()
T537C 305:248.512 - 0.841ms returns FALSE
T537C 305:248.576 JLINK_IsHalted()
T537C 305:250.688 - 2.112ms returns FALSE
T537C 305:357.120 JLINK_IsHalted()
T537C 305:359.296 - 2.176ms returns FALSE
T537C 305:359.424 JLINK_IsHalted()
T537C 305:361.152 - 1.749ms returns FALSE
T537C 305:466.336 JLINK_IsHalted()
T537C 305:468.896 - 2.566ms returns FALSE
T537C 305:469.024 JLINK_IsHalted()
T537C 305:470.784 - 1.759ms returns FALSE
T537C 305:575.904 JLINK_IsHalted()
T537C 305:578.912 - 3.003ms returns FALSE
T537C 305:579.040 JLINK_IsHalted()
T537C 305:580.896 - 1.863ms returns FALSE
T537C 305:684.864 JLINK_IsHalted()
T537C 305:687.104 - 2.244ms returns FALSE
T537C 305:687.232 JLINK_IsHalted()
T537C 305:689.120 - 1.847ms returns FALSE
T537C 305:794.304 JLINK_IsHalted()
T537C 305:796.576 - 2.275ms returns FALSE
T537C 305:796.672 JLINK_IsHalted()
T537C 305:798.464 - 1.787ms returns FALSE
T537C 305:903.552 JLINK_IsHalted()
T537C 305:905.376 - 1.853ms returns FALSE
T537C 305:905.504 JLINK_IsHalted()
T537C 305:907.264 - 1.748ms returns FALSE
T1488 305:913.632 JLINK_IsHalted()
T1488 305:915.616 - 2.012ms returns FALSE
T1488 305:915.744 JLINK_IsHalted()
T1488 305:917.664 - 1.923ms returns FALSE
T537C 306:013.440 JLINK_IsHalted()
T537C 306:016.608 - 3.168ms returns FALSE
T537C 306:016.704 JLINK_IsHalted()
T537C 306:018.464 - 1.766ms returns FALSE
T537C 306:122.560 JLINK_IsHalted()
T537C 306:125.472 - 2.906ms returns FALSE
T537C 306:125.632 JLINK_IsHalted()
T537C 306:127.328 - 1.706ms returns FALSE
T537C 306:232.000 JLINK_IsHalted()
T537C 306:233.248 - 1.239ms returns FALSE
T537C 306:233.312 JLINK_IsHalted()
T537C 306:235.136 - 1.808ms returns FALSE
T537C 306:341.440 JLINK_IsHalted()
T537C 306:343.328 - 1.871ms returns FALSE
T537C 306:343.360 JLINK_IsHalted()
T537C 306:345.056 - 1.692ms returns FALSE
T537C 306:450.976 JLINK_IsHalted()
T537C 306:452.832 - 1.869ms returns FALSE
T537C 306:452.960 JLINK_IsHalted()
T537C 306:456.416 - 3.455ms returns FALSE
T537C 306:560.480 JLINK_IsHalted()
T537C 306:563.232 - 2.734ms returns FALSE
T537C 306:563.392 JLINK_IsHalted()
T537C 306:564.896 - 1.472ms returns FALSE
T537C 306:669.504 JLINK_IsHalted()
T537C 306:671.360 - 1.819ms returns FALSE
T537C 306:671.552 JLINK_IsHalted()
T537C 306:673.216 - 1.707ms returns FALSE
T537C 306:778.560 JLINK_IsHalted()
T537C 306:780.896 - 2.322ms returns FALSE
T537C 306:780.992 JLINK_IsHalted()
T537C 306:782.784 - 1.790ms returns FALSE
T537C 306:887.808 JLINK_IsHalted()
T537C 306:888.672 - 0.859ms returns FALSE
T537C 306:888.768 JLINK_IsHalted()
T537C 306:890.560 - 1.773ms returns FALSE
T1488 306:917.856 JLINK_IsHalted()
T1488 306:919.712 - 1.834ms returns FALSE
T1488 306:919.744 JLINK_IsHalted()
T1488 306:921.920 - 2.164ms returns FALSE
T537C 306:997.152 JLINK_IsHalted()
T537C 306:998.464 - 1.320ms returns FALSE
T537C 306:998.560 JLINK_IsHalted()
T537C 307:000.384 - 1.835ms returns FALSE
T537C 307:106.592 JLINK_IsHalted()
T537C 307:108.000 - 1.417ms returns FALSE
T537C 307:108.128 JLINK_IsHalted()
T537C 307:109.888 - 1.755ms returns FALSE
T537C 307:216.768 JLINK_IsHalted()
T537C 307:218.560 - 1.784ms returns FALSE
T537C 307:218.624 JLINK_IsHalted()
T537C 307:220.288 - 1.672ms returns FALSE
T537C 307:325.984 JLINK_IsHalted()
T537C 307:328.896 - 2.915ms returns FALSE
T537C 307:328.960 JLINK_IsHalted()
T537C 307:330.752 - 1.791ms returns FALSE
T537C 307:434.784 JLINK_IsHalted()
T537C 307:436.288 - 1.496ms returns FALSE
T537C 307:436.384 JLINK_IsHalted()
T537C 307:438.048 - 1.665ms returns FALSE
T537C 307:544.640 JLINK_IsHalted()
T537C 307:546.944 - 2.282ms returns FALSE
T537C 307:547.072 JLINK_IsHalted()
T537C 307:548.832 - 1.778ms returns FALSE
T537C 307:653.600 JLINK_IsHalted()
T537C 307:655.008 - 1.387ms returns FALSE
T537C 307:655.072 JLINK_IsHalted()
T537C 307:656.896 - 1.831ms returns FALSE
T537C 307:763.008 JLINK_IsHalted()
T537C 307:766.336 - 3.292ms returns FALSE
T537C 307:766.432 JLINK_IsHalted()
T537C 307:768.128 - 1.677ms returns FALSE
T537C 307:873.120 JLINK_IsHalted()
T537C 307:874.528 - 1.401ms returns FALSE
T537C 307:874.720 JLINK_IsHalted()
T537C 307:876.416 - 1.682ms returns FALSE
T1488 307:922.240 JLINK_IsHalted()
T1488 307:923.584 - 1.357ms returns FALSE
T1488 307:923.648 JLINK_IsHalted()
T1488 307:925.472 - 1.796ms returns FALSE
T537C 307:982.112 JLINK_IsHalted()
T537C 307:983.808 - 1.730ms returns FALSE
T537C 307:983.936 JLINK_IsHalted()
T537C 307:985.728 - 1.784ms returns FALSE
T537C 308:091.040 JLINK_IsHalted()
T537C 308:093.184 - 2.134ms returns FALSE
T537C 308:093.280 JLINK_IsHalted()
T537C 308:095.296 - 1.991ms returns FALSE
T537C 308:201.024 JLINK_IsHalted()
T537C 308:202.880 - 1.826ms returns FALSE
T537C 308:202.976 JLINK_IsHalted()
T537C 308:204.736 - 1.748ms returns FALSE
T537C 308:310.176 JLINK_IsHalted()
T537C 308:311.072 - 0.912ms returns FALSE
T537C 308:311.168 JLINK_IsHalted()
T537C 308:312.928 - 1.762ms returns FALSE
T537C 308:419.712 JLINK_IsHalted()
T537C 308:423.296 - 3.571ms returns FALSE
T537C 308:423.392 JLINK_IsHalted()
T537C 308:425.024 - 1.606ms returns FALSE
T537C 308:528.864 JLINK_IsHalted()
T537C 308:531.264 - 2.409ms returns FALSE
T537C 308:531.392 JLINK_IsHalted()
T537C 308:533.312 - 1.898ms returns FALSE
T537C 308:638.880 JLINK_IsHalted()
T537C 308:640.832 - 1.971ms returns FALSE
T537C 308:640.960 JLINK_IsHalted()
T537C 308:642.752 - 1.785ms returns FALSE
T537C 308:747.168 JLINK_IsHalted()
T537C 308:748.832 - 1.638ms returns FALSE
T537C 308:748.928 JLINK_IsHalted()
T537C 308:750.688 - 1.750ms returns FALSE
T537C 308:857.408 JLINK_IsHalted()
T537C 308:858.816 - 1.437ms returns FALSE
T537C 308:858.944 JLINK_IsHalted()
T537C 308:860.640 - 1.723ms returns FALSE
T1488 308:925.920 JLINK_IsHalted()
T1488 308:926.784 - 0.869ms returns FALSE
T1488 308:926.816 JLINK_IsHalted()
T1488 308:928.960 - 2.114ms returns FALSE
T537C 308:965.888 JLINK_IsHalted()
T537C 308:967.872 - 1.971ms returns FALSE
T537C 308:967.936 JLINK_IsHalted()
T537C 308:969.696 - 1.773ms returns FALSE
T537C 309:075.776 JLINK_IsHalted()
T537C 309:077.920 - 2.166ms returns FALSE
T537C 309:078.048 JLINK_IsHalted()
T537C 309:079.616 - 1.597ms returns FALSE
T537C 309:185.344 JLINK_IsHalted()
T537C 309:187.392 - 2.050ms returns FALSE
T537C 309:187.552 JLINK_IsHalted()
T537C 309:189.440 - 1.868ms returns FALSE
T537C 309:294.304 JLINK_IsHalted()
T537C 309:295.520 - 1.213ms returns FALSE
T537C 309:295.584 JLINK_IsHalted()
T537C 309:299.104 - 3.519ms returns FALSE
T537C 309:403.552 JLINK_IsHalted()
T537C 309:404.928 - 1.385ms returns FALSE
T537C 309:404.992 JLINK_IsHalted()
T537C 309:406.784 - 1.778ms returns FALSE
T537C 309:512.928 JLINK_IsHalted()
T537C 309:514.432 - 1.473ms returns FALSE
T537C 309:514.496 JLINK_IsHalted()
T537C 309:516.640 - 2.162ms returns FALSE
T537C 309:622.240 JLINK_IsHalted()
T537C 309:623.104 - 0.881ms returns FALSE
T537C 309:623.200 JLINK_IsHalted()
T537C 309:625.056 - 1.864ms returns FALSE
T537C 309:731.776 JLINK_IsHalted()
T537C 309:734.080 - 2.293ms returns FALSE
T537C 309:734.368 JLINK_IsHalted()
T537C 309:735.968 - 1.589ms returns FALSE
T537C 309:841.664 JLINK_IsHalted()
T537C 309:843.520 - 1.880ms returns FALSE
T537C 309:843.616 JLINK_IsHalted()
T537C 309:845.312 - 1.715ms returns FALSE
T1488 309:929.920 JLINK_IsHalted()
T1488 309:931.552 - 1.618ms returns FALSE
T1488 309:931.648 JLINK_IsHalted()
T1488 309:933.376 - 1.746ms returns FALSE
T537C 309:950.816 JLINK_IsHalted()
T537C 309:952.928 - 2.095ms returns FALSE
T537C 309:953.024 JLINK_IsHalted()
T537C 309:954.912 - 1.888ms returns FALSE
T537C 310:059.712 JLINK_IsHalted()
T537C 310:061.536 - 1.847ms returns FALSE
T537C 310:061.728 JLINK_IsHalted()
T537C 310:063.456 - 1.736ms returns FALSE
T537C 310:169.568 JLINK_IsHalted()
T537C 310:171.168 - 1.563ms returns FALSE
T537C 310:171.328 JLINK_IsHalted()
T537C 310:173.056 - 1.714ms returns FALSE
T537C 310:279.104 JLINK_IsHalted()
T537C 310:280.256 - 1.173ms returns FALSE
T537C 310:280.320 JLINK_IsHalted()
T537C 310:282.112 - 1.802ms returns FALSE
T537C 310:388.288 JLINK_IsHalted()
T537C 310:390.752 - 2.453ms returns FALSE
T537C 310:390.848 JLINK_IsHalted()
T537C 310:392.672 - 1.862ms returns FALSE
T537C 310:497.536 JLINK_IsHalted()
T537C 310:499.008 - 1.479ms returns FALSE
T537C 310:499.040 JLINK_IsHalted()
T537C 310:500.928 - 1.845ms returns FALSE
T537C 310:607.136 JLINK_IsHalted()
T537C 310:609.920 - 2.806ms returns FALSE
T537C 310:609.984 JLINK_IsHalted()
T537C 310:611.776 - 1.764ms returns FALSE
T537C 310:716.384 JLINK_IsHalted()
T537C 310:718.272 - 1.905ms returns FALSE
T537C 310:718.400 JLINK_IsHalted()
T537C 310:720.192 - 1.776ms returns FALSE
T537C 310:825.728 JLINK_IsHalted()
T537C 310:827.936 - 2.187ms returns FALSE
T537C 310:828.064 JLINK_IsHalted()
T537C 310:829.536 - 1.474ms returns FALSE
T537C 310:934.784 JLINK_IsHalted()
T537C 310:936.960 - 2.169ms returns FALSE
T537C 310:937.088 JLINK_IsHalted()
T537C 310:938.816 - 1.759ms returns FALSE
T1488 310:939.040 JLINK_IsHalted()
T1488 310:942.368 - 3.305ms returns FALSE
T1488 310:942.464 JLINK_IsHalted()
T1488 310:944.288 - 1.809ms returns FALSE
T537C 311:044.576 JLINK_IsHalted()
T537C 311:046.080 - 1.489ms returns FALSE
T537C 311:046.112 JLINK_IsHalted()
T537C 311:048.000 - 1.867ms returns FALSE
T537C 311:153.984 JLINK_IsHalted()
T537C 311:155.776 - 1.770ms returns FALSE
T537C 311:155.904 JLINK_IsHalted()
T537C 311:157.600 - 1.719ms returns FALSE
T537C 311:263.264 JLINK_IsHalted()
T537C 311:264.704 - 1.467ms returns FALSE
T537C 311:264.960 JLINK_IsHalted()
T537C 311:266.592 - 1.648ms returns FALSE
T537C 311:372.864 JLINK_IsHalted()
T537C 311:375.040 - 2.171ms returns FALSE
T537C 311:375.168 JLINK_IsHalted()
T537C 311:376.960 - 1.785ms returns FALSE
T537C 311:481.792 JLINK_IsHalted()
T537C 311:482.720 - 0.910ms returns FALSE
T537C 311:482.816 JLINK_IsHalted()
T537C 311:484.608 - 1.813ms returns FALSE
T537C 311:591.680 JLINK_IsHalted()
T537C 311:592.736 - 1.047ms returns FALSE
T537C 311:592.768 JLINK_IsHalted()
T537C 311:594.592 - 1.813ms returns FALSE
T537C 311:700.928 JLINK_IsHalted()
T537C 311:702.592 - 1.658ms returns FALSE
T537C 311:702.688 JLINK_IsHalted()
T537C 311:704.416 - 1.717ms returns FALSE
T537C 311:810.368 JLINK_IsHalted()
T537C 311:812.032 - 1.679ms returns FALSE
T537C 311:812.160 JLINK_IsHalted()
T537C 311:813.920 - 1.733ms returns FALSE
T537C 311:919.136 JLINK_IsHalted()
T537C 311:922.016 - 2.882ms returns FALSE
T537C 311:922.144 JLINK_IsHalted()
T537C 311:924.032 - 1.877ms returns FALSE
T1488 311:945.408 JLINK_IsHalted()
T1488 311:947.968 - 2.542ms returns FALSE
T1488 311:948.096 JLINK_IsHalted()
T1488 311:949.824 - 1.732ms returns FALSE
T537C 312:028.928 JLINK_IsHalted()
T537C 312:030.912 - 1.970ms returns FALSE
T537C 312:030.976 JLINK_IsHalted()
T537C 312:032.768 - 1.793ms returns FALSE
T537C 312:138.400 JLINK_IsHalted()
T537C 312:140.928 - 2.532ms returns FALSE
T537C 312:141.088 JLINK_IsHalted()
T537C 312:142.528 - 1.426ms returns FALSE
T537C 312:247.680 JLINK_IsHalted()
T537C 312:248.736 - 1.062ms returns FALSE
T537C 312:248.832 JLINK_IsHalted()
T537C 312:250.784 - 1.953ms returns FALSE
T537C 312:357.312 JLINK_IsHalted()
T537C 312:358.944 - 1.633ms returns FALSE
T537C 312:359.072 JLINK_IsHalted()
T537C 312:360.640 - 1.577ms returns FALSE
T537C 312:466.112 JLINK_IsHalted()
T537C 312:470.272 - 4.138ms returns FALSE
T537C 312:470.432 JLINK_IsHalted()
T537C 312:471.840 - 1.416ms returns FALSE
T537C 312:575.744 JLINK_IsHalted()
T537C 312:579.712 - 3.973ms returns FALSE
T537C 312:579.904 JLINK_IsHalted()
T537C 312:581.536 - 1.628ms returns FALSE
T537C 312:685.376 JLINK_IsHalted()
T537C 312:687.680 - 2.322ms returns FALSE
T537C 312:687.808 JLINK_IsHalted()
T537C 312:689.344 - 1.500ms returns FALSE
T537C 312:794.368 JLINK_IsHalted()
T537C 312:797.632 - 3.259ms returns FALSE
T537C 312:797.760 JLINK_IsHalted()
T537C 312:799.552 - 1.806ms returns FALSE
T537C 312:904.160 JLINK_IsHalted()
T537C 312:906.048 - 1.883ms returns FALSE
T537C 312:906.176 JLINK_IsHalted()
T537C 312:907.904 - 1.736ms returns FALSE
T1488 312:950.528 JLINK_IsHalted()
T1488 312:953.024 - 2.487ms returns FALSE
T1488 312:953.152 JLINK_IsHalted()
T1488 312:954.944 - 1.752ms returns FALSE
T537C 313:012.960 JLINK_IsHalted()
T537C 313:015.456 - 2.469ms returns FALSE
T537C 313:015.584 JLINK_IsHalted()
T537C 313:017.184 - 1.604ms returns FALSE
T537C 313:122.816 JLINK_IsHalted()
T537C 313:125.440 - 2.603ms returns FALSE
T537C 313:125.568 JLINK_IsHalted()
T537C 313:127.072 - 1.504ms returns FALSE
T537C 313:231.840 JLINK_IsHalted()
T537C 313:233.536 - 1.707ms returns FALSE
T537C 313:233.664 JLINK_IsHalted()
T537C 313:235.424 - 1.758ms returns FALSE
T537C 313:340.896 JLINK_IsHalted()
T537C 313:342.944 - 2.038ms returns FALSE
T537C 313:343.104 JLINK_IsHalted()
T537C 313:344.864 - 1.788ms returns FALSE
T537C 313:450.496 JLINK_IsHalted()
T537C 313:452.000 - 1.505ms returns FALSE
T537C 313:452.160 JLINK_IsHalted()
T537C 313:453.824 - 1.678ms returns FALSE
T537C 313:560.096 JLINK_IsHalted()
T537C 313:561.728 - 1.636ms returns FALSE
T537C 313:561.856 JLINK_IsHalted()
T537C 313:563.456 - 1.586ms returns FALSE
T537C 313:669.888 JLINK_IsHalted()
T537C 313:673.504 - 3.608ms returns FALSE
T537C 313:673.664 JLINK_IsHalted()
T537C 313:675.488 - 1.838ms returns FALSE
T537C 313:779.328 JLINK_IsHalted()
T537C 313:781.920 - 2.600ms returns FALSE
T537C 313:782.080 JLINK_IsHalted()
T537C 313:783.616 - 1.561ms returns FALSE
T537C 313:888.576 JLINK_IsHalted()
T537C 313:890.144 - 1.582ms returns FALSE
T537C 313:890.304 JLINK_IsHalted()
T537C 313:893.664 - 3.338ms returns FALSE
T1488 313:956.032 JLINK_IsHalted()
T1488 313:957.856 - 1.829ms returns FALSE
T1488 313:958.016 JLINK_IsHalted()
T1488 313:959.680 - 1.669ms returns FALSE
T537C 313:997.248 JLINK_IsHalted()
T537C 314:001.088 - 3.853ms returns FALSE
T537C 314:001.216 JLINK_IsHalted()
T537C 314:002.848 - 1.599ms returns FALSE
T537C 314:107.008 JLINK_IsHalted()
T537C 314:109.984 - 2.957ms returns FALSE
T537C 314:110.144 JLINK_IsHalted()
T537C 314:111.680 - 1.571ms returns FALSE
T537C 314:216.320 JLINK_IsHalted()
T537C 314:218.176 - 1.856ms returns FALSE
T537C 314:218.304 JLINK_IsHalted()
T537C 314:220.160 - 1.826ms returns FALSE
T537C 314:326.240 JLINK_IsHalted()
T537C 314:328.288 - 2.048ms returns FALSE
T537C 314:328.448 JLINK_IsHalted()
T537C 314:330.144 - 1.707ms returns FALSE
T537C 314:435.456 JLINK_IsHalted()
T537C 314:437.248 - 1.796ms returns FALSE
T537C 314:437.440 JLINK_IsHalted()
T537C 314:439.136 - 1.690ms returns FALSE
T537C 314:544.608 JLINK_IsHalted()
T537C 314:546.368 - 1.723ms returns FALSE
T537C 314:546.400 JLINK_IsHalted()
T537C 314:548.224 - 1.821ms returns FALSE
T537C 314:654.144 JLINK_IsHalted()
T537C 314:658.080 - 3.938ms returns FALSE
T537C 314:658.144 JLINK_IsHalted()
T537C 314:659.648 - 1.480ms returns FALSE
T537C 314:762.880 JLINK_IsHalted()
T537C 314:766.176 - 3.289ms returns FALSE
T537C 314:766.304 JLINK_IsHalted()
T537C 314:768.000 - 1.689ms returns FALSE
T537C 314:872.864 JLINK_IsHalted()
T537C 314:874.432 - 1.552ms returns FALSE
T537C 314:874.560 JLINK_IsHalted()
T537C 314:876.192 - 1.639ms returns FALSE
T1488 314:960.256 JLINK_IsHalted()
T1488 314:963.072 - 2.795ms returns FALSE
T1488 314:963.264 JLINK_IsHalted()
T1488 314:965.024 - 1.782ms returns FALSE
T537C 314:981.952 JLINK_IsHalted()
T537C 314:985.696 - 3.753ms returns FALSE
T537C 314:985.792 JLINK_IsHalted()
T537C 314:987.488 - 1.695ms returns FALSE
T537C 315:091.168 JLINK_IsHalted()
T537C 315:094.400 - 3.231ms returns FALSE
T537C 315:094.528 JLINK_IsHalted()
T537C 315:096.064 - 1.530ms returns FALSE
T537C 315:200.544 JLINK_IsHalted()
T537C 315:203.200 - 2.650ms returns FALSE
T537C 315:203.328 JLINK_IsHalted()
T537C 315:205.056 - 1.715ms returns FALSE
T537C 315:309.824 JLINK_IsHalted()
T537C 315:311.104 - 1.288ms returns FALSE
T537C 315:311.168 JLINK_IsHalted()
T537C 315:312.960 - 1.834ms returns FALSE
T537C 315:419.072 JLINK_IsHalted()
T537C 315:420.000 - 0.947ms returns FALSE
T537C 315:420.096 JLINK_IsHalted()
T537C 315:421.824 - 1.736ms returns FALSE
T537C 315:528.256 JLINK_IsHalted()
T537C 315:530.272 - 1.982ms returns FALSE
T537C 315:530.304 JLINK_IsHalted()
T537C 315:533.824 - 3.522ms returns FALSE
T537C 315:638.496 JLINK_IsHalted()
T537C 315:640.256 - 1.765ms returns FALSE
T537C 315:640.320 JLINK_IsHalted()
T537C 315:642.144 - 1.813ms returns FALSE
T537C 315:747.744 JLINK_IsHalted()
T537C 315:748.512 - 0.770ms returns FALSE
T537C 315:748.544 JLINK_IsHalted()
T537C 315:750.336 - 1.767ms returns FALSE
T537C 315:856.960 JLINK_IsHalted()
T537C 315:859.424 - 2.467ms returns FALSE
T537C 315:859.488 JLINK_IsHalted()
T537C 315:861.312 - 1.841ms returns FALSE
T1488 315:965.792 JLINK_IsHalted()
T1488 315:967.840 - 2.044ms returns FALSE
T1488 315:968.000 JLINK_IsHalted()
T1488 315:969.664 - 1.678ms returns FALSE
T537C 315:969.920 JLINK_IsHalted()
T537C 315:971.552 - 1.627ms returns FALSE
T537C 315:971.744 JLINK_IsHalted()
T537C 315:973.472 - 1.743ms returns FALSE
T537C 316:075.616 JLINK_IsHalted()
T537C 316:077.344 - 1.729ms returns FALSE
T537C 316:077.408 JLINK_IsHalted()
T537C 316:079.200 - 1.810ms returns FALSE
T537C 316:184.832 JLINK_IsHalted()
T537C 316:188.000 - 3.171ms returns FALSE
T537C 316:188.064 JLINK_IsHalted()
T537C 316:189.888 - 1.815ms returns FALSE
T537C 316:294.304 JLINK_IsHalted()
T537C 316:295.104 - 0.790ms returns FALSE
T537C 316:295.136 JLINK_IsHalted()
T537C 316:296.928 - 1.804ms returns FALSE
T537C 316:404.288 JLINK_IsHalted()
T537C 316:406.720 - 2.455ms returns FALSE
T537C 316:406.976 JLINK_IsHalted()
T537C 316:408.512 - 1.570ms returns FALSE
T537C 316:513.600 JLINK_IsHalted()
T537C 316:515.520 - 1.909ms returns FALSE
T537C 316:515.744 JLINK_IsHalted()
T537C 316:517.184 - 1.409ms returns FALSE
T537C 316:622.336 JLINK_IsHalted()
T537C 316:625.600 - 3.254ms returns FALSE
T537C 316:625.824 JLINK_IsHalted()
T537C 316:627.488 - 1.683ms returns FALSE
T537C 316:732.128 JLINK_IsHalted()
T537C 316:734.816 - 2.670ms returns FALSE
T537C 316:735.040 JLINK_IsHalted()
T537C 316:736.736 - 1.697ms returns FALSE
T537C 316:841.184 JLINK_IsHalted()
T537C 316:842.816 - 1.635ms returns FALSE
T537C 316:842.944 JLINK_IsHalted()
T537C 316:844.992 - 2.050ms returns FALSE
T537C 316:950.720 JLINK_IsHalted()
T537C 316:952.512 - 1.806ms returns FALSE
T537C 316:952.576 JLINK_IsHalted()
T537C 316:954.272 - 1.678ms returns FALSE
T1488 316:969.824 JLINK_IsHalted()
T1488 316:972.352 - 2.504ms returns FALSE
T1488 316:972.480 JLINK_IsHalted()
T1488 316:974.240 - 1.770ms returns FALSE
T537C 317:059.712 JLINK_IsHalted()
T537C 317:062.016 - 2.296ms returns FALSE
T537C 317:062.176 JLINK_IsHalted()
T537C 317:063.872 - 1.696ms returns FALSE
T537C 317:169.856 JLINK_IsHalted()
T537C 317:172.544 - 2.689ms returns FALSE
T537C 317:172.640 JLINK_IsHalted()
T537C 317:174.176 - 1.538ms returns FALSE
T537C 317:279.200 JLINK_IsHalted()
T537C 317:280.480 - 1.292ms returns FALSE
T537C 317:280.608 JLINK_IsHalted()
T537C 317:282.496 - 1.892ms returns FALSE
T537C 317:388.288 JLINK_IsHalted()
T537C 317:390.208 - 1.913ms returns FALSE
T537C 317:390.304 JLINK_IsHalted()
T537C 317:392.064 - 1.738ms returns FALSE
T537C 317:497.248 JLINK_IsHalted()
T537C 317:499.104 - 1.877ms returns FALSE
T537C 317:499.200 JLINK_IsHalted()
T537C 317:500.992 - 1.792ms returns FALSE
T537C 317:606.720 JLINK_IsHalted()
T537C 317:609.024 - 2.286ms returns FALSE
T537C 317:609.088 JLINK_IsHalted()
T537C 317:610.944 - 1.831ms returns FALSE
T537C 317:716.480 JLINK_IsHalted()
T537C 317:718.336 - 1.878ms returns FALSE
T537C 317:718.464 JLINK_IsHalted()
T537C 317:720.384 - 1.931ms returns FALSE
T537C 317:825.984 JLINK_IsHalted()
T537C 317:828.192 - 2.200ms returns FALSE
T537C 317:828.352 JLINK_IsHalted()
T537C 317:830.048 - 1.685ms returns FALSE
T537C 317:935.008 JLINK_IsHalted()
T537C 317:936.448 - 1.427ms returns FALSE
T537C 317:936.512 JLINK_IsHalted()
T537C 317:938.368 - 1.854ms returns FALSE
T1488 317:975.168 JLINK_IsHalted()
T1488 317:976.000 - 0.825ms returns FALSE
T1488 317:976.032 JLINK_IsHalted()
T1488 317:977.920 - 1.851ms returns FALSE
T537C 318:044.416 JLINK_IsHalted()
T537C 318:045.472 - 1.044ms returns FALSE
T537C 318:045.504 JLINK_IsHalted()
T537C 318:047.360 - 1.854ms returns FALSE
T537C 318:153.664 JLINK_IsHalted()
T537C 318:155.424 - 1.786ms returns FALSE
T537C 318:155.520 JLINK_IsHalted()
T537C 318:157.248 - 1.721ms returns FALSE
T537C 318:263.104 JLINK_IsHalted()
T537C 318:265.984 - 2.902ms returns FALSE
T537C 318:266.080 JLINK_IsHalted()
T537C 318:267.968 - 1.866ms returns FALSE
T537C 318:372.416 JLINK_IsHalted()
T537C 318:374.464 - 2.006ms returns FALSE
T537C 318:374.560 JLINK_IsHalted()
T537C 318:376.256 - 1.729ms returns FALSE
T537C 318:481.792 JLINK_IsHalted()
T537C 318:483.936 - 2.151ms returns FALSE
T537C 318:484.032 JLINK_IsHalted()
T537C 318:485.824 - 1.798ms returns FALSE
T537C 318:591.008 JLINK_IsHalted()
T537C 318:592.224 - 1.215ms returns FALSE
T537C 318:592.320 JLINK_IsHalted()
T537C 318:594.112 - 1.828ms returns FALSE
T537C 318:701.120 JLINK_IsHalted()
T537C 318:702.688 - 1.558ms returns FALSE
T537C 318:702.752 JLINK_IsHalted()
T537C 318:704.864 - 2.124ms returns FALSE
T537C 318:810.656 JLINK_IsHalted()
T537C 318:812.416 - 1.769ms returns FALSE
T537C 318:812.480 JLINK_IsHalted()
T537C 318:814.592 - 2.090ms returns FALSE
T537C 318:920.000 JLINK_IsHalted()
T537C 318:922.016 - 2.014ms returns FALSE
T537C 318:922.080 JLINK_IsHalted()
T537C 318:923.840 - 1.762ms returns FALSE
T1488 318:979.040 JLINK_IsHalted()
T1488 318:980.672 - 1.606ms returns FALSE
T1488 318:980.800 JLINK_IsHalted()
T1488 318:982.816 - 2.009ms returns FALSE
T537C 319:028.992 JLINK_IsHalted()
T537C 319:030.208 - 1.235ms returns FALSE
T537C 319:030.272 JLINK_IsHalted()
T537C 319:032.064 - 1.788ms returns FALSE
T537C 319:138.720 JLINK_IsHalted()
T537C 319:140.256 - 1.532ms returns FALSE
T537C 319:140.320 JLINK_IsHalted()
T537C 319:142.336 - 1.989ms returns FALSE
T537C 319:247.552 JLINK_IsHalted()
T537C 319:249.408 - 1.838ms returns FALSE
T537C 319:249.472 JLINK_IsHalted()
T537C 319:251.392 - 1.936ms returns FALSE
T537C 319:357.248 JLINK_IsHalted()
T537C 319:358.816 - 1.592ms returns FALSE
T537C 319:358.880 JLINK_IsHalted()
T537C 319:360.640 - 1.764ms returns FALSE
T537C 319:466.496 JLINK_IsHalted()
T537C 319:467.456 - 0.970ms returns FALSE
T537C 319:467.520 JLINK_IsHalted()
T537C 319:469.440 - 1.919ms returns FALSE
T537C 319:575.712 JLINK_IsHalted()
T537C 319:577.536 - 1.836ms returns FALSE
T537C 319:577.632 JLINK_IsHalted()
T537C 319:579.360 - 1.736ms returns FALSE
T537C 319:684.544 JLINK_IsHalted()
T537C 319:686.304 - 1.759ms returns FALSE
T537C 319:686.400 JLINK_IsHalted()
T537C 319:688.032 - 1.641ms returns FALSE
T537C 319:794.368 JLINK_IsHalted()
T537C 319:796.256 - 1.866ms returns FALSE
T537C 319:796.352 JLINK_IsHalted()
T537C 319:797.984 - 1.652ms returns FALSE
T537C 319:903.808 JLINK_IsHalted()
T537C 319:905.504 - 1.717ms returns FALSE
T537C 319:905.600 JLINK_IsHalted()
T537C 319:907.360 - 1.775ms returns FALSE
T1488 319:983.648 JLINK_IsHalted()
T1488 319:985.088 - 1.459ms returns FALSE
T1488 319:985.184 JLINK_IsHalted()
T1488 319:987.040 - 1.867ms returns FALSE
T537C 320:012.992 JLINK_IsHalted()
T537C 320:014.112 - 1.141ms returns FALSE
T537C 320:014.144 JLINK_IsHalted()
T537C 320:016.064 - 1.883ms returns FALSE
T537C 320:122.720 JLINK_IsHalted()
T537C 320:123.840 - 1.102ms returns FALSE
T537C 320:123.904 JLINK_IsHalted()
T537C 320:125.728 - 1.826ms returns FALSE
T537C 320:232.128 JLINK_IsHalted()
T537C 320:233.184 - 1.077ms returns FALSE
T537C 320:233.280 JLINK_IsHalted()
T537C 320:236.736 - 3.464ms returns FALSE
T537C 320:341.984 JLINK_IsHalted()
T537C 320:344.096 - 2.100ms returns FALSE
T537C 320:344.256 JLINK_IsHalted()
T537C 320:345.952 - 1.715ms returns FALSE
T537C 320:450.368 JLINK_IsHalted()
T537C 320:452.352 - 1.973ms returns FALSE
T537C 320:452.448 JLINK_IsHalted()
T537C 320:454.208 - 1.735ms returns FALSE
T537C 320:560.160 JLINK_IsHalted()
T537C 320:562.112 - 1.945ms returns FALSE
T537C 320:562.144 JLINK_IsHalted()
T537C 320:564.384 - 2.209ms returns FALSE
T537C 320:669.760 JLINK_IsHalted()
T537C 320:672.480 - 2.726ms returns FALSE
T537C 320:672.576 JLINK_IsHalted()
T537C 320:674.048 - 1.490ms returns FALSE
T537C 320:779.072 JLINK_IsHalted()
T537C 320:780.800 - 1.738ms returns FALSE
T537C 320:780.928 JLINK_IsHalted()
T537C 320:782.560 - 1.622ms returns FALSE
T537C 320:888.608 JLINK_IsHalted()
T537C 320:890.336 - 1.746ms returns FALSE
T537C 320:890.432 JLINK_IsHalted()
T537C 320:892.224 - 1.824ms returns FALSE
T1488 320:987.840 JLINK_IsHalted()
T1488 320:991.296 - 3.455ms returns FALSE
T1488 320:991.456 JLINK_IsHalted()
T1488 320:993.152 - 1.698ms returns FALSE
T537C 320:997.408 JLINK_IsHalted()
T537C 321:000.032 - 2.627ms returns FALSE
T537C 321:000.192 JLINK_IsHalted()
T537C 321:003.520 - 3.338ms returns FALSE
T537C 321:106.496 JLINK_IsHalted()
T537C 321:108.000 - 1.512ms returns FALSE
T537C 321:108.128 JLINK_IsHalted()
T537C 321:109.792 - 1.651ms returns FALSE
T537C 321:216.704 JLINK_IsHalted()
T537C 321:218.656 - 1.976ms returns FALSE
T537C 321:218.784 JLINK_IsHalted()
T537C 321:220.672 - 1.866ms returns FALSE
T537C 321:325.408 JLINK_IsHalted()
T537C 321:328.704 - 3.301ms returns FALSE
T537C 321:328.800 JLINK_IsHalted()
T537C 321:330.240 - 1.450ms returns FALSE
T537C 321:435.424 JLINK_IsHalted()
T537C 321:437.408 - 1.987ms returns FALSE
T537C 321:437.600 JLINK_IsHalted()
T537C 321:439.296 - 1.679ms returns FALSE
T537C 321:544.704 JLINK_IsHalted()
T537C 321:547.776 - 3.065ms returns FALSE
T537C 321:547.968 JLINK_IsHalted()
T537C 321:549.600 - 1.608ms returns FALSE
T537C 321:654.080 JLINK_IsHalted()
T537C 321:656.128 - 2.055ms returns FALSE
T537C 321:656.288 JLINK_IsHalted()
T537C 321:658.016 - 1.711ms returns FALSE
T537C 321:763.424 JLINK_IsHalted()
T537C 321:765.504 - 2.067ms returns FALSE
T537C 321:765.696 JLINK_IsHalted()
T537C 321:767.424 - 1.692ms returns FALSE
T537C 321:872.192 JLINK_IsHalted()
T537C 321:873.792 - 1.597ms returns FALSE
T537C 321:873.984 JLINK_IsHalted()
T537C 321:875.648 - 1.648ms returns FALSE
T537C 321:981.632 JLINK_IsHalted()
T537C 321:983.296 - 1.684ms returns FALSE
T537C 321:983.520 JLINK_IsHalted()
T537C 321:985.024 - 1.504ms returns FALSE
T1488 321:993.952 JLINK_IsHalted()
T1488 321:995.968 - 2.025ms returns FALSE
T1488 321:996.160 JLINK_IsHalted()
T1488 321:997.856 - 1.679ms returns FALSE
T537C 322:091.072 JLINK_IsHalted()
T537C 322:092.864 - 1.767ms returns FALSE
T537C 322:092.992 JLINK_IsHalted()
T537C 322:094.752 - 1.748ms returns FALSE
T537C 322:201.088 JLINK_IsHalted()
T537C 322:203.200 - 2.135ms returns FALSE
T537C 322:203.328 JLINK_IsHalted()
T537C 322:205.088 - 1.728ms returns FALSE
T537C 322:309.888 JLINK_IsHalted()
T537C 322:313.472 - 3.578ms returns FALSE
T537C 322:313.600 JLINK_IsHalted()
T537C 322:315.456 - 1.828ms returns FALSE
T537C 322:419.040 JLINK_IsHalted()
T537C 322:422.336 - 3.286ms returns FALSE
T537C 322:422.464 JLINK_IsHalted()
T537C 322:424.128 - 1.678ms returns FALSE
T537C 322:528.512 JLINK_IsHalted()
T537C 322:530.976 - 2.468ms returns FALSE
T537C 322:531.104 JLINK_IsHalted()
T537C 322:532.960 - 1.870ms returns FALSE
T537C 322:638.112 JLINK_IsHalted()
T537C 322:640.384 - 2.290ms returns FALSE
T537C 322:640.512 JLINK_IsHalted()
T537C 322:642.240 - 1.720ms returns FALSE
T537C 322:747.360 JLINK_IsHalted()
T537C 322:749.632 - 2.298ms returns FALSE
T537C 322:749.760 JLINK_IsHalted()
T537C 322:751.712 - 1.931ms returns FALSE
T537C 322:856.512 JLINK_IsHalted()
T537C 322:858.176 - 1.616ms returns FALSE
T537C 322:858.304 JLINK_IsHalted()
T537C 322:859.808 - 1.515ms returns FALSE
T537C 322:966.080 JLINK_IsHalted()
T537C 322:969.280 - 3.213ms returns FALSE
T537C 322:969.408 JLINK_IsHalted()
T537C 322:971.072 - 1.671ms returns FALSE
T1488 322:998.400 JLINK_IsHalted()
T1488 323:000.192 - 1.808ms returns FALSE
T1488 323:000.320 JLINK_IsHalted()
T1488 323:002.144 - 1.820ms returns FALSE
T537C 323:076.160 JLINK_IsHalted()
T537C 323:078.656 - 2.487ms returns FALSE
T537C 323:078.784 JLINK_IsHalted()
T537C 323:080.672 - 1.888ms returns FALSE
T537C 323:185.088 JLINK_IsHalted()
T537C 323:187.136 - 2.043ms returns FALSE
T537C 323:187.200 JLINK_IsHalted()
T537C 323:188.992 - 1.783ms returns FALSE
T537C 323:294.208 JLINK_IsHalted()
T537C 323:296.896 - 2.689ms returns FALSE
T537C 323:296.992 JLINK_IsHalted()
T537C 323:298.784 - 1.788ms returns FALSE
T537C 323:404.256 JLINK_IsHalted()
T537C 323:405.760 - 1.504ms returns FALSE
T537C 323:405.856 JLINK_IsHalted()
T537C 323:407.936 - 2.097ms returns FALSE
T537C 323:513.600 JLINK_IsHalted()
T537C 323:515.712 - 2.127ms returns FALSE
T537C 323:515.840 JLINK_IsHalted()
T537C 323:517.536 - 1.701ms returns FALSE
T537C 323:622.912 JLINK_IsHalted()
T537C 323:624.768 - 1.829ms returns FALSE
T537C 323:624.896 JLINK_IsHalted()
T537C 323:626.624 - 1.756ms returns FALSE
T537C 323:731.648 JLINK_IsHalted()
T537C 323:733.952 - 2.254ms returns FALSE
T537C 323:734.048 JLINK_IsHalted()
T537C 323:736.032 - 1.985ms returns FALSE
T537C 323:841.184 JLINK_IsHalted()
T537C 323:843.328 - 2.145ms returns FALSE
T537C 323:843.456 JLINK_IsHalted()
T537C 323:845.312 - 1.859ms returns FALSE
T537C 323:950.272 JLINK_IsHalted()
T537C 323:952.192 - 1.910ms returns FALSE
T537C 323:952.288 JLINK_IsHalted()
T537C 323:954.112 - 1.809ms returns FALSE
T1488 324:003.008 JLINK_IsHalted()
T1488 324:003.904 - 0.888ms returns FALSE
T1488 324:004.032 JLINK_IsHalted()
T1488 324:005.760 - 1.734ms returns FALSE
T537C 324:059.616 JLINK_IsHalted()
T537C 324:061.664 - 2.048ms returns FALSE
T537C 324:061.760 JLINK_IsHalted()
T537C 324:063.552 - 1.812ms returns FALSE
T537C 324:169.408 JLINK_IsHalted()
T537C 324:171.520 - 2.116ms returns FALSE
T537C 324:171.648 JLINK_IsHalted()
T537C 324:173.536 - 1.898ms returns FALSE
T537C 324:279.104 JLINK_IsHalted()
T537C 324:281.216 - 2.087ms returns FALSE
T537C 324:281.344 JLINK_IsHalted()
T537C 324:283.072 - 1.736ms returns FALSE
T537C 324:388.032 JLINK_IsHalted()
T537C 324:389.472 - 1.438ms returns FALSE
T537C 324:389.600 JLINK_IsHalted()
T537C 324:391.360 - 1.774ms returns FALSE
T537C 324:497.152 JLINK_IsHalted()
T537C 324:499.648 - 2.511ms returns FALSE
T537C 324:499.776 JLINK_IsHalted()
T537C 324:501.536 - 1.730ms returns FALSE
T537C 324:606.592 JLINK_IsHalted()
T537C 324:608.288 - 1.671ms returns FALSE
T537C 324:608.384 JLINK_IsHalted()
T537C 324:610.176 - 1.778ms returns FALSE
T537C 324:716.096 JLINK_IsHalted()
T537C 324:717.952 - 1.874ms returns FALSE
T537C 324:718.080 JLINK_IsHalted()
T537C 324:719.808 - 1.740ms returns FALSE
T537C 324:825.408 JLINK_IsHalted()
T537C 324:826.432 - 1.030ms returns FALSE
T537C 324:826.528 JLINK_IsHalted()
T537C 324:828.672 - 2.160ms returns FALSE
T537C 324:935.520 JLINK_IsHalted()
T537C 324:937.056 - 1.540ms returns FALSE
T537C 324:937.120 JLINK_IsHalted()
T537C 324:940.800 - 3.673ms returns FALSE
T1488 325:005.760 JLINK_IsHalted()
T1488 325:009.696 - 3.940ms returns FALSE
T1488 325:009.760 JLINK_IsHalted()
T1488 325:011.520 - 1.723ms returns FALSE
T537C 325:044.032 JLINK_IsHalted()
T537C 325:046.080 - 2.063ms returns FALSE
T537C 325:046.208 JLINK_IsHalted()
T537C 325:048.064 - 1.858ms returns FALSE
T537C 325:153.824 JLINK_IsHalted()
T537C 325:155.936 - 2.111ms returns FALSE
T537C 325:156.032 JLINK_IsHalted()
T537C 325:157.728 - 1.676ms returns FALSE
T537C 325:263.744 JLINK_IsHalted()
T537C 325:265.472 - 1.717ms returns FALSE
T537C 325:265.536 JLINK_IsHalted()
T537C 325:267.264 - 1.703ms returns FALSE
T537C 325:372.576 JLINK_IsHalted()
T537C 325:374.080 - 1.505ms returns FALSE
T537C 325:374.208 JLINK_IsHalted()
T537C 325:375.968 - 1.743ms returns FALSE
T537C 325:482.336 JLINK_IsHalted()
T537C 325:484.096 - 1.766ms returns FALSE
T537C 325:484.256 JLINK_IsHalted()
T537C 325:485.984 - 1.710ms returns FALSE
T537C 325:590.976 JLINK_IsHalted()
T537C 325:592.320 - 1.344ms returns FALSE
T537C 325:592.384 JLINK_IsHalted()
T537C 325:594.144 - 1.738ms returns FALSE
T537C 325:701.056 JLINK_IsHalted()
T537C 325:703.008 - 1.939ms returns FALSE
T537C 325:703.104 JLINK_IsHalted()
T537C 325:704.832 - 1.713ms returns FALSE
T537C 325:809.856 JLINK_IsHalted()
T537C 325:811.136 - 1.273ms returns FALSE
T537C 325:811.232 JLINK_IsHalted()
T537C 325:813.056 - 1.820ms returns FALSE
T537C 325:919.712 JLINK_IsHalted()
T537C 325:923.392 - 3.669ms returns FALSE
T537C 325:923.456 JLINK_IsHalted()
T537C 325:925.632 - 2.173ms returns FALSE
T1488 326:012.960 JLINK_IsHalted()
T1488 326:014.656 - 1.713ms returns FALSE
T1488 326:014.784 JLINK_IsHalted()
T1488 326:016.640 - 1.834ms returns FALSE
T537C 326:028.608 JLINK_IsHalted()
T537C 326:031.776 - 3.162ms returns FALSE
T537C 326:031.904 JLINK_IsHalted()
T537C 326:033.600 - 1.729ms returns FALSE
T537C 326:138.464 JLINK_IsHalted()
T537C 326:140.160 - 1.683ms returns FALSE
T537C 326:140.288 JLINK_IsHalted()
T537C 326:141.952 - 1.669ms returns FALSE
T537C 326:247.648 JLINK_IsHalted()
T537C 326:249.312 - 1.671ms returns FALSE
T537C 326:249.408 JLINK_IsHalted()
T537C 326:251.264 - 1.874ms returns FALSE
T537C 326:357.376 JLINK_IsHalted()
T537C 326:359.424 - 2.047ms returns FALSE
T537C 326:359.616 JLINK_IsHalted()
T537C 326:361.120 - 1.506ms returns FALSE
T537C 326:466.208 JLINK_IsHalted()
T537C 326:467.840 - 1.647ms returns FALSE
T537C 326:467.968 JLINK_IsHalted()
T537C 326:469.472 - 1.500ms returns FALSE
T537C 326:575.776 JLINK_IsHalted()
T537C 326:577.856 - 2.070ms returns FALSE
T537C 326:577.984 JLINK_IsHalted()
T537C 326:579.776 - 1.791ms returns FALSE
T537C 326:685.248 JLINK_IsHalted()
T537C 326:686.784 - 1.526ms returns FALSE
T537C 326:686.912 JLINK_IsHalted()
T537C 326:688.576 - 1.646ms returns FALSE
T537C 326:794.112 JLINK_IsHalted()
T537C 326:796.128 - 2.019ms returns FALSE
T537C 326:796.256 JLINK_IsHalted()
T537C 326:798.112 - 1.834ms returns FALSE
T537C 326:903.584 JLINK_IsHalted()
T537C 326:905.536 - 1.962ms returns FALSE
T537C 326:905.696 JLINK_IsHalted()
T537C 326:909.120 - 3.417ms returns FALSE
T537C 327:013.632 JLINK_IsHalted()
T537C 327:014.976 - 1.341ms returns FALSE
T537C 327:015.104 JLINK_IsHalted()
T537C 327:016.640 - 1.543ms returns FALSE
T1488 327:017.536 JLINK_IsHalted()
T1488 327:020.192 - 2.633ms returns FALSE
T1488 327:020.320 JLINK_IsHalted()
T1488 327:022.272 - 1.927ms returns FALSE
T537C 327:122.688 JLINK_IsHalted()
T537C 327:125.024 - 2.330ms returns FALSE
T537C 327:125.120 JLINK_IsHalted()
T537C 327:126.880 - 1.758ms returns FALSE
T537C 327:232.032 JLINK_IsHalted()
T537C 327:234.048 - 2.024ms returns FALSE
T537C 327:234.176 JLINK_IsHalted()
T537C 327:235.488 - 1.322ms returns FALSE
T537C 327:341.632 JLINK_IsHalted()
T537C 327:343.520 - 1.868ms returns FALSE
T537C 327:343.712 JLINK_IsHalted()
T537C 327:345.088 - 1.349ms returns FALSE
T537C 327:450.688 JLINK_IsHalted()
T537C 327:452.800 - 2.090ms returns FALSE
T537C 327:452.864 JLINK_IsHalted()
T537C 327:454.784 - 1.932ms returns FALSE
T537C 327:559.904 JLINK_IsHalted()
T537C 327:561.920 - 2.025ms returns FALSE
T537C 327:562.048 JLINK_IsHalted()
T537C 327:563.808 - 1.766ms returns FALSE
T537C 327:669.824 JLINK_IsHalted()
T537C 327:672.256 - 2.432ms returns FALSE
T537C 327:672.384 JLINK_IsHalted()
T537C 327:673.984 - 1.605ms returns FALSE
T537C 327:779.328 JLINK_IsHalted()
T537C 327:781.632 - 2.301ms returns FALSE
T537C 327:781.760 JLINK_IsHalted()
T537C 327:783.712 - 1.933ms returns FALSE
T537C 327:888.704 JLINK_IsHalted()
T537C 327:890.464 - 1.741ms returns FALSE
T537C 327:890.592 JLINK_IsHalted()
T537C 327:892.384 - 1.790ms returns FALSE
T537C 327:997.920 JLINK_IsHalted()
T537C 328:000.576 - 2.620ms returns FALSE
T537C 328:000.704 JLINK_IsHalted()
T537C 328:002.272 - 1.584ms returns FALSE
T1488 328:023.616 JLINK_IsHalted()
T1488 328:025.152 - 1.517ms returns FALSE
T1488 328:025.248 JLINK_IsHalted()
T1488 328:027.136 - 1.889ms returns FALSE
T537C 328:107.328 JLINK_IsHalted()
T537C 328:108.768 - 1.443ms returns FALSE
T537C 328:108.864 JLINK_IsHalted()
T537C 328:110.656 - 1.790ms returns FALSE
T537C 328:216.512 JLINK_IsHalted()
T537C 328:218.368 - 1.876ms returns FALSE
T537C 328:218.496 JLINK_IsHalted()
T537C 328:220.256 - 1.765ms returns FALSE
T537C 328:325.920 JLINK_IsHalted()
T537C 328:327.840 - 1.927ms returns FALSE
T537C 328:327.968 JLINK_IsHalted()
T537C 328:329.728 - 1.781ms returns FALSE
T537C 328:435.232 JLINK_IsHalted()
T537C 328:439.328 - 4.096ms returns FALSE
T537C 328:439.456 JLINK_IsHalted()
T537C 328:441.184 - 1.757ms returns FALSE
T537C 328:544.480 JLINK_IsHalted()
T537C 328:546.432 - 1.946ms returns FALSE
T537C 328:546.560 JLINK_IsHalted()
T537C 328:548.384 - 1.823ms returns FALSE
T537C 328:653.376 JLINK_IsHalted()
T537C 328:655.808 - 2.455ms returns FALSE
T537C 328:655.936 JLINK_IsHalted()
T537C 328:657.568 - 1.619ms returns FALSE
T537C 328:762.816 JLINK_IsHalted()
T537C 328:764.832 - 1.995ms returns FALSE
T537C 328:764.928 JLINK_IsHalted()
T537C 328:766.656 - 1.719ms returns FALSE
T537C 328:872.544 JLINK_IsHalted()
T537C 328:874.368 - 1.830ms returns FALSE
T537C 328:874.496 JLINK_IsHalted()
T537C 328:877.664 - 3.195ms returns FALSE
T537C 328:981.760 JLINK_IsHalted()
T537C 328:982.816 - 1.061ms returns FALSE
T537C 328:982.912 JLINK_IsHalted()
T537C 328:984.672 - 1.750ms returns FALSE
T1488 329:027.328 JLINK_IsHalted()
T1488 329:029.184 - 1.840ms returns FALSE
T1488 329:029.344 JLINK_IsHalted()
T1488 329:031.232 - 1.875ms returns FALSE
T537C 329:091.040 JLINK_IsHalted()
T537C 329:092.800 - 1.738ms returns FALSE
T537C 329:092.928 JLINK_IsHalted()
T537C 329:094.432 - 1.495ms returns FALSE
T537C 329:200.448 JLINK_IsHalted()
T537C 329:202.112 - 1.660ms returns FALSE
T537C 329:202.240 JLINK_IsHalted()
T537C 329:203.936 - 1.684ms returns FALSE
T537C 329:310.304 JLINK_IsHalted()
T537C 329:312.320 - 2.012ms returns FALSE
T537C 329:312.416 JLINK_IsHalted()
T537C 329:314.240 - 1.800ms returns FALSE
T537C 329:419.328 JLINK_IsHalted()
T537C 329:421.312 - 1.963ms returns FALSE
T537C 329:421.440 JLINK_IsHalted()
T537C 329:423.168 - 1.715ms returns FALSE
T537C 329:529.216 JLINK_IsHalted()
T537C 329:530.784 - 1.559ms returns FALSE
T537C 329:530.944 JLINK_IsHalted()
T537C 329:532.384 - 1.458ms returns FALSE
T537C 329:638.464 JLINK_IsHalted()
T537C 329:640.800 - 2.362ms returns FALSE
T537C 329:640.928 JLINK_IsHalted()
T537C 329:642.592 - 1.655ms returns FALSE
T537C 329:747.232 JLINK_IsHalted()
T537C 329:750.048 - 2.805ms returns FALSE
T537C 329:750.176 JLINK_IsHalted()
T537C 329:751.936 - 1.773ms returns FALSE
T537C 329:856.672 JLINK_IsHalted()
T537C 329:859.264 - 2.613ms returns FALSE
T537C 329:859.456 JLINK_IsHalted()
T537C 329:861.472 - 2.039ms returns FALSE
T537C 329:965.952 JLINK_IsHalted()
T537C 329:967.456 - 1.515ms returns FALSE
T537C 329:967.552 JLINK_IsHalted()
T537C 329:969.728 - 2.190ms returns FALSE
T1488 330:031.456 JLINK_IsHalted()
T1488 330:032.544 - 1.062ms returns FALSE
T1488 330:032.576 JLINK_IsHalted()
T1488 330:034.400 - 1.801ms returns FALSE
T537C 330:076.192 JLINK_IsHalted()
T537C 330:078.176 - 1.985ms returns FALSE
T537C 330:078.272 JLINK_IsHalted()
T537C 330:080.224 - 1.975ms returns FALSE
T537C 330:185.248 JLINK_IsHalted()
T537C 330:187.360 - 2.131ms returns FALSE
T537C 330:187.520 JLINK_IsHalted()
T537C 330:189.216 - 1.706ms returns FALSE
T537C 330:294.624 JLINK_IsHalted()
T537C 330:296.864 - 2.222ms returns FALSE
T537C 330:296.928 JLINK_IsHalted()
T537C 330:298.688 - 1.784ms returns FALSE
T537C 330:404.032 JLINK_IsHalted()
T537C 330:406.240 - 2.227ms returns FALSE
T537C 330:406.368 JLINK_IsHalted()
T537C 330:408.128 - 1.731ms returns FALSE
T537C 330:513.312 JLINK_IsHalted()
T537C 330:516.384 - 3.076ms returns FALSE
T537C 330:516.512 JLINK_IsHalted()
T537C 330:518.240 - 1.735ms returns FALSE
T537C 330:622.432 JLINK_IsHalted()
T537C 330:624.576 - 2.104ms returns FALSE
T537C 330:624.640 JLINK_IsHalted()
T537C 330:626.368 - 1.739ms returns FALSE
T537C 330:731.584 JLINK_IsHalted()
T537C 330:733.888 - 2.297ms returns FALSE
T537C 330:734.016 JLINK_IsHalted()
T537C 330:735.776 - 1.765ms returns FALSE
T537C 330:841.184 JLINK_IsHalted()
T537C 330:843.232 - 2.041ms returns FALSE
T537C 330:843.328 JLINK_IsHalted()
T537C 330:845.344 - 2.017ms returns FALSE
T537C 330:950.976 JLINK_IsHalted()
T537C 330:952.896 - 1.914ms returns FALSE
T537C 330:953.024 JLINK_IsHalted()
T537C 330:954.720 - 1.723ms returns FALSE
T1488 331:035.232 JLINK_IsHalted()
T1488 331:036.352 - 1.146ms returns FALSE
T1488 331:036.480 JLINK_IsHalted()
T1488 331:038.336 - 1.857ms returns FALSE
T537C 331:059.936 JLINK_IsHalted()
T537C 331:061.344 - 1.406ms returns FALSE
T537C 331:061.440 JLINK_IsHalted()
T537C 331:063.232 - 1.747ms returns FALSE
T537C 331:169.504 JLINK_IsHalted()
T537C 331:170.784 - 1.269ms returns FALSE
T537C 331:170.880 JLINK_IsHalted()
T537C 331:172.576 - 1.672ms returns FALSE
T537C 331:278.304 JLINK_IsHalted()
T537C 331:280.544 - 2.228ms returns FALSE
T537C 331:280.608 JLINK_IsHalted()
T537C 331:282.432 - 1.814ms returns FALSE
T537C 331:388.416 JLINK_IsHalted()
T537C 331:389.984 - 1.554ms returns FALSE
T537C 331:390.048 JLINK_IsHalted()
T537C 331:391.840 - 1.774ms returns FALSE
T537C 331:497.440 JLINK_IsHalted()
T537C 331:498.944 - 1.512ms returns FALSE
T537C 331:499.040 JLINK_IsHalted()
T537C 331:500.992 - 1.942ms returns FALSE
T537C 331:606.784 JLINK_IsHalted()
T537C 331:608.544 - 1.780ms returns FALSE
T537C 331:608.672 JLINK_IsHalted()
T537C 331:610.432 - 1.741ms returns FALSE
T537C 331:716.416 JLINK_IsHalted()
T537C 331:717.824 - 1.386ms returns FALSE
T537C 331:717.952 JLINK_IsHalted()
T537C 331:719.648 - 1.703ms returns FALSE
T537C 331:825.856 JLINK_IsHalted()
T537C 331:827.904 - 2.056ms returns FALSE
T537C 331:828.032 JLINK_IsHalted()
T537C 331:829.792 - 1.727ms returns FALSE
T537C 331:934.720 JLINK_IsHalted()
T537C 331:935.872 - 1.157ms returns FALSE
T537C 331:935.968 JLINK_IsHalted()
T537C 331:937.984 - 2.010ms returns FALSE
T1488 332:039.488 JLINK_IsHalted()
T1488 332:041.568 - 2.113ms returns FALSE
T1488 332:041.760 JLINK_IsHalted()
T1488 332:045.248 - 3.507ms returns FALSE
T537C 332:045.504 JLINK_IsHalted()
T537C 332:047.200 - 1.734ms returns FALSE
T537C 332:047.328 JLINK_IsHalted()
T537C 332:049.184 - 1.841ms returns FALSE
T537C 332:153.376 JLINK_IsHalted()
T537C 332:155.520 - 2.136ms returns FALSE
T537C 332:155.648 JLINK_IsHalted()
T537C 332:157.376 - 1.730ms returns FALSE
T537C 332:263.488 JLINK_IsHalted()
T537C 332:264.768 - 1.257ms returns FALSE
T537C 332:264.896 JLINK_IsHalted()
T537C 332:266.560 - 1.684ms returns FALSE
T537C 332:372.544 JLINK_IsHalted()
T537C 332:375.008 - 2.488ms returns FALSE
T537C 332:375.104 JLINK_IsHalted()
T537C 332:376.800 - 1.710ms returns FALSE
T537C 332:481.472 JLINK_IsHalted()
T537C 332:483.296 - 1.854ms returns FALSE
T537C 332:483.392 JLINK_IsHalted()
T537C 332:485.184 - 1.765ms returns FALSE
T537C 332:591.552 JLINK_IsHalted()
T537C 332:592.704 - 1.181ms returns FALSE
T537C 332:592.832 JLINK_IsHalted()
T537C 332:594.624 - 1.807ms returns FALSE
T537C 332:700.736 JLINK_IsHalted()
T537C 332:702.656 - 1.913ms returns FALSE
T537C 332:702.784 JLINK_IsHalted()
T537C 332:704.608 - 1.838ms returns FALSE
T537C 332:810.368 JLINK_IsHalted()
T537C 332:811.840 - 1.493ms returns FALSE
T537C 332:811.904 JLINK_IsHalted()
T537C 332:813.696 - 1.793ms returns FALSE
T537C 332:919.904 JLINK_IsHalted()
T537C 332:921.792 - 1.900ms returns FALSE
T537C 332:921.952 JLINK_IsHalted()
T537C 332:923.648 - 1.691ms returns FALSE
T537C 333:029.088 JLINK_IsHalted()
T537C 333:031.136 - 2.038ms returns FALSE
T537C 333:031.296 JLINK_IsHalted()
T537C 333:034.784 - 3.470ms returns FALSE
T1488 333:046.208 JLINK_IsHalted()
T1488 333:048.224 - 2.014ms returns FALSE
T1488 333:048.384 JLINK_IsHalted()
T1488 333:050.048 - 1.659ms returns FALSE
T537C 333:137.984 JLINK_IsHalted()
T537C 333:141.440 - 3.454ms returns FALSE
T537C 333:141.504 JLINK_IsHalted()
T537C 333:143.520 - 2.003ms returns FALSE
T537C 333:247.296 JLINK_IsHalted()
T537C 333:249.664 - 2.374ms returns FALSE
T537C 333:249.824 JLINK_IsHalted()
T537C 333:251.488 - 1.673ms returns FALSE
T537C 333:357.152 JLINK_IsHalted()
T537C 333:359.552 - 2.356ms returns FALSE
T537C 333:359.680 JLINK_IsHalted()
T537C 333:361.408 - 1.703ms returns FALSE
T537C 333:466.528 JLINK_IsHalted()
T537C 333:470.528 - 3.987ms returns FALSE
T537C 333:470.688 JLINK_IsHalted()
T537C 333:472.384 - 1.684ms returns FALSE
T537C 333:576.256 JLINK_IsHalted()
T537C 333:578.400 - 2.123ms returns FALSE
T537C 333:578.560 JLINK_IsHalted()
T537C 333:580.224 - 1.677ms returns FALSE
T537C 333:684.832 JLINK_IsHalted()
T537C 333:686.592 - 1.769ms returns FALSE
T537C 333:686.688 JLINK_IsHalted()
T537C 333:688.320 - 1.640ms returns FALSE
T537C 333:794.464 JLINK_IsHalted()
T537C 333:795.968 - 1.528ms returns FALSE
T537C 333:796.096 JLINK_IsHalted()
T537C 333:797.856 - 1.757ms returns FALSE
T537C 333:903.936 JLINK_IsHalted()
T537C 333:906.048 - 2.082ms returns FALSE
T537C 333:906.144 JLINK_IsHalted()
T537C 333:907.872 - 1.718ms returns FALSE
T537C 334:013.088 JLINK_IsHalted()
T537C 334:015.264 - 2.161ms returns FALSE
T537C 334:015.360 JLINK_IsHalted()
T537C 334:017.184 - 1.799ms returns FALSE
T1488 334:050.880 JLINK_IsHalted()
T1488 334:052.896 - 2.018ms returns FALSE
T1488 334:053.056 JLINK_IsHalted()
T1488 334:054.720 - 1.639ms returns FALSE
T537C 334:122.688 JLINK_IsHalted()
T537C 334:124.768 - 2.097ms returns FALSE
T537C 334:124.896 JLINK_IsHalted()
T537C 334:126.528 - 1.643ms returns FALSE
T537C 334:232.256 JLINK_IsHalted()
T537C 334:234.560 - 2.310ms returns FALSE
T537C 334:234.656 JLINK_IsHalted()
T537C 334:236.608 - 1.969ms returns FALSE
T537C 334:341.248 JLINK_IsHalted()
T537C 334:342.976 - 1.738ms returns FALSE
T537C 334:343.104 JLINK_IsHalted()
T537C 334:344.896 - 1.745ms returns FALSE
T537C 334:450.272 JLINK_IsHalted()
T537C 334:452.416 - 2.128ms returns FALSE
T537C 334:452.512 JLINK_IsHalted()
T537C 334:454.464 - 1.947ms returns FALSE
T537C 334:560.416 JLINK_IsHalted()
T537C 334:562.176 - 1.769ms returns FALSE
T537C 334:562.304 JLINK_IsHalted()
T537C 334:564.096 - 1.775ms returns FALSE
T537C 334:669.664 JLINK_IsHalted()
T537C 334:671.648 - 1.957ms returns FALSE
T537C 334:671.744 JLINK_IsHalted()
T537C 334:673.472 - 1.726ms returns FALSE
T537C 334:778.624 JLINK_IsHalted()
T537C 334:780.736 - 2.088ms returns FALSE
T537C 334:780.864 JLINK_IsHalted()
T537C 334:782.752 - 1.903ms returns FALSE
T537C 334:887.808 JLINK_IsHalted()
T537C 334:890.176 - 2.355ms returns FALSE
T537C 334:890.272 JLINK_IsHalted()
T537C 334:892.032 - 1.766ms returns FALSE
T537C 334:997.856 JLINK_IsHalted()
T537C 334:999.776 - 1.912ms returns FALSE
T537C 334:999.904 JLINK_IsHalted()
T537C 335:001.632 - 1.724ms returns FALSE
T1488 335:055.776 JLINK_IsHalted()
T1488 335:057.184 - 1.426ms returns FALSE
T1488 335:057.312 JLINK_IsHalted()
T1488 335:058.976 - 1.641ms returns FALSE
T537C 335:107.392 JLINK_IsHalted()
T537C 335:109.184 - 1.802ms returns FALSE
T537C 335:109.312 JLINK_IsHalted()
T537C 335:110.880 - 1.566ms returns FALSE
T537C 335:216.320 JLINK_IsHalted()
T537C 335:218.688 - 2.355ms returns FALSE
T537C 335:218.816 JLINK_IsHalted()
T537C 335:220.416 - 1.582ms returns FALSE
T537C 335:326.048 JLINK_IsHalted()
T537C 335:328.288 - 2.245ms returns FALSE
T537C 335:328.448 JLINK_IsHalted()
T537C 335:329.856 - 1.427ms returns FALSE
T537C 335:434.656 JLINK_IsHalted()
T537C 335:436.544 - 1.888ms returns FALSE
T537C 335:436.704 JLINK_IsHalted()
T537C 335:438.528 - 1.841ms returns FALSE
T537C 335:544.736 JLINK_IsHalted()
T537C 335:547.744 - 3.022ms returns FALSE
T537C 335:548.000 JLINK_IsHalted()
T537C 335:549.664 - 1.650ms returns FALSE
T537C 335:653.824 JLINK_IsHalted()
T537C 335:655.936 - 2.091ms returns FALSE
T537C 335:656.000 JLINK_IsHalted()
T537C 335:657.760 - 1.736ms returns FALSE
T537C 335:763.552 JLINK_IsHalted()
T537C 335:766.208 - 2.625ms returns FALSE
T537C 335:766.336 JLINK_IsHalted()
T537C 335:767.936 - 1.597ms returns FALSE
T537C 335:872.736 JLINK_IsHalted()
T537C 335:874.496 - 1.782ms returns FALSE
T537C 335:874.656 JLINK_IsHalted()
T537C 335:876.416 - 1.724ms returns FALSE
T537C 335:982.016 JLINK_IsHalted()
T537C 335:984.064 - 2.043ms returns FALSE
T537C 335:984.224 JLINK_IsHalted()
T537C 335:986.048 - 1.821ms returns FALSE
T1488 336:060.352 JLINK_IsHalted()
T1488 336:062.208 - 1.865ms returns FALSE
T1488 336:062.304 JLINK_IsHalted()
T1488 336:064.192 - 1.864ms returns FALSE
T537C 336:091.072 JLINK_IsHalted()
T537C 336:093.184 - 2.128ms returns FALSE
T537C 336:093.280 JLINK_IsHalted()
T537C 336:097.088 - 3.818ms returns FALSE
T537C 336:200.320 JLINK_IsHalted()
T537C 336:202.176 - 1.854ms returns FALSE
T537C 336:202.304 JLINK_IsHalted()
T537C 336:204.128 - 1.826ms returns FALSE
T537C 336:309.952 JLINK_IsHalted()
T537C 336:313.312 - 3.369ms returns FALSE
T537C 336:313.408 JLINK_IsHalted()
T537C 336:315.104 - 1.715ms returns FALSE
T537C 336:420.000 JLINK_IsHalted()
T537C 336:421.824 - 1.848ms returns FALSE
T537C 336:421.984 JLINK_IsHalted()
T537C 336:423.648 - 1.680ms returns FALSE
T537C 336:529.120 JLINK_IsHalted()
T537C 336:531.360 - 2.237ms returns FALSE
T537C 336:531.520 JLINK_IsHalted()
T537C 336:533.280 - 1.754ms returns FALSE
T537C 336:638.656 JLINK_IsHalted()
T537C 336:640.800 - 2.153ms returns FALSE
T537C 336:640.960 JLINK_IsHalted()
T537C 336:642.592 - 1.650ms returns FALSE
T537C 336:747.584 JLINK_IsHalted()
T537C 336:750.784 - 3.174ms returns FALSE
T537C 336:750.912 JLINK_IsHalted()
T537C 336:752.704 - 1.754ms returns FALSE
T537C 336:856.512 JLINK_IsHalted()
T537C 336:858.528 - 2.027ms returns FALSE
T537C 336:858.688 JLINK_IsHalted()
T537C 336:860.384 - 1.695ms returns FALSE
T537C 336:966.400 JLINK_IsHalted()
T537C 336:968.576 - 2.166ms returns FALSE
T537C 336:968.736 JLINK_IsHalted()
T537C 336:970.528 - 1.793ms returns FALSE
T1488 337:064.992 JLINK_IsHalted()
T1488 337:066.944 - 1.940ms returns FALSE
T1488 337:067.072 JLINK_IsHalted()
T1488 337:068.896 - 1.814ms returns FALSE
T537C 337:075.648 JLINK_IsHalted()
T537C 337:077.536 - 1.879ms returns FALSE
T537C 337:077.696 JLINK_IsHalted()
T537C 337:079.392 - 1.714ms returns FALSE
T537C 337:184.864 JLINK_IsHalted()
T537C 337:186.912 - 2.049ms returns FALSE
T537C 337:187.072 JLINK_IsHalted()
T537C 337:188.864 - 1.802ms returns FALSE
T537C 337:294.144 JLINK_IsHalted()
T537C 337:295.808 - 1.666ms returns FALSE
T537C 337:295.904 JLINK_IsHalted()
T537C 337:297.472 - 1.568ms returns FALSE
T537C 337:403.744 JLINK_IsHalted()
T537C 337:405.344 - 1.606ms returns FALSE
T537C 337:405.504 JLINK_IsHalted()
T537C 337:407.072 - 1.593ms returns FALSE
T537C 337:513.888 JLINK_IsHalted()
T537C 337:515.328 - 1.473ms returns FALSE
T537C 337:515.456 JLINK_IsHalted()
T537C 337:517.120 - 1.647ms returns FALSE
T537C 337:622.848 JLINK_IsHalted()
T537C 337:624.832 - 1.970ms returns FALSE
T537C 337:624.960 JLINK_IsHalted()
T537C 337:626.688 - 1.716ms returns FALSE
T537C 337:732.512 JLINK_IsHalted()
T537C 337:734.560 - 2.050ms returns FALSE
T537C 337:734.688 JLINK_IsHalted()
T537C 337:736.640 - 1.967ms returns FALSE
T537C 337:841.600 JLINK_IsHalted()
T537C 337:844.480 - 2.865ms returns FALSE
T537C 337:844.640 JLINK_IsHalted()
T537C 337:846.464 - 1.849ms returns FALSE
T537C 337:951.008 JLINK_IsHalted()
T537C 337:952.672 - 1.668ms returns FALSE
T537C 337:952.800 JLINK_IsHalted()
T537C 337:954.656 - 1.868ms returns FALSE
T537C 338:059.968 JLINK_IsHalted()
T537C 338:062.304 - 2.347ms returns FALSE
T537C 338:062.400 JLINK_IsHalted()
T537C 338:064.096 - 1.695ms returns FALSE
T1488 338:070.496 JLINK_IsHalted()
T1488 338:072.480 - 1.982ms returns FALSE
T1488 338:072.608 JLINK_IsHalted()
T1488 338:074.400 - 1.794ms returns FALSE
T537C 338:169.152 JLINK_IsHalted()
T537C 338:170.656 - 1.481ms returns FALSE
T537C 338:170.784 JLINK_IsHalted()
T537C 338:172.448 - 1.681ms returns FALSE
T537C 338:278.464 JLINK_IsHalted()
T537C 338:280.608 - 2.125ms returns FALSE
T537C 338:280.736 JLINK_IsHalted()
T537C 338:282.560 - 1.814ms returns FALSE
T537C 338:388.288 JLINK_IsHalted()
T537C 338:390.272 - 2.003ms returns FALSE
T537C 338:390.400 JLINK_IsHalted()
T537C 338:392.128 - 1.720ms returns FALSE
T537C 338:498.048 JLINK_IsHalted()
T537C 338:499.840 - 1.785ms returns FALSE
T537C 338:499.936 JLINK_IsHalted()
T537C 338:501.696 - 1.751ms returns FALSE
T537C 338:606.912 JLINK_IsHalted()
T537C 338:609.216 - 2.320ms returns FALSE
T537C 338:609.344 JLINK_IsHalted()
T537C 338:610.912 - 1.563ms returns FALSE
T537C 338:716.480 JLINK_IsHalted()
T537C 338:719.296 - 2.832ms returns FALSE
T537C 338:719.424 JLINK_IsHalted()
T537C 338:720.960 - 1.519ms returns FALSE
T537C 338:825.984 JLINK_IsHalted()
T537C 338:827.456 - 1.473ms returns FALSE
T537C 338:827.584 JLINK_IsHalted()
T537C 338:829.376 - 1.777ms returns FALSE
T537C 338:935.264 JLINK_IsHalted()
T537C 338:936.704 - 1.441ms returns FALSE
T537C 338:936.832 JLINK_IsHalted()
T537C 338:938.720 - 1.911ms returns FALSE
T537C 339:044.544 JLINK_IsHalted()
T537C 339:047.424 - 2.846ms returns FALSE
T537C 339:047.520 JLINK_IsHalted()
T537C 339:049.344 - 1.817ms returns FALSE
T1488 339:074.752 JLINK_IsHalted()
T1488 339:077.312 - 2.581ms returns FALSE
T1488 339:077.440 JLINK_IsHalted()
T1488 339:079.232 - 1.775ms returns FALSE
T537C 339:153.664 JLINK_IsHalted()
T537C 339:154.912 - 1.240ms returns FALSE
T537C 339:155.008 JLINK_IsHalted()
T537C 339:156.832 - 1.809ms returns FALSE
T537C 339:263.168 JLINK_IsHalted()
T537C 339:264.256 - 1.097ms returns FALSE
T537C 339:264.352 JLINK_IsHalted()
T537C 339:266.048 - 1.705ms returns FALSE
T537C 339:372.256 JLINK_IsHalted()
T537C 339:374.016 - 1.743ms returns FALSE
T537C 339:374.144 JLINK_IsHalted()
T537C 339:375.904 - 1.768ms returns FALSE
T537C 339:482.432 JLINK_IsHalted()
T537C 339:484.064 - 1.629ms returns FALSE
T537C 339:484.192 JLINK_IsHalted()
T537C 339:485.920 - 1.726ms returns FALSE
T537C 339:591.712 JLINK_IsHalted()
T537C 339:593.536 - 1.827ms returns FALSE
T537C 339:593.632 JLINK_IsHalted()
T537C 339:595.456 - 1.808ms returns FALSE
T537C 339:700.704 JLINK_IsHalted()
T537C 339:703.616 - 2.886ms returns FALSE
T537C 339:703.744 JLINK_IsHalted()
T537C 339:705.504 - 1.765ms returns FALSE
T537C 339:809.856 JLINK_IsHalted()
T537C 339:812.064 - 2.190ms returns FALSE
T537C 339:812.160 JLINK_IsHalted()
T537C 339:814.080 - 1.921ms returns FALSE
T537C 339:919.200 JLINK_IsHalted()
T537C 339:921.312 - 2.089ms returns FALSE
T537C 339:921.472 JLINK_IsHalted()
T537C 339:923.264 - 1.807ms returns FALSE
T537C 340:028.608 JLINK_IsHalted()
T537C 340:029.632 - 1.004ms returns FALSE
T537C 340:029.728 JLINK_IsHalted()
T537C 340:031.648 - 1.924ms returns FALSE
T1488 340:080.192 JLINK_IsHalted()
T1488 340:081.504 - 1.314ms returns FALSE
T1488 340:081.600 JLINK_IsHalted()
T1488 340:083.360 - 1.758ms returns FALSE
T537C 340:138.304 JLINK_IsHalted()
T537C 340:139.296 - 0.957ms returns FALSE
T537C 340:139.360 JLINK_IsHalted()
T537C 340:141.152 - 1.793ms returns FALSE
T537C 340:247.392 JLINK_IsHalted()
T537C 340:248.640 - 1.248ms returns FALSE
T537C 340:248.736 JLINK_IsHalted()
T537C 340:250.688 - 1.955ms returns FALSE
T537C 340:356.544 JLINK_IsHalted()
T537C 340:358.976 - 2.469ms returns FALSE
T537C 340:359.104 JLINK_IsHalted()
T537C 340:360.864 - 1.757ms returns FALSE
T537C 340:466.016 JLINK_IsHalted()
T537C 340:467.136 - 1.100ms returns FALSE
T537C 340:467.296 JLINK_IsHalted()
T537C 340:469.088 - 1.795ms returns FALSE
T537C 340:575.776 JLINK_IsHalted()
T537C 340:577.344 - 1.571ms returns FALSE
T537C 340:577.408 JLINK_IsHalted()
T537C 340:579.168 - 1.759ms returns FALSE
T537C 340:684.832 JLINK_IsHalted()
T537C 340:687.200 - 2.373ms returns FALSE
T537C 340:687.296 JLINK_IsHalted()
T537C 340:688.992 - 1.715ms returns FALSE
T537C 340:794.144 JLINK_IsHalted()
T537C 340:796.032 - 1.880ms returns FALSE
T537C 340:796.096 JLINK_IsHalted()
T537C 340:797.632 - 1.538ms returns FALSE
T537C 340:903.616 JLINK_IsHalted()
T537C 340:904.800 - 1.197ms returns FALSE
T537C 340:904.896 JLINK_IsHalted()
T537C 340:908.096 - 3.183ms returns FALSE
T537C 341:013.408 JLINK_IsHalted()
T537C 341:015.488 - 2.076ms returns FALSE
T537C 341:015.552 JLINK_IsHalted()
T537C 341:017.408 - 1.838ms returns FALSE
T1488 341:083.744 JLINK_IsHalted()
T1488 341:086.528 - 2.759ms returns FALSE
T1488 341:086.592 JLINK_IsHalted()
T1488 341:088.384 - 1.776ms returns FALSE
T537C 341:122.272 JLINK_IsHalted()
T537C 341:124.544 - 2.284ms returns FALSE
T537C 341:124.672 JLINK_IsHalted()
T537C 341:126.240 - 1.595ms returns FALSE
T537C 341:232.032 JLINK_IsHalted()
T537C 341:233.664 - 1.627ms returns FALSE
T537C 341:233.728 JLINK_IsHalted()
T537C 341:235.392 - 1.676ms returns FALSE
T537C 341:341.888 JLINK_IsHalted()
T537C 341:343.840 - 1.986ms returns FALSE
T537C 341:343.936 JLINK_IsHalted()
T537C 341:345.728 - 1.789ms returns FALSE
T537C 341:450.240 JLINK_IsHalted()
T537C 341:451.712 - 1.452ms returns FALSE
T537C 341:451.776 JLINK_IsHalted()
T537C 341:453.408 - 1.633ms returns FALSE
T537C 341:559.776 JLINK_IsHalted()
T537C 341:561.280 - 1.482ms returns FALSE
T537C 341:561.408 JLINK_IsHalted()
T537C 341:563.072 - 1.708ms returns FALSE
T537C 341:669.056 JLINK_IsHalted()
T537C 341:670.144 - 1.081ms returns FALSE
T537C 341:670.272 JLINK_IsHalted()
T537C 341:672.032 - 1.769ms returns FALSE
T537C 341:778.880 JLINK_IsHalted()
T537C 341:780.608 - 1.738ms returns FALSE
T537C 341:780.672 JLINK_IsHalted()
T537C 341:782.816 - 2.103ms returns FALSE
T537C 341:888.576 JLINK_IsHalted()
T537C 341:889.920 - 1.374ms returns FALSE
T537C 341:890.016 JLINK_IsHalted()
T537C 341:891.488 - 1.461ms returns FALSE
T537C 341:997.568 JLINK_IsHalted()
T537C 341:999.616 - 2.048ms returns FALSE
T537C 341:999.680 JLINK_IsHalted()
T537C 342:001.536 - 1.833ms returns FALSE
T1488 342:088.768 JLINK_IsHalted()
T1488 342:089.792 - 1.054ms returns FALSE
T1488 342:089.888 JLINK_IsHalted()
T1488 342:091.808 - 1.915ms returns FALSE
T537C 342:106.496 JLINK_IsHalted()
T537C 342:110.912 - 4.432ms returns FALSE
T537C 342:111.072 JLINK_IsHalted()
T537C 342:116.288 - 5.240ms returns FALSE
T537C 342:216.096 JLINK_IsHalted()
T537C 342:217.920 - 1.818ms returns FALSE
T537C 342:217.984 JLINK_IsHalted()
T537C 342:219.872 - 1.894ms returns FALSE
T537C 342:325.568 JLINK_IsHalted()
T537C 342:328.736 - 3.158ms returns FALSE
T537C 342:328.800 JLINK_IsHalted()
T537C 342:330.208 - 1.419ms returns FALSE
T537C 342:435.520 JLINK_IsHalted()
T537C 342:437.376 - 1.845ms returns FALSE
T537C 342:437.440 JLINK_IsHalted()
T537C 342:439.232 - 1.769ms returns FALSE
T537C 342:544.544 JLINK_IsHalted()
T537C 342:546.336 - 1.808ms returns FALSE
T537C 342:546.400 JLINK_IsHalted()
T537C 342:548.416 - 1.999ms returns FALSE
T537C 342:653.632 JLINK_IsHalted()
T537C 342:655.616 - 1.963ms returns FALSE
T537C 342:655.680 JLINK_IsHalted()
T537C 342:658.784 - 3.114ms returns FALSE
T537C 342:763.616 JLINK_IsHalted()
T537C 342:767.840 - 4.204ms returns FALSE
T537C 342:767.904 JLINK_IsHalted()
T537C 342:769.728 - 1.838ms returns FALSE
T537C 342:872.384 JLINK_IsHalted()
T537C 342:874.464 - 2.074ms returns FALSE
T537C 342:874.560 JLINK_IsHalted()
T537C 342:876.448 - 1.902ms returns FALSE
T537C 342:982.272 JLINK_IsHalted()
T537C 342:984.320 - 2.038ms returns FALSE
T537C 342:984.384 JLINK_IsHalted()
T537C 342:986.016 - 1.606ms returns FALSE
T537C 343:091.776 JLINK_IsHalted()
T537C 343:092.960 - 1.191ms returns FALSE
T537C 343:093.024 JLINK_IsHalted()
T537C 343:094.848 - 1.815ms returns FALSE
T1488 343:094.976 JLINK_IsHalted()
T1488 343:096.768 - 1.783ms returns FALSE
T1488 343:096.832 JLINK_IsHalted()
T1488 343:098.624 - 1.771ms returns FALSE
T537C 343:200.736 JLINK_IsHalted()
T537C 343:202.752 - 1.978ms returns FALSE
T537C 343:202.816 JLINK_IsHalted()
T537C 343:204.320 - 1.506ms returns FALSE
T537C 343:310.176 JLINK_IsHalted()
T537C 343:311.520 - 1.343ms returns FALSE
T537C 343:311.616 JLINK_IsHalted()
T537C 343:313.376 - 1.767ms returns FALSE
T537C 343:418.976 JLINK_IsHalted()
T537C 343:420.992 - 1.993ms returns FALSE
T537C 343:421.088 JLINK_IsHalted()
T537C 343:423.008 - 1.907ms returns FALSE
T537C 343:528.384 JLINK_IsHalted()
T537C 343:530.144 - 1.727ms returns FALSE
T537C 343:530.208 JLINK_IsHalted()
T537C 343:531.712 - 1.490ms returns FALSE
T537C 343:638.464 JLINK_IsHalted()
T537C 343:640.384 - 1.940ms returns FALSE
T537C 343:640.480 JLINK_IsHalted()
T537C 343:643.776 - 3.302ms returns FALSE
T537C 343:748.032 JLINK_IsHalted()
T537C 343:749.056 - 1.038ms returns FALSE
T537C 343:749.152 JLINK_IsHalted()
T537C 343:750.880 - 1.739ms returns FALSE
T537C 343:856.960 JLINK_IsHalted()
T537C 343:859.360 - 2.407ms returns FALSE
T537C 343:859.456 JLINK_IsHalted()
T537C 343:861.440 - 2.007ms returns FALSE
T537C 343:966.016 JLINK_IsHalted()
T537C 343:968.864 - 2.825ms returns FALSE
T537C 343:968.960 JLINK_IsHalted()
T537C 343:972.416 - 3.466ms returns FALSE
T537C 344:075.264 JLINK_IsHalted()
T537C 344:076.512 - 1.252ms returns FALSE
T537C 344:076.608 JLINK_IsHalted()
T537C 344:079.904 - 3.310ms returns FALSE
T1488 344:099.424 JLINK_IsHalted()
T1488 344:101.216 - 1.801ms returns FALSE
T1488 344:101.312 JLINK_IsHalted()
T1488 344:103.296 - 2.002ms returns FALSE
T537C 344:185.280 JLINK_IsHalted()
T537C 344:187.360 - 2.073ms returns FALSE
T537C 344:187.456 JLINK_IsHalted()
T537C 344:189.376 - 1.938ms returns FALSE
T537C 344:294.400 JLINK_IsHalted()
T537C 344:296.768 - 2.374ms returns FALSE
T537C 344:296.864 JLINK_IsHalted()
T537C 344:298.592 - 1.742ms returns FALSE
T537C 344:403.648 JLINK_IsHalted()
T537C 344:405.600 - 1.940ms returns FALSE
T537C 344:405.696 JLINK_IsHalted()
T537C 344:408.608 - 2.923ms returns FALSE
T537C 344:513.216 JLINK_IsHalted()
T537C 344:514.624 - 1.410ms returns FALSE
T537C 344:514.752 JLINK_IsHalted()
T537C 344:516.512 - 1.747ms returns FALSE
T537C 344:622.112 JLINK_IsHalted()
T537C 344:623.488 - 1.382ms returns FALSE
T537C 344:623.584 JLINK_IsHalted()
T537C 344:625.696 - 2.113ms returns FALSE
T537C 344:731.456 JLINK_IsHalted()
T537C 344:732.448 - 0.965ms returns FALSE
T537C 344:732.480 JLINK_IsHalted()
T537C 344:734.528 - 2.015ms returns FALSE
T537C 344:841.120 JLINK_IsHalted()
T537C 344:842.944 - 1.856ms returns FALSE
T537C 344:843.072 JLINK_IsHalted()
T537C 344:844.800 - 1.725ms returns FALSE
T537C 344:950.976 JLINK_IsHalted()
T537C 344:953.184 - 2.233ms returns FALSE
T537C 344:953.280 JLINK_IsHalted()
T537C 344:955.200 - 1.948ms returns FALSE
T537C 345:060.224 JLINK_IsHalted()
T537C 345:061.792 - 1.554ms returns FALSE
T537C 345:061.856 JLINK_IsHalted()
T537C 345:063.552 - 1.686ms returns FALSE
T1488 345:104.192 JLINK_IsHalted()
T1488 345:105.952 - 1.725ms returns FALSE
T1488 345:106.016 JLINK_IsHalted()
T1488 345:109.056 - 3.020ms returns FALSE
T537C 345:169.664 JLINK_IsHalted()
T537C 345:170.880 - 1.215ms returns FALSE
T537C 345:170.976 JLINK_IsHalted()
T537C 345:172.736 - 1.776ms returns FALSE
T537C 345:278.752 JLINK_IsHalted()
T537C 345:280.192 - 1.474ms returns FALSE
T537C 345:280.320 JLINK_IsHalted()
T537C 345:282.048 - 1.756ms returns FALSE
T537C 345:387.968 JLINK_IsHalted()
T537C 345:391.040 - 3.091ms returns FALSE
T537C 345:391.136 JLINK_IsHalted()
T537C 345:393.152 - 2.008ms returns FALSE
T537C 345:497.216 JLINK_IsHalted()
T537C 345:498.848 - 1.632ms returns FALSE
T537C 345:498.944 JLINK_IsHalted()
T537C 345:500.992 - 2.068ms returns FALSE
T537C 345:606.944 JLINK_IsHalted()
T537C 345:608.000 - 1.043ms returns FALSE
T537C 345:608.064 JLINK_IsHalted()
T537C 345:610.656 - 2.580ms returns FALSE
T537C 345:716.448 JLINK_IsHalted()
T537C 345:718.112 - 1.665ms returns FALSE
T537C 345:718.208 JLINK_IsHalted()
T537C 345:719.872 - 1.666ms returns FALSE
T537C 345:826.240 JLINK_IsHalted()
T537C 345:828.288 - 2.024ms returns FALSE
T537C 345:828.352 JLINK_IsHalted()
T537C 345:830.176 - 1.822ms returns FALSE
T537C 345:935.552 JLINK_IsHalted()
T537C 345:937.312 - 1.776ms returns FALSE
T537C 345:937.376 JLINK_IsHalted()
T537C 345:938.880 - 1.508ms returns FALSE
T537C 346:045.248 JLINK_IsHalted()
T537C 346:046.624 - 1.389ms returns FALSE
T537C 346:046.688 JLINK_IsHalted()
T537C 346:048.800 - 2.107ms returns FALSE
T1488 346:109.984 JLINK_IsHalted()
T1488 346:111.776 - 1.803ms returns FALSE
T1488 346:111.904 JLINK_IsHalted()
T1488 346:113.696 - 1.781ms returns FALSE
T537C 346:154.368 JLINK_IsHalted()
T537C 346:159.168 - 4.822ms returns FALSE
T537C 346:159.264 JLINK_IsHalted()
T537C 346:161.024 - 1.773ms returns FALSE
T537C 346:263.232 JLINK_IsHalted()
T537C 346:264.832 - 1.612ms returns FALSE
T537C 346:264.928 JLINK_IsHalted()
T537C 346:266.688 - 1.765ms returns FALSE
T537C 346:372.352 JLINK_IsHalted()
T537C 346:374.336 - 1.977ms returns FALSE
T537C 346:374.400 JLINK_IsHalted()
T537C 346:376.160 - 1.771ms returns FALSE
T537C 346:481.824 JLINK_IsHalted()
T537C 346:483.424 - 1.623ms returns FALSE
T537C 346:483.520 JLINK_IsHalted()
T537C 346:485.184 - 1.689ms returns FALSE
T537C 346:591.776 JLINK_IsHalted()
T537C 346:593.632 - 1.866ms returns FALSE
T537C 346:593.728 JLINK_IsHalted()
T537C 346:595.520 - 1.828ms returns FALSE
T537C 346:700.704 JLINK_IsHalted()
T537C 346:701.952 - 1.249ms returns FALSE
T537C 346:702.016 JLINK_IsHalted()
T537C 346:703.808 - 1.787ms returns FALSE
T537C 346:809.536 JLINK_IsHalted()
T537C 346:810.784 - 1.228ms returns FALSE
T537C 346:810.816 JLINK_IsHalted()
T537C 346:812.608 - 1.782ms returns FALSE
T537C 346:919.616 JLINK_IsHalted()
T537C 346:921.664 - 2.045ms returns FALSE
T537C 346:921.760 JLINK_IsHalted()
T537C 346:923.584 - 1.803ms returns FALSE
T537C 347:028.608 JLINK_IsHalted()
T537C 347:030.208 - 1.593ms returns FALSE
T537C 347:030.336 JLINK_IsHalted()
T537C 347:031.872 - 1.541ms returns FALSE
T1488 347:114.464 JLINK_IsHalted()
T1488 347:115.712 - 1.254ms returns FALSE
T1488 347:115.808 JLINK_IsHalted()
T1488 347:117.536 - 1.753ms returns FALSE
T537C 347:138.368 JLINK_IsHalted()
T537C 347:140.256 - 1.891ms returns FALSE
T537C 347:140.288 JLINK_IsHalted()
T537C 347:142.176 - 1.875ms returns FALSE
T537C 347:248.128 JLINK_IsHalted()
T537C 347:249.216 - 1.089ms returns FALSE
T537C 347:249.280 JLINK_IsHalted()
T537C 347:251.232 - 1.944ms returns FALSE
T537C 347:356.608 JLINK_IsHalted()
T537C 347:359.040 - 2.425ms returns FALSE
T537C 347:359.104 JLINK_IsHalted()
T537C 347:360.832 - 1.734ms returns FALSE
T537C 347:466.208 JLINK_IsHalted()
T537C 347:468.224 - 2.035ms returns FALSE
T537C 347:468.320 JLINK_IsHalted()
T537C 347:469.984 - 1.678ms returns FALSE
T537C 347:576.096 JLINK_IsHalted()
T537C 347:577.408 - 1.345ms returns FALSE
T537C 347:577.504 JLINK_IsHalted()
T537C 347:579.008 - 1.503ms returns FALSE
T537C 347:685.344 JLINK_IsHalted()
T537C 347:686.080 - 0.711ms returns FALSE
T537C 347:686.112 JLINK_IsHalted()
T537C 347:687.968 - 1.832ms returns FALSE
T537C 347:794.368 JLINK_IsHalted()
T537C 347:797.184 - 2.809ms returns FALSE
T537C 347:797.312 JLINK_IsHalted()
T537C 347:799.008 - 1.680ms returns FALSE
T537C 347:903.936 JLINK_IsHalted()
T537C 347:905.728 - 1.821ms returns FALSE
T537C 347:905.824 JLINK_IsHalted()
T537C 347:909.024 - 3.198ms returns FALSE
T537C 348:013.056 JLINK_IsHalted()
T537C 348:015.040 - 2.005ms returns FALSE
T537C 348:015.168 JLINK_IsHalted()
T537C 348:016.960 - 1.812ms returns FALSE
T1488 348:118.016 JLINK_IsHalted()
T1488 348:120.384 - 2.363ms returns FALSE
T1488 348:120.480 JLINK_IsHalted()
T1488 348:123.904 - 3.429ms returns FALSE
T537C 348:124.064 JLINK_IsHalted()
T537C 348:125.824 - 1.764ms returns FALSE
T537C 348:125.888 JLINK_IsHalted()
T537C 348:127.520 - 1.603ms returns FALSE
T537C 348:232.064 JLINK_IsHalted()
T537C 348:234.112 - 2.050ms returns FALSE
T537C 348:234.208 JLINK_IsHalted()
T537C 348:236.032 - 1.823ms returns FALSE
T537C 348:341.376 JLINK_IsHalted()
T537C 348:343.328 - 1.942ms returns FALSE
T537C 348:343.360 JLINK_IsHalted()
T537C 348:345.184 - 1.816ms returns FALSE
T537C 348:451.136 JLINK_IsHalted()
T537C 348:452.736 - 1.614ms returns FALSE
T537C 348:452.800 JLINK_IsHalted()
T537C 348:456.288 - 3.463ms returns FALSE
T537C 348:559.616 JLINK_IsHalted()
T537C 348:561.632 - 2.021ms returns FALSE
T537C 348:561.760 JLINK_IsHalted()
T537C 348:563.776 - 1.987ms returns FALSE
T537C 348:669.152 JLINK_IsHalted()
T537C 348:671.072 - 1.927ms returns FALSE
T537C 348:671.136 JLINK_IsHalted()
T537C 348:672.896 - 1.744ms returns FALSE
T537C 348:778.368 JLINK_IsHalted()
T537C 348:780.160 - 1.794ms returns FALSE
T537C 348:780.224 JLINK_IsHalted()
T537C 348:781.920 - 1.686ms returns FALSE
T537C 348:888.320 JLINK_IsHalted()
T537C 348:890.304 - 1.987ms returns FALSE
T537C 348:890.368 JLINK_IsHalted()
T537C 348:892.192 - 1.806ms returns FALSE
T537C 348:997.376 JLINK_IsHalted()
T537C 348:999.360 - 2.002ms returns FALSE
T537C 348:999.456 JLINK_IsHalted()
T537C 349:001.280 - 1.829ms returns FALSE
T537C 349:107.360 JLINK_IsHalted()
T537C 349:108.928 - 1.606ms returns FALSE
T537C 349:109.024 JLINK_IsHalted()
T537C 349:110.784 - 1.781ms returns FALSE
T1488 349:124.704 JLINK_IsHalted()
T1488 349:127.776 - 3.058ms returns FALSE
T1488 349:127.872 JLINK_IsHalted()
T1488 349:129.600 - 1.751ms returns FALSE
T537C 349:216.192 JLINK_IsHalted()
T537C 349:218.272 - 2.064ms returns FALSE
T537C 349:218.368 JLINK_IsHalted()
T537C 349:220.096 - 1.738ms returns FALSE
T537C 349:325.888 JLINK_IsHalted()
T537C 349:327.296 - 1.400ms returns FALSE
T537C 349:327.392 JLINK_IsHalted()
T537C 349:329.056 - 1.668ms returns FALSE
T537C 349:434.752 JLINK_IsHalted()
T537C 349:436.608 - 1.866ms returns FALSE
T537C 349:436.736 JLINK_IsHalted()
T537C 349:438.528 - 1.788ms returns FALSE
T537C 349:544.512 JLINK_IsHalted()
T537C 349:546.112 - 1.590ms returns FALSE
T537C 349:546.176 JLINK_IsHalted()
T537C 349:547.744 - 1.555ms returns FALSE
T537C 349:653.952 JLINK_IsHalted()
T537C 349:657.920 - 3.981ms returns FALSE
T537C 349:657.984 JLINK_IsHalted()
T537C 349:659.872 - 1.886ms returns FALSE
T537C 349:763.360 JLINK_IsHalted()
T537C 349:765.568 - 2.187ms returns FALSE
T537C 349:765.632 JLINK_IsHalted()
T537C 349:767.392 - 1.777ms returns FALSE
T537C 349:872.384 JLINK_IsHalted()
T537C 349:874.240 - 1.860ms returns FALSE
T537C 349:874.304 JLINK_IsHalted()
T537C 349:876.096 - 1.776ms returns FALSE
T537C 349:982.240 JLINK_IsHalted()
T537C 349:983.488 - 1.265ms returns FALSE
T537C 349:983.616 JLINK_IsHalted()
T537C 349:985.120 - 1.524ms returns FALSE
T537C 350:091.392 JLINK_IsHalted()
T537C 350:093.152 - 1.754ms returns FALSE
T537C 350:093.248 JLINK_IsHalted()
T537C 350:095.008 - 1.768ms returns FALSE
T1488 350:130.112 JLINK_IsHalted()
T1488 350:132.192 - 2.094ms returns FALSE
T1488 350:132.288 JLINK_IsHalted()
T1488 350:134.144 - 1.882ms returns FALSE
T537C 350:201.024 JLINK_IsHalted()
T537C 350:203.104 - 2.107ms returns FALSE
T537C 350:203.200 JLINK_IsHalted()
T537C 350:205.184 - 1.985ms returns FALSE
T537C 350:309.792 JLINK_IsHalted()
T537C 350:311.296 - 1.518ms returns FALSE
T537C 350:311.360 JLINK_IsHalted()
T537C 350:313.248 - 1.868ms returns FALSE
T537C 350:419.328 JLINK_IsHalted()
T537C 350:421.152 - 1.823ms returns FALSE
T537C 350:421.216 JLINK_IsHalted()
T537C 350:422.720 - 1.492ms returns FALSE
T537C 350:529.056 JLINK_IsHalted()
T537C 350:530.048 - 1.000ms returns FALSE
T537C 350:530.112 JLINK_IsHalted()
T537C 350:531.872 - 1.750ms returns FALSE
T537C 350:637.920 JLINK_IsHalted()
T537C 350:638.912 - 1.001ms returns FALSE
T537C 350:638.976 JLINK_IsHalted()
T537C 350:641.056 - 2.075ms returns FALSE
T537C 350:747.456 JLINK_IsHalted()
T537C 350:750.112 - 2.645ms returns FALSE
T537C 350:750.176 JLINK_IsHalted()
T537C 350:751.840 - 1.647ms returns FALSE
T537C 350:856.928 JLINK_IsHalted()
T537C 350:859.328 - 2.370ms returns FALSE
T537C 350:859.392 JLINK_IsHalted()
T537C 350:861.216 - 1.810ms returns FALSE
T537C 350:966.304 JLINK_IsHalted()
T537C 350:968.480 - 2.150ms returns FALSE
T537C 350:968.576 JLINK_IsHalted()
T537C 350:970.432 - 1.865ms returns FALSE
T537C 351:075.264 JLINK_IsHalted()
T537C 351:076.224 - 0.955ms returns FALSE
T537C 351:076.320 JLINK_IsHalted()
T537C 351:077.984 - 1.650ms returns FALSE
T1488 351:135.232 JLINK_IsHalted()
T1488 351:137.152 - 1.911ms returns FALSE
T1488 351:137.216 JLINK_IsHalted()
T1488 351:140.960 - 3.739ms returns FALSE
T537C 351:184.576 JLINK_IsHalted()
T537C 351:187.840 - 3.252ms returns FALSE
T537C 351:187.904 JLINK_IsHalted()
T537C 351:189.312 - 1.417ms returns FALSE
T537C 351:294.720 JLINK_IsHalted()
T537C 351:296.640 - 1.919ms returns FALSE
T537C 351:296.704 JLINK_IsHalted()
T537C 351:298.432 - 1.727ms returns FALSE
T537C 351:404.032 JLINK_IsHalted()
T537C 351:405.792 - 1.758ms returns FALSE
T537C 351:405.856 JLINK_IsHalted()
T537C 351:409.088 - 3.225ms returns FALSE
T537C 351:513.152 JLINK_IsHalted()
T537C 351:514.368 - 1.223ms returns FALSE
T537C 351:514.432 JLINK_IsHalted()
T537C 351:516.416 - 1.961ms returns FALSE
T537C 351:622.848 JLINK_IsHalted()
T537C 351:624.832 - 1.988ms returns FALSE
T537C 351:624.896 JLINK_IsHalted()
T537C 351:626.688 - 1.768ms returns FALSE
T537C 351:731.776 JLINK_IsHalted()
T537C 351:733.888 - 2.107ms returns FALSE
T537C 351:733.952 JLINK_IsHalted()
T537C 351:735.648 - 1.699ms returns FALSE
T537C 351:841.568 JLINK_IsHalted()
T537C 351:842.624 - 1.050ms returns FALSE
T537C 351:842.688 JLINK_IsHalted()
T537C 351:844.768 - 2.067ms returns FALSE
T537C 351:950.752 JLINK_IsHalted()
T537C 351:952.960 - 2.219ms returns FALSE
T537C 351:953.056 JLINK_IsHalted()
T537C 351:954.912 - 1.864ms returns FALSE
T537C 352:059.776 JLINK_IsHalted()
T537C 352:062.528 - 2.745ms returns FALSE
T537C 352:062.624 JLINK_IsHalted()
T537C 352:064.416 - 1.783ms returns FALSE
T1488 352:142.272 JLINK_IsHalted()
T1488 352:143.648 - 1.391ms returns FALSE
T1488 352:143.712 JLINK_IsHalted()
T1488 352:145.792 - 2.083ms returns FALSE
T537C 352:169.408 JLINK_IsHalted()
T537C 352:171.168 - 1.782ms returns FALSE
T537C 352:171.232 JLINK_IsHalted()
T537C 352:173.056 - 1.827ms returns FALSE
T537C 352:278.592 JLINK_IsHalted()
T537C 352:280.224 - 1.627ms returns FALSE
T537C 352:280.256 JLINK_IsHalted()
T537C 352:282.048 - 1.766ms returns FALSE
T537C 352:388.512 JLINK_IsHalted()
T537C 352:389.312 - 0.820ms returns FALSE
T537C 352:389.408 JLINK_IsHalted()
T537C 352:391.456 - 2.058ms returns FALSE
T537C 352:497.728 JLINK_IsHalted()
T537C 352:501.184 - 3.461ms returns FALSE
T537C 352:501.280 JLINK_IsHalted()
T537C 352:502.912 - 1.644ms returns FALSE
T537C 352:607.200 JLINK_IsHalted()
T537C 352:611.808 - 4.625ms returns FALSE
T537C 352:611.968 JLINK_IsHalted()
T537C 352:613.728 - 1.778ms returns FALSE
T537C 352:716.096 JLINK_IsHalted()
T537C 352:719.552 - 3.485ms returns FALSE
T537C 352:719.648 JLINK_IsHalted()
T537C 352:721.536 - 1.908ms returns FALSE
T537C 352:825.312 JLINK_IsHalted()
T537C 352:826.528 - 1.223ms returns FALSE
T537C 352:826.624 JLINK_IsHalted()
T537C 352:828.704 - 2.060ms returns FALSE
T537C 352:934.880 JLINK_IsHalted()
T537C 352:936.896 - 2.011ms returns FALSE
T537C 352:936.960 JLINK_IsHalted()
T537C 352:938.944 - 1.989ms returns FALSE
T537C 353:044.928 JLINK_IsHalted()
T537C 353:046.208 - 1.249ms returns FALSE
T537C 353:046.272 JLINK_IsHalted()
T537C 353:048.160 - 1.889ms returns FALSE
T1488 353:146.816 JLINK_IsHalted()
T1488 353:148.384 - 1.566ms returns FALSE
T1488 353:148.480 JLINK_IsHalted()
T1488 353:150.016 - 1.526ms returns FALSE
T537C 353:153.792 JLINK_IsHalted()
T537C 353:155.616 - 1.805ms returns FALSE
T537C 353:155.680 JLINK_IsHalted()
T537C 353:159.104 - 3.416ms returns FALSE
T537C 353:263.808 JLINK_IsHalted()
T537C 353:264.992 - 1.176ms returns FALSE
T537C 353:265.088 JLINK_IsHalted()
T537C 353:270.048 - 4.966ms returns FALSE
T537C 353:372.320 JLINK_IsHalted()
T537C 353:374.336 - 2.021ms returns FALSE
T537C 353:374.400 JLINK_IsHalted()
T537C 353:376.384 - 1.966ms returns FALSE
T537C 353:481.920 JLINK_IsHalted()
T537C 353:484.224 - 2.319ms returns FALSE
T537C 353:484.288 JLINK_IsHalted()
T537C 353:486.016 - 1.736ms returns FALSE
T537C 353:590.976 JLINK_IsHalted()
T537C 353:593.184 - 2.194ms returns FALSE
T537C 353:593.280 JLINK_IsHalted()
T537C 353:594.944 - 1.657ms returns FALSE
T537C 353:700.512 JLINK_IsHalted()
T537C 353:702.176 - 1.653ms returns FALSE
T537C 353:702.240 JLINK_IsHalted()
T537C 353:704.032 - 1.810ms returns FALSE
T537C 353:809.664 JLINK_IsHalted()
T537C 353:811.744 - 2.062ms returns FALSE
T537C 353:811.808 JLINK_IsHalted()
T537C 353:813.600 - 1.791ms returns FALSE
T537C 353:919.872 JLINK_IsHalted()
T537C 353:921.984 - 2.131ms returns FALSE
T537C 353:922.080 JLINK_IsHalted()
T537C 353:925.728 - 3.652ms returns FALSE
T537C 354:029.312 JLINK_IsHalted()
T537C 354:031.424 - 2.125ms returns FALSE
T537C 354:031.520 JLINK_IsHalted()
T537C 354:033.600 - 2.065ms returns FALSE
T537C 354:138.368 JLINK_IsHalted()
T537C 354:140.128 - 1.771ms returns FALSE
T537C 354:140.224 JLINK_IsHalted()
T537C 354:142.048 - 1.815ms returns FALSE
T1488 354:150.720 JLINK_IsHalted()
T1488 354:152.320 - 1.598ms returns FALSE
T1488 354:152.384 JLINK_IsHalted()
T1488 354:154.048 - 1.635ms returns FALSE
T537C 354:247.328 JLINK_IsHalted()
T537C 354:248.800 - 1.504ms returns FALSE
T537C 354:248.896 JLINK_IsHalted()
T537C 354:250.688 - 1.766ms returns FALSE
T537C 354:356.800 JLINK_IsHalted()
T537C 354:358.976 - 2.170ms returns FALSE
T537C 354:359.072 JLINK_IsHalted()
T537C 354:360.768 - 1.721ms returns FALSE
T537C 354:466.272 JLINK_IsHalted()
T537C 354:468.224 - 1.966ms returns FALSE
T537C 354:468.288 JLINK_IsHalted()
T537C 354:470.048 - 1.742ms returns FALSE
T537C 354:575.296 JLINK_IsHalted()
T537C 354:578.592 - 3.290ms returns FALSE
T537C 354:578.656 JLINK_IsHalted()
T537C 354:580.096 - 1.431ms returns FALSE
T537C 354:684.736 JLINK_IsHalted()
T537C 354:686.272 - 1.538ms returns FALSE
T537C 354:686.368 JLINK_IsHalted()
T537C 354:688.064 - 1.672ms returns FALSE
T537C 354:794.112 JLINK_IsHalted()
T537C 354:796.352 - 2.210ms returns FALSE
T537C 354:796.384 JLINK_IsHalted()
T537C 354:798.272 - 1.868ms returns FALSE
T537C 354:904.256 JLINK_IsHalted()
T537C 354:905.088 - 0.833ms returns FALSE
T537C 354:905.184 JLINK_IsHalted()
T537C 354:908.352 - 3.154ms returns FALSE
T537C 355:012.960 JLINK_IsHalted()
T537C 355:014.944 - 1.967ms returns FALSE
T537C 355:015.008 JLINK_IsHalted()
T537C 355:016.768 - 1.777ms returns FALSE
T537C 355:122.752 JLINK_IsHalted()
T537C 355:125.056 - 2.300ms returns FALSE
T537C 355:125.120 JLINK_IsHalted()
T537C 355:126.816 - 1.702ms returns FALSE
T1488 355:154.112 JLINK_IsHalted()
T1488 355:156.000 - 1.874ms returns FALSE
T1488 355:156.064 JLINK_IsHalted()
T1488 355:159.328 - 3.260ms returns FALSE
T537C 355:232.320 JLINK_IsHalted()
T537C 355:233.792 - 1.463ms returns FALSE
T537C 355:233.856 JLINK_IsHalted()
T537C 355:235.648 - 1.805ms returns FALSE
T537C 355:341.408 JLINK_IsHalted()
T537C 355:343.168 - 1.754ms returns FALSE
T537C 355:343.232 JLINK_IsHalted()
T537C 355:345.024 - 1.777ms returns FALSE
T537C 355:450.656 JLINK_IsHalted()
T537C 355:452.224 - 1.583ms returns FALSE
T537C 355:452.320 JLINK_IsHalted()
T537C 355:454.112 - 1.771ms returns FALSE
T537C 355:560.512 JLINK_IsHalted()
T537C 355:562.048 - 1.535ms returns FALSE
T537C 355:562.144 JLINK_IsHalted()
T537C 355:563.904 - 1.779ms returns FALSE
T537C 355:669.184 JLINK_IsHalted()
T537C 355:671.616 - 2.447ms returns FALSE
T537C 355:671.712 JLINK_IsHalted()
T537C 355:673.120 - 1.418ms returns FALSE
T537C 355:779.136 JLINK_IsHalted()
T537C 355:780.928 - 1.812ms returns FALSE
T537C 355:781.024 JLINK_IsHalted()
T537C 355:782.848 - 1.817ms returns FALSE
T537C 355:888.384 JLINK_IsHalted()
T537C 355:890.080 - 1.689ms returns FALSE
T537C 355:890.144 JLINK_IsHalted()
T537C 355:893.632 - 3.483ms returns FALSE
T537C 355:997.664 JLINK_IsHalted()
T537C 355:998.752 - 1.083ms returns FALSE
T537C 355:998.816 JLINK_IsHalted()
T537C 356:002.272 - 3.461ms returns FALSE
T537C 356:107.072 JLINK_IsHalted()
T537C 356:111.424 - 4.344ms returns FALSE
T537C 356:111.488 JLINK_IsHalted()
T537C 356:113.120 - 1.649ms returns FALSE
T1488 356:159.936 JLINK_IsHalted()
T1488 356:162.112 - 2.161ms returns FALSE
T1488 356:162.208 JLINK_IsHalted()
T1488 356:164.096 - 1.909ms returns FALSE
T537C 356:215.872 JLINK_IsHalted()
T537C 356:219.840 - 4.009ms returns FALSE
T537C 356:219.936 JLINK_IsHalted()
T537C 356:221.696 - 1.769ms returns FALSE
T537C 356:325.600 JLINK_IsHalted()
T537C 356:328.832 - 3.216ms returns FALSE
T537C 356:328.928 JLINK_IsHalted()
T537C 356:330.720 - 1.778ms returns FALSE
T537C 356:434.656 JLINK_IsHalted()
T537C 356:438.176 - 3.524ms returns FALSE
T537C 356:438.272 JLINK_IsHalted()
T537C 356:440.000 - 1.761ms returns FALSE
T537C 356:544.704 JLINK_IsHalted()
T537C 356:547.072 - 2.353ms returns FALSE
T537C 356:547.136 JLINK_IsHalted()
T537C 356:548.864 - 1.723ms returns FALSE
T537C 356:653.440 JLINK_IsHalted()
T537C 356:655.360 - 1.911ms returns FALSE
T537C 356:655.424 JLINK_IsHalted()
T537C 356:658.688 - 3.261ms returns FALSE
T537C 356:762.688 JLINK_IsHalted()
T537C 356:764.352 - 1.659ms returns FALSE
T537C 356:764.448 JLINK_IsHalted()
T537C 356:766.240 - 1.800ms returns FALSE
T537C 356:872.640 JLINK_IsHalted()
T537C 356:874.784 - 2.136ms returns FALSE
T537C 356:874.880 JLINK_IsHalted()
T537C 356:876.608 - 1.721ms returns FALSE
T537C 356:981.760 JLINK_IsHalted()
T537C 356:982.976 - 1.225ms returns FALSE
T537C 356:983.072 JLINK_IsHalted()
T537C 356:984.864 - 1.799ms returns FALSE
T537C 357:091.040 JLINK_IsHalted()
T537C 357:093.888 - 2.839ms returns FALSE
T537C 357:093.984 JLINK_IsHalted()
T537C 357:095.808 - 1.799ms returns FALSE
T1488 357:164.992 JLINK_IsHalted()
T1488 357:169.600 - 4.610ms returns FALSE
T1488 357:169.728 JLINK_IsHalted()
T1488 357:171.232 - 1.501ms returns FALSE
T537C 357:200.736 JLINK_IsHalted()
T537C 357:203.616 - 2.858ms returns FALSE
T537C 357:203.712 JLINK_IsHalted()
T537C 357:208.640 - 4.935ms returns FALSE
T537C 357:310.176 JLINK_IsHalted()
T537C 357:314.816 - 4.614ms returns FALSE
T537C 357:314.880 JLINK_IsHalted()
T537C 357:316.704 - 1.823ms returns FALSE
T537C 357:419.584 JLINK_IsHalted()
T537C 357:421.568 - 2.018ms returns FALSE
T537C 357:421.632 JLINK_IsHalted()
T537C 357:423.424 - 1.792ms returns FALSE
T537C 357:528.704 JLINK_IsHalted()
T537C 357:530.272 - 1.567ms returns FALSE
T537C 357:530.368 JLINK_IsHalted()
T537C 357:532.096 - 1.745ms returns FALSE
T537C 357:638.272 JLINK_IsHalted()
T537C 357:640.352 - 2.071ms returns FALSE
T537C 357:640.416 JLINK_IsHalted()
T537C 357:642.400 - 1.967ms returns FALSE
T537C 357:748.288 JLINK_IsHalted()
T537C 357:749.408 - 1.106ms returns FALSE
T537C 357:749.472 JLINK_IsHalted()
T537C 357:751.488 - 2.016ms returns FALSE
T537C 357:856.960 JLINK_IsHalted()
T537C 357:858.880 - 1.901ms returns FALSE
T537C 357:858.944 JLINK_IsHalted()
T537C 357:860.512 - 1.556ms returns FALSE
T537C 357:966.144 JLINK_IsHalted()
T537C 357:968.192 - 2.052ms returns FALSE
T537C 357:968.288 JLINK_IsHalted()
T537C 357:969.984 - 1.720ms returns FALSE
T537C 358:076.096 JLINK_IsHalted()
T537C 358:078.240 - 2.112ms returns FALSE
T537C 358:078.304 JLINK_IsHalted()
T537C 358:080.160 - 1.832ms returns FALSE
T1488 358:172.384 JLINK_IsHalted()
T1488 358:174.272 - 1.903ms returns FALSE
T1488 358:174.368 JLINK_IsHalted()
T1488 358:176.192 - 1.831ms returns FALSE
T537C 358:184.928 JLINK_IsHalted()
T537C 358:186.272 - 1.340ms returns FALSE
T537C 358:186.336 JLINK_IsHalted()
T537C 358:188.128 - 1.782ms returns FALSE
T537C 358:294.400 JLINK_IsHalted()
T537C 358:295.488 - 1.076ms returns FALSE
T537C 358:295.520 JLINK_IsHalted()
T537C 358:297.344 - 1.807ms returns FALSE
T537C 358:403.840 JLINK_IsHalted()
T537C 358:406.176 - 2.336ms returns FALSE
T537C 358:406.272 JLINK_IsHalted()
T537C 358:409.376 - 3.088ms returns FALSE
T537C 358:513.344 JLINK_IsHalted()
T537C 358:515.104 - 1.787ms returns FALSE
T537C 358:515.200 JLINK_IsHalted()
T537C 358:517.248 - 2.064ms returns FALSE
T537C 358:622.912 JLINK_IsHalted()
T537C 358:624.064 - 1.149ms returns FALSE
T537C 358:624.160 JLINK_IsHalted()
T537C 358:626.016 - 1.861ms returns FALSE
T537C 358:732.096 JLINK_IsHalted()
T537C 358:734.048 - 1.939ms returns FALSE
T537C 358:734.144 JLINK_IsHalted()
T537C 358:735.616 - 1.486ms returns FALSE
T537C 358:841.408 JLINK_IsHalted()
T537C 358:843.488 - 2.088ms returns FALSE
T537C 358:843.584 JLINK_IsHalted()
T537C 358:845.472 - 1.891ms returns FALSE
T537C 358:950.848 JLINK_IsHalted()
T537C 358:952.832 - 1.993ms returns FALSE
T537C 358:952.896 JLINK_IsHalted()
T537C 358:954.432 - 1.519ms returns FALSE
T537C 359:059.648 JLINK_IsHalted()
T537C 359:060.544 - 0.923ms returns FALSE
T537C 359:060.608 JLINK_IsHalted()
T537C 359:062.400 - 1.786ms returns FALSE
T537C 359:169.056 JLINK_IsHalted()
T537C 359:171.328 - 2.268ms returns FALSE
T537C 359:171.392 JLINK_IsHalted()
T537C 359:173.312 - 1.890ms returns FALSE
T1488 359:177.216 JLINK_IsHalted()
T1488 359:179.040 - 1.834ms returns FALSE
T1488 359:179.104 JLINK_IsHalted()
T1488 359:181.088 - 1.974ms returns FALSE
T537C 359:278.976 JLINK_IsHalted()
T537C 359:281.056 - 2.055ms returns FALSE
T537C 359:281.152 JLINK_IsHalted()
T537C 359:282.848 - 1.676ms returns FALSE
T537C 359:388.672 JLINK_IsHalted()
T537C 359:390.368 - 1.691ms returns FALSE
T537C 359:390.464 JLINK_IsHalted()
T537C 359:392.000 - 1.552ms returns FALSE
T537C 359:497.184 JLINK_IsHalted()
T537C 359:499.040 - 1.822ms returns FALSE
T537C 359:499.168 JLINK_IsHalted()
T537C 359:501.024 - 1.877ms returns FALSE
T537C 359:607.040 JLINK_IsHalted()
T537C 359:608.544 - 1.519ms returns FALSE
T537C 359:608.736 JLINK_IsHalted()
T537C 359:613.440 - 4.696ms returns FALSE
T537C 359:716.288 JLINK_IsHalted()
T537C 359:718.912 - 2.624ms returns FALSE
T537C 359:718.976 JLINK_IsHalted()
T537C 359:720.768 - 1.789ms returns FALSE
T537C 359:826.176 JLINK_IsHalted()
T537C 359:827.456 - 1.289ms returns FALSE
T537C 359:827.520 JLINK_IsHalted()
T537C 359:829.344 - 1.838ms returns FALSE
T537C 359:935.424 JLINK_IsHalted()
T537C 359:936.512 - 1.092ms returns FALSE
T537C 359:936.576 JLINK_IsHalted()
T537C 359:938.368 - 1.816ms returns FALSE
T537C 360:044.736 JLINK_IsHalted()
T537C 360:045.568 - 0.814ms returns FALSE
T537C 360:045.632 JLINK_IsHalted()
T537C 360:047.456 - 1.828ms returns FALSE
T537C 360:154.048 JLINK_IsHalted()
T537C 360:155.200 - 1.146ms returns FALSE
T537C 360:155.232 JLINK_IsHalted()
T537C 360:158.432 - 3.192ms returns FALSE
T1488 360:181.664 JLINK_IsHalted()
T1488 360:182.976 - 1.303ms returns FALSE
T1488 360:183.008 JLINK_IsHalted()
T1488 360:184.800 - 1.794ms returns FALSE
T537C 360:263.296 JLINK_IsHalted()
T537C 360:265.184 - 1.896ms returns FALSE
T537C 360:265.248 JLINK_IsHalted()
T537C 360:267.072 - 1.807ms returns FALSE
T537C 360:372.416 JLINK_IsHalted()
T537C 360:374.688 - 2.254ms returns FALSE
T537C 360:374.752 JLINK_IsHalted()
T537C 360:376.512 - 1.750ms returns FALSE
T537C 360:482.496 JLINK_IsHalted()
T537C 360:483.648 - 1.188ms returns FALSE
T537C 360:483.744 JLINK_IsHalted()
T537C 360:485.440 - 1.714ms returns FALSE
T537C 360:591.872 JLINK_IsHalted()
T537C 360:592.992 - 1.128ms returns FALSE
T537C 360:593.120 JLINK_IsHalted()
T537C 360:594.912 - 1.795ms returns FALSE
T537C 360:700.768 JLINK_IsHalted()
T537C 360:701.984 - 1.206ms returns FALSE
T537C 360:702.048 JLINK_IsHalted()
T537C 360:703.968 - 1.914ms returns FALSE
T537C 360:809.920 JLINK_IsHalted()
T537C 360:811.744 - 1.858ms returns FALSE
T537C 360:811.840 JLINK_IsHalted()
T537C 360:813.408 - 1.577ms returns FALSE
T537C 360:919.040 JLINK_IsHalted()
T537C 360:920.832 - 1.785ms returns FALSE
T537C 360:920.896 JLINK_IsHalted()
T537C 360:922.912 - 1.987ms returns FALSE
T537C 361:028.512 JLINK_IsHalted()
T537C 361:030.016 - 1.523ms returns FALSE
T537C 361:030.112 JLINK_IsHalted()
T537C 361:031.744 - 1.631ms returns FALSE
T537C 361:138.528 JLINK_IsHalted()
T537C 361:140.352 - 1.830ms returns FALSE
T537C 361:140.416 JLINK_IsHalted()
T537C 361:142.240 - 1.827ms returns FALSE
T1488 361:184.704 JLINK_IsHalted()
T1488 361:186.496 - 1.777ms returns FALSE
T1488 361:186.560 JLINK_IsHalted()
T1488 361:188.512 - 1.948ms returns FALSE
T537C 361:247.360 JLINK_IsHalted()
T537C 361:249.056 - 1.694ms returns FALSE
T537C 361:249.088 JLINK_IsHalted()
T537C 361:250.944 - 1.839ms returns FALSE
T537C 361:357.184 JLINK_IsHalted()
T537C 361:359.200 - 2.019ms returns FALSE
T537C 361:359.296 JLINK_IsHalted()
T537C 361:360.800 - 1.523ms returns FALSE
T537C 361:466.176 JLINK_IsHalted()
T537C 361:468.256 - 2.085ms returns FALSE
T537C 361:468.320 JLINK_IsHalted()
T537C 361:470.208 - 1.878ms returns FALSE
T537C 361:575.552 JLINK_IsHalted()
T537C 361:577.344 - 1.793ms returns FALSE
T537C 361:577.408 JLINK_IsHalted()
T537C 361:579.200 - 1.770ms returns FALSE
T537C 361:685.504 JLINK_IsHalted()
T537C 361:688.832 - 3.335ms returns FALSE
T537C 361:688.896 JLINK_IsHalted()
T537C 361:690.848 - 1.929ms returns FALSE
T537C 361:794.592 JLINK_IsHalted()
T537C 361:797.856 - 3.274ms returns FALSE
T537C 361:797.952 JLINK_IsHalted()
T537C 361:799.840 - 1.873ms returns FALSE
T537C 361:904.256 JLINK_IsHalted()
T537C 361:905.664 - 1.398ms returns FALSE
T537C 361:905.728 JLINK_IsHalted()
T537C 361:908.800 - 3.077ms returns FALSE
T537C 362:013.408 JLINK_IsHalted()
T537C 362:018.080 - 4.666ms returns FALSE
T537C 362:018.176 JLINK_IsHalted()
T537C 362:020.160 - 1.991ms returns FALSE
T537C 362:122.848 JLINK_IsHalted()
T537C 362:124.704 - 1.847ms returns FALSE
T537C 362:124.768 JLINK_IsHalted()
T537C 362:126.400 - 1.644ms returns FALSE
T1488 362:189.216 JLINK_IsHalted()
T1488 362:191.200 - 1.994ms returns FALSE
T1488 362:191.296 JLINK_IsHalted()
T1488 362:193.216 - 1.920ms returns FALSE
T537C 362:231.872 JLINK_IsHalted()
T537C 362:233.344 - 1.499ms returns FALSE
T537C 362:233.408 JLINK_IsHalted()
T537C 362:235.328 - 1.935ms returns FALSE
T537C 362:341.568 JLINK_IsHalted()
T537C 362:343.488 - 1.917ms returns FALSE
T537C 362:343.552 JLINK_IsHalted()
T537C 362:345.216 - 1.685ms returns FALSE
T537C 362:451.040 JLINK_IsHalted()
T537C 362:452.416 - 1.375ms returns FALSE
T537C 362:452.512 JLINK_IsHalted()
T537C 362:454.272 - 1.760ms returns FALSE
T537C 362:559.616 JLINK_IsHalted()
T537C 362:561.760 - 2.156ms returns FALSE
T537C 362:561.856 JLINK_IsHalted()
T537C 362:563.648 - 1.831ms returns FALSE
T537C 362:669.568 JLINK_IsHalted()
T537C 362:670.528 - 0.945ms returns FALSE
T537C 362:670.592 JLINK_IsHalted()
T537C 362:672.800 - 2.212ms returns FALSE
T537C 362:779.296 JLINK_IsHalted()
T537C 362:780.896 - 1.601ms returns FALSE
T537C 362:780.992 JLINK_IsHalted()
T537C 362:782.688 - 1.731ms returns FALSE
T537C 362:888.000 JLINK_IsHalted()
T537C 362:889.600 - 1.608ms returns FALSE
T537C 362:889.664 JLINK_IsHalted()
T537C 362:891.232 - 1.557ms returns FALSE
T537C 362:997.120 JLINK_IsHalted()
T537C 362:998.720 - 1.612ms returns FALSE
T537C 362:998.816 JLINK_IsHalted()
T537C 363:000.448 - 1.647ms returns FALSE
T537C 363:107.296 JLINK_IsHalted()
T537C 363:109.280 - 1.966ms returns FALSE
T537C 363:109.344 JLINK_IsHalted()
T537C 363:111.136 - 1.813ms returns FALSE
T1488 363:194.048 JLINK_IsHalted()
T1488 363:195.168 - 1.129ms returns FALSE
T1488 363:195.232 JLINK_IsHalted()
T1488 363:197.184 - 1.937ms returns FALSE
T537C 363:216.448 JLINK_IsHalted()
T537C 363:217.664 - 1.180ms returns FALSE
T537C 363:217.696 JLINK_IsHalted()
T537C 363:219.552 - 1.854ms returns FALSE
T537C 363:325.792 JLINK_IsHalted()
T537C 363:327.328 - 1.552ms returns FALSE
T537C 363:327.424 JLINK_IsHalted()
T537C 363:329.120 - 1.720ms returns FALSE
T537C 363:435.456 JLINK_IsHalted()
T537C 363:436.640 - 1.195ms returns FALSE
T537C 363:436.736 JLINK_IsHalted()
T537C 363:438.528 - 1.783ms returns FALSE
T537C 363:545.056 JLINK_IsHalted()
T537C 363:546.944 - 1.855ms returns FALSE
T537C 363:547.040 JLINK_IsHalted()
T537C 363:548.608 - 1.567ms returns FALSE
T537C 363:653.760 JLINK_IsHalted()
T537C 363:656.128 - 2.384ms returns FALSE
T537C 363:656.256 JLINK_IsHalted()
T537C 363:659.328 - 3.086ms returns FALSE
T537C 363:763.392 JLINK_IsHalted()
T537C 363:765.472 - 2.097ms returns FALSE
T537C 363:765.568 JLINK_IsHalted()
T537C 363:767.392 - 1.848ms returns FALSE
T537C 363:872.320 JLINK_IsHalted()
T537C 363:873.664 - 1.353ms returns FALSE
T537C 363:873.728 JLINK_IsHalted()
T537C 363:875.520 - 1.790ms returns FALSE
T537C 363:982.400 JLINK_IsHalted()
T537C 363:984.640 - 2.244ms returns FALSE
T537C 363:984.704 JLINK_IsHalted()
T537C 363:986.400 - 1.700ms returns FALSE
T537C 364:091.488 JLINK_IsHalted()
T537C 364:093.280 - 1.801ms returns FALSE
T537C 364:093.344 JLINK_IsHalted()
T537C 364:095.168 - 1.811ms returns FALSE
T1488 364:198.624 JLINK_IsHalted()
T1488 364:200.320 - 1.688ms returns FALSE
T1488 364:200.384 JLINK_IsHalted()
T1488 364:202.176 - 1.774ms returns FALSE
T537C 364:202.304 JLINK_IsHalted()
T537C 364:204.032 - 1.736ms returns FALSE
T537C 364:204.096 JLINK_IsHalted()
T537C 364:205.888 - 1.801ms returns FALSE
T537C 364:310.496 JLINK_IsHalted()
T537C 364:312.032 - 1.544ms returns FALSE
T537C 364:312.128 JLINK_IsHalted()
T537C 364:313.664 - 1.538ms returns FALSE
T537C 364:420.000 JLINK_IsHalted()
T537C 364:421.760 - 1.769ms returns FALSE
T537C 364:421.824 JLINK_IsHalted()
T537C 364:423.776 - 1.930ms returns FALSE
T537C 364:529.216 JLINK_IsHalted()
T537C 364:530.784 - 1.583ms returns FALSE
T537C 364:530.880 JLINK_IsHalted()
T537C 364:532.608 - 1.712ms returns FALSE
T537C 364:638.624 JLINK_IsHalted()
T537C 364:639.744 - 1.117ms returns FALSE
T537C 364:639.808 JLINK_IsHalted()
T537C 364:641.856 - 2.011ms returns FALSE
T537C 364:748.032 JLINK_IsHalted()
T537C 364:750.080 - 2.056ms returns FALSE
T537C 364:750.144 JLINK_IsHalted()
T537C 364:752.096 - 1.931ms returns FALSE
T537C 364:856.992 JLINK_IsHalted()
T537C 364:858.528 - 1.537ms returns FALSE
T537C 364:858.592 JLINK_IsHalted()
T537C 364:860.384 - 1.790ms returns FALSE
T537C 364:966.304 JLINK_IsHalted()
T537C 364:968.288 - 2.000ms returns FALSE
T537C 364:968.384 JLINK_IsHalted()
T537C 364:970.496 - 2.103ms returns FALSE
T537C 365:076.000 JLINK_IsHalted()
T537C 365:077.760 - 1.770ms returns FALSE
T537C 365:077.856 JLINK_IsHalted()
T537C 365:079.648 - 1.799ms returns FALSE
T537C 365:185.216 JLINK_IsHalted()
T537C 365:188.416 - 3.239ms returns FALSE
T537C 365:188.544 JLINK_IsHalted()
T537C 365:190.304 - 1.764ms returns FALSE
T1488 365:203.520 JLINK_IsHalted()
T1488 365:205.312 - 1.789ms returns FALSE
T1488 365:205.440 JLINK_IsHalted()
T1488 365:208.384 - 2.966ms returns FALSE
T537C 365:294.080 JLINK_IsHalted()
T537C 365:296.320 - 2.212ms returns FALSE
T537C 365:296.384 JLINK_IsHalted()
T537C 365:298.112 - 1.720ms returns FALSE
T537C 365:403.840 JLINK_IsHalted()
T537C 365:405.888 - 2.049ms returns FALSE
T537C 365:405.984 JLINK_IsHalted()
T537C 365:409.088 - 3.098ms returns FALSE
T537C 365:512.800 JLINK_IsHalted()
T537C 365:515.520 - 2.713ms returns FALSE
T537C 365:515.616 JLINK_IsHalted()
T537C 365:517.216 - 1.584ms returns FALSE
T537C 365:622.592 JLINK_IsHalted()
T537C 365:624.288 - 1.685ms returns FALSE
T537C 365:624.384 JLINK_IsHalted()
T537C 365:626.112 - 1.739ms returns FALSE
T537C 365:732.192 JLINK_IsHalted()
T537C 365:733.376 - 1.180ms returns FALSE
T537C 365:733.440 JLINK_IsHalted()
T537C 365:735.168 - 1.698ms returns FALSE
T537C 365:840.864 JLINK_IsHalted()
T537C 365:842.784 - 1.923ms returns FALSE
T537C 365:842.944 JLINK_IsHalted()
T537C 365:846.336 - 3.383ms returns FALSE
T537C 365:951.008 JLINK_IsHalted()
T537C 365:953.824 - 2.815ms returns FALSE
T537C 365:953.888 JLINK_IsHalted()
T537C 365:955.936 - 2.033ms returns FALSE
T537C 366:059.936 JLINK_IsHalted()
T537C 366:062.048 - 2.112ms returns FALSE
T537C 366:062.144 JLINK_IsHalted()
T537C 366:063.968 - 1.836ms returns FALSE
T537C 366:169.792 JLINK_IsHalted()
T537C 366:172.000 - 2.194ms returns FALSE
T537C 366:172.096 JLINK_IsHalted()
T537C 366:173.888 - 1.789ms returns FALSE
T1488 366:208.896 JLINK_IsHalted()
T1488 366:210.816 - 1.924ms returns FALSE
T1488 366:210.880 JLINK_IsHalted()
T1488 366:212.800 - 1.879ms returns FALSE
T537C 366:279.104 JLINK_IsHalted()
T537C 366:280.736 - 1.622ms returns FALSE
T537C 366:280.800 JLINK_IsHalted()
T537C 366:282.592 - 1.776ms returns FALSE
T537C 366:388.160 JLINK_IsHalted()
T537C 366:390.176 - 1.990ms returns FALSE
T537C 366:390.240 JLINK_IsHalted()
T537C 366:392.064 - 1.818ms returns FALSE
T537C 366:497.312 JLINK_IsHalted()
T537C 366:499.264 - 1.961ms returns FALSE
T537C 366:499.360 JLINK_IsHalted()
T537C 366:501.312 - 1.942ms returns FALSE
T537C 366:607.296 JLINK_IsHalted()
T537C 366:608.480 - 1.200ms returns FALSE
T537C 366:608.576 JLINK_IsHalted()
T537C 366:610.336 - 1.730ms returns FALSE
T537C 366:715.968 JLINK_IsHalted()
T537C 366:718.016 - 2.030ms returns FALSE
T537C 366:718.080 JLINK_IsHalted()
T537C 366:720.032 - 1.933ms returns FALSE
T537C 366:825.824 JLINK_IsHalted()
T537C 366:827.328 - 1.473ms returns FALSE
T537C 366:827.392 JLINK_IsHalted()
T537C 366:828.928 - 1.536ms returns FALSE
T537C 366:935.232 JLINK_IsHalted()
T537C 366:937.312 - 2.085ms returns FALSE
T537C 366:937.408 JLINK_IsHalted()
T537C 366:939.328 - 1.963ms returns FALSE
T537C 367:044.192 JLINK_IsHalted()
T537C 367:045.952 - 1.787ms returns FALSE
T537C 367:046.048 JLINK_IsHalted()
T537C 367:047.584 - 1.520ms returns FALSE
T537C 367:153.984 JLINK_IsHalted()
T537C 367:155.936 - 1.972ms returns FALSE
T537C 367:156.032 JLINK_IsHalted()
T537C 367:159.488 - 3.468ms returns FALSE
T1488 367:213.120 JLINK_IsHalted()
T1488 367:214.208 - 1.079ms returns FALSE
T1488 367:214.272 JLINK_IsHalted()
T1488 367:216.064 - 1.768ms returns FALSE
T537C 367:263.264 JLINK_IsHalted()
T537C 367:265.600 - 2.317ms returns FALSE
T537C 367:265.696 JLINK_IsHalted()
T537C 367:267.200 - 1.532ms returns FALSE
T537C 367:372.192 JLINK_IsHalted()
T537C 367:374.432 - 2.258ms returns FALSE
T537C 367:374.496 JLINK_IsHalted()
T537C 367:376.320 - 1.825ms returns FALSE
T537C 367:482.176 JLINK_IsHalted()
T537C 367:484.128 - 1.984ms returns FALSE
T537C 367:484.224 JLINK_IsHalted()
T537C 367:486.080 - 1.847ms returns FALSE
T537C 367:591.008 JLINK_IsHalted()
T537C 367:593.344 - 2.329ms returns FALSE
T537C 367:593.440 JLINK_IsHalted()
T537C 367:595.264 - 1.828ms returns FALSE
T537C 367:700.480 JLINK_IsHalted()
T537C 367:702.336 - 1.840ms returns FALSE
T537C 367:702.400 JLINK_IsHalted()
T537C 367:704.000 - 1.586ms returns FALSE
T537C 367:810.496 JLINK_IsHalted()
T537C 367:812.160 - 1.660ms returns FALSE
T537C 367:812.224 JLINK_IsHalted()
T537C 367:813.920 - 1.675ms returns FALSE
T537C 367:919.616 JLINK_IsHalted()
T537C 367:921.952 - 2.339ms returns FALSE
T537C 367:922.048 JLINK_IsHalted()
T537C 367:922.944 - 0.904ms returns FALSE
T537C 368:028.736 JLINK_IsHalted()
T537C 368:030.784 - 2.042ms returns FALSE
T537C 368:030.880 JLINK_IsHalted()
T537C 368:032.672 - 1.785ms returns FALSE
T537C 368:138.432 JLINK_IsHalted()
T537C 368:139.968 - 1.524ms returns FALSE
T537C 368:140.032 JLINK_IsHalted()
T537C 368:141.504 - 1.452ms returns FALSE
T1488 368:216.288 JLINK_IsHalted()
T1488 368:217.824 - 1.530ms returns FALSE
T1488 368:217.888 JLINK_IsHalted()
T1488 368:219.872 - 1.992ms returns FALSE
T537C 368:247.200 JLINK_IsHalted()
T537C 368:248.928 - 1.733ms returns FALSE
T537C 368:249.024 JLINK_IsHalted()
T537C 368:250.784 - 1.766ms returns FALSE
T537C 368:356.512 JLINK_IsHalted()
T537C 368:359.328 - 2.833ms returns FALSE
T537C 368:359.424 JLINK_IsHalted()
T537C 368:361.184 - 1.750ms returns FALSE
T537C 368:465.888 JLINK_IsHalted()
T537C 368:467.808 - 1.920ms returns FALSE
T537C 368:467.872 JLINK_IsHalted()
T537C 368:469.952 - 2.101ms returns FALSE
T537C 368:575.552 JLINK_IsHalted()
T537C 368:577.024 - 1.491ms returns FALSE
T537C 368:577.088 JLINK_IsHalted()
T537C 368:578.880 - 1.749ms returns FALSE
T537C 368:684.640 JLINK_IsHalted()
T537C 368:686.272 - 1.640ms returns FALSE
T537C 368:686.368 JLINK_IsHalted()
T537C 368:688.128 - 1.778ms returns FALSE
T537C 368:794.208 JLINK_IsHalted()
T537C 368:795.200 - 0.992ms returns FALSE
T537C 368:795.264 JLINK_IsHalted()
T537C 368:797.056 - 1.766ms returns FALSE
T537C 368:904.064 JLINK_IsHalted()
T537C 368:905.472 - 1.398ms returns FALSE
T537C 368:905.536 JLINK_IsHalted()
T537C 368:908.960 - 3.413ms returns FALSE
T537C 369:012.672 JLINK_IsHalted()
T537C 369:013.856 - 1.169ms returns FALSE
T537C 369:013.920 JLINK_IsHalted()
T537C 369:015.904 - 1.986ms returns FALSE
T537C 369:122.112 JLINK_IsHalted()
T537C 369:123.488 - 1.370ms returns FALSE
T537C 369:123.552 JLINK_IsHalted()
T537C 369:125.312 - 1.769ms returns FALSE
T1488 369:220.576 JLINK_IsHalted()
T1488 369:223.616 - 3.020ms returns FALSE
T1488 369:223.680 JLINK_IsHalted()
T1488 369:225.568 - 1.897ms returns FALSE
T537C 369:232.352 JLINK_IsHalted()
T537C 369:234.048 - 1.693ms returns FALSE
T537C 369:234.112 JLINK_IsHalted()
T537C 369:235.936 - 1.804ms returns FALSE
T537C 369:341.120 JLINK_IsHalted()
T537C 369:343.392 - 2.269ms returns FALSE
T537C 369:343.456 JLINK_IsHalted()
T537C 369:345.376 - 1.934ms returns FALSE
T537C 369:450.688 JLINK_IsHalted()
T537C 369:451.520 - 0.842ms returns FALSE
T537C 369:451.584 JLINK_IsHalted()
T537C 369:453.376 - 1.770ms returns FALSE
T537C 369:559.712 JLINK_IsHalted()
T537C 369:560.768 - 1.055ms returns FALSE
T537C 369:560.864 JLINK_IsHalted()
T537C 369:562.848 - 1.995ms returns FALSE
T537C 369:669.760 JLINK_IsHalted()
T537C 369:671.104 - 1.329ms returns FALSE
T537C 369:671.168 JLINK_IsHalted()
T537C 369:672.896 - 1.750ms returns FALSE
T537C 369:778.720 JLINK_IsHalted()
T537C 369:780.448 - 1.759ms returns FALSE
T537C 369:780.544 JLINK_IsHalted()
T537C 369:782.272 - 1.732ms returns FALSE
T537C 369:887.840 JLINK_IsHalted()
T537C 369:889.344 - 1.496ms returns FALSE
T537C 369:889.440 JLINK_IsHalted()
T537C 369:891.264 - 1.832ms returns FALSE
T537C 369:997.568 JLINK_IsHalted()
T537C 369:999.904 - 2.343ms returns FALSE
T537C 369:999.968 JLINK_IsHalted()
T537C 370:001.568 - 1.579ms returns FALSE
T537C 370:107.200 JLINK_IsHalted()
T537C 370:111.552 - 4.354ms returns FALSE
T537C 370:111.584 JLINK_IsHalted()
T537C 370:113.536 - 1.921ms returns FALSE
T537C 370:216.384 JLINK_IsHalted()
T537C 370:217.600 - 1.206ms returns FALSE
T537C 370:217.664 JLINK_IsHalted()
T537C 370:219.456 - 1.782ms returns FALSE
T1488 370:226.176 JLINK_IsHalted()
T1488 370:227.776 - 1.585ms returns FALSE
T1488 370:227.840 JLINK_IsHalted()
T1488 370:229.664 - 1.826ms returns FALSE
T537C 370:326.080 JLINK_IsHalted()
T537C 370:328.160 - 2.082ms returns FALSE
T537C 370:328.256 JLINK_IsHalted()
T537C 370:330.048 - 1.800ms returns FALSE
T537C 370:434.752 JLINK_IsHalted()
T537C 370:436.544 - 1.775ms returns FALSE
T537C 370:436.608 JLINK_IsHalted()
T537C 370:438.464 - 1.849ms returns FALSE
T537C 370:544.704 JLINK_IsHalted()
T537C 370:545.984 - 1.266ms returns FALSE
T537C 370:546.048 JLINK_IsHalted()
T537C 370:547.776 - 1.751ms returns FALSE
T537C 370:654.240 JLINK_IsHalted()
T537C 370:655.936 - 1.698ms returns FALSE
T537C 370:656.032 JLINK_IsHalted()
T537C 370:659.328 - 3.302ms returns FALSE
T537C 370:763.712 JLINK_IsHalted()
T537C 370:765.632 - 1.920ms returns FALSE
T537C 370:765.664 JLINK_IsHalted()
T537C 370:767.520 - 1.834ms returns FALSE
T537C 370:872.448 JLINK_IsHalted()
T537C 370:873.952 - 1.510ms returns FALSE
T537C 370:874.048 JLINK_IsHalted()
T537C 370:875.648 - 1.602ms returns FALSE
T537C 370:982.080 JLINK_IsHalted()
T537C 370:985.888 - 3.837ms returns FALSE
T537C 370:986.016 JLINK_IsHalted()
T537C 370:987.456 - 1.442ms returns FALSE
T537C 371:090.976 JLINK_IsHalted()
T537C 371:092.288 - 1.325ms returns FALSE
T537C 371:092.384 JLINK_IsHalted()
T537C 371:094.176 - 1.799ms returns FALSE
T537C 371:200.224 JLINK_IsHalted()
T537C 371:201.472 - 1.214ms returns FALSE
T537C 371:201.536 JLINK_IsHalted()
T537C 371:203.584 - 2.038ms returns FALSE
T1488 371:229.440 JLINK_IsHalted()
T1488 371:231.456 - 2.033ms returns FALSE
T1488 371:231.552 JLINK_IsHalted()
T1488 371:233.312 - 1.755ms returns FALSE
T537C 371:309.760 JLINK_IsHalted()
T537C 371:311.840 - 2.078ms returns FALSE
T537C 371:311.904 JLINK_IsHalted()
T537C 371:313.760 - 1.875ms returns FALSE
T537C 371:419.136 JLINK_IsHalted()
T537C 371:421.120 - 1.980ms returns FALSE
T537C 371:421.184 JLINK_IsHalted()
T537C 371:423.104 - 1.922ms returns FALSE
T537C 371:528.352 JLINK_IsHalted()
T537C 371:530.688 - 2.330ms returns FALSE
T537C 371:530.784 JLINK_IsHalted()
T537C 371:532.608 - 1.769ms returns FALSE
T537C 371:637.728 JLINK_IsHalted()
T537C 371:639.680 - 1.927ms returns FALSE
T537C 371:639.744 JLINK_IsHalted()
T537C 371:641.408 - 1.689ms returns FALSE
T537C 371:747.392 JLINK_IsHalted()
T537C 371:748.544 - 1.176ms returns FALSE
T537C 371:748.672 JLINK_IsHalted()
T537C 371:750.336 - 1.673ms returns FALSE
T537C 371:857.472 JLINK_IsHalted()
T537C 371:859.296 - 1.817ms returns FALSE
T537C 371:859.392 JLINK_IsHalted()
T537C 371:860.992 - 1.584ms returns FALSE
T537C 371:966.176 JLINK_IsHalted()
T537C 371:967.616 - 1.430ms returns FALSE
T537C 371:967.680 JLINK_IsHalted()
T537C 371:969.344 - 1.685ms returns FALSE
T537C 372:075.456 JLINK_IsHalted()
T537C 372:076.544 - 1.068ms returns FALSE
T537C 372:076.608 JLINK_IsHalted()
T537C 372:078.336 - 1.708ms returns FALSE
T537C 372:184.896 JLINK_IsHalted()
T537C 372:186.688 - 1.787ms returns FALSE
T537C 372:186.752 JLINK_IsHalted()
T537C 372:188.224 - 1.465ms returns FALSE
T1488 372:234.560 JLINK_IsHalted()
T1488 372:236.256 - 1.710ms returns FALSE
T1488 372:236.352 JLINK_IsHalted()
T1488 372:238.176 - 1.840ms returns FALSE
T537C 372:294.208 JLINK_IsHalted()
T537C 372:295.744 - 1.534ms returns FALSE
T537C 372:295.808 JLINK_IsHalted()
T537C 372:297.280 - 1.458ms returns FALSE
T537C 372:403.968 JLINK_IsHalted()
T537C 372:405.920 - 1.941ms returns FALSE
T537C 372:406.016 JLINK_IsHalted()
T537C 372:412.064 - 6.037ms returns FALSE
T537C 372:513.536 JLINK_IsHalted()
T537C 372:515.616 - 2.049ms returns FALSE
T537C 372:515.744 JLINK_IsHalted()
T537C 372:517.280 - 1.530ms returns FALSE
T537C 372:623.072 JLINK_IsHalted()
T537C 372:625.088 - 2.033ms returns FALSE
T537C 372:625.216 JLINK_IsHalted()
T537C 372:628.736 - 3.512ms returns FALSE
T537C 372:731.584 JLINK_IsHalted()
T537C 372:732.640 - 1.081ms returns FALSE
T537C 372:732.800 JLINK_IsHalted()
T537C 372:736.352 - 3.558ms returns FALSE
T537C 372:841.568 JLINK_IsHalted()
T537C 372:842.688 - 1.136ms returns FALSE
T537C 372:842.784 JLINK_IsHalted()
T537C 372:844.576 - 1.793ms returns FALSE
T537C 372:951.040 JLINK_IsHalted()
T537C 372:952.896 - 1.827ms returns FALSE
T537C 372:952.928 JLINK_IsHalted()
T537C 372:954.720 - 1.790ms returns FALSE
T537C 373:059.648 JLINK_IsHalted()
T537C 373:060.992 - 1.350ms returns FALSE
T537C 373:061.056 JLINK_IsHalted()
T537C 373:063.104 - 2.044ms returns FALSE
T537C 373:169.120 JLINK_IsHalted()
T537C 373:170.272 - 1.146ms returns FALSE
T537C 373:170.336 JLINK_IsHalted()
T537C 373:172.256 - 1.919ms returns FALSE
T1488 373:238.432 JLINK_IsHalted()
T1488 373:240.448 - 2.016ms returns FALSE
T1488 373:240.512 JLINK_IsHalted()
T1488 373:242.144 - 1.614ms returns FALSE
T537C 373:278.816 JLINK_IsHalted()
T537C 373:280.960 - 2.137ms returns FALSE
T537C 373:281.056 JLINK_IsHalted()
T537C 373:282.752 - 1.700ms returns FALSE
T537C 373:389.280 JLINK_IsHalted()
T537C 373:391.296 - 1.981ms returns FALSE
T537C 373:391.360 JLINK_IsHalted()
T537C 373:393.088 - 1.711ms returns FALSE
T537C 373:497.856 JLINK_IsHalted()
T537C 373:499.712 - 1.865ms returns FALSE
T537C 373:499.808 JLINK_IsHalted()
T537C 373:501.664 - 1.863ms returns FALSE
T537C 373:607.264 JLINK_IsHalted()
T537C 373:608.864 - 1.576ms returns FALSE
T537C 373:608.960 JLINK_IsHalted()
T537C 373:610.688 - 1.718ms returns FALSE
T537C 373:716.032 JLINK_IsHalted()
T537C 373:717.312 - 1.313ms returns FALSE
T537C 373:717.408 JLINK_IsHalted()
T537C 373:719.136 - 1.727ms returns FALSE
T537C 373:826.112 JLINK_IsHalted()
T537C 373:828.192 - 2.080ms returns FALSE
T537C 373:828.288 JLINK_IsHalted()
T537C 373:830.080 - 1.812ms returns FALSE
T537C 373:935.296 JLINK_IsHalted()
T537C 373:937.344 - 2.091ms returns FALSE
T537C 373:937.472 JLINK_IsHalted()
T537C 373:940.928 - 3.459ms returns FALSE
T537C 374:044.512 JLINK_IsHalted()
T537C 374:046.528 - 1.994ms returns FALSE
T537C 374:046.624 JLINK_IsHalted()
T537C 374:048.416 - 1.795ms returns FALSE
T537C 374:153.984 JLINK_IsHalted()
T537C 374:158.432 - 4.449ms returns FALSE
T537C 374:158.528 JLINK_IsHalted()
T537C 374:160.096 - 1.595ms returns FALSE
T1488 374:242.624 JLINK_IsHalted()
T1488 374:245.248 - 2.640ms returns FALSE
T1488 374:245.312 JLINK_IsHalted()
T1488 374:246.848 - 1.484ms returns FALSE
T537C 374:263.264 JLINK_IsHalted()
T537C 374:265.280 - 2.007ms returns FALSE
T537C 374:265.344 JLINK_IsHalted()
T537C 374:267.168 - 1.807ms returns FALSE
T537C 374:372.672 JLINK_IsHalted()
T537C 374:374.304 - 1.621ms returns FALSE
T537C 374:374.368 JLINK_IsHalted()
T537C 374:376.320 - 1.949ms returns FALSE
T537C 374:481.568 JLINK_IsHalted()
T537C 374:484.864 - 3.316ms returns FALSE
T537C 374:484.928 JLINK_IsHalted()
T537C 374:486.848 - 1.917ms returns FALSE
T537C 374:591.008 JLINK_IsHalted()
T537C 374:592.768 - 1.759ms returns FALSE
T537C 374:592.832 JLINK_IsHalted()
T537C 374:594.592 - 1.734ms returns FALSE
T537C 374:700.512 JLINK_IsHalted()
T537C 374:703.744 - 3.218ms returns FALSE
T537C 374:703.840 JLINK_IsHalted()
T537C 374:705.312 - 1.467ms returns FALSE
T537C 374:809.568 JLINK_IsHalted()
T537C 374:811.104 - 1.520ms returns FALSE
T537C 374:811.168 JLINK_IsHalted()
T537C 374:812.992 - 1.857ms returns FALSE
T537C 374:919.264 JLINK_IsHalted()
T537C 374:920.448 - 1.172ms returns FALSE
T537C 374:920.512 JLINK_IsHalted()
T537C 374:922.336 - 1.841ms returns FALSE
T537C 375:028.544 JLINK_IsHalted()
T537C 375:030.816 - 2.243ms returns FALSE
T537C 375:030.880 JLINK_IsHalted()
T537C 375:032.544 - 1.655ms returns FALSE
T537C 375:138.880 JLINK_IsHalted()
T537C 375:141.088 - 2.183ms returns FALSE
T537C 375:141.152 JLINK_IsHalted()
T537C 375:142.816 - 1.665ms returns FALSE
T1488 375:247.072 JLINK_IsHalted()
T1488 375:250.336 - 3.240ms returns FALSE
T1488 375:250.432 JLINK_IsHalted()
T1488 375:252.384 - 1.965ms returns FALSE
T537C 375:252.544 JLINK_IsHalted()
T537C 375:254.272 - 1.720ms returns FALSE
T537C 375:254.336 JLINK_IsHalted()
T537C 375:256.128 - 1.782ms returns FALSE
T537C 375:356.960 JLINK_IsHalted()
T537C 375:359.168 - 2.207ms returns FALSE
T537C 375:359.264 JLINK_IsHalted()
T537C 375:361.056 - 1.786ms returns FALSE
T537C 375:465.920 JLINK_IsHalted()
T537C 375:466.944 - 1.048ms returns FALSE
T537C 375:467.008 JLINK_IsHalted()
T537C 375:468.864 - 1.878ms returns FALSE
T537C 375:575.552 JLINK_IsHalted()
T537C 375:576.512 - 0.978ms returns FALSE
T537C 375:576.608 JLINK_IsHalted()
T537C 375:578.400 - 1.802ms returns FALSE
T537C 375:685.216 JLINK_IsHalted()
T537C 375:687.104 - 1.900ms returns FALSE
T537C 375:687.200 JLINK_IsHalted()
T537C 375:689.088 - 1.887ms returns FALSE
T537C 375:794.272 JLINK_IsHalted()
T537C 375:796.000 - 1.705ms returns FALSE
T537C 375:796.064 JLINK_IsHalted()
T537C 375:798.208 - 2.130ms returns FALSE
T537C 375:903.840 JLINK_IsHalted()
T537C 375:908.640 - 4.767ms returns FALSE
T537C 375:908.704 JLINK_IsHalted()
T537C 375:910.176 - 1.445ms returns FALSE
T537C 376:013.440 JLINK_IsHalted()
T537C 376:017.536 - 4.101ms returns FALSE
T537C 376:017.600 JLINK_IsHalted()
T537C 376:019.456 - 1.848ms returns FALSE
T537C 376:122.304 JLINK_IsHalted()
T537C 376:123.392 - 1.075ms returns FALSE
T537C 376:123.456 JLINK_IsHalted()
T537C 376:125.408 - 1.965ms returns FALSE
T537C 376:231.744 JLINK_IsHalted()
T537C 376:233.856 - 2.116ms returns FALSE
T537C 376:233.952 JLINK_IsHalted()
T537C 376:235.680 - 1.717ms returns FALSE
T1488 376:253.024 JLINK_IsHalted()
T1488 376:254.912 - 1.864ms returns FALSE
T1488 376:254.976 JLINK_IsHalted()
T1488 376:258.112 - 3.111ms returns FALSE
T537C 376:340.928 JLINK_IsHalted()
T537C 376:342.176 - 1.237ms returns FALSE
T537C 376:342.240 JLINK_IsHalted()
T537C 376:344.256 - 2.002ms returns FALSE
T537C 376:450.240 JLINK_IsHalted()
T537C 376:451.264 - 1.044ms returns FALSE
T537C 376:451.360 JLINK_IsHalted()
T537C 376:453.312 - 1.950ms returns FALSE
T537C 376:560.480 JLINK_IsHalted()
T537C 376:562.304 - 1.802ms returns FALSE
T537C 376:562.368 JLINK_IsHalted()
T537C 376:567.520 - 5.137ms returns FALSE
T537C 376:669.440 JLINK_IsHalted()
T537C 376:672.064 - 2.596ms returns FALSE
T537C 376:672.128 JLINK_IsHalted()
T537C 376:674.112 - 1.976ms returns FALSE
T537C 376:778.400 JLINK_IsHalted()
T537C 376:780.352 - 1.955ms returns FALSE
T537C 376:780.448 JLINK_IsHalted()
T537C 376:782.368 - 1.914ms returns FALSE
T537C 376:887.808 JLINK_IsHalted()
T537C 376:889.920 - 2.134ms returns FALSE
T537C 376:890.048 JLINK_IsHalted()
T537C 376:891.808 - 1.765ms returns FALSE
T537C 376:997.760 JLINK_IsHalted()
T537C 376:999.808 - 2.059ms returns FALSE
T537C 376:999.904 JLINK_IsHalted()
T537C 377:001.600 - 1.708ms returns FALSE
T537C 377:107.008 JLINK_IsHalted()
T537C 377:109.184 - 2.145ms returns FALSE
T537C 377:109.248 JLINK_IsHalted()
T537C 377:110.976 - 1.727ms returns FALSE
T537C 377:216.192 JLINK_IsHalted()
T537C 377:218.112 - 1.950ms returns FALSE
T537C 377:218.208 JLINK_IsHalted()
T537C 377:220.160 - 1.926ms returns FALSE
T1488 377:258.176 JLINK_IsHalted()
T1488 377:261.728 - 3.533ms returns FALSE
T1488 377:261.792 JLINK_IsHalted()
T1488 377:263.392 - 1.566ms returns FALSE
T537C 377:325.664 JLINK_IsHalted()
T537C 377:327.136 - 1.458ms returns FALSE
T537C 377:327.200 JLINK_IsHalted()
T537C 377:328.928 - 1.717ms returns FALSE
T537C 377:434.944 JLINK_IsHalted()
T537C 377:436.992 - 2.048ms returns FALSE
T537C 377:437.088 JLINK_IsHalted()
T537C 377:438.848 - 1.784ms returns FALSE
T537C 377:545.056 JLINK_IsHalted()
T537C 377:547.168 - 2.089ms returns FALSE
T537C 377:547.232 JLINK_IsHalted()
T537C 377:548.992 - 1.780ms returns FALSE
T537C 377:654.208 JLINK_IsHalted()
T537C 377:655.552 - 1.321ms returns FALSE
T537C 377:655.616 JLINK_IsHalted()
T537C 377:658.848 - 3.215ms returns FALSE
T537C 377:763.008 JLINK_IsHalted()
T537C 377:764.608 - 1.606ms returns FALSE
T537C 377:764.672 JLINK_IsHalted()
T537C 377:766.464 - 1.802ms returns FALSE
T537C 377:872.832 JLINK_IsHalted()
T537C 377:875.136 - 2.290ms returns FALSE
T537C 377:875.200 JLINK_IsHalted()
T537C 377:877.056 - 1.848ms returns FALSE
T537C 377:982.208 JLINK_IsHalted()
T537C 377:984.448 - 2.228ms returns FALSE
T537C 377:984.544 JLINK_IsHalted()
T537C 377:986.240 - 1.726ms returns FALSE
T537C 378:091.008 JLINK_IsHalted()
T537C 378:093.120 - 2.096ms returns FALSE
T537C 378:093.216 JLINK_IsHalted()
T537C 378:096.608 - 3.413ms returns FALSE
T537C 378:200.512 JLINK_IsHalted()
T537C 378:202.688 - 2.135ms returns FALSE
T537C 378:202.752 JLINK_IsHalted()
T537C 378:204.640 - 1.893ms returns FALSE
T1488 378:263.872 JLINK_IsHalted()
T1488 378:265.792 - 1.882ms returns FALSE
T1488 378:265.856 JLINK_IsHalted()
T1488 378:267.808 - 1.942ms returns FALSE
T537C 378:309.568 JLINK_IsHalted()
T537C 378:310.656 - 1.086ms returns FALSE
T537C 378:310.752 JLINK_IsHalted()
T537C 378:312.640 - 1.912ms returns FALSE
T537C 378:419.168 JLINK_IsHalted()
T537C 378:420.544 - 1.372ms returns FALSE
T537C 378:420.640 JLINK_IsHalted()
T537C 378:422.400 - 1.764ms returns FALSE
T537C 378:528.960 JLINK_IsHalted()
T537C 378:530.560 - 1.602ms returns FALSE
T537C 378:530.624 JLINK_IsHalted()
T537C 378:532.768 - 2.137ms returns FALSE
T537C 378:637.824 JLINK_IsHalted()
T537C 378:639.296 - 1.479ms returns FALSE
T537C 378:639.360 JLINK_IsHalted()
T537C 378:640.960 - 1.566ms returns FALSE
T537C 378:747.072 JLINK_IsHalted()
T537C 378:748.096 - 1.019ms returns FALSE
T537C 378:748.160 JLINK_IsHalted()
T537C 378:750.112 - 1.953ms returns FALSE
T537C 378:856.640 JLINK_IsHalted()
T537C 378:858.880 - 2.258ms returns FALSE
T537C 378:858.944 JLINK_IsHalted()
T537C 378:860.736 - 1.783ms returns FALSE
T537C 378:966.336 JLINK_IsHalted()
T537C 378:968.128 - 1.788ms returns FALSE
T537C 378:968.224 JLINK_IsHalted()
T537C 378:970.048 - 1.830ms returns FALSE
T537C 379:076.128 JLINK_IsHalted()
T537C 379:078.240 - 2.129ms returns FALSE
T537C 379:078.336 JLINK_IsHalted()
T537C 379:080.192 - 1.855ms returns FALSE
T537C 379:185.344 JLINK_IsHalted()
T537C 379:186.304 - 0.947ms returns FALSE
T537C 379:186.400 JLINK_IsHalted()
T537C 379:188.128 - 1.733ms returns FALSE
T1488 379:268.736 JLINK_IsHalted()
T1488 379:272.128 - 3.379ms returns FALSE
T1488 379:272.192 JLINK_IsHalted()
T1488 379:273.792 - 1.588ms returns FALSE
T537C 379:294.496 JLINK_IsHalted()
T537C 379:296.768 - 2.276ms returns FALSE
T537C 379:296.864 JLINK_IsHalted()
T537C 379:298.368 - 1.471ms returns FALSE
T537C 379:403.712 JLINK_IsHalted()
T537C 379:405.344 - 1.603ms returns FALSE
T537C 379:405.408 JLINK_IsHalted()
T537C 379:408.448 - 3.015ms returns FALSE
T537C 379:512.832 JLINK_IsHalted()
T537C 379:514.368 - 1.532ms returns FALSE
T537C 379:514.432 JLINK_IsHalted()
T537C 379:516.224 - 1.772ms returns FALSE
T537C 379:622.368 JLINK_IsHalted()
T537C 379:624.096 - 1.720ms returns FALSE
T537C 379:624.160 JLINK_IsHalted()
T537C 379:626.048 - 1.905ms returns FALSE
T537C 379:731.712 JLINK_IsHalted()
T537C 379:733.312 - 1.574ms returns FALSE
T537C 379:733.344 JLINK_IsHalted()
T537C 379:735.072 - 1.697ms returns FALSE
T537C 379:841.216 JLINK_IsHalted()
T537C 379:842.560 - 1.362ms returns FALSE
T537C 379:842.624 JLINK_IsHalted()
T537C 379:844.352 - 1.734ms returns FALSE
T537C 379:950.624 JLINK_IsHalted()
T537C 379:952.512 - 1.875ms returns FALSE
T537C 379:952.576 JLINK_IsHalted()
T537C 379:954.368 - 1.815ms returns FALSE
T537C 380:060.256 JLINK_IsHalted()
T537C 380:064.992 - 4.731ms returns FALSE
T537C 380:065.088 JLINK_IsHalted()
T537C 380:066.784 - 1.704ms returns FALSE
T537C 380:170.016 JLINK_IsHalted()
T537C 380:172.672 - 2.677ms returns FALSE
T537C 380:172.832 JLINK_IsHalted()
T537C 380:174.912 - 2.074ms returns FALSE
T1488 380:274.112 JLINK_IsHalted()
T1488 380:274.944 - 0.835ms returns FALSE
T1488 380:275.040 JLINK_IsHalted()
T1488 380:276.992 - 1.948ms returns FALSE
T537C 380:278.752 JLINK_IsHalted()
T537C 380:280.384 - 1.634ms returns FALSE
T537C 380:280.480 JLINK_IsHalted()
T537C 380:282.272 - 1.784ms returns FALSE
T537C 380:388.384 JLINK_IsHalted()
T537C 380:389.856 - 1.490ms returns FALSE
T537C 380:389.952 JLINK_IsHalted()
T537C 380:391.712 - 1.774ms returns FALSE
T537C 380:497.472 JLINK_IsHalted()
T537C 380:499.520 - 2.079ms returns FALSE
T537C 380:499.616 JLINK_IsHalted()
T537C 380:501.344 - 1.720ms returns FALSE
T537C 380:607.136 JLINK_IsHalted()
T537C 380:608.768 - 1.619ms returns FALSE
T537C 380:608.832 JLINK_IsHalted()
T537C 380:610.496 - 1.667ms returns FALSE
T537C 380:716.608 JLINK_IsHalted()
T537C 380:718.464 - 1.875ms returns FALSE
T537C 380:718.528 JLINK_IsHalted()
T537C 380:720.096 - 1.571ms returns FALSE
T537C 380:826.080 JLINK_IsHalted()
T537C 380:827.232 - 1.149ms returns FALSE
T537C 380:827.328 JLINK_IsHalted()
T537C 380:829.088 - 1.748ms returns FALSE
T537C 380:934.592 JLINK_IsHalted()
T537C 380:936.576 - 2.000ms returns FALSE
T537C 380:936.640 JLINK_IsHalted()
T537C 380:938.432 - 1.746ms returns FALSE
T537C 381:044.288 JLINK_IsHalted()
T537C 381:046.560 - 2.259ms returns FALSE
T537C 381:046.720 JLINK_IsHalted()
T537C 381:048.384 - 1.681ms returns FALSE
T537C 381:153.472 JLINK_IsHalted()
T537C 381:155.488 - 1.997ms returns FALSE
T537C 381:155.552 JLINK_IsHalted()
T537C 381:158.784 - 3.223ms returns FALSE
T537C 381:262.976 JLINK_IsHalted()
T537C 381:263.936 - 0.954ms returns FALSE
T537C 381:264.000 JLINK_IsHalted()
T537C 381:265.792 - 1.803ms returns FALSE
T1488 381:277.120 JLINK_IsHalted()
T1488 381:278.048 - 0.938ms returns FALSE
T1488 381:278.112 JLINK_IsHalted()
T1488 381:279.968 - 1.859ms returns FALSE
T537C 381:372.224 JLINK_IsHalted()
T537C 381:374.208 - 1.962ms returns FALSE
T537C 381:374.272 JLINK_IsHalted()
T537C 381:376.096 - 1.814ms returns FALSE
T537C 381:481.472 JLINK_IsHalted()
T537C 381:482.560 - 1.093ms returns FALSE
T537C 381:482.624 JLINK_IsHalted()
T537C 381:484.416 - 1.788ms returns FALSE
T537C 381:591.712 JLINK_IsHalted()
T537C 381:592.864 - 1.153ms returns FALSE
T537C 381:592.928 JLINK_IsHalted()
T537C 381:594.848 - 1.928ms returns FALSE
T537C 381:701.440 JLINK_IsHalted()
T537C 381:702.656 - 1.204ms returns FALSE
T537C 381:702.752 JLINK_IsHalted()
T537C 381:704.576 - 1.808ms returns FALSE
T537C 381:809.664 JLINK_IsHalted()
T537C 381:810.624 - 0.964ms returns FALSE
T537C 381:810.720 JLINK_IsHalted()
T537C 381:812.512 - 1.779ms returns FALSE
T537C 381:918.976 JLINK_IsHalted()
T537C 381:922.240 - 3.257ms returns FALSE
T537C 381:922.304 JLINK_IsHalted()
T537C 381:924.064 - 1.769ms returns FALSE
T537C 382:028.288 JLINK_IsHalted()
T537C 382:030.016 - 1.745ms returns FALSE
T537C 382:030.080 JLINK_IsHalted()
T537C 382:031.904 - 1.819ms returns FALSE
T537C 382:138.592 JLINK_IsHalted()
T537C 382:140.256 - 1.673ms returns FALSE
T537C 382:140.320 JLINK_IsHalted()
T537C 382:142.144 - 1.805ms returns FALSE
T537C 382:247.872 JLINK_IsHalted()
T537C 382:249.280 - 1.422ms returns FALSE
T537C 382:249.344 JLINK_IsHalted()
T537C 382:251.168 - 1.824ms returns FALSE
T1488 382:280.864 JLINK_IsHalted()
T1488 382:282.496 - 1.637ms returns FALSE
T1488 382:282.560 JLINK_IsHalted()
T1488 382:284.352 - 1.773ms returns FALSE
T537C 382:357.088 JLINK_IsHalted()
T537C 382:358.688 - 1.596ms returns FALSE
T537C 382:358.784 JLINK_IsHalted()
T537C 382:360.544 - 1.771ms returns FALSE
T537C 382:466.368 JLINK_IsHalted()
T537C 382:467.904 - 1.546ms returns FALSE
T537C 382:467.968 JLINK_IsHalted()
T537C 382:469.792 - 1.822ms returns FALSE
T537C 382:575.648 JLINK_IsHalted()
T537C 382:576.448 - 0.787ms returns FALSE
T537C 382:576.480 JLINK_IsHalted()
T537C 382:578.240 - 1.770ms returns FALSE
T537C 382:684.960 JLINK_IsHalted()
T537C 382:686.112 - 1.166ms returns FALSE
T537C 382:686.144 JLINK_IsHalted()
T537C 382:687.968 - 1.816ms returns FALSE
T537C 382:794.272 JLINK_IsHalted()
T537C 382:795.648 - 1.374ms returns FALSE
T537C 382:795.680 JLINK_IsHalted()
T537C 382:797.472 - 1.790ms returns FALSE
T537C 382:903.520 JLINK_IsHalted()
T537C 382:905.120 - 1.577ms returns FALSE
T537C 382:905.184 JLINK_IsHalted()
T537C 382:908.384 - 3.186ms returns FALSE
T537C 383:013.376 JLINK_IsHalted()
T537C 383:014.272 - 0.903ms returns FALSE
T537C 383:014.368 JLINK_IsHalted()
T537C 383:016.160 - 1.788ms returns FALSE
T537C 383:122.720 JLINK_IsHalted()
T537C 383:123.584 - 0.870ms returns FALSE
T537C 383:123.648 JLINK_IsHalted()
T537C 383:125.856 - 2.214ms returns FALSE
T537C 383:231.936 JLINK_IsHalted()
T537C 383:232.704 - 0.766ms returns FALSE
T537C 383:232.736 JLINK_IsHalted()
T537C 383:234.592 - 1.830ms returns FALSE
T1488 383:283.968 JLINK_IsHalted()
T1488 383:286.848 - 2.872ms returns FALSE
T1488 383:286.912 JLINK_IsHalted()
T1488 383:288.800 - 1.886ms returns FALSE
T537C 383:341.216 JLINK_IsHalted()
T537C 383:342.912 - 1.717ms returns FALSE
T537C 383:342.976 JLINK_IsHalted()
T537C 383:344.800 - 1.816ms returns FALSE
T537C 383:450.528 JLINK_IsHalted()
T537C 383:453.760 - 3.244ms returns FALSE
T537C 383:453.824 JLINK_IsHalted()
T537C 383:455.648 - 1.798ms returns FALSE
T537C 383:559.712 JLINK_IsHalted()
T537C 383:562.432 - 2.726ms returns FALSE
T537C 383:562.464 JLINK_IsHalted()
T537C 383:564.256 - 1.804ms returns FALSE
T537C 383:668.960 JLINK_IsHalted()
T537C 383:670.976 - 2.012ms returns FALSE
T537C 383:671.040 JLINK_IsHalted()
T537C 383:674.496 - 3.445ms returns FALSE
T537C 383:779.200 JLINK_IsHalted()
T537C 383:780.544 - 1.344ms returns FALSE
T537C 383:780.672 JLINK_IsHalted()
T537C 383:782.400 - 1.745ms returns FALSE
T537C 383:888.448 JLINK_IsHalted()
T537C 383:889.408 - 0.987ms returns FALSE
T537C 383:889.472 JLINK_IsHalted()
T537C 383:891.296 - 1.815ms returns FALSE
T537C 383:997.920 JLINK_IsHalted()
T537C 384:000.512 - 2.597ms returns FALSE
T537C 384:000.832 JLINK_IsHalted()
T537C 384:006.368 - 5.517ms returns FALSE
T537C 384:107.168 JLINK_IsHalted()
T537C 384:112.512 - 5.345ms returns FALSE
T537C 384:112.768 JLINK_IsHalted()
T537C 384:114.336 - 1.580ms returns FALSE
T537C 384:216.704 JLINK_IsHalted()
T537C 384:218.304 - 1.582ms returns FALSE
T537C 384:218.464 JLINK_IsHalted()
T537C 384:219.968 - 1.502ms returns FALSE
T1488 384:289.664 JLINK_IsHalted()
T1488 384:291.456 - 1.796ms returns FALSE
T1488 384:291.520 JLINK_IsHalted()
T1488 384:293.344 - 1.820ms returns FALSE
T537C 384:326.016 JLINK_IsHalted()
T537C 384:327.136 - 1.109ms returns FALSE
T537C 384:327.296 JLINK_IsHalted()
T537C 384:329.024 - 1.703ms returns FALSE
T537C 384:435.328 JLINK_IsHalted()
T537C 384:437.184 - 1.871ms returns FALSE
T537C 384:437.312 JLINK_IsHalted()
T537C 384:438.976 - 1.662ms returns FALSE
T537C 384:544.576 JLINK_IsHalted()
T537C 384:547.296 - 2.742ms returns FALSE
T537C 384:547.392 JLINK_IsHalted()
T537C 384:549.184 - 1.776ms returns FALSE
T537C 384:653.920 JLINK_IsHalted()
T537C 384:655.840 - 1.939ms returns FALSE
T537C 384:656.064 JLINK_IsHalted()
T537C 384:659.456 - 3.396ms returns FALSE
T537C 384:762.944 JLINK_IsHalted()
T537C 384:763.904 - 0.962ms returns FALSE
T537C 384:763.968 JLINK_IsHalted()
T537C 384:765.792 - 1.823ms returns FALSE
T537C 384:872.160 JLINK_IsHalted()
T537C 384:874.144 - 1.968ms returns FALSE
T537C 384:874.208 JLINK_IsHalted()
T537C 384:875.968 - 1.742ms returns FALSE
T537C 384:981.408 JLINK_IsHalted()
T537C 384:983.168 - 1.754ms returns FALSE
T537C 384:983.232 JLINK_IsHalted()
T537C 384:985.184 - 1.967ms returns FALSE
T537C 385:091.648 JLINK_IsHalted()
T537C 385:093.376 - 1.725ms returns FALSE
T537C 385:093.440 JLINK_IsHalted()
T537C 385:095.392 - 1.942ms returns FALSE
T537C 385:200.864 JLINK_IsHalted()
T537C 385:202.400 - 1.548ms returns FALSE
T537C 385:202.496 JLINK_IsHalted()
T537C 385:204.288 - 1.778ms returns FALSE
T1488 385:294.272 JLINK_IsHalted()
T1488 385:295.840 - 1.605ms returns FALSE
T1488 385:295.936 JLINK_IsHalted()
T1488 385:297.728 - 1.809ms returns FALSE
T537C 385:310.080 JLINK_IsHalted()
T537C 385:311.680 - 1.593ms returns FALSE
T537C 385:311.712 JLINK_IsHalted()
T537C 385:313.568 - 1.822ms returns FALSE
T537C 385:419.808 JLINK_IsHalted()
T537C 385:420.992 - 1.175ms returns FALSE
T537C 385:421.024 JLINK_IsHalted()
T537C 385:422.880 - 1.824ms returns FALSE
T537C 385:529.056 JLINK_IsHalted()
T537C 385:530.048 - 0.989ms returns FALSE
T537C 385:530.112 JLINK_IsHalted()
T537C 385:531.904 - 1.804ms returns FALSE
T537C 385:638.272 JLINK_IsHalted()
T537C 385:640.160 - 1.895ms returns FALSE
T537C 385:640.256 JLINK_IsHalted()
T537C 385:642.048 - 1.773ms returns FALSE
T537C 385:747.520 JLINK_IsHalted()
T537C 385:749.056 - 1.575ms returns FALSE
T537C 385:749.120 JLINK_IsHalted()
T537C 385:750.912 - 1.785ms returns FALSE
T537C 385:856.736 JLINK_IsHalted()
T537C 385:859.008 - 2.285ms returns FALSE
T537C 385:859.168 JLINK_IsHalted()
T537C 385:860.928 - 1.722ms returns FALSE
T537C 385:965.952 JLINK_IsHalted()
T537C 385:966.976 - 1.010ms returns FALSE
T537C 385:967.040 JLINK_IsHalted()
T537C 385:968.960 - 1.946ms returns FALSE
T537C 386:075.392 JLINK_IsHalted()
T537C 386:077.376 - 1.974ms returns FALSE
T537C 386:077.568 JLINK_IsHalted()
T537C 386:079.104 - 1.530ms returns FALSE
T537C 386:184.992 JLINK_IsHalted()
T537C 386:186.688 - 1.670ms returns FALSE
T537C 386:186.752 JLINK_IsHalted()
T537C 386:188.224 - 1.474ms returns FALSE
T537C 386:294.720 JLINK_IsHalted()
T537C 386:297.024 - 2.321ms returns FALSE
T537C 386:297.088 JLINK_IsHalted()
T537C 386:298.912 - 1.824ms returns FALSE
T1488 386:299.040 JLINK_IsHalted()
T1488 386:300.928 - 1.909ms returns FALSE
T1488 386:300.992 JLINK_IsHalted()
T1488 386:302.912 - 1.926ms returns FALSE
T537C 386:403.904 JLINK_IsHalted()
T537C 386:405.024 - 1.131ms returns FALSE
T537C 386:405.056 JLINK_IsHalted()
T537C 386:408.416 - 3.352ms returns FALSE
T537C 386:512.832 JLINK_IsHalted()
T537C 386:514.720 - 1.867ms returns FALSE
T537C 386:514.752 JLINK_IsHalted()
T537C 386:516.736 - 1.969ms returns FALSE
T537C 386:622.624 JLINK_IsHalted()
T537C 386:623.392 - 0.762ms returns FALSE
T537C 386:623.456 JLINK_IsHalted()
T537C 386:625.440 - 1.984ms returns FALSE
T537C 386:732.352 JLINK_IsHalted()
T537C 386:734.400 - 2.074ms returns FALSE
T537C 386:734.528 JLINK_IsHalted()
T537C 386:738.240 - 3.744ms returns FALSE
T537C 386:841.728 JLINK_IsHalted()
T537C 386:843.616 - 1.896ms returns FALSE
T537C 386:843.712 JLINK_IsHalted()
T537C 386:845.504 - 1.825ms returns FALSE
T537C 386:951.232 JLINK_IsHalted()
T537C 386:952.640 - 1.416ms returns FALSE
T537C 386:952.704 JLINK_IsHalted()
T537C 386:954.560 - 1.856ms returns FALSE
T537C 387:060.032 JLINK_IsHalted()
T537C 387:061.504 - 1.470ms returns FALSE
T537C 387:061.600 JLINK_IsHalted()
T537C 387:063.392 - 1.792ms returns FALSE
T537C 387:169.536 JLINK_IsHalted()
T537C 387:170.880 - 1.345ms returns FALSE
T537C 387:171.008 JLINK_IsHalted()
T537C 387:172.544 - 1.502ms returns FALSE
T537C 387:278.432 JLINK_IsHalted()
T537C 387:280.352 - 1.897ms returns FALSE
T537C 387:280.448 JLINK_IsHalted()
T537C 387:282.176 - 1.721ms returns FALSE
T1488 387:303.616 JLINK_IsHalted()
T1488 387:305.280 - 1.639ms returns FALSE
T1488 387:305.344 JLINK_IsHalted()
T1488 387:311.680 - 6.336ms returns FALSE
T537C 387:388.224 JLINK_IsHalted()
T537C 387:389.760 - 1.545ms returns FALSE
T537C 387:389.824 JLINK_IsHalted()
T537C 387:391.360 - 1.516ms returns FALSE
T537C 387:497.664 JLINK_IsHalted()
T537C 387:499.328 - 1.625ms returns FALSE
T537C 387:499.360 JLINK_IsHalted()
T537C 387:502.912 - 3.537ms returns FALSE
T537C 387:606.528 JLINK_IsHalted()
T537C 387:608.384 - 1.834ms returns FALSE
T537C 387:608.416 JLINK_IsHalted()
T537C 387:609.984 - 1.555ms returns FALSE
T537C 387:716.768 JLINK_IsHalted()
T537C 387:718.912 - 2.156ms returns FALSE
T537C 387:719.040 JLINK_IsHalted()
T537C 387:720.512 - 1.489ms returns FALSE
T537C 387:825.984 JLINK_IsHalted()
T537C 387:827.648 - 1.680ms returns FALSE
T537C 387:827.744 JLINK_IsHalted()
T537C 387:829.504 - 1.758ms returns FALSE
T537C 387:934.784 JLINK_IsHalted()
T537C 387:937.152 - 2.342ms returns FALSE
T537C 387:937.248 JLINK_IsHalted()
T537C 387:938.848 - 1.584ms returns FALSE
T537C 388:044.224 JLINK_IsHalted()
T537C 388:047.840 - 3.629ms returns FALSE
T537C 388:047.904 JLINK_IsHalted()
T537C 388:049.504 - 1.599ms returns FALSE
T537C 388:153.664 JLINK_IsHalted()
T537C 388:158.240 - 4.598ms returns FALSE
T537C 388:158.336 JLINK_IsHalted()
T537C 388:160.128 - 1.779ms returns FALSE
T537C 388:262.944 JLINK_IsHalted()
T537C 388:266.144 - 3.178ms returns FALSE
T537C 388:266.272 JLINK_IsHalted()
T537C 388:268.192 - 1.924ms returns FALSE
T1488 388:312.512 JLINK_IsHalted()
T1488 388:313.536 - 1.029ms returns FALSE
T1488 388:313.600 JLINK_IsHalted()
T1488 388:315.584 - 1.968ms returns FALSE
T537C 388:372.064 JLINK_IsHalted()
T537C 388:374.272 - 2.183ms returns FALSE
T537C 388:374.336 JLINK_IsHalted()
T537C 388:375.808 - 1.473ms returns FALSE
T537C 388:482.368 JLINK_IsHalted()
T537C 388:484.448 - 2.055ms returns FALSE
T537C 388:484.544 JLINK_IsHalted()
T537C 388:486.112 - 1.581ms returns FALSE
T537C 388:591.456 JLINK_IsHalted()
T537C 388:593.088 - 1.612ms returns FALSE
T537C 388:593.152 JLINK_IsHalted()
T537C 388:594.944 - 1.807ms returns FALSE
T537C 388:700.896 JLINK_IsHalted()
T537C 388:702.464 - 1.561ms returns FALSE
T537C 388:702.560 JLINK_IsHalted()
T537C 388:704.064 - 1.506ms returns FALSE
T537C 388:810.656 JLINK_IsHalted()
T537C 388:812.544 - 1.888ms returns FALSE
T537C 388:812.608 JLINK_IsHalted()
T537C 388:814.400 - 1.745ms returns FALSE
T537C 388:919.200 JLINK_IsHalted()
T537C 388:921.376 - 2.168ms returns FALSE
T537C 388:921.408 JLINK_IsHalted()
T537C 388:923.072 - 1.662ms returns FALSE
T537C 389:028.704 JLINK_IsHalted()
T537C 389:030.496 - 1.779ms returns FALSE
T537C 389:030.624 JLINK_IsHalted()
T537C 389:032.352 - 1.724ms returns FALSE
T537C 389:138.176 JLINK_IsHalted()
T537C 389:139.648 - 1.468ms returns FALSE
T537C 389:139.712 JLINK_IsHalted()
T537C 389:141.568 - 1.837ms returns FALSE
T537C 389:247.744 JLINK_IsHalted()
T537C 389:248.832 - 1.056ms returns FALSE
T537C 389:248.864 JLINK_IsHalted()
T537C 389:250.624 - 1.773ms returns FALSE
T1488 389:315.776 JLINK_IsHalted()
T1488 389:320.864 - 5.078ms returns FALSE
T1488 389:320.928 JLINK_IsHalted()
T1488 389:322.112 - 1.182ms returns FALSE
T537C 389:356.992 JLINK_IsHalted()
T537C 389:359.200 - 2.217ms returns FALSE
T537C 389:359.296 JLINK_IsHalted()
T537C 389:361.088 - 1.820ms returns FALSE
T537C 389:466.272 JLINK_IsHalted()
T537C 389:467.104 - 0.849ms returns FALSE
T537C 389:467.168 JLINK_IsHalted()
T537C 389:468.992 - 1.812ms returns FALSE
T537C 389:575.584 JLINK_IsHalted()
T537C 389:577.408 - 1.826ms returns FALSE
T537C 389:577.472 JLINK_IsHalted()
T537C 389:579.264 - 1.809ms returns FALSE
T537C 389:684.928 JLINK_IsHalted()
T537C 389:686.592 - 1.647ms returns FALSE
T537C 389:686.624 JLINK_IsHalted()
T537C 389:688.448 - 1.811ms returns FALSE
T537C 389:794.208 JLINK_IsHalted()
T537C 389:795.584 - 1.389ms returns FALSE
T537C 389:795.648 JLINK_IsHalted()
T537C 389:797.440 - 1.809ms returns FALSE
T537C 389:903.456 JLINK_IsHalted()
T537C 389:904.352 - 0.896ms returns FALSE
T537C 389:904.384 JLINK_IsHalted()
T537C 389:906.208 - 1.820ms returns FALSE
T537C 390:013.632 JLINK_IsHalted()
T537C 390:014.912 - 1.259ms returns FALSE
T537C 390:014.944 JLINK_IsHalted()
T537C 390:018.624 - 3.691ms returns FALSE
T537C 390:122.432 JLINK_IsHalted()
T537C 390:124.064 - 1.600ms returns FALSE
T537C 390:124.096 JLINK_IsHalted()
T537C 390:125.888 - 1.778ms returns FALSE
T537C 390:231.776 JLINK_IsHalted()
T537C 390:233.472 - 1.683ms returns FALSE
T537C 390:233.536 JLINK_IsHalted()
T537C 390:235.328 - 1.802ms returns FALSE
T1488 390:322.176 JLINK_IsHalted()
T1488 390:323.136 - 0.967ms returns FALSE
T1488 390:323.232 JLINK_IsHalted()
T1488 390:324.992 - 1.762ms returns FALSE
T537C 390:340.960 JLINK_IsHalted()
T537C 390:342.336 - 1.378ms returns FALSE
T537C 390:342.432 JLINK_IsHalted()
T537C 390:344.192 - 1.756ms returns FALSE
T537C 390:454.272 JLINK_IsHalted()
T537C 390:462.016 - 7.726ms returns FALSE
T537C 390:462.048 JLINK_IsHalted()
T537C 390:463.904 - 1.830ms returns FALSE
T537C 390:559.584 JLINK_IsHalted()
T537C 390:561.696 - 2.077ms returns FALSE
T537C 390:561.728 JLINK_IsHalted()
T537C 390:563.552 - 1.822ms returns FALSE
T537C 390:669.888 JLINK_IsHalted()
T537C 390:670.720 - 0.823ms returns FALSE
T537C 390:670.784 JLINK_IsHalted()
T537C 390:672.576 - 1.801ms returns FALSE
T537C 390:779.072 JLINK_IsHalted()
T537C 390:780.896 - 1.809ms returns FALSE
T537C 390:780.960 JLINK_IsHalted()
T537C 390:782.784 - 1.820ms returns FALSE
T537C 390:888.384 JLINK_IsHalted()
T537C 390:889.824 - 1.449ms returns FALSE
T537C 390:889.856 JLINK_IsHalted()
T537C 390:891.712 - 1.855ms returns FALSE
T537C 390:997.632 JLINK_IsHalted()
T537C 390:998.784 - 1.136ms returns FALSE
T537C 390:998.848 JLINK_IsHalted()
T537C 391:000.640 - 1.806ms returns FALSE
T537C 391:107.040 JLINK_IsHalted()
T537C 391:112.576 - 5.544ms returns FALSE
T537C 391:112.640 JLINK_IsHalted()
T537C 391:114.496 - 1.832ms returns FALSE
T537C 391:216.032 JLINK_IsHalted()
T537C 391:219.264 - 3.235ms returns FALSE
T537C 391:219.328 JLINK_IsHalted()
T537C 391:221.152 - 1.826ms returns FALSE
T537C 391:326.304 JLINK_IsHalted()
T537C 391:328.384 - 2.073ms returns FALSE
T537C 391:328.448 JLINK_IsHalted()
T537C 391:330.208 - 1.754ms returns FALSE
T1488 391:330.368 JLINK_IsHalted()
T1488 391:331.808 - 1.456ms returns FALSE
T1488 391:331.872 JLINK_IsHalted()
T1488 391:333.600 - 1.737ms returns FALSE
T537C 391:435.520 JLINK_IsHalted()
T537C 391:437.184 - 1.666ms returns FALSE
T537C 391:437.248 JLINK_IsHalted()
T537C 391:439.424 - 2.166ms returns FALSE
T537C 391:544.768 JLINK_IsHalted()
T537C 391:546.560 - 1.841ms returns FALSE
T537C 391:546.656 JLINK_IsHalted()
T537C 391:548.480 - 1.797ms returns FALSE
T537C 391:654.208 JLINK_IsHalted()
T537C 391:656.160 - 1.931ms returns FALSE
T537C 391:656.224 JLINK_IsHalted()
T537C 391:659.520 - 3.289ms returns FALSE
T537C 391:762.912 JLINK_IsHalted()
T537C 391:765.568 - 2.652ms returns FALSE
T537C 391:765.632 JLINK_IsHalted()
T537C 391:767.488 - 1.852ms returns FALSE
T537C 391:872.352 JLINK_IsHalted()
T537C 391:874.560 - 2.185ms returns FALSE
T537C 391:874.624 JLINK_IsHalted()
T537C 391:876.544 - 1.913ms returns FALSE
T537C 391:981.600 JLINK_IsHalted()
T537C 391:983.104 - 1.518ms returns FALSE
T537C 391:983.168 JLINK_IsHalted()
T537C 391:984.960 - 1.801ms returns FALSE
T537C 392:091.456 JLINK_IsHalted()
T537C 392:093.408 - 1.939ms returns FALSE
T537C 392:093.504 JLINK_IsHalted()
T537C 392:094.976 - 1.487ms returns FALSE
T537C 392:200.448 JLINK_IsHalted()
T537C 392:202.144 - 1.681ms returns FALSE
T537C 392:202.208 JLINK_IsHalted()
T537C 392:204.000 - 1.810ms returns FALSE
T537C 392:309.824 JLINK_IsHalted()
T537C 392:311.456 - 1.641ms returns FALSE
T537C 392:311.520 JLINK_IsHalted()
T537C 392:313.536 - 2.023ms returns FALSE
T1488 392:334.144 JLINK_IsHalted()
T1488 392:336.320 - 2.197ms returns FALSE
T1488 392:336.448 JLINK_IsHalted()
T1488 392:338.080 - 1.638ms returns FALSE
T537C 392:419.296 JLINK_IsHalted()
T537C 392:423.136 - 3.824ms returns FALSE
T537C 392:423.232 JLINK_IsHalted()
T537C 392:425.056 - 1.859ms returns FALSE
T537C 392:528.672 JLINK_IsHalted()
T537C 392:530.880 - 2.237ms returns FALSE
T537C 392:530.976 JLINK_IsHalted()
T537C 392:532.896 - 1.932ms returns FALSE
T537C 392:638.112 JLINK_IsHalted()
T537C 392:640.032 - 1.926ms returns FALSE
T537C 392:640.096 JLINK_IsHalted()
T537C 392:641.984 - 1.865ms returns FALSE
T537C 392:747.808 JLINK_IsHalted()
T537C 392:748.800 - 1.008ms returns FALSE
T537C 392:748.896 JLINK_IsHalted()
T537C 392:750.912 - 2.007ms returns FALSE
T537C 392:857.376 JLINK_IsHalted()
T537C 392:858.336 - 0.971ms returns FALSE
T537C 392:858.432 JLINK_IsHalted()
T537C 392:860.192 - 1.773ms returns FALSE
T537C 392:966.048 JLINK_IsHalted()
T537C 392:967.392 - 1.347ms returns FALSE
T537C 392:967.488 JLINK_IsHalted()
T537C 392:969.376 - 1.885ms returns FALSE
T537C 393:075.776 JLINK_IsHalted()
T537C 393:077.536 - 1.765ms returns FALSE
T537C 393:077.632 JLINK_IsHalted()
T537C 393:079.200 - 1.564ms returns FALSE
T537C 393:185.440 JLINK_IsHalted()
T537C 393:186.752 - 1.330ms returns FALSE
T537C 393:186.848 JLINK_IsHalted()
T537C 393:188.512 - 1.650ms returns FALSE
T537C 393:294.272 JLINK_IsHalted()
T537C 393:296.000 - 1.715ms returns FALSE
T537C 393:296.064 JLINK_IsHalted()
T537C 393:297.856 - 1.815ms returns FALSE
T1488 393:338.848 JLINK_IsHalted()
T1488 393:340.864 - 2.001ms returns FALSE
T1488 393:340.896 JLINK_IsHalted()
T1488 393:342.656 - 1.747ms returns FALSE
T537C 393:403.520 JLINK_IsHalted()
T537C 393:404.960 - 1.437ms returns FALSE
T537C 393:404.992 JLINK_IsHalted()
T537C 393:408.128 - 3.132ms returns FALSE
T537C 393:513.024 JLINK_IsHalted()
T537C 393:514.304 - 1.256ms returns FALSE
T537C 393:514.368 JLINK_IsHalted()
T537C 393:516.352 - 1.990ms returns FALSE
T537C 393:622.592 JLINK_IsHalted()
T537C 393:624.512 - 1.925ms returns FALSE
T537C 393:624.640 JLINK_IsHalted()
T537C 393:626.304 - 1.702ms returns FALSE
T537C 393:731.744 JLINK_IsHalted()
T537C 393:733.792 - 2.066ms returns FALSE
T537C 393:733.856 JLINK_IsHalted()
T537C 393:735.712 - 1.838ms returns FALSE
T537C 393:841.600 JLINK_IsHalted()
T537C 393:844.448 - 2.846ms returns FALSE
T537C 393:844.544 JLINK_IsHalted()
T537C 393:846.080 - 1.533ms returns FALSE
T537C 393:951.200 JLINK_IsHalted()
T537C 393:954.208 - 2.989ms returns FALSE
T537C 393:954.272 JLINK_IsHalted()
T537C 393:956.064 - 1.791ms returns FALSE
T537C 394:059.840 JLINK_IsHalted()
T537C 394:061.760 - 1.924ms returns FALSE
T537C 394:061.888 JLINK_IsHalted()
T537C 394:063.520 - 1.622ms returns FALSE
T537C 394:169.888 JLINK_IsHalted()
T537C 394:172.096 - 2.186ms returns FALSE
T537C 394:172.160 JLINK_IsHalted()
T537C 394:174.144 - 1.982ms returns FALSE
T537C 394:278.976 JLINK_IsHalted()
T537C 394:280.896 - 1.918ms returns FALSE
T537C 394:280.928 JLINK_IsHalted()
T537C 394:282.720 - 1.785ms returns FALSE
T1488 394:343.040 JLINK_IsHalted()
T1488 394:345.120 - 2.082ms returns FALSE
T1488 394:345.184 JLINK_IsHalted()
T1488 394:346.880 - 1.684ms returns FALSE
T537C 394:387.744 JLINK_IsHalted()
T537C 394:388.672 - 0.929ms returns FALSE
T537C 394:388.704 JLINK_IsHalted()
T537C 394:390.528 - 1.804ms returns FALSE
T537C 394:497.792 JLINK_IsHalted()
T537C 394:499.296 - 1.513ms returns FALSE
T537C 394:499.392 JLINK_IsHalted()
T537C 394:501.056 - 1.678ms returns FALSE
T537C 394:606.592 JLINK_IsHalted()
T537C 394:608.640 - 2.049ms returns FALSE
T537C 394:608.704 JLINK_IsHalted()
T537C 394:610.496 - 1.802ms returns FALSE
T537C 394:716.768 JLINK_IsHalted()
T537C 394:719.040 - 2.271ms returns FALSE
T537C 394:719.104 JLINK_IsHalted()
T537C 394:721.056 - 1.922ms returns FALSE
T537C 394:825.504 JLINK_IsHalted()
T537C 394:826.880 - 1.371ms returns FALSE
T537C 394:826.944 JLINK_IsHalted()
T537C 394:828.704 - 1.725ms returns FALSE
T537C 394:934.944 JLINK_IsHalted()
T537C 394:937.024 - 2.057ms returns FALSE
T537C 394:937.088 JLINK_IsHalted()
T537C 394:938.688 - 1.592ms returns FALSE
T537C 395:044.256 JLINK_IsHalted()
T537C 395:046.592 - 2.359ms returns FALSE
T537C 395:046.688 JLINK_IsHalted()
T537C 395:048.512 - 1.858ms returns FALSE
T537C 395:154.144 JLINK_IsHalted()
T537C 395:155.520 - 1.344ms returns FALSE
T537C 395:155.552 JLINK_IsHalted()
T537C 395:158.656 - 3.086ms returns FALSE
T537C 395:263.424 JLINK_IsHalted()
T537C 395:264.704 - 1.311ms returns FALSE
T537C 395:264.800 JLINK_IsHalted()
T537C 395:266.720 - 1.922ms returns FALSE
T1488 395:347.776 JLINK_IsHalted()
T1488 395:349.216 - 1.437ms returns FALSE
T1488 395:349.312 JLINK_IsHalted()
T1488 395:350.976 - 1.667ms returns FALSE
T537C 395:372.480 JLINK_IsHalted()
T537C 395:374.304 - 1.803ms returns FALSE
T537C 395:374.400 JLINK_IsHalted()
T537C 395:376.224 - 1.837ms returns FALSE
T537C 395:481.632 JLINK_IsHalted()
T537C 395:483.104 - 1.498ms returns FALSE
T537C 395:483.200 JLINK_IsHalted()
T537C 395:485.152 - 1.955ms returns FALSE
T537C 395:591.936 JLINK_IsHalted()
T537C 395:593.664 - 1.760ms returns FALSE
T537C 395:593.760 JLINK_IsHalted()
T537C 395:595.552 - 1.767ms returns FALSE
T537C 395:700.256 JLINK_IsHalted()
T537C 395:701.312 - 1.061ms returns FALSE
T537C 395:701.408 JLINK_IsHalted()
T537C 395:703.264 - 1.852ms returns FALSE
T537C 395:809.856 JLINK_IsHalted()
T537C 395:811.776 - 1.938ms returns FALSE
T537C 395:811.904 JLINK_IsHalted()
T537C 395:813.760 - 1.855ms returns FALSE
T537C 395:919.456 JLINK_IsHalted()
T537C 395:921.408 - 1.938ms returns FALSE
T537C 395:921.504 JLINK_IsHalted()
T537C 395:923.200 - 1.681ms returns FALSE
T537C 396:028.608 JLINK_IsHalted()
T537C 396:030.656 - 2.012ms returns FALSE
T537C 396:030.752 JLINK_IsHalted()
T537C 396:034.048 - 3.308ms returns FALSE
T537C 396:138.016 JLINK_IsHalted()
T537C 396:140.352 - 2.325ms returns FALSE
T537C 396:140.416 JLINK_IsHalted()
T537C 396:142.240 - 1.803ms returns FALSE
T537C 396:247.712 JLINK_IsHalted()
T537C 396:249.664 - 1.931ms returns FALSE
T537C 396:249.728 JLINK_IsHalted()
T537C 396:251.744 - 2.017ms returns FALSE
T1488 396:352.160 JLINK_IsHalted()
T1488 396:353.728 - 1.599ms returns FALSE
T1488 396:353.824 JLINK_IsHalted()
T1488 396:355.808 - 2.013ms returns FALSE
T537C 396:356.640 JLINK_IsHalted()
T537C 396:358.976 - 2.324ms returns FALSE
T537C 396:359.072 JLINK_IsHalted()
T537C 396:361.024 - 1.991ms returns FALSE
T537C 396:465.824 JLINK_IsHalted()
T537C 396:468.096 - 2.286ms returns FALSE
T537C 396:468.160 JLINK_IsHalted()
T537C 396:469.952 - 1.793ms returns FALSE
T537C 396:576.128 JLINK_IsHalted()
T537C 396:577.280 - 1.122ms returns FALSE
T537C 396:577.344 JLINK_IsHalted()
T537C 396:579.200 - 1.848ms returns FALSE
T537C 396:685.504 JLINK_IsHalted()
T537C 396:686.400 - 0.913ms returns FALSE
T537C 396:686.496 JLINK_IsHalted()
T537C 396:688.192 - 1.724ms returns FALSE
T537C 396:794.368 JLINK_IsHalted()
T537C 396:795.520 - 1.143ms returns FALSE
T537C 396:795.616 JLINK_IsHalted()
T537C 396:797.504 - 1.887ms returns FALSE
T537C 396:903.584 JLINK_IsHalted()
T537C 396:904.608 - 1.024ms returns FALSE
T537C 396:904.672 JLINK_IsHalted()
T537C 396:906.720 - 2.035ms returns FALSE
T537C 397:013.312 JLINK_IsHalted()
T537C 397:017.664 - 4.309ms returns FALSE
T537C 397:017.728 JLINK_IsHalted()
T537C 397:019.744 - 2.015ms returns FALSE
T537C 397:122.496 JLINK_IsHalted()
T537C 397:124.864 - 2.384ms returns FALSE
T537C 397:124.928 JLINK_IsHalted()
T537C 397:126.592 - 1.633ms returns FALSE
T537C 397:231.680 JLINK_IsHalted()
T537C 397:233.728 - 2.060ms returns FALSE
T537C 397:233.824 JLINK_IsHalted()
T537C 397:235.456 - 1.647ms returns FALSE
T537C 397:341.728 JLINK_IsHalted()
T537C 397:342.624 - 0.881ms returns FALSE
T537C 397:342.656 JLINK_IsHalted()
T537C 397:344.512 - 1.839ms returns FALSE
T1488 397:356.096 JLINK_IsHalted()
T1488 397:358.560 - 2.470ms returns FALSE
T1488 397:358.656 JLINK_IsHalted()
T1488 397:360.128 - 1.481ms returns FALSE
T537C 397:450.912 JLINK_IsHalted()
T537C 397:453.120 - 2.197ms returns FALSE
T537C 397:453.184 JLINK_IsHalted()
T537C 397:454.880 - 1.700ms returns FALSE
T537C 397:560.224 JLINK_IsHalted()
T537C 397:562.368 - 2.153ms returns FALSE
T537C 397:562.432 JLINK_IsHalted()
T537C 397:564.448 - 1.999ms returns FALSE
T537C 397:669.376 JLINK_IsHalted()
T537C 397:670.592 - 1.230ms returns FALSE
T537C 397:670.688 JLINK_IsHalted()
T537C 397:672.544 - 1.879ms returns FALSE
T537C 397:779.072 JLINK_IsHalted()
T537C 397:780.928 - 1.858ms returns FALSE
T537C 397:780.992 JLINK_IsHalted()
T537C 397:782.848 - 1.843ms returns FALSE
T537C 397:888.416 JLINK_IsHalted()
T537C 397:892.384 - 3.970ms returns FALSE
T537C 397:892.448 JLINK_IsHalted()
T537C 397:894.208 - 1.776ms returns FALSE
T537C 397:997.504 JLINK_IsHalted()
T537C 397:999.072 - 1.590ms returns FALSE
T537C 397:999.200 JLINK_IsHalted()
T537C 398:000.960 - 1.761ms returns FALSE
T537C 398:106.880 JLINK_IsHalted()
T537C 398:109.152 - 2.276ms returns FALSE
T537C 398:109.248 JLINK_IsHalted()
T537C 398:114.464 - 5.230ms returns FALSE
T537C 398:215.968 JLINK_IsHalted()
T537C 398:218.048 - 2.053ms returns FALSE
T537C 398:218.112 JLINK_IsHalted()
T537C 398:219.584 - 1.499ms returns FALSE
T537C 398:325.760 JLINK_IsHalted()
T537C 398:327.968 - 2.194ms returns FALSE
T537C 398:328.000 JLINK_IsHalted()
T537C 398:329.664 - 1.638ms returns FALSE
T1488 398:360.576 JLINK_IsHalted()
T1488 398:362.240 - 1.681ms returns FALSE
T1488 398:362.304 JLINK_IsHalted()
T1488 398:364.032 - 1.715ms returns FALSE
T537C 398:435.072 JLINK_IsHalted()
T537C 398:436.928 - 1.835ms returns FALSE
T537C 398:437.056 JLINK_IsHalted()
T537C 398:438.752 - 1.693ms returns FALSE
T537C 398:544.256 JLINK_IsHalted()
T537C 398:546.336 - 2.080ms returns FALSE
T537C 398:546.368 JLINK_IsHalted()
T537C 398:548.032 - 1.625ms returns FALSE
T537C 398:653.888 JLINK_IsHalted()
T537C 398:655.072 - 1.205ms returns FALSE
T537C 398:655.168 JLINK_IsHalted()
T537C 398:658.496 - 3.331ms returns FALSE
T537C 398:763.680 JLINK_IsHalted()
T537C 398:765.632 - 1.978ms returns FALSE
T537C 398:765.728 JLINK_IsHalted()
T537C 398:767.552 - 1.807ms returns FALSE
T537C 398:872.832 JLINK_IsHalted()
T537C 398:874.880 - 2.033ms returns FALSE
T537C 398:874.944 JLINK_IsHalted()
T537C 398:876.736 - 1.788ms returns FALSE
T537C 398:982.304 JLINK_IsHalted()
T537C 398:984.384 - 2.091ms returns FALSE
T537C 398:984.480 JLINK_IsHalted()
T537C 398:986.144 - 1.675ms returns FALSE
T537C 399:091.648 JLINK_IsHalted()
T537C 399:093.312 - 1.665ms returns FALSE
T537C 399:093.376 JLINK_IsHalted()
T537C 399:095.168 - 1.802ms returns FALSE
T537C 399:200.352 JLINK_IsHalted()
T537C 399:201.888 - 1.558ms returns FALSE
T537C 399:201.984 JLINK_IsHalted()
T537C 399:203.936 - 1.982ms returns FALSE
T537C 399:309.888 JLINK_IsHalted()
T537C 399:311.936 - 2.027ms returns FALSE
T537C 399:312.032 JLINK_IsHalted()
T537C 399:313.792 - 1.766ms returns FALSE
T1488 399:364.992 JLINK_IsHalted()
T1488 399:366.272 - 1.274ms returns FALSE
T1488 399:366.368 JLINK_IsHalted()
T1488 399:367.904 - 1.540ms returns FALSE
T537C 399:419.136 JLINK_IsHalted()
T537C 399:421.216 - 2.066ms returns FALSE
T537C 399:421.280 JLINK_IsHalted()
T537C 399:422.912 - 1.608ms returns FALSE
T537C 399:528.896 JLINK_IsHalted()
T537C 399:530.208 - 1.309ms returns FALSE
T537C 399:530.304 JLINK_IsHalted()
T537C 399:532.128 - 1.846ms returns FALSE
T537C 399:638.272 JLINK_IsHalted()
T537C 399:640.640 - 2.384ms returns FALSE
T537C 399:640.768 JLINK_IsHalted()
T537C 399:642.496 - 1.732ms returns FALSE
T537C 399:747.392 JLINK_IsHalted()
T537C 399:749.728 - 2.346ms returns FALSE
T537C 399:749.824 JLINK_IsHalted()
T537C 399:751.616 - 1.802ms returns FALSE
T537C 399:856.640 JLINK_IsHalted()
T537C 399:858.688 - 2.061ms returns FALSE
T537C 399:858.752 JLINK_IsHalted()
T537C 399:860.544 - 1.783ms returns FALSE
T537C 399:966.560 JLINK_IsHalted()
T537C 399:968.032 - 1.467ms returns FALSE
T537C 399:968.128 JLINK_IsHalted()
T537C 399:969.856 - 1.732ms returns FALSE
T537C 400:075.840 JLINK_IsHalted()
T537C 400:077.632 - 1.816ms returns FALSE
T537C 400:077.728 JLINK_IsHalted()
T537C 400:079.808 - 2.089ms returns FALSE
T537C 400:184.576 JLINK_IsHalted()
T537C 400:186.592 - 2.019ms returns FALSE
T537C 400:186.688 JLINK_IsHalted()
T537C 400:188.608 - 1.940ms returns FALSE
T537C 400:293.920 JLINK_IsHalted()
T537C 400:295.680 - 1.758ms returns FALSE
T537C 400:295.744 JLINK_IsHalted()
T537C 400:297.376 - 1.611ms returns FALSE
T1488 400:368.608 JLINK_IsHalted()
T1488 400:370.592 - 1.988ms returns FALSE
T1488 400:370.656 JLINK_IsHalted()
T1488 400:372.448 - 1.788ms returns FALSE
T537C 400:403.520 JLINK_IsHalted()
T537C 400:405.696 - 2.162ms returns FALSE
T537C 400:405.792 JLINK_IsHalted()
T537C 400:409.280 - 3.475ms returns FALSE
T537C 400:513.600 JLINK_IsHalted()
T537C 400:514.912 - 1.319ms returns FALSE
T537C 400:515.008 JLINK_IsHalted()
T537C 400:516.896 - 1.900ms returns FALSE
T537C 400:622.816 JLINK_IsHalted()
T537C 400:624.480 - 1.668ms returns FALSE
T537C 400:624.576 JLINK_IsHalted()
T537C 400:626.176 - 1.603ms returns FALSE
T537C 400:731.680 JLINK_IsHalted()
T537C 400:733.120 - 1.462ms returns FALSE
T537C 400:733.184 JLINK_IsHalted()
T537C 400:735.040 - 1.850ms returns FALSE
T537C 400:841.664 JLINK_IsHalted()
T537C 400:843.648 - 2.000ms returns FALSE
T537C 400:843.712 JLINK_IsHalted()
T537C 400:845.632 - 1.933ms returns FALSE
T537C 400:950.720 JLINK_IsHalted()
T537C 400:952.000 - 1.287ms returns FALSE
T537C 400:952.128 JLINK_IsHalted()
T537C 400:953.792 - 1.664ms returns FALSE
T537C 401:060.160 JLINK_IsHalted()
T537C 401:062.240 - 2.081ms returns FALSE
T537C 401:062.336 JLINK_IsHalted()
T537C 401:064.096 - 1.780ms returns FALSE
T537C 401:169.344 JLINK_IsHalted()
T537C 401:172.480 - 3.162ms returns FALSE
T537C 401:172.544 JLINK_IsHalted()
T537C 401:174.336 - 1.773ms returns FALSE
T537C 401:279.168 JLINK_IsHalted()
T537C 401:280.704 - 1.528ms returns FALSE
T537C 401:280.768 JLINK_IsHalted()
T537C 401:282.496 - 1.753ms returns FALSE
T1488 401:372.640 JLINK_IsHalted()
T1488 401:374.400 - 1.764ms returns FALSE
T1488 401:374.496 JLINK_IsHalted()
T1488 401:376.320 - 1.850ms returns FALSE
T537C 401:388.576 JLINK_IsHalted()
T537C 401:389.760 - 1.209ms returns FALSE
T537C 401:389.856 JLINK_IsHalted()
T537C 401:391.808 - 1.968ms returns FALSE
T537C 401:497.408 JLINK_IsHalted()
T537C 401:499.168 - 1.749ms returns FALSE
T537C 401:499.232 JLINK_IsHalted()
T537C 401:501.280 - 2.057ms returns FALSE
T537C 401:606.464 JLINK_IsHalted()
T537C 401:609.888 - 3.388ms returns FALSE
T537C 401:609.952 JLINK_IsHalted()
T537C 401:611.680 - 1.718ms returns FALSE
T537C 401:716.768 JLINK_IsHalted()
T537C 401:719.008 - 2.241ms returns FALSE
T537C 401:719.104 JLINK_IsHalted()
T537C 401:720.672 - 1.594ms returns FALSE
T537C 401:825.984 JLINK_IsHalted()
T537C 401:828.032 - 2.056ms returns FALSE
T537C 401:828.128 JLINK_IsHalted()
T537C 401:829.792 - 1.643ms returns FALSE
T537C 401:935.520 JLINK_IsHalted()
T537C 401:937.600 - 2.100ms returns FALSE
T537C 401:937.664 JLINK_IsHalted()
T537C 401:939.520 - 1.843ms returns FALSE
T537C 402:044.864 JLINK_IsHalted()
T537C 402:047.040 - 2.180ms returns FALSE
T537C 402:047.136 JLINK_IsHalted()
T537C 402:049.120 - 2.012ms returns FALSE
T537C 402:153.792 JLINK_IsHalted()
T537C 402:154.688 - 0.880ms returns FALSE
T537C 402:154.752 JLINK_IsHalted()
T537C 402:157.952 - 3.196ms returns FALSE
T537C 402:263.488 JLINK_IsHalted()
T537C 402:264.672 - 1.169ms returns FALSE
T537C 402:264.768 JLINK_IsHalted()
T537C 402:266.624 - 1.860ms returns FALSE
T537C 402:372.800 JLINK_IsHalted()
T537C 402:374.336 - 1.509ms returns FALSE
T537C 402:374.464 JLINK_IsHalted()
T537C 402:376.384 - 1.896ms returns FALSE
T1488 402:377.088 JLINK_IsHalted()
T1488 402:380.000 - 2.901ms returns FALSE
T1488 402:380.096 JLINK_IsHalted()
T1488 402:381.824 - 1.748ms returns FALSE
T537C 402:481.600 JLINK_IsHalted()
T537C 402:483.616 - 2.022ms returns FALSE
T537C 402:483.680 JLINK_IsHalted()
T537C 402:485.344 - 1.658ms returns FALSE
T537C 402:591.712 JLINK_IsHalted()
T537C 402:593.792 - 2.081ms returns FALSE
T537C 402:593.888 JLINK_IsHalted()
T537C 402:595.776 - 1.864ms returns FALSE
T537C 402:700.896 JLINK_IsHalted()
T537C 402:702.752 - 1.836ms returns FALSE
T537C 402:702.816 JLINK_IsHalted()
T537C 402:704.704 - 1.900ms returns FALSE
T537C 402:810.272 JLINK_IsHalted()
T537C 402:812.224 - 1.963ms returns FALSE
T537C 402:812.352 JLINK_IsHalted()
T537C 402:814.112 - 1.727ms returns FALSE
T537C 402:919.680 JLINK_IsHalted()
T537C 402:921.280 - 1.600ms returns FALSE
T537C 402:921.376 JLINK_IsHalted()
T537C 402:923.104 - 1.740ms returns FALSE
T537C 403:028.928 JLINK_IsHalted()
T537C 403:030.656 - 1.747ms returns FALSE
T537C 403:030.720 JLINK_IsHalted()
T537C 403:032.384 - 1.628ms returns FALSE
T537C 403:137.952 JLINK_IsHalted()
T537C 403:139.776 - 1.839ms returns FALSE
T537C 403:139.904 JLINK_IsHalted()
T537C 403:141.952 - 2.036ms returns FALSE
T537C 403:247.680 JLINK_IsHalted()
T537C 403:249.088 - 1.373ms returns FALSE
T537C 403:249.152 JLINK_IsHalted()
T537C 403:250.880 - 1.700ms returns FALSE
T537C 403:357.056 JLINK_IsHalted()
T537C 403:358.816 - 1.766ms returns FALSE
T537C 403:358.912 JLINK_IsHalted()
T537C 403:360.672 - 1.762ms returns FALSE
T1488 403:382.848 JLINK_IsHalted()
T1488 403:384.576 - 1.726ms returns FALSE
T1488 403:384.672 JLINK_IsHalted()
T1488 403:386.624 - 1.938ms returns FALSE
T537C 403:466.048 JLINK_IsHalted()
T537C 403:467.904 - 1.851ms returns FALSE
T537C 403:467.968 JLINK_IsHalted()
T537C 403:469.632 - 1.664ms returns FALSE
T537C 403:575.904 JLINK_IsHalted()
T537C 403:578.176 - 2.276ms returns FALSE
T537C 403:578.272 JLINK_IsHalted()
T537C 403:579.968 - 1.690ms returns FALSE
T537C 403:684.864 JLINK_IsHalted()
T537C 403:685.856 - 1.011ms returns FALSE
T537C 403:686.016 JLINK_IsHalted()
T537C 403:687.776 - 1.777ms returns FALSE
T537C 403:794.176 JLINK_IsHalted()
T537C 403:796.640 - 2.471ms returns FALSE
T537C 403:796.704 JLINK_IsHalted()
T537C 403:798.528 - 1.814ms returns FALSE
T537C 403:904.192 JLINK_IsHalted()
T537C 403:905.152 - 0.934ms returns FALSE
T537C 403:905.216 JLINK_IsHalted()
T537C 403:908.416 - 3.170ms returns FALSE
T537C 404:012.928 JLINK_IsHalted()
T537C 404:014.336 - 1.412ms returns FALSE
T537C 404:014.400 JLINK_IsHalted()
T537C 404:016.192 - 1.760ms returns FALSE
T537C 404:122.304 JLINK_IsHalted()
T537C 404:124.576 - 2.277ms returns FALSE
T537C 404:124.640 JLINK_IsHalted()
T537C 404:126.464 - 1.822ms returns FALSE
T537C 404:232.224 JLINK_IsHalted()
T537C 404:233.408 - 1.196ms returns FALSE
T537C 404:233.472 JLINK_IsHalted()
T537C 404:235.456 - 1.973ms returns FALSE
T537C 404:341.792 JLINK_IsHalted()
T537C 404:344.128 - 2.359ms returns FALSE
T537C 404:344.192 JLINK_IsHalted()
T537C 404:345.664 - 1.464ms returns FALSE
T1488 404:387.776 JLINK_IsHalted()
T1488 404:389.632 - 1.846ms returns FALSE
T1488 404:389.696 JLINK_IsHalted()
T1488 404:391.552 - 1.844ms returns FALSE
T537C 404:450.464 JLINK_IsHalted()
T537C 404:452.192 - 1.756ms returns FALSE
T537C 404:452.288 JLINK_IsHalted()
T537C 404:454.112 - 1.847ms returns FALSE
T537C 404:559.744 JLINK_IsHalted()
T537C 404:561.792 - 2.040ms returns FALSE
T537C 404:561.856 JLINK_IsHalted()
T537C 404:563.648 - 1.765ms returns FALSE
T537C 404:669.632 JLINK_IsHalted()
T537C 404:670.752 - 1.125ms returns FALSE
T537C 404:670.784 JLINK_IsHalted()
T537C 404:672.576 - 1.786ms returns FALSE
T537C 404:779.360 JLINK_IsHalted()
T537C 404:781.248 - 1.907ms returns FALSE
T537C 404:781.344 JLINK_IsHalted()
T537C 404:783.232 - 1.880ms returns FALSE
T537C 404:888.672 JLINK_IsHalted()
T537C 404:892.160 - 3.464ms returns FALSE
T537C 404:892.224 JLINK_IsHalted()
T537C 404:893.856 - 1.614ms returns FALSE
T537C 404:997.728 JLINK_IsHalted()
T537C 404:999.296 - 1.554ms returns FALSE
T537C 404:999.360 JLINK_IsHalted()
T537C 405:002.880 - 3.489ms returns FALSE
T537C 405:106.816 JLINK_IsHalted()
T537C 405:111.744 - 4.960ms returns FALSE
T537C 405:111.840 JLINK_IsHalted()
T537C 405:113.728 - 1.893ms returns FALSE
T537C 405:216.384 JLINK_IsHalted()
T537C 405:219.680 - 3.279ms returns FALSE
T537C 405:219.808 JLINK_IsHalted()
T537C 405:221.568 - 1.725ms returns FALSE
T537C 405:326.144 JLINK_IsHalted()
T537C 405:328.064 - 1.933ms returns FALSE
T537C 405:328.192 JLINK_IsHalted()
T537C 405:330.336 - 2.145ms returns FALSE
T1488 405:392.608 JLINK_IsHalted()
T1488 405:394.784 - 2.185ms returns FALSE
T1488 405:394.848 JLINK_IsHalted()
T1488 405:396.736 - 1.875ms returns FALSE
T537C 405:434.624 JLINK_IsHalted()
T537C 405:438.016 - 3.385ms returns FALSE
T537C 405:438.048 JLINK_IsHalted()
T537C 405:439.776 - 1.711ms returns FALSE
T537C 405:544.864 JLINK_IsHalted()
T537C 405:546.816 - 1.961ms returns FALSE
T537C 405:546.848 JLINK_IsHalted()
T537C 405:548.608 - 1.729ms returns FALSE
T537C 405:653.952 JLINK_IsHalted()
T537C 405:655.712 - 1.748ms returns FALSE
T537C 405:655.744 JLINK_IsHalted()
T537C 405:658.944 - 3.209ms returns FALSE
T537C 405:762.848 JLINK_IsHalted()
T537C 405:764.288 - 1.431ms returns FALSE
T537C 405:764.352 JLINK_IsHalted()
T537C 405:766.048 - 1.710ms returns FALSE
T537C 405:872.832 JLINK_IsHalted()
T537C 405:874.592 - 1.729ms returns FALSE
T537C 405:874.656 JLINK_IsHalted()
T537C 405:876.448 - 1.776ms returns FALSE
T537C 405:982.336 JLINK_IsHalted()
T537C 405:983.328 - 0.998ms returns FALSE
T537C 405:983.424 JLINK_IsHalted()
T537C 405:985.568 - 2.130ms returns FALSE
T537C 406:091.168 JLINK_IsHalted()
T537C 406:094.912 - 3.757ms returns FALSE
T537C 406:095.008 JLINK_IsHalted()
T537C 406:096.800 - 1.792ms returns FALSE
T537C 406:201.024 JLINK_IsHalted()
T537C 406:203.104 - 2.075ms returns FALSE
T537C 406:203.200 JLINK_IsHalted()
T537C 406:205.216 - 2.019ms returns FALSE
T537C 406:309.792 JLINK_IsHalted()
T537C 406:311.488 - 1.671ms returns FALSE
T537C 406:311.616 JLINK_IsHalted()
T537C 406:313.408 - 1.805ms returns FALSE
T1488 406:397.088 JLINK_IsHalted()
T1488 406:399.136 - 2.029ms returns FALSE
T1488 406:399.200 JLINK_IsHalted()
T1488 406:400.960 - 1.764ms returns FALSE
T537C 406:419.872 JLINK_IsHalted()
T537C 406:421.920 - 2.039ms returns FALSE
T537C 406:421.984 JLINK_IsHalted()
T537C 406:423.840 - 1.840ms returns FALSE
T537C 406:529.056 JLINK_IsHalted()
T537C 406:531.424 - 2.374ms returns FALSE
T537C 406:531.520 JLINK_IsHalted()
T537C 406:533.344 - 1.831ms returns FALSE
T537C 406:638.528 JLINK_IsHalted()
T537C 406:640.448 - 1.896ms returns FALSE
T537C 406:640.512 JLINK_IsHalted()
T537C 406:642.112 - 1.623ms returns FALSE
T537C 406:747.584 JLINK_IsHalted()
T537C 406:749.152 - 1.573ms returns FALSE
T537C 406:749.248 JLINK_IsHalted()
T537C 406:751.040 - 1.797ms returns FALSE
T537C 406:857.408 JLINK_IsHalted()
T537C 406:861.952 - 4.521ms returns FALSE
T537C 406:862.048 JLINK_IsHalted()
T537C 406:863.808 - 1.767ms returns FALSE
T537C 406:965.888 JLINK_IsHalted()
T537C 406:970.080 - 4.192ms returns FALSE
T537C 406:970.176 JLINK_IsHalted()
T537C 406:972.224 - 2.074ms returns FALSE
T537C 407:075.168 JLINK_IsHalted()
T537C 407:077.760 - 2.572ms returns FALSE
T537C 407:077.824 JLINK_IsHalted()
T537C 407:079.904 - 2.073ms returns FALSE
T537C 407:185.344 JLINK_IsHalted()
T537C 407:186.368 - 1.047ms returns FALSE
T537C 407:186.496 JLINK_IsHalted()
T537C 407:188.416 - 1.931ms returns FALSE
T537C 407:294.528 JLINK_IsHalted()
T537C 407:296.576 - 2.065ms returns FALSE
T537C 407:296.672 JLINK_IsHalted()
T537C 407:298.624 - 1.946ms returns FALSE
T1488 407:401.472 JLINK_IsHalted()
T1488 407:403.200 - 1.709ms returns FALSE
T1488 407:403.296 JLINK_IsHalted()
T1488 407:405.120 - 1.831ms returns FALSE
T537C 407:405.248 JLINK_IsHalted()
T537C 407:408.320 - 3.073ms returns FALSE
T537C 407:408.416 JLINK_IsHalted()
T537C 407:410.240 - 1.816ms returns FALSE
T537C 407:513.152 JLINK_IsHalted()
T537C 407:514.304 - 1.164ms returns FALSE
T537C 407:514.432 JLINK_IsHalted()
T537C 407:516.192 - 1.782ms returns FALSE
T537C 407:622.784 JLINK_IsHalted()
T537C 407:624.544 - 1.761ms returns FALSE
T537C 407:624.640 JLINK_IsHalted()
T537C 407:626.432 - 1.799ms returns FALSE
T537C 407:731.936 JLINK_IsHalted()
T537C 407:733.888 - 1.936ms returns FALSE
T537C 407:733.984 JLINK_IsHalted()
T537C 407:735.808 - 1.828ms returns FALSE
T537C 407:841.248 JLINK_IsHalted()
T537C 407:842.528 - 1.273ms returns FALSE
T537C 407:842.624 JLINK_IsHalted()
T537C 407:844.416 - 1.793ms returns FALSE
T537C 407:950.336 JLINK_IsHalted()
T537C 407:952.000 - 1.664ms returns FALSE
T537C 407:952.064 JLINK_IsHalted()
T537C 407:953.920 - 1.845ms returns FALSE
T537C 408:059.584 JLINK_IsHalted()
T537C 408:064.512 - 4.904ms returns FALSE
T537C 408:064.576 JLINK_IsHalted()
T537C 408:066.496 - 1.896ms returns FALSE
T537C 408:169.632 JLINK_IsHalted()
T537C 408:171.200 - 1.577ms returns FALSE
T537C 408:171.296 JLINK_IsHalted()
T537C 408:172.928 - 1.652ms returns FALSE
T537C 408:278.336 JLINK_IsHalted()
T537C 408:279.232 - 0.911ms returns FALSE
T537C 408:279.360 JLINK_IsHalted()
T537C 408:281.120 - 1.770ms returns FALSE
T537C 408:387.808 JLINK_IsHalted()
T537C 408:389.824 - 1.993ms returns FALSE
T537C 408:389.888 JLINK_IsHalted()
T537C 408:391.616 - 1.721ms returns FALSE
T1488 408:405.920 JLINK_IsHalted()
T1488 408:408.512 - 2.604ms returns FALSE
T1488 408:408.608 JLINK_IsHalted()
T1488 408:410.336 - 1.745ms returns FALSE
T537C 408:497.728 JLINK_IsHalted()
T537C 408:499.936 - 2.240ms returns FALSE
T537C 408:500.032 JLINK_IsHalted()
T537C 408:501.728 - 1.723ms returns FALSE
T537C 408:606.528 JLINK_IsHalted()
T537C 408:608.448 - 1.920ms returns FALSE
T537C 408:608.544 JLINK_IsHalted()
T537C 408:610.336 - 1.773ms returns FALSE
T537C 408:715.840 JLINK_IsHalted()
T537C 408:717.504 - 1.647ms returns FALSE
T537C 408:717.568 JLINK_IsHalted()
T537C 408:719.648 - 2.087ms returns FALSE
T537C 408:825.536 JLINK_IsHalted()
T537C 408:826.560 - 1.053ms returns FALSE
T537C 408:826.688 JLINK_IsHalted()
T537C 408:830.272 - 3.576ms returns FALSE
T537C 408:935.072 JLINK_IsHalted()
T537C 408:937.344 - 2.281ms returns FALSE
T537C 408:937.408 JLINK_IsHalted()
T537C 408:939.200 - 1.799ms returns FALSE
T537C 409:044.384 JLINK_IsHalted()
T537C 409:046.112 - 1.761ms returns FALSE
T537C 409:046.208 JLINK_IsHalted()
T537C 409:047.936 - 1.729ms returns FALSE
T537C 409:153.376 JLINK_IsHalted()
T537C 409:155.488 - 2.101ms returns FALSE
T537C 409:155.584 JLINK_IsHalted()
T537C 409:158.560 - 2.950ms returns FALSE
T537C 409:263.328 JLINK_IsHalted()
T537C 409:265.536 - 2.189ms returns FALSE
T537C 409:265.632 JLINK_IsHalted()
T537C 409:267.456 - 1.806ms returns FALSE
T537C 409:372.608 JLINK_IsHalted()
T537C 409:374.272 - 1.695ms returns FALSE
T537C 409:374.368 JLINK_IsHalted()
T537C 409:376.352 - 2.004ms returns FALSE
T1488 409:411.328 JLINK_IsHalted()
T1488 409:413.280 - 1.941ms returns FALSE
T1488 409:413.312 JLINK_IsHalted()
T1488 409:415.360 - 2.003ms returns FALSE
T537C 409:481.824 JLINK_IsHalted()
T537C 409:483.520 - 1.673ms returns FALSE
T537C 409:483.616 JLINK_IsHalted()
T537C 409:485.376 - 1.762ms returns FALSE
T537C 409:591.328 JLINK_IsHalted()
T537C 409:592.960 - 1.633ms returns FALSE
T537C 409:593.184 JLINK_IsHalted()
T537C 409:594.816 - 1.637ms returns FALSE
T537C 409:701.184 JLINK_IsHalted()
T537C 409:702.912 - 1.717ms returns FALSE
T537C 409:702.976 JLINK_IsHalted()
T537C 409:704.768 - 1.748ms returns FALSE
T537C 409:809.664 JLINK_IsHalted()
T537C 409:810.656 - 1.004ms returns FALSE
T537C 409:810.880 JLINK_IsHalted()
T537C 409:813.760 - 2.880ms returns FALSE
T537C 409:919.072 JLINK_IsHalted()
T537C 409:920.672 - 1.596ms returns FALSE
T537C 409:920.768 JLINK_IsHalted()
T537C 409:922.560 - 1.813ms returns FALSE
T537C 410:028.544 JLINK_IsHalted()
T537C 410:029.568 - 1.024ms returns FALSE
T537C 410:029.632 JLINK_IsHalted()
T537C 410:031.680 - 2.061ms returns FALSE
T537C 410:138.048 JLINK_IsHalted()
T537C 410:140.224 - 2.213ms returns FALSE
T537C 410:140.320 JLINK_IsHalted()
T537C 410:142.144 - 1.808ms returns FALSE
T537C 410:247.200 JLINK_IsHalted()
T537C 410:248.192 - 0.995ms returns FALSE
T537C 410:248.256 JLINK_IsHalted()
T537C 410:250.304 - 2.027ms returns FALSE
T537C 410:357.184 JLINK_IsHalted()
T537C 410:358.880 - 1.679ms returns FALSE
T537C 410:358.976 JLINK_IsHalted()
T537C 410:360.832 - 1.854ms returns FALSE
T1488 410:415.552 JLINK_IsHalted()
T1488 410:417.088 - 1.502ms returns FALSE
T1488 410:417.152 JLINK_IsHalted()
T1488 410:418.656 - 1.485ms returns FALSE
T537C 410:466.464 JLINK_IsHalted()
T537C 410:468.224 - 1.768ms returns FALSE
T537C 410:468.288 JLINK_IsHalted()
T537C 410:470.272 - 1.965ms returns FALSE
T537C 410:575.840 JLINK_IsHalted()
T537C 410:577.504 - 1.665ms returns FALSE
T537C 410:577.600 JLINK_IsHalted()
T537C 410:579.488 - 1.898ms returns FALSE
T537C 410:685.344 JLINK_IsHalted()
T537C 410:686.496 - 1.154ms returns FALSE
T537C 410:686.560 JLINK_IsHalted()
T537C 410:688.704 - 2.138ms returns FALSE
T537C 410:794.784 JLINK_IsHalted()
T537C 410:796.768 - 1.992ms returns FALSE
T537C 410:796.832 JLINK_IsHalted()
T537C 410:798.784 - 1.971ms returns FALSE
T537C 410:903.488 JLINK_IsHalted()
T537C 410:904.768 - 1.276ms returns FALSE
T537C 410:904.800 JLINK_IsHalted()
T537C 410:906.784 - 1.968ms returns FALSE
T537C 411:012.928 JLINK_IsHalted()
T537C 411:015.168 - 2.247ms returns FALSE
T537C 411:015.232 JLINK_IsHalted()
T537C 411:017.120 - 1.862ms returns FALSE
T537C 411:122.496 JLINK_IsHalted()
T537C 411:124.416 - 1.920ms returns FALSE
T537C 411:124.480 JLINK_IsHalted()
T537C 411:126.400 - 1.906ms returns FALSE
T537C 411:231.776 JLINK_IsHalted()
T537C 411:232.864 - 1.092ms returns FALSE
T537C 411:233.024 JLINK_IsHalted()
T537C 411:234.656 - 1.630ms returns FALSE
T537C 411:341.536 JLINK_IsHalted()
T537C 411:342.720 - 1.165ms returns FALSE
T537C 411:342.784 JLINK_IsHalted()
T537C 411:344.416 - 1.622ms returns FALSE
T1488 411:418.656 JLINK_IsHalted()
T1488 411:419.840 - 1.196ms returns FALSE
T1488 411:419.936 JLINK_IsHalted()
T1488 411:421.664 - 1.757ms returns FALSE
T537C 411:451.008 JLINK_IsHalted()
T537C 411:452.736 - 1.748ms returns FALSE
T537C 411:452.896 JLINK_IsHalted()
T537C 411:454.624 - 1.727ms returns FALSE
T537C 411:561.120 JLINK_IsHalted()
T537C 411:563.040 - 1.910ms returns FALSE
T537C 411:563.104 JLINK_IsHalted()
T537C 411:564.864 - 1.757ms returns FALSE
T537C 411:669.184 JLINK_IsHalted()
T537C 411:671.424 - 2.250ms returns FALSE
T537C 411:671.488 JLINK_IsHalted()
T537C 411:673.088 - 1.599ms returns FALSE
T537C 411:778.496 JLINK_IsHalted()
T537C 411:780.800 - 2.280ms returns FALSE
T537C 411:780.864 JLINK_IsHalted()
T537C 411:782.400 - 1.534ms returns FALSE
T537C 411:888.320 JLINK_IsHalted()
T537C 411:889.728 - 1.412ms returns FALSE
T537C 411:889.824 JLINK_IsHalted()
T537C 411:891.520 - 1.694ms returns FALSE
T537C 411:997.824 JLINK_IsHalted()
T537C 412:001.728 - 3.911ms returns FALSE
T537C 412:001.856 JLINK_IsHalted()
T537C 412:003.584 - 1.736ms returns FALSE
T537C 412:106.528 JLINK_IsHalted()
T537C 412:112.160 - 5.628ms returns FALSE
T537C 412:112.256 JLINK_IsHalted()
T537C 412:113.792 - 1.543ms returns FALSE
T537C 412:216.576 JLINK_IsHalted()
T537C 412:217.888 - 1.312ms returns FALSE
T537C 412:217.952 JLINK_IsHalted()
T537C 412:219.712 - 1.763ms returns FALSE
T537C 412:325.728 JLINK_IsHalted()
T537C 412:326.944 - 1.203ms returns FALSE
T537C 412:326.976 JLINK_IsHalted()
T537C 412:328.864 - 1.853ms returns FALSE
T1488 412:421.760 JLINK_IsHalted()
T1488 412:423.168 - 1.400ms returns FALSE
T1488 412:423.232 JLINK_IsHalted()
T1488 412:424.896 - 1.668ms returns FALSE
T537C 412:434.560 JLINK_IsHalted()
T537C 412:436.288 - 1.737ms returns FALSE
T537C 412:436.416 JLINK_IsHalted()
T537C 412:438.208 - 1.807ms returns FALSE
T537C 412:544.480 JLINK_IsHalted()
T537C 412:546.496 - 1.999ms returns FALSE
T537C 412:546.592 JLINK_IsHalted()
T537C 412:548.384 - 1.784ms returns FALSE
T537C 412:654.208 JLINK_IsHalted()
T537C 412:656.128 - 1.917ms returns FALSE
T537C 412:656.192 JLINK_IsHalted()
T537C 412:659.136 - 2.948ms returns FALSE
T537C 412:763.648 JLINK_IsHalted()
T537C 412:765.728 - 2.063ms returns FALSE
T537C 412:765.792 JLINK_IsHalted()
T537C 412:767.520 - 1.707ms returns FALSE
T537C 412:872.896 JLINK_IsHalted()
T537C 412:874.880 - 1.959ms returns FALSE
T537C 412:874.976 JLINK_IsHalted()
T537C 412:876.736 - 1.750ms returns FALSE
T537C 412:982.208 JLINK_IsHalted()
T537C 412:983.584 - 1.382ms returns FALSE
T537C 412:983.648 JLINK_IsHalted()
T537C 412:985.664 - 2.039ms returns FALSE
T537C 413:091.136 JLINK_IsHalted()
T537C 413:093.152 - 2.021ms returns FALSE
T537C 413:093.248 JLINK_IsHalted()
T537C 413:096.704 - 3.442ms returns FALSE
T537C 413:200.416 JLINK_IsHalted()
T537C 413:202.336 - 1.941ms returns FALSE
T537C 413:202.464 JLINK_IsHalted()
T537C 413:204.384 - 1.924ms returns FALSE
T537C 413:310.432 JLINK_IsHalted()
T537C 413:312.448 - 2.027ms returns FALSE
T537C 413:312.576 JLINK_IsHalted()
T537C 413:314.400 - 1.838ms returns FALSE
T537C 413:419.264 JLINK_IsHalted()
T537C 413:421.024 - 1.749ms returns FALSE
T537C 413:421.120 JLINK_IsHalted()
T537C 413:422.912 - 1.787ms returns FALSE
T1488 413:425.248 JLINK_IsHalted()
T1488 413:427.392 - 2.137ms returns FALSE
T1488 413:427.456 JLINK_IsHalted()
T1488 413:429.184 - 1.725ms returns FALSE
T537C 413:528.576 JLINK_IsHalted()
T537C 413:529.664 - 1.079ms returns FALSE
T537C 413:529.728 JLINK_IsHalted()
T537C 413:531.456 - 1.752ms returns FALSE
T537C 413:638.016 JLINK_IsHalted()
T537C 413:640.416 - 2.415ms returns FALSE
T537C 413:640.512 JLINK_IsHalted()
T537C 413:642.304 - 1.789ms returns FALSE
T537C 413:747.840 JLINK_IsHalted()
T537C 413:748.736 - 0.916ms returns FALSE
T537C 413:748.800 JLINK_IsHalted()
T537C 413:750.592 - 1.803ms returns FALSE
T537C 413:857.024 JLINK_IsHalted()
T537C 413:859.648 - 2.609ms returns FALSE
T537C 413:859.712 JLINK_IsHalted()
T537C 413:861.376 - 1.657ms returns FALSE
T537C 413:966.528 JLINK_IsHalted()
T537C 413:967.808 - 1.307ms returns FALSE
T537C 413:967.936 JLINK_IsHalted()
T537C 413:969.600 - 1.652ms returns FALSE
T537C 414:075.840 JLINK_IsHalted()
T537C 414:077.920 - 2.117ms returns FALSE
T537C 414:078.016 JLINK_IsHalted()
T537C 414:079.808 - 1.799ms returns FALSE
T537C 414:184.928 JLINK_IsHalted()
T537C 414:187.040 - 2.098ms returns FALSE
T537C 414:187.136 JLINK_IsHalted()
T537C 414:188.864 - 1.730ms returns FALSE
T537C 414:294.240 JLINK_IsHalted()
T537C 414:295.680 - 1.429ms returns FALSE
T537C 414:295.744 JLINK_IsHalted()
T537C 414:297.536 - 1.790ms returns FALSE
T537C 414:404.064 JLINK_IsHalted()
T537C 414:409.408 - 5.320ms returns FALSE
T537C 414:409.472 JLINK_IsHalted()
T537C 414:411.296 - 1.814ms returns FALSE
T1488 414:429.632 JLINK_IsHalted()
T1488 414:433.024 - 3.428ms returns FALSE
T1488 414:433.120 JLINK_IsHalted()
T1488 414:435.104 - 1.979ms returns FALSE
T537C 414:512.736 JLINK_IsHalted()
T537C 414:515.904 - 3.148ms returns FALSE
T537C 414:516.000 JLINK_IsHalted()
T537C 414:517.728 - 1.753ms returns FALSE
T537C 414:623.008 JLINK_IsHalted()
T537C 414:625.120 - 2.125ms returns FALSE
T537C 414:625.216 JLINK_IsHalted()
T537C 414:626.976 - 1.755ms returns FALSE
T537C 414:731.456 JLINK_IsHalted()
T537C 414:732.640 - 1.197ms returns FALSE
T537C 414:732.736 JLINK_IsHalted()
T537C 414:734.528 - 1.805ms returns FALSE
T537C 414:840.928 JLINK_IsHalted()
T537C 414:842.144 - 1.204ms returns FALSE
T537C 414:842.240 JLINK_IsHalted()
T537C 414:844.160 - 1.914ms returns FALSE
T537C 414:950.432 JLINK_IsHalted()
T537C 414:952.512 - 2.103ms returns FALSE
T537C 414:952.608 JLINK_IsHalted()
T537C 414:954.560 - 1.962ms returns FALSE
T537C 415:060.512 JLINK_IsHalted()
T537C 415:061.568 - 1.058ms returns FALSE
T537C 415:061.600 JLINK_IsHalted()
T537C 415:063.616 - 1.989ms returns FALSE
T537C 415:169.888 JLINK_IsHalted()
T537C 415:170.944 - 1.041ms returns FALSE
T537C 415:171.008 JLINK_IsHalted()
T537C 415:172.992 - 1.972ms returns FALSE
T537C 415:278.912 JLINK_IsHalted()
T537C 415:280.320 - 1.442ms returns FALSE
T537C 415:280.448 JLINK_IsHalted()
T537C 415:282.464 - 2.016ms returns FALSE
T537C 415:388.096 JLINK_IsHalted()
T537C 415:389.696 - 1.603ms returns FALSE
T537C 415:389.824 JLINK_IsHalted()
T537C 415:391.552 - 1.714ms returns FALSE
T1488 415:436.000 JLINK_IsHalted()
T1488 415:438.176 - 2.178ms returns FALSE
T1488 415:438.272 JLINK_IsHalted()
T1488 415:440.096 - 1.853ms returns FALSE
T537C 415:497.600 JLINK_IsHalted()
T537C 415:500.224 - 2.633ms returns FALSE
T537C 415:500.320 JLINK_IsHalted()
T537C 415:502.400 - 2.087ms returns FALSE
T537C 415:606.720 JLINK_IsHalted()
T537C 415:609.152 - 2.456ms returns FALSE
T537C 415:609.312 JLINK_IsHalted()
T537C 415:611.328 - 2.019ms returns FALSE
T537C 415:715.840 JLINK_IsHalted()
T537C 415:717.472 - 1.629ms returns FALSE
T537C 415:717.568 JLINK_IsHalted()
T537C 415:719.264 - 1.724ms returns FALSE
T537C 415:825.984 JLINK_IsHalted()
T537C 415:827.904 - 1.932ms returns FALSE
T537C 415:827.968 JLINK_IsHalted()
T537C 415:829.696 - 1.748ms returns FALSE
T537C 415:934.528 JLINK_IsHalted()
T537C 415:936.544 - 2.002ms returns FALSE
T537C 415:936.640 JLINK_IsHalted()
T537C 415:938.496 - 1.839ms returns FALSE
T537C 416:044.832 JLINK_IsHalted()
T537C 416:045.760 - 0.935ms returns FALSE
T537C 416:045.824 JLINK_IsHalted()
T537C 416:047.552 - 1.734ms returns FALSE
T537C 416:154.272 JLINK_IsHalted()
T537C 416:156.448 - 2.166ms returns FALSE
T537C 416:156.480 JLINK_IsHalted()
T537C 416:159.840 - 3.351ms returns FALSE
T537C 416:262.944 JLINK_IsHalted()
T537C 416:264.544 - 1.604ms returns FALSE
T537C 416:264.608 JLINK_IsHalted()
T537C 416:266.368 - 1.747ms returns FALSE
T537C 416:372.992 JLINK_IsHalted()
T537C 416:374.080 - 1.098ms returns FALSE
T537C 416:374.176 JLINK_IsHalted()
T537C 416:376.128 - 1.965ms returns FALSE
T1488 416:440.960 JLINK_IsHalted()
T1488 416:442.048 - 1.109ms returns FALSE
T1488 416:442.112 JLINK_IsHalted()
T1488 416:444.000 - 1.870ms returns FALSE
T537C 416:481.440 JLINK_IsHalted()
T537C 416:483.392 - 1.960ms returns FALSE
T537C 416:483.456 JLINK_IsHalted()
T537C 416:485.280 - 1.806ms returns FALSE
T537C 416:590.912 JLINK_IsHalted()
T537C 416:592.288 - 1.349ms returns FALSE
T537C 416:592.352 JLINK_IsHalted()
T537C 416:594.144 - 1.793ms returns FALSE
T537C 416:701.120 JLINK_IsHalted()
T537C 416:702.656 - 1.495ms returns FALSE
T537C 416:702.720 JLINK_IsHalted()
T537C 416:704.480 - 1.779ms returns FALSE
T537C 416:810.176 JLINK_IsHalted()
T537C 416:811.872 - 1.713ms returns FALSE
T537C 416:811.968 JLINK_IsHalted()
T537C 416:813.920 - 1.956ms returns FALSE
T537C 416:919.104 JLINK_IsHalted()
T537C 416:920.480 - 1.375ms returns FALSE
T537C 416:920.512 JLINK_IsHalted()
T537C 416:922.496 - 1.982ms returns FALSE
T537C 417:028.672 JLINK_IsHalted()
T537C 417:030.848 - 2.141ms returns FALSE
T537C 417:030.912 JLINK_IsHalted()
T537C 417:032.704 - 1.797ms returns FALSE
T537C 417:138.368 JLINK_IsHalted()
T537C 417:139.904 - 1.569ms returns FALSE
T537C 417:140.000 JLINK_IsHalted()
T537C 417:141.536 - 1.530ms returns FALSE
T537C 417:247.808 JLINK_IsHalted()
T537C 417:248.896 - 1.078ms returns FALSE
T537C 417:248.960 JLINK_IsHalted()
T537C 417:250.752 - 1.759ms returns FALSE
T537C 417:357.376 JLINK_IsHalted()
T537C 417:359.424 - 2.008ms returns FALSE
T537C 417:359.488 JLINK_IsHalted()
T537C 417:361.216 - 1.721ms returns FALSE
T1488 417:444.448 JLINK_IsHalted()
T1488 417:445.952 - 1.492ms returns FALSE
T1488 417:446.048 JLINK_IsHalted()
T1488 417:447.936 - 1.904ms returns FALSE
T537C 417:466.176 JLINK_IsHalted()
T537C 417:468.512 - 2.322ms returns FALSE
T537C 417:468.576 JLINK_IsHalted()
T537C 417:470.144 - 1.562ms returns FALSE
T537C 417:576.032 JLINK_IsHalted()
T537C 417:577.472 - 1.438ms returns FALSE
T537C 417:577.536 JLINK_IsHalted()
T537C 417:579.456 - 1.908ms returns FALSE
T537C 417:685.088 JLINK_IsHalted()
T537C 417:686.528 - 1.434ms returns FALSE
T537C 417:686.592 JLINK_IsHalted()
T537C 417:688.288 - 1.696ms returns FALSE
T537C 417:794.752 JLINK_IsHalted()
T537C 417:796.672 - 1.881ms returns FALSE
T537C 417:796.736 JLINK_IsHalted()
T537C 417:798.560 - 1.800ms returns FALSE
T537C 417:903.488 JLINK_IsHalted()
T537C 417:905.600 - 2.101ms returns FALSE
T537C 417:905.696 JLINK_IsHalted()
T537C 417:909.024 - 3.335ms returns FALSE
T537C 418:012.736 JLINK_IsHalted()
T537C 418:014.304 - 1.566ms returns FALSE
T537C 418:014.400 JLINK_IsHalted()
T537C 418:016.000 - 1.612ms returns FALSE
T537C 418:122.304 JLINK_IsHalted()
T537C 418:124.224 - 1.912ms returns FALSE
T537C 418:124.320 JLINK_IsHalted()
T537C 418:126.080 - 1.764ms returns FALSE
T537C 418:232.000 JLINK_IsHalted()
T537C 418:233.600 - 1.605ms returns FALSE
T537C 418:233.664 JLINK_IsHalted()
T537C 418:235.360 - 1.676ms returns FALSE
T537C 418:341.312 JLINK_IsHalted()
T537C 418:343.104 - 1.802ms returns FALSE
T537C 418:343.200 JLINK_IsHalted()
T537C 418:345.184 - 1.989ms returns FALSE
T1488 418:448.320 JLINK_IsHalted()
T1488 418:449.728 - 1.413ms returns FALSE
T1488 418:449.824 JLINK_IsHalted()
T1488 418:451.520 - 1.668ms returns FALSE
T537C 418:451.616 JLINK_IsHalted()
T537C 418:453.312 - 1.696ms returns FALSE
T537C 418:453.408 JLINK_IsHalted()
T537C 418:458.528 - 5.120ms returns FALSE
T537C 418:560.320 JLINK_IsHalted()
T537C 418:564.480 - 4.149ms returns FALSE
T537C 418:564.544 JLINK_IsHalted()
T537C 418:566.368 - 1.799ms returns FALSE
T537C 418:668.960 JLINK_IsHalted()
T537C 418:670.944 - 1.977ms returns FALSE
T537C 418:671.040 JLINK_IsHalted()
T537C 418:672.768 - 1.746ms returns FALSE
T537C 418:778.944 JLINK_IsHalted()
T537C 418:780.768 - 1.851ms returns FALSE
T537C 418:780.864 JLINK_IsHalted()
T537C 418:782.624 - 1.761ms returns FALSE
T537C 418:888.128 JLINK_IsHalted()
T537C 418:889.920 - 1.767ms returns FALSE
T537C 418:889.984 JLINK_IsHalted()
T537C 418:892.096 - 2.113ms returns FALSE
T537C 418:997.792 JLINK_IsHalted()
T537C 418:998.976 - 1.207ms returns FALSE
T537C 418:999.072 JLINK_IsHalted()
T537C 419:001.056 - 1.994ms returns FALSE
T537C 419:106.944 JLINK_IsHalted()
T537C 419:109.472 - 2.515ms returns FALSE
T537C 419:109.568 JLINK_IsHalted()
T537C 419:111.136 - 1.557ms returns FALSE
T537C 419:216.576 JLINK_IsHalted()
T537C 419:218.688 - 2.143ms returns FALSE
T537C 419:218.752 JLINK_IsHalted()
T537C 419:220.704 - 1.945ms returns FALSE
T537C 419:325.920 JLINK_IsHalted()
T537C 419:327.744 - 1.811ms returns FALSE
T537C 419:327.808 JLINK_IsHalted()
T537C 419:329.856 - 2.056ms returns FALSE
T537C 419:434.912 JLINK_IsHalted()
T537C 419:436.352 - 1.456ms returns FALSE
T537C 419:436.448 JLINK_IsHalted()
T537C 419:438.080 - 1.646ms returns FALSE
T1488 419:452.000 JLINK_IsHalted()
T1488 419:454.176 - 2.188ms returns FALSE
T1488 419:454.272 JLINK_IsHalted()
T1488 419:456.064 - 1.837ms returns FALSE
T537C 419:544.256 JLINK_IsHalted()
T537C 419:546.432 - 2.157ms returns FALSE
T537C 419:546.528 JLINK_IsHalted()
T537C 419:548.032 - 1.515ms returns FALSE
T537C 419:654.240 JLINK_IsHalted()
T537C 419:655.104 - 0.855ms returns FALSE
T537C 419:655.200 JLINK_IsHalted()
T537C 419:658.432 - 3.216ms returns FALSE
T537C 419:763.200 JLINK_IsHalted()
T537C 419:764.768 - 1.547ms returns FALSE
T537C 419:764.832 JLINK_IsHalted()
T537C 419:766.464 - 1.625ms returns FALSE
T537C 419:872.448 JLINK_IsHalted()
T537C 419:873.600 - 1.130ms returns FALSE
T537C 419:873.696 JLINK_IsHalted()
T537C 419:875.648 - 1.979ms returns FALSE
T537C 419:982.112 JLINK_IsHalted()
T537C 419:984.160 - 2.045ms returns FALSE
T537C 419:984.256 JLINK_IsHalted()
T537C 419:985.984 - 1.758ms returns FALSE
T537C 420:091.552 JLINK_IsHalted()
T537C 420:093.568 - 2.025ms returns FALSE
T537C 420:093.632 JLINK_IsHalted()
T537C 420:095.552 - 1.911ms returns FALSE
T537C 420:200.352 JLINK_IsHalted()
T537C 420:202.656 - 2.321ms returns FALSE
T537C 420:202.784 JLINK_IsHalted()
T537C 420:204.576 - 1.779ms returns FALSE
T537C 420:309.728 JLINK_IsHalted()
T537C 420:312.064 - 2.308ms returns FALSE
T537C 420:312.128 JLINK_IsHalted()
T537C 420:314.112 - 1.983ms returns FALSE
T537C 420:419.392 JLINK_IsHalted()
T537C 420:420.800 - 1.425ms returns FALSE
T537C 420:420.864 JLINK_IsHalted()
T537C 420:422.816 - 1.949ms returns FALSE
T1488 420:456.704 JLINK_IsHalted()
T1488 420:458.816 - 2.080ms returns FALSE
T1488 420:458.848 JLINK_IsHalted()
T1488 420:460.640 - 1.787ms returns FALSE
T537C 420:528.672 JLINK_IsHalted()
T537C 420:530.208 - 1.542ms returns FALSE
T537C 420:530.272 JLINK_IsHalted()
T537C 420:531.968 - 1.707ms returns FALSE
T537C 420:638.400 JLINK_IsHalted()
T537C 420:640.032 - 1.632ms returns FALSE
T537C 420:640.096 JLINK_IsHalted()
T537C 420:641.952 - 1.841ms returns FALSE
T537C 420:747.808 JLINK_IsHalted()
T537C 420:748.992 - 1.189ms returns FALSE
T537C 420:749.056 JLINK_IsHalted()
T537C 420:751.168 - 2.076ms returns FALSE
T537C 420:856.864 JLINK_IsHalted()
T537C 420:861.696 - 4.834ms returns FALSE
T537C 420:861.760 JLINK_IsHalted()
T537C 420:863.552 - 1.792ms returns FALSE
T537C 420:966.112 JLINK_IsHalted()
T537C 420:968.224 - 2.114ms returns FALSE
T537C 420:968.320 JLINK_IsHalted()
T537C 420:970.112 - 1.800ms returns FALSE
T537C 421:075.392 JLINK_IsHalted()
T537C 421:076.352 - 0.950ms returns FALSE
T537C 421:076.416 JLINK_IsHalted()
T537C 421:078.240 - 1.829ms returns FALSE
T537C 421:184.832 JLINK_IsHalted()
T537C 421:186.976 - 2.147ms returns FALSE
T537C 421:187.040 JLINK_IsHalted()
T537C 421:188.736 - 1.697ms returns FALSE
T537C 421:294.880 JLINK_IsHalted()
T537C 421:295.712 - 0.841ms returns FALSE
T537C 421:295.776 JLINK_IsHalted()
T537C 421:297.664 - 1.900ms returns FALSE
T537C 421:404.096 JLINK_IsHalted()
T537C 421:405.920 - 1.816ms returns FALSE
T537C 421:406.016 JLINK_IsHalted()
T537C 421:409.152 - 3.144ms returns FALSE
T1488 421:461.248 JLINK_IsHalted()
T1488 421:462.688 - 1.447ms returns FALSE
T1488 421:462.752 JLINK_IsHalted()
T1488 421:464.384 - 1.613ms returns FALSE
T537C 421:513.280 JLINK_IsHalted()
T537C 421:514.976 - 1.682ms returns FALSE
T537C 421:515.040 JLINK_IsHalted()
T537C 421:516.608 - 1.583ms returns FALSE
T537C 421:622.336 JLINK_IsHalted()
T537C 421:624.288 - 1.936ms returns FALSE
T537C 421:624.384 JLINK_IsHalted()
T537C 421:626.208 - 1.837ms returns FALSE
T537C 421:731.680 JLINK_IsHalted()
T537C 421:735.296 - 3.628ms returns FALSE
T537C 421:735.392 JLINK_IsHalted()
T537C 421:736.928 - 1.551ms returns FALSE
T537C 421:840.928 JLINK_IsHalted()
T537C 421:842.944 - 2.009ms returns FALSE
T537C 421:843.008 JLINK_IsHalted()
T537C 421:844.736 - 1.741ms returns FALSE
T537C 421:950.720 JLINK_IsHalted()
T537C 421:952.640 - 1.904ms returns FALSE
T537C 421:952.704 JLINK_IsHalted()
T537C 421:954.496 - 1.766ms returns FALSE
T537C 422:060.384 JLINK_IsHalted()
T537C 422:061.664 - 1.293ms returns FALSE
T537C 422:061.760 JLINK_IsHalted()
T537C 422:063.488 - 1.732ms returns FALSE
T537C 422:169.408 JLINK_IsHalted()
T537C 422:171.520 - 2.121ms returns FALSE
T537C 422:171.584 JLINK_IsHalted()
T537C 422:173.504 - 1.919ms returns FALSE
T537C 422:278.912 JLINK_IsHalted()
T537C 422:280.800 - 1.889ms returns FALSE
T537C 422:280.896 JLINK_IsHalted()
T537C 422:282.624 - 1.739ms returns FALSE
T537C 422:388.128 JLINK_IsHalted()
T537C 422:389.408 - 1.262ms returns FALSE
T537C 422:389.504 JLINK_IsHalted()
T537C 422:391.296 - 1.801ms returns FALSE
T1488 422:464.448 JLINK_IsHalted()
T1488 422:466.176 - 1.697ms returns FALSE
T1488 422:466.240 JLINK_IsHalted()
T1488 422:468.160 - 1.897ms returns FALSE
T537C 422:497.216 JLINK_IsHalted()
T537C 422:498.880 - 1.661ms returns FALSE
T537C 422:498.976 JLINK_IsHalted()
T537C 422:500.704 - 1.726ms returns FALSE
T537C 422:606.912 JLINK_IsHalted()
T537C 422:609.600 - 2.707ms returns FALSE
T537C 422:609.728 JLINK_IsHalted()
T537C 422:611.456 - 1.740ms returns FALSE
T537C 422:716.224 JLINK_IsHalted()
T537C 422:717.664 - 1.474ms returns FALSE
T537C 422:717.760 JLINK_IsHalted()
T537C 422:719.520 - 1.765ms returns FALSE
T537C 422:825.952 JLINK_IsHalted()
T537C 422:827.584 - 1.634ms returns FALSE
T537C 422:827.680 JLINK_IsHalted()
T537C 422:829.664 - 1.978ms returns FALSE
T537C 422:935.392 JLINK_IsHalted()
T537C 422:936.992 - 1.580ms returns FALSE
T537C 422:937.056 JLINK_IsHalted()
T537C 422:938.944 - 1.876ms returns FALSE
T537C 423:044.928 JLINK_IsHalted()
T537C 423:047.040 - 2.127ms returns FALSE
T537C 423:047.104 JLINK_IsHalted()
T537C 423:049.024 - 1.894ms returns FALSE
T537C 423:153.728 JLINK_IsHalted()
T537C 423:155.680 - 1.937ms returns FALSE
T537C 423:155.776 JLINK_IsHalted()
T537C 423:161.888 - 6.110ms returns FALSE
T537C 423:263.040 JLINK_IsHalted()
T537C 423:265.216 - 2.150ms returns FALSE
T537C 423:265.344 JLINK_IsHalted()
T537C 423:267.008 - 1.706ms returns FALSE
T537C 423:372.128 JLINK_IsHalted()
T537C 423:373.248 - 1.116ms returns FALSE
T537C 423:373.344 JLINK_IsHalted()
T537C 423:374.912 - 1.586ms returns FALSE
T1488 423:468.992 JLINK_IsHalted()
T1488 423:470.912 - 1.897ms returns FALSE
T1488 423:471.008 JLINK_IsHalted()
T1488 423:472.736 - 1.763ms returns FALSE
T537C 423:481.760 JLINK_IsHalted()
T537C 423:482.816 - 1.075ms returns FALSE
T537C 423:482.912 JLINK_IsHalted()
T537C 423:484.864 - 1.946ms returns FALSE
T537C 423:590.976 JLINK_IsHalted()
T537C 423:592.928 - 1.939ms returns FALSE
T537C 423:593.024 JLINK_IsHalted()
T537C 423:594.816 - 1.800ms returns FALSE
T537C 423:700.416 JLINK_IsHalted()
T537C 423:704.192 - 3.779ms returns FALSE
T537C 423:704.288 JLINK_IsHalted()
T537C 423:706.080 - 1.797ms returns FALSE
T537C 423:810.496 JLINK_IsHalted()
T537C 423:812.512 - 2.021ms returns FALSE
T537C 423:812.576 JLINK_IsHalted()
T537C 423:814.048 - 1.460ms returns FALSE
T537C 423:919.968 JLINK_IsHalted()
T537C 423:921.536 - 1.552ms returns FALSE
T537C 423:921.600 JLINK_IsHalted()
T537C 423:923.104 - 1.495ms returns FALSE
T537C 424:029.184 JLINK_IsHalted()
T537C 424:030.816 - 1.633ms returns FALSE
T537C 424:030.912 JLINK_IsHalted()
T537C 424:032.704 - 1.778ms returns FALSE
T537C 424:138.560 JLINK_IsHalted()
T537C 424:139.520 - 0.939ms returns FALSE
T537C 424:139.584 JLINK_IsHalted()
T537C 424:141.440 - 1.852ms returns FALSE
T537C 424:247.680 JLINK_IsHalted()
T537C 424:249.728 - 2.048ms returns FALSE
T537C 424:249.856 JLINK_IsHalted()
T537C 424:251.616 - 1.767ms returns FALSE
T537C 424:356.928 JLINK_IsHalted()
T537C 424:358.976 - 2.045ms returns FALSE
T537C 424:359.072 JLINK_IsHalted()
T537C 424:360.640 - 1.579ms returns FALSE
T537C 424:466.368 JLINK_IsHalted()
T537C 424:467.648 - 1.234ms returns FALSE
T537C 424:467.744 JLINK_IsHalted()
T537C 424:469.504 - 1.775ms returns FALSE
T1488 424:473.536 JLINK_IsHalted()
T1488 424:475.392 - 1.867ms returns FALSE
T1488 424:475.488 JLINK_IsHalted()
T1488 424:477.408 - 1.917ms returns FALSE
T537C 424:576.128 JLINK_IsHalted()
T537C 424:577.856 - 1.720ms returns FALSE
T537C 424:577.984 JLINK_IsHalted()
T537C 424:579.776 - 1.787ms returns FALSE
T537C 424:684.832 JLINK_IsHalted()
T537C 424:686.880 - 2.041ms returns FALSE
T537C 424:686.976 JLINK_IsHalted()
T537C 424:688.832 - 1.843ms returns FALSE
T537C 424:794.048 JLINK_IsHalted()
T537C 424:796.032 - 1.993ms returns FALSE
T537C 424:796.128 JLINK_IsHalted()
T537C 424:797.632 - 1.521ms returns FALSE
T537C 424:903.712 JLINK_IsHalted()
T537C 424:906.048 - 2.353ms returns FALSE
T537C 424:906.144 JLINK_IsHalted()
T537C 424:912.832 - 6.681ms returns FALSE
T537C 425:013.312 JLINK_IsHalted()
T537C 425:014.784 - 1.469ms returns FALSE
T537C 425:014.848 JLINK_IsHalted()
T537C 425:016.608 - 1.758ms returns FALSE
T537C 425:122.368 JLINK_IsHalted()
T537C 425:124.032 - 1.654ms returns FALSE
T537C 425:124.160 JLINK_IsHalted()
T537C 425:125.664 - 1.516ms returns FALSE
T537C 425:232.096 JLINK_IsHalted()
T537C 425:233.696 - 1.578ms returns FALSE
T537C 425:233.760 JLINK_IsHalted()
T537C 425:235.264 - 1.516ms returns FALSE
T537C 425:341.536 JLINK_IsHalted()
T537C 425:342.400 - 0.865ms returns FALSE
T537C 425:342.496 JLINK_IsHalted()
T537C 425:344.256 - 1.784ms returns FALSE
T537C 425:450.592 JLINK_IsHalted()
T537C 425:451.776 - 1.161ms returns FALSE
T537C 425:451.840 JLINK_IsHalted()
T537C 425:453.824 - 1.967ms returns FALSE
T1488 425:477.792 JLINK_IsHalted()
T1488 425:479.264 - 1.496ms returns FALSE
T1488 425:479.360 JLINK_IsHalted()
T1488 425:481.152 - 1.763ms returns FALSE
T537C 425:559.936 JLINK_IsHalted()
T537C 425:562.016 - 2.085ms returns FALSE
T537C 425:562.080 JLINK_IsHalted()
T537C 425:563.616 - 1.514ms returns FALSE
T537C 425:669.056 JLINK_IsHalted()
T537C 425:670.848 - 1.781ms returns FALSE
T537C 425:670.912 JLINK_IsHalted()
T537C 425:672.704 - 1.783ms returns FALSE
T537C 425:778.944 JLINK_IsHalted()
T537C 425:780.704 - 1.771ms returns FALSE
T537C 425:780.800 JLINK_IsHalted()
T537C 425:782.848 - 2.037ms returns FALSE
T537C 425:888.384 JLINK_IsHalted()
T537C 425:890.048 - 1.653ms returns FALSE
T537C 425:890.112 JLINK_IsHalted()
T537C 425:891.648 - 1.519ms returns FALSE
T537C 425:998.112 JLINK_IsHalted()
T537C 426:000.128 - 2.025ms returns FALSE
T537C 426:000.192 JLINK_IsHalted()
T537C 426:002.144 - 1.941ms returns FALSE
T537C 426:107.136 JLINK_IsHalted()
T537C 426:108.160 - 1.023ms returns FALSE
T537C 426:108.256 JLINK_IsHalted()
T537C 426:110.144 - 1.861ms returns FALSE
T537C 426:216.480 JLINK_IsHalted()
T537C 426:218.048 - 1.571ms returns FALSE
T537C 426:218.144 JLINK_IsHalted()
T537C 426:219.840 - 1.710ms returns FALSE
T537C 426:325.664 JLINK_IsHalted()
T537C 426:326.912 - 1.262ms returns FALSE
T537C 426:326.976 JLINK_IsHalted()
T537C 426:329.120 - 2.126ms returns FALSE
T537C 426:434.816 JLINK_IsHalted()
T537C 426:436.128 - 1.293ms returns FALSE
T537C 426:436.224 JLINK_IsHalted()
T537C 426:438.208 - 2.001ms returns FALSE
T1488 426:481.216 JLINK_IsHalted()
T1488 426:482.240 - 1.067ms returns FALSE
T1488 426:482.368 JLINK_IsHalted()
T1488 426:484.256 - 1.874ms returns FALSE
T537C 426:544.096 JLINK_IsHalted()
T537C 426:545.568 - 1.465ms returns FALSE
T537C 426:545.632 JLINK_IsHalted()
T537C 426:547.392 - 1.764ms returns FALSE
T537C 426:653.792 JLINK_IsHalted()
T537C 426:654.592 - 0.785ms returns FALSE
T537C 426:654.656 JLINK_IsHalted()
T537C 426:657.216 - 2.558ms returns FALSE
T537C 426:762.816 JLINK_IsHalted()
T537C 426:765.152 - 2.330ms returns FALSE
T537C 426:765.216 JLINK_IsHalted()
T537C 426:767.040 - 1.806ms returns FALSE
T537C 426:872.256 JLINK_IsHalted()
T537C 426:873.856 - 1.569ms returns FALSE
T537C 426:873.920 JLINK_IsHalted()
T537C 426:875.680 - 1.716ms returns FALSE
T537C 426:981.600 JLINK_IsHalted()
T537C 426:983.296 - 1.689ms returns FALSE
T537C 426:983.360 JLINK_IsHalted()
T537C 426:985.152 - 1.781ms returns FALSE
T537C 427:091.008 JLINK_IsHalted()
T537C 427:092.224 - 1.245ms returns FALSE
T537C 427:092.288 JLINK_IsHalted()
T537C 427:094.112 - 1.821ms returns FALSE
T537C 427:200.864 JLINK_IsHalted()
T537C 427:202.688 - 1.832ms returns FALSE
T537C 427:202.784 JLINK_IsHalted()
T537C 427:204.352 - 1.569ms returns FALSE
T537C 427:310.144 JLINK_IsHalted()
T537C 427:312.192 - 2.039ms returns FALSE
T537C 427:312.256 JLINK_IsHalted()
T537C 427:314.144 - 1.891ms returns FALSE
T537C 427:419.744 JLINK_IsHalted()
T537C 427:421.664 - 1.919ms returns FALSE
T537C 427:421.824 JLINK_IsHalted()
T537C 427:423.648 - 1.838ms returns FALSE
T1488 427:484.608 JLINK_IsHalted()
T1488 427:486.368 - 1.765ms returns FALSE
T1488 427:486.432 JLINK_IsHalted()
T1488 427:488.320 - 1.854ms returns FALSE
T537C 427:528.768 JLINK_IsHalted()
T537C 427:530.048 - 1.288ms returns FALSE
T537C 427:530.176 JLINK_IsHalted()
T537C 427:532.000 - 1.822ms returns FALSE
T537C 427:637.824 JLINK_IsHalted()
T537C 427:639.104 - 1.265ms returns FALSE
T537C 427:639.200 JLINK_IsHalted()
T537C 427:641.184 - 2.014ms returns FALSE
T537C 427:747.776 JLINK_IsHalted()
T537C 427:749.888 - 2.102ms returns FALSE
T537C 427:749.952 JLINK_IsHalted()
T537C 427:751.680 - 1.742ms returns FALSE
T537C 427:856.928 JLINK_IsHalted()
T537C 427:858.944 - 2.043ms returns FALSE
T537C 427:859.008 JLINK_IsHalted()
T537C 427:860.864 - 1.832ms returns FALSE
T537C 427:966.144 JLINK_IsHalted()
T537C 427:968.448 - 2.337ms returns FALSE
T537C 427:968.544 JLINK_IsHalted()
T537C 427:970.368 - 1.820ms returns FALSE
T537C 428:075.936 JLINK_IsHalted()
T537C 428:077.600 - 1.666ms returns FALSE
T537C 428:077.664 JLINK_IsHalted()
T537C 428:079.488 - 1.833ms returns FALSE
T537C 428:184.736 JLINK_IsHalted()
T537C 428:186.752 - 2.020ms returns FALSE
T537C 428:186.816 JLINK_IsHalted()
T537C 428:188.736 - 1.900ms returns FALSE
T537C 428:294.048 JLINK_IsHalted()
T537C 428:297.280 - 3.253ms returns FALSE
T537C 428:297.376 JLINK_IsHalted()
T537C 428:299.072 - 1.735ms returns FALSE
T537C 428:404.096 JLINK_IsHalted()
T537C 428:405.856 - 1.762ms returns FALSE
T537C 428:405.920 JLINK_IsHalted()
T537C 428:409.216 - 3.299ms returns FALSE
T1488 428:489.536 JLINK_IsHalted()
T1488 428:491.488 - 1.974ms returns FALSE
T1488 428:491.584 JLINK_IsHalted()
T1488 428:493.376 - 1.781ms returns FALSE
T537C 428:513.472 JLINK_IsHalted()
T537C 428:515.296 - 1.849ms returns FALSE
T537C 428:515.392 JLINK_IsHalted()
T537C 428:517.216 - 1.842ms returns FALSE
T537C 428:622.528 JLINK_IsHalted()
T537C 428:623.680 - 1.142ms returns FALSE
T537C 428:623.776 JLINK_IsHalted()
T537C 428:625.600 - 1.841ms returns FALSE
T537C 428:732.096 JLINK_IsHalted()
T537C 428:733.984 - 1.853ms returns FALSE
T537C 428:734.080 JLINK_IsHalted()
T537C 428:735.584 - 1.511ms returns FALSE
T537C 428:840.800 JLINK_IsHalted()
T537C 428:842.656 - 1.850ms returns FALSE
T537C 428:842.720 JLINK_IsHalted()
T537C 428:844.640 - 1.900ms returns FALSE
T537C 428:951.040 JLINK_IsHalted()
T537C 428:953.376 - 2.311ms returns FALSE
T537C 428:953.408 JLINK_IsHalted()
T537C 428:955.168 - 1.738ms returns FALSE
T537C 429:060.640 JLINK_IsHalted()
T537C 429:062.336 - 1.691ms returns FALSE
T537C 429:062.368 JLINK_IsHalted()
T537C 429:064.032 - 1.673ms returns FALSE
T537C 429:169.664 JLINK_IsHalted()
T537C 429:171.488 - 1.824ms returns FALSE
T537C 429:171.552 JLINK_IsHalted()
T537C 429:173.248 - 1.699ms returns FALSE
T537C 429:278.688 JLINK_IsHalted()
T537C 429:279.712 - 1.036ms returns FALSE
T537C 429:279.808 JLINK_IsHalted()
T537C 429:281.600 - 1.789ms returns FALSE
T537C 429:388.512 JLINK_IsHalted()
T537C 429:391.424 - 2.918ms returns FALSE
T537C 429:391.520 JLINK_IsHalted()
T537C 429:393.088 - 1.586ms returns FALSE
T1488 429:493.472 JLINK_IsHalted()
T1488 429:494.848 - 1.357ms returns FALSE
T1488 429:494.880 JLINK_IsHalted()
T1488 429:496.736 - 1.832ms returns FALSE
T537C 429:497.440 JLINK_IsHalted()
T537C 429:498.560 - 1.124ms returns FALSE
T537C 429:498.624 JLINK_IsHalted()
T537C 429:500.480 - 1.829ms returns FALSE
T537C 429:606.464 JLINK_IsHalted()
T537C 429:608.448 - 2.019ms returns FALSE
T537C 429:609.984 JLINK_IsHalted()
T537C 429:611.584 - 1.581ms returns FALSE
T537C 429:716.672 JLINK_IsHalted()
T537C 429:717.600 - 0.943ms returns FALSE
T537C 429:717.664 JLINK_IsHalted()
T537C 429:719.456 - 1.780ms returns FALSE
T537C 429:825.888 JLINK_IsHalted()
T537C 429:827.936 - 2.054ms returns FALSE
T537C 429:828.000 JLINK_IsHalted()
T537C 429:829.888 - 1.890ms returns FALSE
T537C 429:935.200 JLINK_IsHalted()
T537C 429:937.088 - 1.930ms returns FALSE
T537C 429:937.216 JLINK_IsHalted()
T537C 429:939.104 - 1.871ms returns FALSE
T537C 430:044.608 JLINK_IsHalted()
T537C 430:046.400 - 1.800ms returns FALSE
T537C 430:046.528 JLINK_IsHalted()
T537C 430:048.320 - 1.744ms returns FALSE
T537C 430:154.080 JLINK_IsHalted()
T537C 430:155.968 - 1.891ms returns FALSE
T537C 430:156.096 JLINK_IsHalted()
T537C 430:159.264 - 3.152ms returns FALSE
T537C 430:263.296 JLINK_IsHalted()
T537C 430:265.344 - 2.019ms returns FALSE
T537C 430:265.408 JLINK_IsHalted()
T537C 430:267.136 - 1.715ms returns FALSE
T537C 430:372.256 JLINK_IsHalted()
T537C 430:373.312 - 1.088ms returns FALSE
T537C 430:373.376 JLINK_IsHalted()
T537C 430:375.008 - 1.619ms returns FALSE
T537C 430:481.504 JLINK_IsHalted()
T537C 430:482.848 - 1.312ms returns FALSE
T537C 430:482.880 JLINK_IsHalted()
T537C 430:484.672 - 1.799ms returns FALSE
T1488 430:497.600 JLINK_IsHalted()
T1488 430:499.776 - 2.196ms returns FALSE
T1488 430:499.904 JLINK_IsHalted()
T1488 430:503.104 - 3.242ms returns FALSE
T537C 430:592.192 JLINK_IsHalted()
T537C 430:593.888 - 1.685ms returns FALSE
T537C 430:593.952 JLINK_IsHalted()
T537C 430:595.744 - 1.764ms returns FALSE
T537C 430:700.352 JLINK_IsHalted()
T537C 430:701.920 - 1.572ms returns FALSE
T537C 430:701.984 JLINK_IsHalted()
T537C 430:703.808 - 1.819ms returns FALSE
T537C 430:809.856 JLINK_IsHalted()
T537C 430:811.328 - 1.510ms returns FALSE
T537C 430:811.456 JLINK_IsHalted()
T537C 430:813.248 - 1.797ms returns FALSE
T537C 430:919.360 JLINK_IsHalted()
T537C 430:922.048 - 2.689ms returns FALSE
T537C 430:922.144 JLINK_IsHalted()
T537C 430:923.968 - 1.848ms returns FALSE
T537C 431:028.320 JLINK_IsHalted()
T537C 431:030.336 - 1.983ms returns FALSE
T537C 431:030.368 JLINK_IsHalted()
T537C 431:031.904 - 1.508ms returns FALSE
T537C 431:138.048 JLINK_IsHalted()
T537C 431:139.008 - 0.940ms returns FALSE
T537C 431:139.072 JLINK_IsHalted()
T537C 431:140.928 - 1.825ms returns FALSE
T537C 431:247.360 JLINK_IsHalted()
T537C 431:250.848 - 3.464ms returns FALSE
T537C 431:250.880 JLINK_IsHalted()
T537C 431:252.832 - 1.922ms returns FALSE
T537C 431:357.184 JLINK_IsHalted()
T537C 431:358.720 - 1.516ms returns FALSE
T537C 431:358.784 JLINK_IsHalted()
T537C 431:360.512 - 1.753ms returns FALSE
T537C 431:466.592 JLINK_IsHalted()
T537C 431:468.960 - 2.317ms returns FALSE
T537C 431:468.992 JLINK_IsHalted()
T537C 431:470.432 - 1.455ms returns FALSE
T1488 431:504.224 JLINK_IsHalted()
T1488 431:506.272 - 2.019ms returns FALSE
T1488 431:506.368 JLINK_IsHalted()
T1488 431:509.440 - 3.066ms returns FALSE
T537C 431:575.712 JLINK_IsHalted()
T537C 431:577.408 - 1.689ms returns FALSE
T537C 431:577.440 JLINK_IsHalted()
T537C 431:579.328 - 1.882ms returns FALSE
T537C 431:685.536 JLINK_IsHalted()
T537C 431:687.328 - 1.816ms returns FALSE
T537C 431:687.424 JLINK_IsHalted()
T537C 431:689.216 - 1.828ms returns FALSE
T537C 431:794.432 JLINK_IsHalted()
T537C 431:798.176 - 3.762ms returns FALSE
T537C 431:798.336 JLINK_IsHalted()
T537C 431:799.904 - 1.593ms returns FALSE
T537C 431:903.424 JLINK_IsHalted()
T537C 431:905.120 - 1.682ms returns FALSE
T537C 431:905.184 JLINK_IsHalted()
T537C 431:913.280 - 8.058ms returns FALSE
T537C 432:012.960 JLINK_IsHalted()
T537C 432:014.944 - 2.006ms returns FALSE
T537C 432:015.040 JLINK_IsHalted()
T537C 432:020.160 - 5.120ms returns FALSE
T537C 432:122.272 JLINK_IsHalted()
T537C 432:124.320 - 2.035ms returns FALSE
T537C 432:124.416 JLINK_IsHalted()
T537C 432:126.112 - 1.683ms returns FALSE
T537C 432:231.488 JLINK_IsHalted()
T537C 432:235.328 - 3.837ms returns FALSE
T537C 432:235.424 JLINK_IsHalted()
T537C 432:237.248 - 1.821ms returns FALSE
T537C 432:341.312 JLINK_IsHalted()
T537C 432:344.992 - 3.652ms returns FALSE
T537C 432:345.024 JLINK_IsHalted()
T537C 432:346.880 - 1.839ms returns FALSE
T537C 432:450.720 JLINK_IsHalted()
T537C 432:452.704 - 2.016ms returns FALSE
T537C 432:452.800 JLINK_IsHalted()
T537C 432:454.496 - 1.707ms returns FALSE
T1488 432:510.272 JLINK_IsHalted()
T1488 432:512.832 - 2.549ms returns FALSE
T1488 432:512.928 JLINK_IsHalted()
T1488 432:514.400 - 1.504ms returns FALSE
T537C 432:560.064 JLINK_IsHalted()
T537C 432:562.688 - 2.606ms returns FALSE
T537C 432:562.752 JLINK_IsHalted()
T537C 432:564.576 - 1.806ms returns FALSE
T537C 432:668.992 JLINK_IsHalted()
T537C 432:670.208 - 1.196ms returns FALSE
T537C 432:670.272 JLINK_IsHalted()
T537C 432:671.936 - 1.679ms returns FALSE
T537C 432:779.328 JLINK_IsHalted()
T537C 432:782.272 - 2.991ms returns FALSE
T537C 432:782.336 JLINK_IsHalted()
T537C 432:784.128 - 1.808ms returns FALSE
T537C 432:888.000 JLINK_IsHalted()
T537C 432:890.208 - 2.175ms returns FALSE
T537C 432:890.272 JLINK_IsHalted()
T537C 432:891.904 - 1.632ms returns FALSE
T537C 432:997.952 JLINK_IsHalted()
T537C 432:999.104 - 1.167ms returns FALSE
T537C 432:999.232 JLINK_IsHalted()
T537C 433:000.864 - 1.639ms returns FALSE
T537C 433:106.784 JLINK_IsHalted()
T537C 433:108.544 - 1.701ms returns FALSE
T537C 433:108.640 JLINK_IsHalted()
T537C 433:110.176 - 1.588ms returns FALSE
T537C 433:216.608 JLINK_IsHalted()
T537C 433:217.632 - 1.015ms returns FALSE
T537C 433:217.728 JLINK_IsHalted()
T537C 433:219.744 - 2.017ms returns FALSE
T537C 433:326.336 JLINK_IsHalted()
T537C 433:328.064 - 1.730ms returns FALSE
T537C 433:328.128 JLINK_IsHalted()
T537C 433:329.728 - 1.548ms returns FALSE
T537C 433:434.624 JLINK_IsHalted()
T537C 433:435.648 - 1.021ms returns FALSE
T537C 433:435.712 JLINK_IsHalted()
T537C 433:437.504 - 1.765ms returns FALSE
T1488 433:516.480 JLINK_IsHalted()
T1488 433:518.432 - 1.977ms returns FALSE
T1488 433:518.592 JLINK_IsHalted()
T1488 433:520.224 - 1.634ms returns FALSE
T537C 433:544.544 JLINK_IsHalted()
T537C 433:548.384 - 3.864ms returns FALSE
T537C 433:548.480 JLINK_IsHalted()
T537C 433:550.144 - 1.662ms returns FALSE
T537C 433:654.112 JLINK_IsHalted()
T537C 433:656.128 - 1.988ms returns FALSE
T537C 433:656.224 JLINK_IsHalted()
T537C 433:659.392 - 3.186ms returns FALSE
T537C 433:763.392 JLINK_IsHalted()
T537C 433:765.536 - 2.122ms returns FALSE
T537C 433:765.632 JLINK_IsHalted()
T537C 433:767.424 - 1.811ms returns FALSE
T537C 433:872.896 JLINK_IsHalted()
T537C 433:875.008 - 2.086ms returns FALSE
T537C 433:875.104 JLINK_IsHalted()
T537C 433:876.800 - 1.697ms returns FALSE
T537C 433:981.792 JLINK_IsHalted()
T537C 433:983.648 - 1.813ms returns FALSE
T537C 433:983.680 JLINK_IsHalted()
T537C 433:985.472 - 1.773ms returns FALSE
T537C 434:091.456 JLINK_IsHalted()
T537C 434:093.568 - 2.090ms returns FALSE
T537C 434:093.632 JLINK_IsHalted()
T537C 434:095.104 - 1.479ms returns FALSE
T537C 434:201.152 JLINK_IsHalted()
T537C 434:203.968 - 2.828ms returns FALSE
T537C 434:204.000 JLINK_IsHalted()
T537C 434:205.856 - 1.840ms returns FALSE
T537C 434:310.080 JLINK_IsHalted()
T537C 434:312.192 - 2.102ms returns FALSE
T537C 434:312.288 JLINK_IsHalted()
T537C 434:314.304 - 1.997ms returns FALSE
T537C 434:419.360 JLINK_IsHalted()
T537C 434:421.088 - 1.740ms returns FALSE
T537C 434:421.152 JLINK_IsHalted()
T537C 434:423.200 - 2.043ms returns FALSE
T1488 434:521.248 JLINK_IsHalted()
T1488 434:522.176 - 0.928ms returns FALSE
T1488 434:522.208 JLINK_IsHalted()
T1488 434:524.096 - 1.870ms returns FALSE
T537C 434:529.216 JLINK_IsHalted()
T537C 434:530.208 - 0.969ms returns FALSE
T537C 434:530.240 JLINK_IsHalted()
T537C 434:532.160 - 1.876ms returns FALSE
T537C 434:638.144 JLINK_IsHalted()
T537C 434:640.128 - 1.982ms returns FALSE
T537C 434:640.192 JLINK_IsHalted()
T537C 434:641.824 - 1.619ms returns FALSE
T537C 434:747.648 JLINK_IsHalted()
T537C 434:749.856 - 2.225ms returns FALSE
T537C 434:749.888 JLINK_IsHalted()
T537C 434:751.328 - 1.435ms returns FALSE
T537C 434:856.512 JLINK_IsHalted()
T537C 434:858.816 - 2.287ms returns FALSE
T537C 434:858.848 JLINK_IsHalted()
T537C 434:860.608 - 1.755ms returns FALSE
T537C 434:966.080 JLINK_IsHalted()
T537C 434:968.000 - 1.961ms returns FALSE
T537C 434:968.128 JLINK_IsHalted()
T537C 434:969.920 - 1.794ms returns FALSE
T537C 435:075.840 JLINK_IsHalted()
T537C 435:077.440 - 1.562ms returns FALSE
T537C 435:077.472 JLINK_IsHalted()
T537C 435:079.104 - 1.611ms returns FALSE
T537C 435:184.704 JLINK_IsHalted()
T537C 435:186.272 - 1.562ms returns FALSE
T537C 435:186.368 JLINK_IsHalted()
T537C 435:188.160 - 1.812ms returns FALSE
T537C 435:294.368 JLINK_IsHalted()
T537C 435:296.096 - 1.780ms returns FALSE
T537C 435:296.192 JLINK_IsHalted()
T537C 435:297.888 - 1.677ms returns FALSE
T537C 435:404.128 JLINK_IsHalted()
T537C 435:405.152 - 1.024ms returns FALSE
T537C 435:405.216 JLINK_IsHalted()
T537C 435:408.640 - 3.408ms returns FALSE
T537C 435:512.672 JLINK_IsHalted()
T537C 435:514.368 - 1.699ms returns FALSE
T537C 435:514.464 JLINK_IsHalted()
T537C 435:516.608 - 2.119ms returns FALSE
T1488 435:524.960 JLINK_IsHalted()
T1488 435:526.208 - 1.246ms returns FALSE
T1488 435:526.304 JLINK_IsHalted()
T1488 435:528.128 - 1.837ms returns FALSE
T537C 435:622.496 JLINK_IsHalted()
T537C 435:624.512 - 1.981ms returns FALSE
T537C 435:624.544 JLINK_IsHalted()
T537C 435:626.432 - 1.885ms returns FALSE
T537C 435:732.064 JLINK_IsHalted()
T537C 435:734.080 - 1.992ms returns FALSE
T537C 435:734.112 JLINK_IsHalted()
T537C 435:735.616 - 1.496ms returns FALSE
T537C 435:840.832 JLINK_IsHalted()
T537C 435:842.752 - 1.935ms returns FALSE
T537C 435:842.816 JLINK_IsHalted()
T537C 435:844.672 - 1.848ms returns FALSE
T537C 435:950.784 JLINK_IsHalted()
T537C 435:951.616 - 0.804ms returns FALSE
T537C 435:951.680 JLINK_IsHalted()
T537C 435:953.568 - 1.877ms returns FALSE
T537C 436:060.096 JLINK_IsHalted()
T537C 436:064.096 - 4.003ms returns FALSE
T537C 436:064.256 JLINK_IsHalted()
T537C 436:065.984 - 1.758ms returns FALSE
T537C 436:169.888 JLINK_IsHalted()
T537C 436:173.568 - 3.680ms returns FALSE
T537C 436:173.664 JLINK_IsHalted()
T537C 436:175.360 - 1.729ms returns FALSE
T537C 436:279.200 JLINK_IsHalted()
T537C 436:280.320 - 1.101ms returns FALSE
T537C 436:280.384 JLINK_IsHalted()
T537C 436:282.176 - 1.806ms returns FALSE
T537C 436:388.512 JLINK_IsHalted()
T537C 436:390.752 - 2.249ms returns FALSE
T537C 436:390.816 JLINK_IsHalted()
T537C 436:392.288 - 1.488ms returns FALSE
T537C 436:497.216 JLINK_IsHalted()
T537C 436:499.808 - 2.582ms returns FALSE
T537C 436:499.872 JLINK_IsHalted()
T537C 436:501.344 - 1.453ms returns FALSE
T1488 436:529.152 JLINK_IsHalted()
T1488 436:531.040 - 1.920ms returns FALSE
T1488 436:531.136 JLINK_IsHalted()
T1488 436:532.672 - 1.546ms returns FALSE
T537C 436:607.232 JLINK_IsHalted()
T537C 436:608.832 - 1.614ms returns FALSE
T537C 436:608.928 JLINK_IsHalted()
T537C 436:610.720 - 1.822ms returns FALSE
T537C 436:716.288 JLINK_IsHalted()
T537C 436:718.176 - 1.910ms returns FALSE
T537C 436:718.240 JLINK_IsHalted()
T537C 436:720.064 - 1.828ms returns FALSE
T537C 436:825.664 JLINK_IsHalted()
T537C 436:827.456 - 1.781ms returns FALSE
T537C 436:827.488 JLINK_IsHalted()
T537C 436:829.376 - 1.881ms returns FALSE
T537C 436:935.360 JLINK_IsHalted()
T537C 436:938.080 - 2.748ms returns FALSE
T537C 436:938.176 JLINK_IsHalted()
T537C 436:940.096 - 1.886ms returns FALSE
T537C 437:044.832 JLINK_IsHalted()
T537C 437:046.112 - 1.307ms returns FALSE
T537C 437:046.208 JLINK_IsHalted()
T537C 437:048.128 - 1.895ms returns FALSE
T537C 437:153.952 JLINK_IsHalted()
T537C 437:155.328 - 1.385ms returns FALSE
T537C 437:155.392 JLINK_IsHalted()
T537C 437:158.656 - 3.303ms returns FALSE
T537C 437:263.360 JLINK_IsHalted()
T537C 437:267.808 - 4.472ms returns FALSE
T537C 437:267.904 JLINK_IsHalted()
T537C 437:269.408 - 1.462ms returns FALSE
T537C 437:372.928 JLINK_IsHalted()
T537C 437:373.952 - 1.032ms returns FALSE
T537C 437:374.016 JLINK_IsHalted()
T537C 437:375.808 - 1.790ms returns FALSE
T537C 437:482.240 JLINK_IsHalted()
T537C 437:483.520 - 1.259ms returns FALSE
T537C 437:483.584 JLINK_IsHalted()
T537C 437:485.376 - 1.787ms returns FALSE
T1488 437:533.600 JLINK_IsHalted()
T1488 437:535.296 - 1.680ms returns FALSE
T1488 437:535.328 JLINK_IsHalted()
T1488 437:537.088 - 1.730ms returns FALSE
T537C 437:591.392 JLINK_IsHalted()
T537C 437:601.632 - 10.253ms returns FALSE
T537C 437:601.728 JLINK_IsHalted()
T537C 437:603.584 - 1.829ms returns FALSE
T537C 437:700.448 JLINK_IsHalted()
T537C 437:702.208 - 1.714ms returns FALSE
T537C 437:702.336 JLINK_IsHalted()
T537C 437:703.936 - 1.566ms returns FALSE
T537C 437:810.176 JLINK_IsHalted()
T537C 437:811.808 - 1.611ms returns FALSE
T537C 437:811.904 JLINK_IsHalted()
T537C 437:813.824 - 1.888ms returns FALSE
T537C 437:919.488 JLINK_IsHalted()
T537C 437:921.600 - 2.067ms returns FALSE
T537C 437:921.632 JLINK_IsHalted()
T537C 437:923.424 - 1.760ms returns FALSE
T537C 438:028.384 JLINK_IsHalted()
T537C 438:030.176 - 1.798ms returns FALSE
T537C 438:030.272 JLINK_IsHalted()
T537C 438:032.448 - 2.159ms returns FALSE
T537C 438:138.016 JLINK_IsHalted()
T537C 438:139.232 - 1.254ms returns FALSE
T537C 438:139.296 JLINK_IsHalted()
T537C 438:141.120 - 1.843ms returns FALSE
T537C 438:247.680 JLINK_IsHalted()
T537C 438:250.304 - 2.624ms returns FALSE
T537C 438:250.400 JLINK_IsHalted()
T537C 438:252.096 - 1.671ms returns FALSE
T537C 438:356.640 JLINK_IsHalted()
T537C 438:358.432 - 1.826ms returns FALSE
T537C 438:358.528 JLINK_IsHalted()
T537C 438:360.576 - 2.054ms returns FALSE
T537C 438:466.624 JLINK_IsHalted()
T537C 438:467.776 - 1.171ms returns FALSE
T537C 438:467.840 JLINK_IsHalted()
T537C 438:469.696 - 1.830ms returns FALSE
T1488 438:538.080 JLINK_IsHalted()
T1488 438:539.872 - 1.819ms returns FALSE
T1488 438:539.936 JLINK_IsHalted()
T1488 438:541.728 - 1.755ms returns FALSE
T537C 438:575.808 JLINK_IsHalted()
T537C 438:576.640 - 0.773ms returns FALSE
T537C 438:576.640 JLINK_IsHalted()
T537C 438:578.496 - 1.798ms returns FALSE
T537C 438:685.120 JLINK_IsHalted()
T537C 438:687.232 - 2.082ms returns FALSE
T537C 438:687.296 JLINK_IsHalted()
T537C 438:689.088 - 1.786ms returns FALSE
T537C 438:794.176 JLINK_IsHalted()
T537C 438:796.096 - 1.931ms returns FALSE
T537C 438:796.192 JLINK_IsHalted()
T537C 438:797.920 - 1.762ms returns FALSE
T537C 438:903.360 JLINK_IsHalted()
T537C 438:905.440 - 2.073ms returns FALSE
T537C 438:905.504 JLINK_IsHalted()
T537C 438:908.352 - 2.844ms returns FALSE
T537C 439:012.960 JLINK_IsHalted()
T537C 439:014.144 - 1.175ms returns FALSE
T537C 439:014.208 JLINK_IsHalted()
T537C 439:015.936 - 1.734ms returns FALSE
T537C 439:123.040 JLINK_IsHalted()
T537C 439:124.480 - 1.420ms returns FALSE
T537C 439:124.544 JLINK_IsHalted()
T537C 439:126.624 - 2.072ms returns FALSE
T537C 439:231.744 JLINK_IsHalted()
T537C 439:233.696 - 1.933ms returns FALSE
T537C 439:233.792 JLINK_IsHalted()
T537C 439:235.520 - 1.748ms returns FALSE
T537C 439:341.056 JLINK_IsHalted()
T537C 439:343.296 - 2.236ms returns FALSE
T537C 439:343.360 JLINK_IsHalted()
T537C 439:345.152 - 1.778ms returns FALSE
T537C 439:450.688 JLINK_IsHalted()
T537C 439:452.096 - 1.474ms returns FALSE
T537C 439:452.224 JLINK_IsHalted()
T537C 439:454.368 - 2.121ms returns FALSE
T1488 439:543.392 JLINK_IsHalted()
T1488 439:545.920 - 2.489ms returns FALSE
T1488 439:546.016 JLINK_IsHalted()
T1488 439:547.840 - 1.843ms returns FALSE
T537C 439:560.128 JLINK_IsHalted()
T537C 439:561.632 - 1.513ms returns FALSE
T537C 439:561.728 JLINK_IsHalted()
T537C 439:563.264 - 1.503ms returns FALSE
T537C 439:669.344 JLINK_IsHalted()
T537C 439:670.624 - 1.292ms returns FALSE
T537C 439:670.688 JLINK_IsHalted()
T537C 439:672.512 - 1.794ms returns FALSE
T537C 439:778.624 JLINK_IsHalted()
T537C 439:779.744 - 1.133ms returns FALSE
T537C 439:779.776 JLINK_IsHalted()
T537C 439:781.632 - 1.813ms returns FALSE
T537C 439:887.936 JLINK_IsHalted()
T537C 439:888.832 - 0.939ms returns FALSE
T537C 439:888.960 JLINK_IsHalted()
T537C 439:890.848 - 1.909ms returns FALSE
T537C 439:997.184 JLINK_IsHalted()
T537C 439:999.328 - 2.139ms returns FALSE
T537C 439:999.392 JLINK_IsHalted()
T537C 440:001.280 - 1.908ms returns FALSE
T537C 440:107.872 JLINK_IsHalted()
T537C 440:108.960 - 1.083ms returns FALSE
T537C 440:108.992 JLINK_IsHalted()
T537C 440:111.040 - 2.057ms returns FALSE
T537C 440:215.904 JLINK_IsHalted()
T537C 440:216.896 - 0.948ms returns FALSE
T537C 440:216.928 JLINK_IsHalted()
T537C 440:218.976 - 2.050ms returns FALSE
T537C 440:325.216 JLINK_IsHalted()
T537C 440:327.488 - 2.260ms returns FALSE
T537C 440:327.520 JLINK_IsHalted()
T537C 440:329.376 - 1.813ms returns FALSE
T537C 440:435.200 JLINK_IsHalted()
T537C 440:436.320 - 1.115ms returns FALSE
T537C 440:436.384 JLINK_IsHalted()
T537C 440:438.208 - 1.813ms returns FALSE
T537C 440:547.424 JLINK_IsHalted()
T537C 440:569.440 - 22.033ms returns FALSE
T537C 440:569.536 JLINK_IsHalted()
T537C 440:571.328 - 1.814ms returns FALSE
T1488 440:571.552 JLINK_IsHalted()
T1488 440:573.184 - 1.621ms returns FALSE
T1488 440:573.280 JLINK_IsHalted()
T1488 440:574.976 - 1.704ms returns FALSE
T537C 440:669.440 JLINK_IsHalted()
T537C 440:670.624 - 1.185ms returns FALSE
T537C 440:670.720 JLINK_IsHalted()
T537C 440:672.448 - 1.757ms returns FALSE
T537C 440:779.200 JLINK_IsHalted()
T537C 440:780.448 - 1.236ms returns FALSE
T537C 440:780.544 JLINK_IsHalted()
T537C 440:782.432 - 1.922ms returns FALSE
T537C 440:888.256 JLINK_IsHalted()
T537C 440:890.176 - 1.900ms returns FALSE
T537C 440:890.272 JLINK_IsHalted()
T537C 440:892.000 - 1.697ms returns FALSE
T537C 440:997.472 JLINK_IsHalted()
T537C 440:998.912 - 1.440ms returns FALSE
T537C 440:998.976 JLINK_IsHalted()
T537C 441:000.800 - 1.801ms returns FALSE
T537C 441:106.944 JLINK_IsHalted()
T537C 441:108.416 - 1.486ms returns FALSE
T537C 441:108.544 JLINK_IsHalted()
T537C 441:113.344 - 4.793ms returns FALSE
T537C 441:216.512 JLINK_IsHalted()
T537C 441:217.728 - 1.224ms returns FALSE
T537C 441:217.856 JLINK_IsHalted()
T537C 441:219.648 - 1.763ms returns FALSE
T537C 441:326.016 JLINK_IsHalted()
T537C 441:326.944 - 0.955ms returns FALSE
T537C 441:327.040 JLINK_IsHalted()
T537C 441:328.896 - 1.808ms returns FALSE
T537C 441:435.328 JLINK_IsHalted()
T537C 441:437.376 - 2.072ms returns FALSE
T537C 441:437.504 JLINK_IsHalted()
T537C 441:439.488 - 1.972ms returns FALSE
T537C 441:544.608 JLINK_IsHalted()
T537C 441:546.688 - 2.087ms returns FALSE
T537C 441:546.816 JLINK_IsHalted()
T537C 441:548.640 - 1.834ms returns FALSE
T1488 441:575.872 JLINK_IsHalted()
T1488 441:577.152 - 1.266ms returns FALSE
T1488 441:577.216 JLINK_IsHalted()
T1488 441:579.072 - 1.807ms returns FALSE
T537C 441:653.952 JLINK_IsHalted()
T537C 441:656.064 - 2.135ms returns FALSE
T537C 441:656.160 JLINK_IsHalted()
T537C 441:659.040 - 2.876ms returns FALSE
T537C 441:763.264 JLINK_IsHalted()
T537C 441:765.312 - 2.057ms returns FALSE
T537C 441:765.376 JLINK_IsHalted()
T537C 441:767.072 - 1.691ms returns FALSE
T537C 441:872.832 JLINK_IsHalted()
T537C 441:874.112 - 1.243ms returns FALSE
T537C 441:874.176 JLINK_IsHalted()
T537C 441:876.032 - 1.830ms returns FALSE
T537C 441:982.208 JLINK_IsHalted()
T537C 441:983.328 - 1.107ms returns FALSE
T537C 441:983.424 JLINK_IsHalted()
T537C 441:985.024 - 1.571ms returns FALSE
T537C 442:091.264 JLINK_IsHalted()
T537C 442:093.504 - 2.269ms returns FALSE
T537C 442:093.632 JLINK_IsHalted()
T537C 442:095.360 - 1.710ms returns FALSE
T537C 442:201.280 JLINK_IsHalted()
T537C 442:202.624 - 1.318ms returns FALSE
T537C 442:202.688 JLINK_IsHalted()
T537C 442:204.096 - 1.454ms returns FALSE
T537C 442:310.048 JLINK_IsHalted()
T537C 442:311.584 - 1.526ms returns FALSE
T537C 442:311.616 JLINK_IsHalted()
T537C 442:313.408 - 1.790ms returns FALSE
T537C 442:419.904 JLINK_IsHalted()
T537C 442:421.952 - 2.038ms returns FALSE
T537C 442:422.080 JLINK_IsHalted()
T537C 442:423.904 - 1.868ms returns FALSE
T537C 442:529.024 JLINK_IsHalted()
T537C 442:530.880 - 1.843ms returns FALSE
T537C 442:530.912 JLINK_IsHalted()
T537C 442:532.704 - 1.836ms returns FALSE
T1488 442:579.040 JLINK_IsHalted()
T1488 442:580.832 - 1.806ms returns FALSE
T1488 442:580.896 JLINK_IsHalted()
T1488 442:582.688 - 1.772ms returns FALSE
T537C 442:638.016 JLINK_IsHalted()
T537C 442:640.224 - 2.209ms returns FALSE
T537C 442:640.288 JLINK_IsHalted()
T537C 442:641.856 - 1.589ms returns FALSE
T537C 442:747.840 JLINK_IsHalted()
T537C 442:748.832 - 0.942ms returns FALSE
T537C 442:748.864 JLINK_IsHalted()
T537C 442:750.656 - 1.782ms returns FALSE
T537C 442:856.512 JLINK_IsHalted()
T537C 442:859.520 - 3.063ms returns FALSE
T537C 442:859.616 JLINK_IsHalted()
T537C 442:861.408 - 1.805ms returns FALSE
T537C 442:966.016 JLINK_IsHalted()
T537C 442:967.552 - 1.526ms returns FALSE
T537C 442:967.616 JLINK_IsHalted()
T537C 442:969.184 - 1.577ms returns FALSE
T537C 443:075.680 JLINK_IsHalted()
T537C 443:076.960 - 1.260ms returns FALSE
T537C 443:077.024 JLINK_IsHalted()
T537C 443:079.104 - 2.056ms returns FALSE
T537C 443:185.312 JLINK_IsHalted()
T537C 443:187.872 - 2.573ms returns FALSE
T537C 443:187.904 JLINK_IsHalted()
T537C 443:189.856 - 1.937ms returns FALSE
T537C 443:294.464 JLINK_IsHalted()
T537C 443:295.232 - 0.777ms returns FALSE
T537C 443:295.296 JLINK_IsHalted()
T537C 443:297.120 - 1.808ms returns FALSE
T537C 443:403.456 JLINK_IsHalted()
T537C 443:405.664 - 2.203ms returns FALSE
T537C 443:405.728 JLINK_IsHalted()
T537C 443:409.088 - 3.337ms returns FALSE
T537C 443:514.112 JLINK_IsHalted()
T537C 443:516.160 - 2.054ms returns FALSE
T537C 443:516.256 JLINK_IsHalted()
T537C 443:517.888 - 1.673ms returns FALSE
T1488 443:583.296 JLINK_IsHalted()
T1488 443:585.856 - 2.591ms returns FALSE
T1488 443:585.952 JLINK_IsHalted()
T1488 443:587.424 - 1.496ms returns FALSE
T537C 443:622.464 JLINK_IsHalted()
T537C 443:623.680 - 1.211ms returns FALSE
T537C 443:623.744 JLINK_IsHalted()
T537C 443:625.472 - 1.767ms returns FALSE
T537C 443:731.904 JLINK_IsHalted()
T537C 443:735.296 - 3.391ms returns FALSE
T537C 443:735.392 JLINK_IsHalted()
T537C 443:737.152 - 1.787ms returns FALSE
T537C 443:841.440 JLINK_IsHalted()
T537C 443:843.136 - 1.700ms returns FALSE
T537C 443:843.168 JLINK_IsHalted()
T537C 443:844.928 - 1.732ms returns FALSE
T537C 443:950.432 JLINK_IsHalted()
T537C 443:952.320 - 1.895ms returns FALSE
T537C 443:952.384 JLINK_IsHalted()
T537C 443:954.112 - 1.737ms returns FALSE
T537C 444:059.840 JLINK_IsHalted()
T537C 444:061.440 - 1.600ms returns FALSE
T537C 444:061.536 JLINK_IsHalted()
T537C 444:063.392 - 1.850ms returns FALSE
T537C 444:169.056 JLINK_IsHalted()
T537C 444:170.752 - 1.698ms returns FALSE
T537C 444:170.816 JLINK_IsHalted()
T537C 444:172.640 - 1.806ms returns FALSE
T537C 444:278.848 JLINK_IsHalted()
T537C 444:280.064 - 1.275ms returns FALSE
T537C 444:280.160 JLINK_IsHalted()
T537C 444:281.952 - 1.817ms returns FALSE
T537C 444:388.000 JLINK_IsHalted()
T537C 444:389.952 - 1.933ms returns FALSE
T537C 444:389.984 JLINK_IsHalted()
T537C 444:391.872 - 1.890ms returns FALSE
T537C 444:497.568 JLINK_IsHalted()
T537C 444:499.136 - 1.570ms returns FALSE
T537C 444:499.200 JLINK_IsHalted()
T537C 444:500.896 - 1.682ms returns FALSE
T1488 444:587.936 JLINK_IsHalted()
T1488 444:589.056 - 1.119ms returns FALSE
T1488 444:589.152 JLINK_IsHalted()
T1488 444:590.688 - 1.548ms returns FALSE
T537C 444:606.464 JLINK_IsHalted()
T537C 444:608.352 - 1.872ms returns FALSE
T537C 444:608.576 JLINK_IsHalted()
T537C 444:613.312 - 4.764ms returns FALSE
T537C 444:717.056 JLINK_IsHalted()
T537C 444:719.168 - 2.104ms returns FALSE
T537C 444:719.200 JLINK_IsHalted()
T537C 444:721.056 - 1.843ms returns FALSE
T537C 444:825.280 JLINK_IsHalted()
T537C 444:828.320 - 3.010ms returns FALSE
T537C 444:828.352 JLINK_IsHalted()
T537C 444:830.272 - 1.897ms returns FALSE
T537C 444:935.520 JLINK_IsHalted()
T537C 444:937.472 - 1.968ms returns FALSE
T537C 444:937.568 JLINK_IsHalted()
T537C 444:939.104 - 1.550ms returns FALSE
T537C 445:044.928 JLINK_IsHalted()
T537C 445:046.592 - 1.613ms returns FALSE
T537C 445:046.624 JLINK_IsHalted()
T537C 445:048.768 - 2.116ms returns FALSE
T537C 445:153.344 JLINK_IsHalted()
T537C 445:156.352 - 3.005ms returns FALSE
T537C 445:156.416 JLINK_IsHalted()
T537C 445:159.616 - 3.218ms returns FALSE
T537C 445:263.520 JLINK_IsHalted()
T537C 445:265.504 - 1.976ms returns FALSE
T537C 445:265.568 JLINK_IsHalted()
T537C 445:267.456 - 1.917ms returns FALSE
T537C 445:372.736 JLINK_IsHalted()
T537C 445:374.784 - 2.025ms returns FALSE
T537C 445:374.816 JLINK_IsHalted()
T537C 445:376.672 - 1.820ms returns FALSE
T537C 445:482.048 JLINK_IsHalted()
T537C 445:483.776 - 1.749ms returns FALSE
T537C 445:483.872 JLINK_IsHalted()
T537C 445:485.632 - 1.709ms returns FALSE
T537C 445:592.128 JLINK_IsHalted()
T537C 445:594.880 - 2.791ms returns FALSE
T537C 445:594.976 JLINK_IsHalted()
T537C 445:596.832 - 1.843ms returns FALSE
T1488 445:596.928 JLINK_IsHalted()
T1488 445:598.816 - 1.881ms returns FALSE
T1488 445:598.880 JLINK_IsHalted()
T1488 445:600.448 - 1.610ms returns FALSE
T537C 445:700.544 JLINK_IsHalted()
T537C 445:702.560 - 2.011ms returns FALSE
T537C 445:702.592 JLINK_IsHalted()
T537C 445:704.384 - 1.780ms returns FALSE
T537C 445:809.728 JLINK_IsHalted()
T537C 445:810.496 - 0.731ms returns FALSE
T537C 445:810.528 JLINK_IsHalted()
T537C 445:812.480 - 1.955ms returns FALSE
T537C 445:919.584 JLINK_IsHalted()
T537C 445:921.376 - 1.793ms returns FALSE
T537C 445:921.440 JLINK_IsHalted()
T537C 445:923.264 - 1.829ms returns FALSE
T537C 446:029.728 JLINK_IsHalted()
T537C 446:075.744 - 46.057ms returns FALSE
T537C 446:075.808 JLINK_IsHalted()
T537C 446:085.024 - 9.170ms returns FALSE
T537C 446:184.864 JLINK_IsHalted()
T537C 446:186.688 - 1.807ms returns FALSE
T537C 446:186.752 JLINK_IsHalted()
T537C 446:188.544 - 1.795ms returns FALSE
T537C 446:294.112 JLINK_IsHalted()
T537C 446:296.928 - 2.796ms returns FALSE
T537C 446:296.992 JLINK_IsHalted()
T537C 446:298.784 - 1.782ms returns FALSE
T537C 446:403.488 JLINK_IsHalted()
T537C 446:417.568 - 14.068ms returns FALSE
T537C 446:417.664 JLINK_IsHalted()
T537C 446:419.200 - 1.514ms returns FALSE
T537C 446:529.024 JLINK_IsHalted()
T537C 446:530.464 - 1.402ms returns FALSE
T537C 446:530.496 JLINK_IsHalted()
T537C 446:532.416 - 1.923ms returns FALSE
T1488 446:606.016 JLINK_IsHalted()
T1488 446:608.544 - 2.498ms returns FALSE
T1488 446:608.576 JLINK_IsHalted()
T1488 446:611.008 - 2.420ms returns FALSE
T537C 446:638.240 JLINK_IsHalted()
T537C 446:639.296 - 1.071ms returns FALSE
T537C 446:639.360 JLINK_IsHalted()
T537C 446:641.312 - 1.956ms returns FALSE
T537C 446:747.744 JLINK_IsHalted()
T537C 446:749.888 - 2.172ms returns FALSE
T537C 446:750.016 JLINK_IsHalted()
T537C 446:751.808 - 1.814ms returns FALSE
T537C 446:856.512 JLINK_IsHalted()
T537C 446:858.656 - 2.155ms returns FALSE
T537C 446:858.752 JLINK_IsHalted()
T537C 446:860.640 - 1.902ms returns FALSE
T537C 446:966.272 JLINK_IsHalted()
T537C 446:967.392 - 1.135ms returns FALSE
T537C 446:967.456 JLINK_IsHalted()
T537C 446:969.248 - 1.823ms returns FALSE
T537C 447:075.488 JLINK_IsHalted()
T537C 447:077.024 - 1.532ms returns FALSE
T537C 447:077.056 JLINK_IsHalted()
T537C 447:078.912 - 1.826ms returns FALSE
T537C 447:184.704 JLINK_IsHalted()
T537C 447:186.112 - 1.405ms returns FALSE
T537C 447:186.176 JLINK_IsHalted()
T537C 447:187.968 - 1.804ms returns FALSE
T537C 447:294.624 JLINK_IsHalted()
T537C 447:296.000 - 1.359ms returns FALSE
T537C 447:296.064 JLINK_IsHalted()
T537C 447:297.856 - 1.812ms returns FALSE
T537C 447:403.968 JLINK_IsHalted()
T537C 447:405.568 - 1.566ms returns FALSE
T537C 447:405.632 JLINK_IsHalted()
T537C 447:408.800 - 3.204ms returns FALSE
T537C 447:513.280 JLINK_IsHalted()
T537C 447:515.040 - 1.742ms returns FALSE
T537C 447:515.200 JLINK_IsHalted()
T537C 447:516.832 - 1.676ms returns FALSE
T1488 447:611.584 JLINK_IsHalted()
T1488 447:613.344 - 1.705ms returns FALSE
T1488 447:613.376 JLINK_IsHalted()
T1488 447:615.168 - 1.802ms returns FALSE
T537C 447:622.464 JLINK_IsHalted()
T537C 447:623.776 - 1.362ms returns FALSE
T537C 447:623.872 JLINK_IsHalted()
T537C 447:625.792 - 1.892ms returns FALSE
T537C 447:731.776 JLINK_IsHalted()
T537C 447:733.248 - 1.486ms returns FALSE
T537C 447:733.312 JLINK_IsHalted()
T537C 447:735.136 - 1.828ms returns FALSE
T537C 447:841.728 JLINK_IsHalted()
T537C 447:843.488 - 1.762ms returns FALSE
T537C 447:843.520 JLINK_IsHalted()
T537C 447:845.376 - 1.836ms returns FALSE
T537C 447:950.176 JLINK_IsHalted()
T537C 447:951.968 - 1.789ms returns FALSE
T537C 447:952.064 JLINK_IsHalted()
T537C 447:953.824 - 1.760ms returns FALSE
T537C 448:060.416 JLINK_IsHalted()
T537C 448:061.952 - 1.554ms returns FALSE
T537C 448:062.048 JLINK_IsHalted()
T537C 448:063.904 - 1.860ms returns FALSE
T537C 448:169.632 JLINK_IsHalted()
T537C 448:170.560 - 0.891ms returns FALSE
T537C 448:170.592 JLINK_IsHalted()
T537C 448:172.864 - 2.240ms returns FALSE
T537C 448:278.976 JLINK_IsHalted()
T537C 448:280.736 - 1.743ms returns FALSE
T537C 448:280.768 JLINK_IsHalted()
T537C 448:282.624 - 1.848ms returns FALSE
T537C 448:388.448 JLINK_IsHalted()
T537C 448:390.144 - 1.693ms returns FALSE
T537C 448:390.240 JLINK_IsHalted()
T537C 448:391.776 - 1.544ms returns FALSE
T537C 448:497.408 JLINK_IsHalted()
T537C 448:498.784 - 1.385ms returns FALSE
T537C 448:498.848 JLINK_IsHalted()
T537C 448:500.672 - 1.827ms returns FALSE
T537C 448:606.464 JLINK_IsHalted()
T537C 448:609.024 - 2.537ms returns FALSE
T537C 448:609.088 JLINK_IsHalted()
T537C 448:612.768 - 3.706ms returns FALSE
T1488 448:614.592 JLINK_IsHalted()
T1488 448:616.000 - 1.360ms returns FALSE
T1488 448:616.032 JLINK_IsHalted()
T1488 448:617.824 - 1.780ms returns FALSE
T537C 448:716.736 JLINK_IsHalted()
T537C 448:718.176 - 1.432ms returns FALSE
T537C 448:718.240 JLINK_IsHalted()
T537C 448:719.968 - 1.749ms returns FALSE
T537C 448:825.440 JLINK_IsHalted()
T537C 448:827.232 - 1.796ms returns FALSE
T537C 448:827.328 JLINK_IsHalted()
T537C 448:829.120 - 1.784ms returns FALSE
T537C 448:934.720 JLINK_IsHalted()
T537C 448:935.744 - 1.036ms returns FALSE
T537C 448:935.840 JLINK_IsHalted()
T537C 448:937.632 - 1.815ms returns FALSE
T537C 449:044.896 JLINK_IsHalted()
T537C 449:046.016 - 1.102ms returns FALSE
T537C 449:046.080 JLINK_IsHalted()
T537C 449:048.000 - 1.919ms returns FALSE
T537C 449:154.112 JLINK_IsHalted()
T537C 449:154.976 - 0.868ms returns FALSE
T537C 449:155.072 JLINK_IsHalted()
T537C 449:158.304 - 3.254ms returns FALSE
T537C 449:263.360 JLINK_IsHalted()
T537C 449:264.192 - 0.825ms returns FALSE
T537C 449:264.224 JLINK_IsHalted()
T537C 449:266.080 - 1.821ms returns FALSE
T537C 449:372.608 JLINK_IsHalted()
T537C 449:374.560 - 1.987ms returns FALSE
T537C 449:374.656 JLINK_IsHalted()
T537C 449:376.448 - 1.800ms returns FALSE
T537C 449:481.792 JLINK_IsHalted()
T537C 449:483.616 - 1.850ms returns FALSE
T537C 449:483.680 JLINK_IsHalted()
T537C 449:485.472 - 1.775ms returns FALSE
T537C 449:591.040 JLINK_IsHalted()
T537C 449:592.736 - 1.691ms returns FALSE
T537C 449:592.768 JLINK_IsHalted()
T537C 449:594.688 - 1.891ms returns FALSE
T1488 449:618.080 JLINK_IsHalted()
T1488 449:619.040 - 0.983ms returns FALSE
T1488 449:619.136 JLINK_IsHalted()
T1488 449:620.928 - 1.828ms returns FALSE
T537C 449:700.256 JLINK_IsHalted()
T537C 449:701.696 - 1.421ms returns FALSE
T537C 449:701.728 JLINK_IsHalted()
T537C 449:703.520 - 1.820ms returns FALSE
T537C 449:810.432 JLINK_IsHalted()
T537C 449:812.064 - 1.601ms returns FALSE
T537C 449:812.128 JLINK_IsHalted()
T537C 449:817.152 - 5.020ms returns FALSE
T537C 449:919.680 JLINK_IsHalted()
T537C 449:923.072 - 3.384ms returns FALSE
T537C 449:923.168 JLINK_IsHalted()
T537C 449:924.960 - 1.771ms returns FALSE
T537C 450:028.448 JLINK_IsHalted()
T537C 450:030.592 - 2.167ms returns FALSE
T537C 450:030.656 JLINK_IsHalted()
T537C 450:032.448 - 1.748ms returns FALSE
T537C 450:137.696 JLINK_IsHalted()
T537C 450:140.256 - 2.592ms returns FALSE
T537C 450:142.560 JLINK_IsHalted()
T537C 450:144.704 - 2.118ms returns FALSE
T537C 450:257.312 JLINK_IsHalted()
T537C 450:271.648 - 14.344ms returns FALSE
T537C 450:271.744 JLINK_IsHalted()
T537C 450:274.880 - 3.134ms returns FALSE
T537C 450:372.352 JLINK_IsHalted()
T537C 450:378.240 - 5.904ms returns FALSE
T537C 450:378.336 JLINK_IsHalted()
T537C 450:380.128 - 1.776ms returns FALSE
T537C 450:482.496 JLINK_IsHalted()
T537C 450:492.000 - 9.529ms returns FALSE
T537C 450:492.160 JLINK_IsHalted()
T537C 450:497.792 - 5.627ms returns FALSE
T537C 450:606.784 JLINK_IsHalted()
T537C 450:609.088 - 2.297ms returns FALSE
T537C 450:609.152 JLINK_IsHalted()
T537C 450:611.776 - 2.625ms returns FALSE
T1488 450:621.504 JLINK_IsHalted()
T1488 450:622.304 - 0.817ms returns FALSE
T1488 450:622.368 JLINK_IsHalted()
T1488 450:624.160 - 1.820ms returns FALSE
T537C 450:716.160 JLINK_IsHalted()
T537C 450:717.024 - 0.870ms returns FALSE
T537C 450:717.120 JLINK_IsHalted()
T537C 450:718.816 - 1.695ms returns FALSE
T537C 450:825.376 JLINK_IsHalted()
T537C 450:827.104 - 1.752ms returns FALSE
T537C 450:827.168 JLINK_IsHalted()
T537C 450:828.960 - 1.784ms returns FALSE
T537C 450:935.104 JLINK_IsHalted()
T537C 450:936.128 - 0.998ms returns FALSE
T537C 450:936.224 JLINK_IsHalted()
T537C 450:938.016 - 1.821ms returns FALSE
T537C 451:044.416 JLINK_IsHalted()
T537C 451:045.696 - 1.252ms returns FALSE
T537C 451:045.728 JLINK_IsHalted()
T537C 451:047.520 - 1.766ms returns FALSE
T537C 451:153.568 JLINK_IsHalted()
T537C 451:155.264 - 1.727ms returns FALSE
T537C 451:155.360 JLINK_IsHalted()
T537C 451:158.528 - 3.210ms returns FALSE
T537C 451:262.880 JLINK_IsHalted()
T537C 451:264.416 - 1.562ms returns FALSE
T537C 451:264.448 JLINK_IsHalted()
T537C 451:266.240 - 1.791ms returns FALSE
T537C 451:372.992 JLINK_IsHalted()
T537C 451:374.848 - 1.853ms returns FALSE
T537C 451:374.912 JLINK_IsHalted()
T537C 451:376.704 - 1.768ms returns FALSE
T537C 451:482.208 JLINK_IsHalted()
T537C 451:485.536 - 3.328ms returns FALSE
T537C 451:485.632 JLINK_IsHalted()
T537C 451:487.424 - 1.787ms returns FALSE
T537C 451:591.520 JLINK_IsHalted()
T537C 451:594.592 - 3.045ms returns FALSE
T537C 451:594.656 JLINK_IsHalted()
T537C 451:596.448 - 1.793ms returns FALSE
T1488 451:624.544 JLINK_IsHalted()
T1488 451:626.080 - 1.549ms returns FALSE
T1488 451:626.144 JLINK_IsHalted()
T1488 451:627.936 - 1.786ms returns FALSE
T537C 451:700.672 JLINK_IsHalted()
T537C 451:702.080 - 1.355ms returns FALSE
T537C 451:702.112 JLINK_IsHalted()
T537C 451:703.872 - 1.733ms returns FALSE
